44 45 46 54 37 29 20 34 42 52 38 39 30 47 41 22 31 33 62 48 59 23 32 53 49 43 61 60 55 12 51 26 11 10 25 50 57 63 2 58 18 56 4 24 14 6 17 9 15 3 0 5 21 8 13 7 16 1 40 19
37 45 53 29 21 43 50 38 46 20 22 30 42 13 31 49 34 54 52 55 19 39 47 26 62 10 11 18 4 33 44 63 25 14 23 51 40 9 56 2 58 6 60 48 1 61 3 17 24 16 8 32 12 5 59 57 7 15 41 0
19 18 44 11 9 37 4 17 25 34 43 26 30 38 46 41 20 53 42 13 12 33 52 45 54 61 51 10 49 60 5 58 29 55 21 39 2 31 59 8 24 32 62 48 63 3 22 47 57 6 50 0 16 23 40 56 7 1 14 15
26 34 45 20 44 43 12 21 18 13 50 10 9 4 6 22 25 33 42 58 32 19 51 0 57 52 2 54 16 49 46 24 59 8 41 1 14 11 29 30 63 48 40 61 15 60 17 3 56 47 37 38 53 62 39 7 23 5 55 31
26 20 13 25 44 29 22 6 17 45 11 31 33 24 19 52 53 10 37 40 59 43 51 42 8 60 58 46 54 61 3 57 15 50 21 62 41 34 4 5 7 23 39 32 30 16 48 38 47 49 55 18 12 14 9 2 1 0 56 63
37 45 19 18 53 11 26 46 21 34 29 22 25 60 55 24 33 44 61 42 49 38 43 50 17 56 12 13 30 31 41 16 58 39 47 48 32 57 10 52 3 54 59 4 40 1 9 62 23 51 8 0 20 2 5 6 63 15 7 14
44 43 18 37 46 53 42 34 51 38 30 52 41 50 61 32 49 58 48 60 62 9 20 33 26 57 10 13 45 19 12 23 0 29 14 2 11 1 24 17 16 47 54 25 31 15 55 21 4 8 40 22 7 39 56 63 59 3 5 6
44 43 34 41 51 52 26 19 53 45 11 59 54 58 33 25 42 37 24 32 61 55 40 49 47 21 63 10 9 38 62 3 60 50 31 18 30 23 20 39 57 2 15 29 22 46 4 56 17 12 48 5 13 8 16 14 6 7 1 0
26 34 44 18 33 53 52 21 54 45 37 46 9 61 62 63 47 51 38 40 59 39 42 19 20 55 24 10 58 12 31 32 13 49 30 16 43 22 17 0 23 11 4 25 1 2 3 14 41 60 29 15 6 5 56 50 48 7 8 57
19 34 45 37 42 10 38 39 11 18 31 20 21 12 9 25 17 50 33 23 4 24 29 26 49 51 1 52 8 30 40 14 41 3 13 32 44 5 22 43 7 2 53 58 6 0 57 46 47 59 15 55 54 48 56 61 16 63 62 60
19 34 45 21 20 11 14 54 42 50 10 13 26 43 12 29 51 52 49 33 40 3 58 17 37 46 18 44 60 5 47 15 2 59 30 9 53 61 7 32 55 1 22 48 0 41 8 63 4 57 62 24 25 39 56 6 38 16 23 31
44 29 20 43 42 51 26 25 60 52 45 59 21 33 38 14 50 37 41 19 34 48 13 49 16 31 10 17 15 18 24 6 58 1 39 47 9 40 22 0 46 30 23 32 12 7 57 53 62 61 2 3 5 56 55 4 54 11 63 8
19 34 44 53 43 52 41 26 50 11 61 60 18 17 59 20 45 54 12 33 46 21 32 51 62 38 3 42 31 57 9 2 29 24 25 40 58 49 56 10 14 1 8 30 22 7 16 47 0 15 48 5 4 37 23 63 6 39 55 13
19 20 45 18 11 34 17 2 33 41 4 16 25 9 43 42 40 3 21 54 1 48 37 44 56 32 49 50 53 14 24 46 39 38 7 52 51 57 10 0 12 22 62 61 30 55 8 58 29 15 59 31 60 6 47 13 5 63 26 23
26 20 21 22 45 44 14 46 12 19 52 59 60 6 10 42 38 1 34 25 17 30 7 9 31 5 8 24 11 53 33 37 23 3 13 39 55 41 29 18 43 51 16 47 48 63 4 0 50 32 62 15 2 54 49 40 58 61 56 57
19 18 37 43 51 20 12 21 14 4 17 44 45 26 34 25 13 30 11 8 24 42 50 53 23 5 61 39 9 33 6 52 32 38 22 57 3 16 0 58 46 40 49 7 41 56 10 60 62 54 15 29 59 1 63 2 48 47 31 55
26 20 37 25 18 42 13 46 29 30 34 12 50 33 24 6 44 32 31 19 41 23 4 17 16 48 14 8 38 43 52 5 22 58 57 60 49 39 7 9 11 51 53 40 21 2 61 15 55 54 59 10 47 62 63 45 3 56 1 0
37 45 19 20 21 12 13 46 4 42 54 53 49 55 63 44 52 34 26 10 11 14 38 29 22 51 61 31 5 33 2 62 23 25 43 60 30 3 18 7 15 56 50 1 24 9 48 57 47 40 39 16 0 8 59 32 41 17 58 6
26 18 10 25 37 2 9 8 17 29 0 16 22 44 33 24 1 19 34 32 11 41 53 3 20 43 12 15 42 46 4 50 55 51 52 45 49 13 31 57 54 58 48 40 56 14 59 62 30 39 6 21 5 61 60 23 38 7 63 47
44 29 19 10 21 43 30 20 42 37 11 34 41 31 9 51 45 12 5 52 14 3 58 46 26 40 48 22 33 50 13 8 60 32 57 25 47 54 15 7 2 59 18 56 63 38 39 62 16 6 4 61 0 49 55 17 24 53 23 1
19 34 44 20 12 45 46 29 18 4 37 11 26 17 5 6 10 38 16 55 47 33 63 39 43 21 41 53 30 1 31 24 3 48 51 13 2 9 22 58 7 8 60 23 15 54 52 14 62 50 57 59 25 56 42 61 49 40 32 0
37 29 19 43 44 45 22 15 52 10 20 18 34 42 17 61 3 33 60 11 41 49 26 59 50 21 54 38 48 1 4 58 46 2 0 51 14 55 23 57 30 31 32 24 39 13 56 62 16 47 7 25 6 9 8 12 53 40 5 63
44 29 22 42 34 26 49 43 21 15 51 20 17 18 33 52 10 25 45 8 24 32 12 3 59 60 50 46 30 38 37 16 14 11 61 9 4 6 7 57 58 48 2 62 54 47 56 13 53 41 19 39 0 23 31 1 40 5 55 63
44 43 50 29 26 45 37 46 20 25 22 21 14 15 34 42 24 12 52 17 18 58 3 4 16 59 38 10 47 31 54 30 19 8 9 53 49 0 5 39 55 51 11 41 13 33 60 61 48 7 1 32 57 2 23 6 40 63 62 56
26 34 44 20 19 18 10 12 11 45 5 43 29 2 42 3 1 17 53 41 40 22 9 48 15 61 8 25 24 0 46 16 56 13 4 32 33 51 52 37 59 6 54 50 14 30 31 63 38 23 49 55 39 57 58 7 21 47 62 60
19 18 37 45 17 34 33 11 4 16 53 41 26 54 44 25 63 3 2 29 32 46 22 9 47 21 20 55 49 39 12 10 31 13 8 42 50 60 61 52 24 40 48 15 6 58 5 1 51 62 0 56 57 14 43 59 38 30 7 23
19 18 44 29 20 45 30 22 17 9 14 34 1 13 26 25 43 8 16 51 59 53 12 4 54 10 62 63 11 15 0 33 2 24 55 61 46 21 6 50 49 57 37 7 41 23 60 47 31 5 52 3 38 48 42 39 40 58 56 32
19 20 13 34 37 38 44 6 46 45 21 52 42 29 33 41 14 22 49 43 39 25 5 56 23 30 18 31 17 40 50 11 57 24 10 4 51 16 9 48 58 55 3 60 26 12 7 53 61 8 1 62 54 15 32 2 0 47 59 63
26 20 29 34 44 52 33 30 37 17 19 21 8 45 53 25 12 51 16 13 38 42 43 3 46 54 5 11 31 4 61 32 62 22 41 48 49 18 50 39 6 7 2 60 9 1 0 57 59 58 56 14 24 55 15 40 63 10 23 47
19 34 43 50 45 37 29 38 41 20 30 53 61 48 42 52 44 21 60 49 26 18 40 59 11 13 12 23 10 3 4 51 54 9 2 55 57 46 62 25 6 5 58 1 39 17 14 15 8 33 22 24 63 7 56 47 0 31 32 16
37 45 26 38 46 29 54 25 20 52 47 30 59 43 21 22 44 63 62 39 24 53 61 55 31 60 14 15 23 17 10 6 34 11 19 16 5 18 51 1 7 58 8 9 12 0 33 13 3 2 4 41 32 42 48 49 56 50 57 40
37 43 42 45 53 41 26 34 51 38 46 60 39 52 59 54 29 20 19 31 62 61 44 11 47 63 12 22 55 17 48 58 3 18 30 5 21 14 13 4 7 25 33 2 24 16 23 15 8 40 32 50 9 10 1 0 49 57 6 56
19 20 37 44 51 10 12 46 18 34 45 11 4 53 26 17 9 21 54 1 0 3 41 55 38 29 2 39 61 62 13 33 42 49 25 16 52 59 57 32 43 40 47 58 31 6 5 60 50 14 7 56 8 63 24 23 15 22 30 48
26 20 13 12 45 14 6 42 34 18 11 4 10 9 22 44 0 54 50 31 63 37 29 19 51 15 1 8 30 41 32 58 2 60 33 3 17 43 38 24 25 16 57 56 52 59 5 49 39 21 46 40 48 23 53 62 61 7 47 55
26 34 43 50 42 41 44 19 52 17 18 53 11 33 49 48 56 12 20 21 8 10 54 57 40 24 3 25 13 4 30 22 37 23 39 61 9 51 32 16 5 0 31 62 29 15 45 46 58 38 60 47 63 1 2 14 7 6 55 59
44 45 26 34 54 53 33 46 62 18 39 42 49 61 52 20 37 32 21 60 17 19 59 8 11 63 13 6 25 4 5 29 3 58 40 2 9 56 43 0 1 38 10 41 47 48 31 22 15 30 14 23 7 55 50 24 12 51 16 57
44 45 19 52 53 20 37 34 60 38 31 10 12 39 41 62 46 33 42 13 43 49 26 5 6 54 18 7 1 14 4 59 47 21 51 2 29 55 58 3 25 30 24 11 40 48 56 57 22 61 9 50 15 0 23 17 63 32 16 8
19 18 17 29 21 13 37 42 22 10 1 11 20 38 46 45 3 9 8 54 12 4 5 16 49 0 44 6 26 34 14 52 24 15 53 56 63 30 60 51 31 55 43 47 23 39 50 7 61 62 25 32 33 2 48 59 58 40 41 57
26 34 41 20 44 42 12 19 50 53 52 25 10 49 17 18 56 16 33 21 62 40 24 48 11 43 30 22 8 58 57 61 13 37 46 39 31 38 45 4 47 6 29 2 59 60 5 14 7 23 3 63 15 32 51 0 1 9 55 54
19 34 42 50 44 37 45 53 33 10 52 18 49 60 58 56 51 24 32 40 20 21 9 17 29 0 13 5 48 26 14 11 1 3 8 43 54 63 2 59 22 16 25 46 62 7 47 39 38 61 4 23 41 30 6 57 15 12 55 31
19 20 13 26 21 34 41 12 42 50 25 14 45 33 59 37 18 49 43 54 63 51 4 11 44 24 16 8 56 48 60 29 17 32 3 46 47 9 22 6 5 53 23 2 52 38 0 30 15 31 39 1 58 55 61 7 40 57 10 62
26 18 19 34 45 37 33 53 43 10 11 20 12 42 1 25 21 2 44 24 3 51 32 9 52 29 22 41 17 8 38 46 40 30 54 48 49 5 16 15 50 14 4 47 39 63 56 55 7 23 0 59 60 57 31 62 61 58 13 6
44 29 20 13 26 52 21 34 12 11 53 54 33 17 42 41 40 22 60 32 62 43 19 18 4 37 10 25 31 49 50 59 30 1 48 38 51 2 39 6 3 57 9 15 0 14 23 56 24 8 7 47 16 45 61 58 5 63 55 46
26 20 21 34 19 25 24 14 45 16 22 13 37 18 9 38 43 50 42 23 12 32 6 49 46 29 51 2 31 55 30 5 44 39 17 11 1 54 52 61 59 15 56 10 8 7 3 0 58 41 47 4 40 57 63 62 53 33 48 60
37 29 22 45 19 20 11 12 53 30 13 38 46 31 44 54 47 26 34 62 60 39 18 4 61 33 41 2 63 48 10 52 43 25 5 55 15 59 24 16 9 32 6 14 21 51 42 8 40 7 56 49 58 50 3 57 1 0 23 17
37 29 19 43 45 11 18 25 34 46 38 53 52 44 20 31 16 42 39 26 10 51 55 32 54 2 33 24 23 21 3 12 17 63 9 47 1 41 13 15 48 0 22 50 60 59 61 4 40 14 49 56 57 58 8 62 30 5 6 7
26 20 13 34 45 12 41 25 18 19 21 6 44 30 22 14 16 52 37 11 23 46 7 9 2 38 53 51 54 3 29 32 15 1 50 17 39 42 43 31 8 47 0 55 63 49 5 24 56 48 40 61 59 57 62 4 33 58 60 10
26 20 37 46 12 34 45 44 52 21 29 51 53 60 33 30 38 17 18 39 43 25 59 54 63 19 16 4 5 41 47 50 31 11 10 6 8 23 22 13 57 49 42 2 24 32 14 62 56 3 61 48 7 9 0 15 1 55 40 58
37 45 19 18 53 54 17 52 26 38 63 34 31 8 61 55 47 10 43 39 41 51 29 30 2 48 42 33 32 3 1 0 23 40 16 46 25 15 44 24 11 20 49 56 58 50 60 62 57 59 21 12 13 22 4 14 6 5 7 9
44 45 19 34 43 50 51 52 54 37 41 25 59 26 46 38 42 29 21 47 30 57 33 61 62 23 60 39 16 20 58 55 56 53 13 10 11 24 9 6 63 14 17 18 5 22 12 49 32 2 4 8 0 1 48 3 7 15 31 40
19 20 37 44 51 34 26 43 29 59 33 52 61 11 2 60 12 41 49 10 9 3 25 50 53 30 31 40 45 17 4 21 24 57 13 22 48 39 32 6 42 54 14 58 63 18 15 1 0 7 8 23 56 5 38 46 16 55 62 47
26 34 45 37 46 17 33 29 20 44 18 11 53 43 30 25 13 32 41 19 2 54 55 6 51 49 8 61 24 50 21 3 52 16 60 31 4 47 5 1 12 63 48 62 39 38 40 22 14 57 9 58 59 23 56 0 15 42 10 7
19 20 37 44 21 34 52 11 33 45 10 12 3 18 38 39 9 26 30 17 13 59 16 42 49 40 25 58 43 14 53 46 51 60 7 1 32 5 41 24 56 15 48 29 22 57 6 31 62 2 4 61 47 63 8 0 50 23 54 55
37 43 26 17 34 29 18 41 19 44 45 20 21 14 42 54 13 50 46 38 49 12 58 30 25 53 33 32 24 57 4 16 15 59 9 1 48 40 51 10 47 55 31 7 63 11 61 22 0 60 52 23 3 39 2 8 5 56 6 62
26 34 43 50 42 25 33 19 52 49 51 21 48 61 53 18 11 56 17 3 4 8 37 46 12 45 16 32 55 60 59 58 40 5 57 20 38 41 44 47 62 31 13 54 0 9 29 10 30 63 24 14 15 6 22 23 7 1 39 2
44 43 42 29 20 45 30 51 34 41 26 52 53 19 37 21 18 17 12 33 16 46 40 25 60 59 47 61 48 22 23 38 58 5 39 14 4 11 2 57 50 49 13 54 31 9 10 1 7 15 8 3 55 56 6 32 0 62 24 63
44 43 50 29 19 26 18 12 34 33 25 37 20 11 5 52 41 13 21 10 4 57 30 48 2 32 61 14 53 23 15 3 49 42 22 9 51 1 31 40 45 56 0 62 54 24 63 7 17 60 6 46 38 39 47 58 59 55 16 8
44 43 18 21 51 52 61 9 45 34 26 42 41 17 8 60 10 25 29 2 20 40 16 19 22 33 32 13 11 3 4 15 38 5 37 24 59 30 50 0 39 6 1 47 31 58 49 62 55 23 12 54 7 57 46 48 53 63 14 56
37 43 18 21 50 19 10 29 34 9 13 41 26 20 11 2 48 4 17 22 15 46 45 23 47 25 24 54 61 57 53 63 12 42 16 7 0 5 55 40 52 33 44 60 49 62 1 38 6 32 58 56 30 59 3 51 14 8 31 39
26 18 19 20 45 54 12 11 37 25 33 44 17 9 1 38 4 3 53 43 10 5 13 21 14 7 34 22 46 62 30 29 63 47 39 2 23 0 52 41 32 15 6 60 8 51 59 58 16 61 57 42 55 31 50 49 56 24 48 40
44 43 18 29 30 22 14 45 51 20 54 15 12 42 33 6 50 38 47 4 31 41 32 19 34 46 13 21 37 48 23 63 55 57 26 49 3 60 59 10 7 5 62 53 17 24 11 52 58 1 40 25 2 39 56 61 0 9 16 8
26 20 13 25 34 44 29 33 45 21 41 43 24 22 52 4 6 37 40 51 59 12 14 42 46 19 11 30 49 32 38 48 53 23 39 10 9 16 18 60 58 54 62 61 17 2 1 5 7 31 47 0 15 63 3 56 55 8 57 50
37 29 22 43 19 30 21 12 18 11 10 15 42 44 46 25 45 20 26 54 53 55 23 34 13 2 63 51 9 31 47 17 33 32 50 38 24 14 7 6 39 57 60 59 41 0 52 61 58 40 56 1 8 16 49 5 4 48 62 3
37 29 18 44 30 9 53 52 51 43 26 38 34 60 47 62 0 20 61 23 12 42 31 17 59 19 50 49 16 10 46 24 25 39 15 11 4 8 41 13 32 58 1 21 5 55 57 2 63 56 40 3 45 14 7 22 6 48 33 54
44 43 18 45 54 20 13 46 52 21 50 51 59 26 29 10 38 60 25 17 37 22 9 47 3 63 61 0 62 42 19 5 14 23 8 12 39 30 49 55 15 1 34 33 41 11 7 58 6 56 2 4 32 24 57 48 53 16 31 40
37 29 19 26 17 46 21 34 44 10 12 18 38 47 55 20 39 4 22 30 23 24 25 31 14 45 53 15 33 62 51 58 1 13 52 40 8 63 5 43 42 16 50 3 32 60 54 61 48 49 9 0 2 11 59 41 56 57 7 6
26 18 44 43 34 25 24 20 10 52 45 16 60 42 41 49 57 56 13 19 12 40 32 58 29 11 3 6 48 51 14 53 50 30 38 9 54 37 17 15 21 46 4 59 61 62 22 33 55 5 8 1 23 63 47 31 0 39 7 2
19 20 13 34 41 10 29 37 18 12 1 17 11 22 30 23 42 26 31 5 44 21 15 4 38 2 8 47 6 24 45 14 7 52 43 49 3 33 56 54 46 25 40 53 62 57 16 9 48 55 58 39 59 50 32 60 63 0 61 51
44 29 20 45 37 13 19 34 21 38 47 31 53 11 18 14 22 30 7 46 33 12 54 32 2 62 3 26 25 6 41 24 39 23 16 5 40 52 43 17 60 10 15 55 8 51 58 48 63 0 61 9 4 42 1 59 50 49 57 56
26 18 37 43 34 45 19 25 44 11 10 2 42 38 30 52 3 49 24 16 32 46 61 9 12 60 47 22 17 40 23 41 14 6 20 62 8 0 29 21 33 5 15 1 39 55 54 4 7 53 56 13 59 57 63 31 48 51 58 50
19 34 45 37 44 21 20 51 43 11 29 54 53 62 61 12 10 26 18 60 52 22 17 30 46 33 25 55 63 8 9 41 59 50 49 48 42 40 32 2 56 58 13 16 57 4 15 14 47 38 39 3 24 31 1 0 7 6 23 5
26 34 42 20 13 25 17 9 19 10 21 18 24 50 3 2 1 8 49 44 45 11 33 43 0 6 5 32 7 16 12 51 57 37 41 58 40 48 60 22 53 46 59 62 52 4 55 29 54 38 23 15 47 39 30 14 63 31 56 61
26 18 10 25 32 24 37 44 51 2 17 43 3 45 53 59 9 30 29 20 58 38 16 0 12 4 23 61 8 13 50 1 54 40 31 39 52 22 47 60 19 34 33 21 14 49 6 46 11 62 63 42 57 7 48 5 41 56 15 55
37 43 34 41 33 45 48 20 19 29 51 26 13 44 25 58 59 18 53 61 38 31 54 60 21 47 17 42 49 9 10 5 6 1 62 56 50 63 3 32 12 57 46 40 0 39 2 11 22 14 4 15 24 52 7 16 8 30 55 23
19 34 45 11 26 18 43 20 17 33 9 37 4 0 21 52 46 3 10 2 59 5 44 54 40 47 38 30 51 16 63 53 55 32 60 62 23 50 39 12 24 14 61 31 49 29 25 57 13 22 1 48 15 8 6 58 41 7 56 42
19 18 44 43 51 45 46 20 37 52 61 42 12 60 26 47 54 62 17 11 2 29 55 13 63 53 59 34 14 6 33 25 32 9 39 3 10 41 30 5 49 38 50 22 4 1 31 57 58 23 56 21 16 24 7 48 8 0 40 15
44 43 26 29 42 20 13 25 22 30 21 6 5 45 46 14 7 34 31 50 41 54 24 32 40 49 37 18 33 52 57 51 58 12 53 16 63 39 19 60 23 11 61 4 55 15 47 62 17 48 3 9 56 38 10 1 59 2 8 0
19 20 21 18 37 22 14 29 30 42 34 26 49 44 43 38 45 15 33 41 11 6 9 31 25 57 40 17 13 2 10 52 4 3 53 12 7 61 8 5 56 24 51 23 60 50 62 48 1 54 63 55 59 0 58 16 47 32 46 39
19 34 44 21 20 13 26 18 12 5 11 53 25 33 32 43 52 42 54 37 45 24 17 61 40 10 38 47 3 29 4 48 14 6 39 46 8 41 59 16 22 31 7 30 51 2 49 58 63 0 62 15 50 55 60 1 56 57 23 9
37 45 53 43 18 38 51 19 39 59 20 29 44 13 58 21 34 46 14 22 55 57 30 61 6 47 54 15 52 25 31 17 50 49 11 42 60 63 12 5 41 26 33 40 56 23 24 62 9 8 10 32 48 2 4 3 7 0 1 16
44 45 19 34 54 53 33 26 25 37 46 20 61 18 12 4 43 38 31 55 30 39 5 62 3 24 9 32 42 17 8 16 21 29 11 14 40 51 10 49 13 2 63 6 7 60 47 0 22 52 58 41 59 23 48 56 57 50 15 1
26 34 43 18 33 44 42 41 17 21 10 24 45 29 53 54 55 20 51 63 50 19 32 1 16 59 3 47 52 60 61 62 37 48 49 9 38 46 14 30 39 58 0 22 31 8 11 12 4 40 13 23 2 7 15 6 56 5 57 25
44 43 50 53 19 42 62 45 34 61 54 25 52 58 57 47 26 29 18 11 9 37 32 10 17 56 38 51 21 16 46 39 33 24 49 60 4 55 1 12 63 0 20 14 59 13 5 22 8 6 15 3 2 48 40 23 30 7 31 41
37 29 18 26 21 9 0 30 22 45 23 14 53 54 7 34 33 52 61 44 51 32 55 10 11 2 42 8 24 38 31 63 47 12 43 39 46 49 19 40 3 20 41 5 1 48 4 59 60 6 15 16 17 62 50 25 56 13 58 57
26 34 41 19 12 17 43 44 45 21 25 11 30 52 8 46 42 37 10 24 51 33 47 1 20 3 32 53 18 58 59 14 61 16 2 38 31 0 29 40 50 5 57 62 60 56 7 39 4 49 48 55 9 23 13 22 54 63 15 6
19 34 45 37 43 52 38 11 50 54 25 46 29 21 3 16 63 62 30 18 14 13 61 22 51 4 53 42 15 10 17 2 55 58 20 12 47 59 33 7 5 9 31 23 0 39 49 26 57 32 6 56 41 1 48 44 24 60 40 8
26 18 19 34 45 12 43 37 41 51 29 25 24 22 9 21 33 40 15 17 20 42 60 0 16 59 48 8 52 23 14 56 5 54 11 32 10 3 50 61 2 30 4 13 6 49 57 44 39 58 31 38 53 7 46 55 63 47 62 1
26 20 21 18 12 29 44 43 38 52 10 13 11 25 32 22 34 9 42 16 41 30 4 47 45 49 61 3 14 60 37 40 59 54 50 57 39 24 23 19 1 48 17 7 2 46 31 8 63 15 33 53 55 51 5 6 62 0 56 58
19 34 45 20 43 44 13 54 41 10 46 26 29 21 17 51 42 52 63 25 50 48 18 58 57 16 40 32 61 37 30 56 9 55 59 2 1 38 22 3 47 60 33 11 12 62 53 0 8 39 31 15 23 24 49 6 14 4 7 5
44 43 50 51 52 59 18 19 42 33 41 45 10 34 53 21 54 61 14 58 24 29 37 11 20 47 12 38 30 25 46 49 40 32 26 17 57 39 31 7 9 60 55 48 56 16 62 22 6 3 4 23 8 13 1 0 2 15 5 63
19 20 45 44 53 26 17 54 37 11 55 43 42 29 21 51 12 62 52 30 46 49 23 13 3 10 50 14 33 8 56 63 4 39 9 38 31 1 34 48 25 40 5 41 60 59 24 61 47 16 32 18 0 6 58 15 22 2 7 57
44 29 18 42 43 50 49 41 33 26 21 52 17 24 19 9 60 48 34 37 22 8 32 15 57 25 1 56 51 16 30 58 45 2 14 31 59 13 20 10 11 0 7 53 12 3 23 61 39 6 5 4 46 54 62 38 40 47 55 63
26 20 21 18 10 22 12 13 14 29 37 9 11 46 23 5 0 2 38 44 54 4 6 34 25 17 51 16 3 45 43 58 53 47 59 30 32 50 19 62 52 15 49 24 7 57 55 60 42 39 31 41 33 63 40 48 8 1 61 56
26 18 44 25 9 53 34 17 32 37 43 42 8 10 41 19 11 33 20 0 1 13 6 12 38 45 61 2 21 54 51 46 52 29 39 16 62 22 14 48 15 63 3 60 40 24 59 7 55 49 57 58 30 4 5 56 50 23 31 47
19 34 45 37 46 38 44 20 42 11 18 53 41 25 9 52 21 26 33 54 3 10 62 40 47 43 32 0 51 58 17 2 63 60 49 57 30 24 59 50 61 4 1 14 5 12 29 23 7 55 13 6 56 22 31 48 16 39 8 15
19 20 13 12 5 4 29 26 3 37 11 42 43 30 17 10 31 24 8 14 2 33 22 34 1 15 45 38 46 21 41 55 44 51 47 18 32 50 59 40 7 16 63 0 48 56 25 49 53 52 60 62 58 57 23 39 61 9 54 6
44 43 18 53 51 58 59 26 42 60 62 46 34 17 37 21 19 10 8 16 14 50 55 45 25 39 2 7 61 30 20 12 24 9 0 1 29 52 11 33 31 54 32 13 3 41 49 23 15 4 48 38 22 57 47 5 6 63 40 56
19 18 44 43 42 20 9 52 11 17 45 0 21 4 60 51 16 46 50 49 3 53 39 54 62 47 57 14 2 12 26 31 34 63 5 41 32 61 29 22 59 8 56 24 23 40 37 58 48 15 30 1 55 13 38 25 6 10 33 7
37 29 19 45 38 47 54 52 22 61 63 20 31 53 51 59 30 55 39 43 44 26 21 15 25 13 62 23 5 18 9 0 7 46 58 57 10 34 8 24 32 50 41 2 12 33 1 4 17 40 49 6 14 11 3 42 60 48 16 56
19 20 21 18 17 29 44 13 14 45 30 16 5 43 52 22 42 49 31 7 46 6 4 50 9 3 37 26 10 53 24 47 8 0 2 38 34 60 59 39 55 1 23 51 41 32 56 25 62 57 33 48 58 11 40 61 54 15 12 63
19 18 17 29 21 34 44 9 42 43 51 52 37 50 59 38 61 16 45 14 25 46 57 32 39 33 47 55 53 31 24 11 7 30 20 54 23 41 8 26 3 60 63 62 10 13 58 56 5 6 40 15 12 0 1 49 48 4 22 2
26 18 19 20 10 9 37 11 3 2 13 4 0 25 12 43 50 22 14 5 31 44 53 52 45 33 61 17 1 62 41 42 49 51 60 46 21 29 55 24 54 23 16 8 34 38 15 58 6 40 32 30 48 56 47 63 39 59 57 7
37 43 26 17 34 42 49 29 51 52 53 50 21 22 33 44 30 32 23 41 57 58 45 15 7 20 8 31 14 54 60 48 46 61 56 38 47 25 12 59 62 4 11 6 39 63 19 18 5 9 10 0 3 13 40 16 1 2 24 55
37 45 26 38 44 51 53 43 59 19 11 34 46 54 63 52 55 61 42 17 60 58 30 41 8 39 49 33 50 3 48 56 29 62 25 20 18 47 21 16 32 10 2 1 9 23 57 0 22 40 24 13 14 7 4 12 6 31 15 5
37 29 20 43 26 17 30 21 25 19 13 22 44 4 8 33 12 11 14 31 39 53 3 9 40 6 50 42 23 38 49 34 46 2 62 58 5 45 24 16 10 0 52 60 7 47 1 32 59 61 54 18 57 63 15 51 41 56 55 48
19 20 45 18 29 44 37 30 31 54 11 23 53 51 52 26 34 39 9 60 21 12 13 10 58 33 42 8 0 14 1 46 55 43 4 17 5 22 7 50 38 6 16 61 32 62 25 3 49 24 15 57 2 41 63 59 40 48 56 47
26 20 21 22 44 52 53 18 12 54 62 25 34 4 45 43 24 46 14 6 51 16 3 60 19 2 61 29 7 63 5 42 49 59 37 30 1 32 47 10 39 23 11 33 38 13 58 50 17 15 31 57 41 9 48 55 40 56 8 0
44 29 19 43 20 11 18 25 30 38 13 31 47 37 51 42 41 59 23 26 17 46 21 45 24 12 60 14 58 8 34 9 4 16 52 50 33 2 0 22 5 32 49 48 53 6 15 1 39 3 7 56 57 62 61 54 40 10 55 63
44 45 19 34 42 20 26 11 12 13 4 29 54 49 18 53 52 33 30 10 40 17 5 62 61 31 1 32 16 46 50 37 48 51 3 60 21 2 24 41 63 25 39 22 58 38 23 59 9 15 7 57 43 8 56 6 47 55 0 14
19 18 37 29 17 45 21 34 43 50 53 54 57 9 25 16 26 20 8 61 11 52 0 12 33 42 13 46 49 22 14 44 15 3 60 7 38 39 55 1 62 4 2 24 47 32 6 30 41 31 23 5 10 63 40 48 56 58 59 51
26 18 37 29 21 25 9 44 24 20 11 46 43 30 52 50 42 12 31 34 57 39 19 17 4 33 38 53 22 61 47 14 55 54 40 1 51 32 7 16 15 62 23 60 45 6 58 5 59 10 3 49 8 0 41 13 63 56 2 48
26 18 37 34 19 44 43 52 50 12 51 59 10 2 33 57 1 42 5 32 41 11 3 29 24 53 40 4 45 46 47 38 58 54 61 0 55 39 62 13 31 21 17 6 20 30 56 60 14 48 22 23 49 63 7 9 15 8 16 25
26 34 44 20 33 43 18 45 42 29 51 58 53 61 54 37 38 30 13 31 62 41 49 19 12 56 52 17 8 9 0 55 46 24 21 47 63 25 59 11 3 50 60 6 5 32 40 14 39 48 7 2 1 16 23 15 57 22 4 10
37 29 20 11 18 26 12 13 25 44 53 45 54 24 38 61 22 10 17 47 9 52 33 34 39 8 0 40 21 1 41 31 3 4 5 43 16 42 23 19 49 14 60 48 6 51 55 46 63 62 59 56 50 7 57 32 15 2 30 58
26 20 37 34 21 18 17 16 42 50 25 44 45 22 52 54 11 9 43 60 51 2 13 46 53 32 8 4 29 41 49 38 55 62 63 33 15 61 24 23 47 0 59 19 10 57 40 48 5 6 12 30 39 7 14 3 58 31 56 1
19 18 26 20 10 43 29 17 44 34 42 1 13 37 30 46 12 31 2 50 51 21 22 49 33 41 24 40 32 25 11 6 14 52 38 9 59 16 60 48 8 61 0 3 55 47 4 45 57 15 23 39 54 62 53 58 63 56 5 7
19 34 44 20 26 52 33 42 53 10 29 18 11 37 9 1 60 12 21 43 25 30 2 50 23 38 58 49 5 57 41 59 22 13 4 3 47 6 14 31 56 24 39 40 45 32 16 15 17 51 7 8 0 48 61 54 63 46 62
19 20 29 18 12 13 10 43 14 4 44 37 21 15 42 2 34 22 7 51 23 41 30 39 46 45 1 53 31 26 50 9 8 59 57 33 47 52 54 58 40 60 11 61 17 32 48 55 62 56 49 0 25 63 38 3 5 6 24 16
19 18 44 20 12 43 10 13 51 45 26 50 46 54 62 59 58 9 8 29 30 57 17 38 14 37 42 6 31 25 22 55 4 1 32 33 11 34 47 0 41 63 52 23 15 16 21 2 49 40 39 61 24 53 3 5 56 7 48 60
37 29 20 13 26 34 12 25 41 44 51 38 42 18 19 48 40 53 33 32 46 60 50 5 39 49 21 45 16 55 30 24 6 43 54 63 57 59 62 47 11 31 17 7 52 58 56 3 22 10 9 0 1 61 15 14 4 2 8 23
26 18 37 43 9 29 51 38 39 47 30 22 15 31 46 13 14 34 12 17 41 0 25 24 10 3 20 33 44 6 2 53 19 1 21 48 45 11 23 50 40 52 5 7 60 4 58 61 62 59 57 54 16 63 55 8 49 42 32 56
37 29 20 11 19 45 22 21 46 47 14 23 12 10 26 18 44 3 9 0 17 52 38 34 33 7 5 25 54 55 15 40 32 13 60 43 50 39 4 24 31 61 6 59 16 53 51 8 62 41 63 30 58 42 2 1 48 56 49 57
44 29 22 30 21 13 26 14 15 42 43 31 7 25 19 12 24 52 11 3 45 33 37 4 39 53 61 50 54 6 49 23 10 18 40 60 46 47 59 62 41 9 51 57 0 32 63 34 16 48 5 8 56 38 17 55 58 20 2 1
19 20 37 18 10 2 21 22 14 44 51 34 42 38 33 29 39 46 9 58 45 16 23 47 30 41 52 50 55 24 11 13 32 12 49 31 4 59 26 54 62 40 56 60 5 63 53 43 25 15 0 61 7 17 6 8 1 3 48 57
44 43 50 51 34 49 19 45 59 29 41 58 30 20 37 25 12 26 52 21 16 53 18 23 31 17 13 60 46 54 33 48 62 61 8 24 9 11 42 39 56 1 47 4 5 63 3 40 15 22 10 2 14 6 32 55 38 0 57 7
26 20 29 22 13 11 30 18 34 4 6 33 9 0 43 17 25 32 42 50 8 31 37 19 1 45 41 40 49 2 52 16 38 59 53 51 58 46 12 48 21 44 57 61 3 56 47 54 55 62 23 15 14 10 7 24 39 60 5
44 45 19 43 52 18 46 11 3 34 41 21 26 60 17 47 61 62 37 25 42 9 53 4 20 40 22 2 8 12 50 57 55 49 51 23 10 39 56 16 24 58 5 6 1 29 54 32 7 13 48 0 15 63 30 14 59 31 33 38
26 34 41 18 44 45 20 43 54 19 52 25 17 48 33 63 38 51 50 53 49 58 42 24 32 8 62 60 46 9 16 13 37 29 30 55 11 47 0 31 61 40 6 3 12 1 10 5 4 23 57 21 59 2 39 14 15 56 22 7
44 45 19 43 53 20 46 10 13 21 42 34 12 29 37 30 41 38 18 54 2 11 4 33 55 6 32 47 5 60 39 1 7 62 9 26 0 22 31 48 52 49 23 61 50 17 59 14 24 63 25 16 57 3 51 56 8 58 15 40
19 20 13 12 37 18 11 45 26 34 42 2 44 43 46 21 17 14 22 51 59 38 3 4 25 9 6 32 5 8 33 53 24 50 1 10 52 16 49 23 62 15 39 55 54 60 7 30 61 48 56 29 41 40 0 47 31 57 63 58
44 43 34 25 51 52 19 50 42 37 16 18 20 41 45 33 40 13 61 29 46 53 21 48 59 22 12 47 6 32 14 62 15 30 49 58 54 5 17 11 4 3 31 38 56 55 9 26 24 0 1 2 39 23 57 60 10 7 63 8
44 29 22 30 18 42 26 14 15 52 13 17 43 6 60 20 21 34 23 10 12 45 37 5 41 19 4 39 16 48 38 24 49 61 33 3 53 32 25 8 31 62 9 11 47 1 51 46 2 56 57 40 50 59 58 55 54 63 7 0
19 20 29 34 11 13 43 52 41 18 10 38 61 45 37 59 21 30 23 50 5 31 44 4 3 25 47 22 60 6 17 51 26 15 16 39 49 42 53 9 8 32 40 1 0 46 33 56 12 48 2 55 58 62 14 7 63 24 57 54
26 18 10 43 45 21 29 37 14 25 34 9 44 53 42 41 50 7 8 0 62 2 20 16 51 52 38 22 59 39 46 49 40 19 15 61 48 54 30 57 12 47 13 6 60 56 1 11 31 23 5 4 33 58 63 32 55 17 3 24
26 18 10 9 44 34 25 20 12 11 33 42 49 43 8 50 57 37 51 56 46 53 19 24 32 38 17 0 29 54 48 13 5 30 4 41 52 58 6 3 40 7 45 59 1 14 47 55 15 22 63 21 23 16 60 39 62 2 31 61
44 29 20 45 30 13 19 34 21 14 22 52 60 31 7 10 46 12 38 37 5 4 18 17 3 15 9 39 42 0 6 50 24 53 61 59 1 2 51 23 11 54 26 62 43 8 63 55 58 25 16 33 47 32 40 49 48 57 41 56
19 34 41 33 44 11 20 37 32 51 52 53 3 10 18 26 46 30 43 4 59 58 62 21 45 55 1 54 23 25 13 9 0 42 50 24 38 8 12 63 17 39 29 61 47 16 2 14 6 48 60 22 7 49 40 15 31 56 57 5
26 34 43 50 51 18 37 59 25 21 52 17 19 12 9 24 42 29 11 10 44 60 1 20 14 3 58 0 22 30 4 49 38 7 2 57 32 16 33 5 61 23 56 8 31 13 41 46 47 48 15 45 53 40 39 55 54 63 62 6
26 34 43 18 25 50 52 20 11 24 17 9 37 44 45 46 57 53 13 51 60 61 10 19 42 49 29 1 59 12 3 30 8 2 55 6 22 33 54 16 48 58 41 62 21 39 23 40 63 0 38 31 15 14 32 7 4 56 5 47
19 34 42 18 17 9 1 11 44 16 10 43 24 20 8 2 26 33 50 51 32 25 60 58 3 45 21 22 12 59 54 4 29 30 38 46 23 62 57 49 37 13 5 14 15 7 56 41 63 31 52 6 61 48 47 0 39 53 40 55
37 45 44 43 18 19 54 38 46 30 42 63 11 20 62 61 21 41 22 34 52 14 51 60 47 53 49 12 5 55 7 10 23 57 40 3 39 33 26 31 50 59 29 6 48 15 1 9 17 24 4 32 25 16 58 13 2 0 8 56
37 45 26 20 54 25 19 44 51 12 4 53 43 21 33 3 22 5 52 60 59 30 24 10 14 63 46 40 18 29 1 11 13 32 9 31 23 61 42 2 55 47 62 34 48 16 17 49 38 41 57 56 50 39 6 7 15 8 0 58
19 34 43 50 45 11 57 54 29 51 52 61 10 30 18 59 22 20 12 15 63 38 42 47 26 41 48 9 49 33 53 3 40 37 46 25 8 58 23 4 14 60 21 56 24 39 7 0 62 31 2 13 5 55 16 32 44 6 17 1
44 43 26 29 30 52 50 20 53 54 62 34 11 18 17 57 51 59 19 61 60 10 47 16 41 22 25 9 1 48 2 55 58 31 45 33 49 12 5 8 37 40 23 24 56 3 15 42 63 21 4 38 32 7 13 46 0 14 39 6
37 43 18 29 42 26 21 38 50 13 30 20 12 19 14 6 44 11 17 52 10 57 47 39 45 3 59 60 61 49 34 8 56 46 31 22 25 2 58 32 41 40 4 5 51 53 24 16 55 33 15 54 62 23 7 63 1 9 48 0
26 18 37 29 10 44 51 9 20 2 19 45 1 12 3 25 5 4 38 31 53 62 16 52 34 30 60 41 43 59 23 11 50 42 22 32 54 0 33 6 40 48 58 17 24 21 8 13 39 63 46 49 56 55 57 47 61 15 14
19 34 45 37 42 54 44 50 49 10 30 46 63 26 18 51 38 56 1 20 53 17 11 41 24 16 58 33 21 22 25 60 32 3 4 39 14 55 9 5 13 52 62 0 47 6 31 48 40 12 2 15 29 23 43 61 59 8 7 57
37 43 42 41 51 45 19 34 25 38 40 21 39 10 29 46 20 18 13 31 47 6 23 22 15 48 5 30 56 52 7 49 53 60 12 32 26 11 44 4 3 59 54 33 16 24 17 2 58 55 61 8 63 57 50 62 9 0 1 14
37 29 19 45 22 10 20 43 53 15 44 46 18 60 1 26 55 9 61 47 17 13 42 50 12 38 14 63 30 4 59 52 21 34 5 23 25 8 57 31 33 32 16 3 54 0 40 39 49 51 2 6 7 11 24 41 62 56 48 58
44 29 20 13 26 52 53 18 37 46 21 19 30 38 55 25 9 54 51 11 10 1 45 34 47 62 24 60 61 32 43 17 3 16 42 33 8 23 31 4 50 58 2 0 5 12 59 39 49 63 22 48 40 14 57 6 56 41 7 15
37 29 21 30 18 45 39 43 51 23 31 22 46 13 44 26 4 58 53 14 12 42 25 47 59 17 55 11 20 61 34 19 10 2 57 16 60 52 41 38 9 63 5 48 32 0 62 3 8 1 33 24 7 56 54 50 49 6 15 40
44 43 34 29 42 51 52 41 50 60 22 58 25 33 49 45 21 48 57 26 37 24 53 20 17 18 11 8 16 38 46 61 30 32 19 23 31 12 40 10 59 15 3 39 0 2 62 56 54 5 13 63 14 4 6 55 47 7 1 9
37 43 50 45 26 21 29 19 42 33 25 18 12 32 13 11 44 5 24 34 22 30 41 49 23 48 20 59 9 10 40 15 38 47 4 8 2 17 53 16 31 54 7 39 52 3 58 57 46 51 1 55 6 14 61 62 56 60 63 0
26 18 10 29 37 42 30 19 20 31 38 12 5 45 34 33 53 9 8 11 40 13 21 6 23 39 44 51 46 24 3 52 54 2 22 0 59 15 49 55 17 47 14 1 62 16 32 50 60 63 41 56 57 48 4 25 43 58 61 7
37 45 19 20 21 29 30 12 11 34 43 31 54 2 41 18 22 51 4 25 39 53 61 46 47 48 38 63 55 5 23 15 26 14 6 17 42 52 44 50 40 33 9 10 57 16 58 59 56 7 24 13 49 32 3 0 1 60 62 8
44 43 18 21 20 45 51 42 22 12 50 23 29 58 49 26 59 10 54 46 14 7 38 34 11 37 9 55 4 40 52 30 48 62 39 53 47 31 61 19 25 33 13 8 15 24 1 2 41 60 63 57 56 0 3 5 17 32 6 16
37 43 18 21 20 19 14 7 50 17 10 44 26 38 8 9 1 57 46 34 25 32 39 11 53 55 42 30 29 52 3 4 33 16 58 22 13 60 15 45 12 41 56 0 5 23 48 2 62 40 24 51 31 59 47 54 63 49 61 6
44 29 19 43 45 42 30 11 10 53 52 51 60 61 62 54 12 21 20 18 49 41 50 31 37 58 33 40 46 59 23 63 55 2 26 5 9 15 13 22 48 39 47 3 24 38 17 16 7 56 34 14 6 25 8 57 32 1 0 4
44 29 22 43 34 42 52 45 37 30 49 33 38 31 21 60 39 41 19 47 53 46 32 23 62 57 48 20 13 26 25 51 50 58 55 63 14 59 61 12 11 24 17 15 16 8 0 6 18 54 7 5 56 40 10 9 1 2 3 4
26 18 44 25 19 45 46 54 62 63 33 11 3 47 17 9 37 41 38 34 8 43 24 16 52 12 50 0 42 4 49 39 5 51 29 57 59 22 10 21 13 53 56 61 1 30 55 20 48 58 60 32 14 23 40 15 2 6 7 31
44 45 26 43 52 18 10 25 54 2 24 46 38 19 53 37 20 29 1 34 42 13 22 63 11 47 4 41 50 3 39 30 55 31 12 9 32 17 23 40 48 16 0 62 33 8 21 57 51 15 58 60 61 49 14 7 56 5 59 6
44 45 26 43 37 18 10 20 54 17 13 2 29 12 11 22 25 19 8 46 31 62 52 51 53 61 34 5 3 33 60 32 59 4 24 42 41 14 50 48 47 55 38 49 39 1 9 16 63 0 40 21 6 7 57 30 23 56 58 15
26 20 13 18 44 45 19 34 33 43 54 12 41 17 29 14 4 40 50 5 32 63 22 15 38 24 11 21 30 42 51 39 52 58 25 3 31 53 10 9 16 23 60 37 48 8 59 49 0 61 6 7 57 56 46 55 2 1 62 47
19 20 37 34 21 43 33 11 26 29 51 40 18 9 44 42 49 38 17 10 47 52 32 22 53 39 3 62 48 41 46 12 23 50 58 15 30 8 5 54 16 31 1 59 55 0 7 24 45 13 4 61 60 14 2 56 25 57 6 63
19 20 21 34 45 14 33 18 12 3 4 54 2 32 7 13 22 6 26 11 29 31 15 17 5 23 41 50 10 37 40 25 24 43 49 8 63 16 59 44 46 38 47 55 30 1 9 39 52 51 0 48 56 60 53 58 42 61 62 57
19 20 45 42 43 44 41 10 21 54 18 26 9 37 63 12 38 53 51 29 30 55 3 40 25 17 49 57 1 47 33 2 50 8 39 31 13 46 56 59 61 14 7 6 58 52 16 62 5 48 34 32 60 22 24 0 15 11 23 4
37 45 19 34 41 20 21 26 44 11 54 22 18 17 10 25 42 43 24 32 9 29 30 33 12 5 14 16 4 53 6 23 61 7 15 3 52 60 31 46 51 2 38 63 59 47 8 48 13 49 56 39 55 0 40 50 57 1 62 58
37 45 19 29 38 31 22 13 39 47 52 43 44 61 21 53 60 18 14 59 46 26 25 30 42 6 20 11 9 34 12 49 3 10 41 48 62 54 4 50 5 51 15 17 56 33 1 57 55 7 16 8 58 23 32 63 24 40 0 2
44 43 26 19 12 21 51 3 37 42 41 10 5 46 38 49 55 59 30 45 1 18 53 40 9 17 2 11 24 16 29 14 13 62 58 34 25 54 8 47 7 22 52 20 60 61 23 33 48 50 56 15 31 0 6 32 4 57 39 63
44 43 50 29 20 51 38 13 11 21 6 53 18 22 15 26 34 19 62 5 52 25 32 10 12 42 2 33 4 17 8 30 41 46 37 58 9 1 31 16 49 3 54 60 61 7 59 63 24 55 45 40 48 0 39 47 23 14 57 56
44 29 20 45 38 13 19 31 46 52 6 26 54 21 60 5 30 18 12 63 43 59 33 61 14 17 9 7 25 22 37 53 62 40 41 42 23 24 49 39 47 10 11 57 51 58 56 0 8 15 34 50 32 3 55 1 48 4 2 16
26 18 10 34 45 20 33 44 43 42 12 25 24 46 50 51 54 49 60 29 37 59 47 11 21 41 19 14 58 52 32 4 40 17 9 1 3 53 13 0 8 57 16 61 38 30 48 56 15 2 31 7 22 6 5 39 62 55 23 63
26 34 43 20 42 50 44 18 29 38 19 45 17 8 58 33 40 57 46 49 51 54 56 9 25 32 24 52 21 48 47 41 11 12 10 53 37 22 15 31 61 55 62 3 63 16 1 23 4 7 13 30 39 6 60 59 5 2 14 0
19 20 13 34 44 11 33 21 18 41 26 25 40 42 12 3 10 6 43 29 30 4 22 31 23 17 39 51 8 9 37 50 49 24 1 48 60 59 58 16 2 15 14 53 52 5 32 61 62 46 56 38 7 57 45 0 54 63 55 47
37 29 19 43 45 26 21 44 33 20 11 3 34 38 12 17 47 13 6 25 9 30 51 8 53 42 2 40 31 23 41 18 22 50 4 1 57 59 49 61 10 14 0 46 24 32 39 55 62 16 5 56 7 58 48 63 60 52 54 15
44 43 50 21 18 26 17 42 19 25 41 9 8 45 10 57 51 52 61 60 24 34 59 49 56 1 53 20 37 29 12 54 13 32 3 48 47 33 0 11 40 55 38 5 58 31 39 46 23 2 6 16 62 14 22 15 4 30 7 63
44 43 26 45 52 19 34 41 11 18 46 29 20 4 25 13 22 38 3 61 60 54 30 31 42 49 15 51 47 53 40 24 5 37 59 55 12 50 21 23 17 6 58 8 7 10 39 33 63 14 62 57 32 48 1 9 0 16 56 2
44 43 34 41 50 29 21 45 46 54 32 13 19 26 17 11 30 48 5 22 10 57 33 31 49 12 37 4 15 47 39 18 3 16 55 20 42 25 62 51 53 1 58 61 6 63 24 23 9 52 8 7 56 40 59 60 38 0 14 2
37 29 22 42 20 13 12 30 21 14 34 43 51 46 38 44 45 11 15 26 52 54 25 59 47 39 60 33 58 19 41 24 7 49 31 6 53 61 55 62 3 57 17 10 4 50 8 23 32 18 16 5 56 9 2 40 63 0 48 1
44 45 37 29 18 43 30 26 54 46 51 19 21 59 53 31 39 9 34 55 47 14 7 62 25 23 15 33 22 17 0 38 42 12 13 20 60 52 16 6 63 41 50 1 8 49 2 10 11 3 32 5 24 61 58 57 56 48 40 4
37 29 20 43 26 11 44 19 18 25 9 38 24 45 4 34 12 2 52 17 16 51 42 41 48 21 59 40 3 33 47 5 30 22 15 39 31 61 60 8 49 13 14 32 10 46 62 57 55 23 54 7 50 58 1 56 6 0 53 63
37 29 21 43 42 22 19 20 30 45 38 49 23 39 46 18 51 11 12 47 33 15 56 3 17 44 7 34 14 16 55 58 53 61 59 32 54 63 52 6 5 60 25 50 13 48 62 26 9 8 31 0 1 2 40 4 24 10 57 41
19 20 45 10 11 26 29 54 21 44 34 18 1 2 52 42 33 41 50 38 17 0 63 37 12 24 16 58 31 40 30 46 32 25 9 51 53 47 4 22 14 62 61 55 49 13 48 43 59 6 7 3 39 15 60 5 23 8 57 56
44 43 18 21 34 29 51 9 19 52 22 26 0 11 37 53 61 17 54 33 3 4 5 59 20 14 41 30 10 8 25 45 38 46 31 55 62 39 24 1 60 48 49 47 7 6 23 2 50 13 58 40 32 63 56 42 12 57 16 15
26 20 29 34 12 18 43 30 25 32 9 50 44 33 22 37 23 0 41 52 60 42 24 38 59 57 46 17 1 19 10 31 40 39 11 8 16 5 45 15 4 47 6 48 58 3 49 51 56 21 14 13 53 61 55 54 2 63 62 7
26 18 10 34 42 43 52 49 44 45 53 41 25 9 37 11 19 32 0 46 20 13 50 62 6 12 24 58 33 8 57 60 38 56 55 30 21 54 17 16 4 29 51 61 3 40 22 1 2 14 48 59 15 23 47 39 63 7 31 5
37 45 19 20 54 34 12 11 10 38 18 13 14 21 33 3 22 44 53 63 2 32 29 15 26 17 47 1 9 46 24 61 41 51 55 8 5 42 49 50 31 16 25 56 57 6 43 52 58 59 0 40 4 30 39 23 62 60 7 48
26 18 19 20 12 34 44 29 37 45 30 5 4 21 46 51 43 31 23 38 11 3 25 22 42 33 14 24 17 53 49 39 41 50 59 16 10 7 9 0 8 13 6 58 2 60 54 55 62 63 57 56 52 15 48 61 32 1 40 47
37 43 42 29 51 46 22 44 53 50 39 30 58 41 20 45 19 12 5 4 13 15 33 14 40 47 55 11 34 62 21 38 61 26 52 49 56 57 63 60 31 32 59 6 18 54 7 17 23 48 8 25 9 16 10 0 3 2 1 24
26 34 43 18 33 29 37 46 19 25 9 11 17 10 2 42 30 44 55 1 50 23 45 58 49 52 4 38 12 32 60 48 56 13 0 61 53 41 57 16 59 24 31 21 20 5 22 6 7 51 62 39 40 15 14 8 54 3 47 63
19 20 29 34 11 30 44 13 43 2 21 52 37 22 60 61 51 18 5 46 26 38 15 12 25 59 42 33 17 14 4 45 6 9 10 1 47 3 31 39 24 16 54 53 8 0 23 55 50 41 57 7 49 58 62 63 56 48 40 32
44 45 26 52 37 17 54 30 43 20 53 38 12 61 60 55 8 59 23 22 46 51 31 19 29 4 58 42 50 25 24 18 62 32 9 49 10 1 13 21 11 34 33 3 14 39 2 7 41 40 5 57 0 6 56 48 15 63 47 16
19 20 45 10 11 42 12 3 9 21 13 54 34 5 43 26 41 33 6 14 4 51 37 49 44 7 56 57 30 8 63 38 31 52 40 46 60 23 50 32 29 18 58 53 24 62 1 47 39 2 55 59 25 22 17 0 61 48 15 16
26 18 10 29 37 44 53 38 30 9 39 2 19 22 20 34 41 31 33 46 43 42 51 58 25 32 23 40 59 17 24 12 57 52 8 49 50 54 62 60 3 4 21 1 56 14 13 5 61 48 6 11 16 0 47 15 7 55 45 63
37 43 50 51 18 49 34 25 57 19 42 11 56 33 3 4 41 29 16 48 40 26 52 10 30 17 12 59 20 45 5 21 9 32 14 0 46 22 23 2 61 47 55 53 54 24 44 13 8 7 6 63 62 60 1 39 58 38 31 15
26 34 41 20 29 21 11 17 37 30 25 24 8 44 14 2 53 33 46 13 23 15 12 9 7 38 42 49 47 4 10 22 57 3 6 16 19 32 1 18 5 31 43 56 39 51 59 58 50 0 48 45 40 60 52 62 61 55 63 54
26 20 21 22 13 42 45 19 34 33 31 12 29 37 3 4 18 30 50 51 44 11 14 7 15 5 38 49 40 52 6 39 43 24 58 56 59 60 47 2 61 17 16 41 23 25 10 54 32 8 63 46 48 1 53 62 9 57 55 0
19 34 43 50 41 32 45 20 12 11 2 54 33 5 37 25 26 44 13 38 24 42 18 9 51 58 16 6 46 3 49 21 62 30 31 29 60 8 23 59 10 39 4 63 7 48 52 0 22 47 17 14 56 53 55 15 1 61 40 57
37 29 22 46 26 21 30 42 12 19 20 45 10 15 44 14 55 3 23 33 6 17 18 47 2 13 7 9 34 53 4 11 39 25 16 43 51 8 50 49 24 57 5 32 41 52 56 40 1 0 54 58 48 62 59 60 61 31 63 38
44 45 46 43 26 47 54 17 34 25 24 33 50 19 32 52 53 60 9 57 10 55 62 11 63 8 59 29 12 18 4 13 41 61 20 58 38 42 0 30 14 37 1 49 22 5 48 51 3 21 56 15 16 31 23 40 6 39 7 2
26 34 41 21 45 33 43 18 9 52 59 29 25 42 30 20 50 0 13 54 63 44 11 32 24 12 3 61 40 49 48 38 22 51 60 19 47 10 8 58 57 56 46 5 4 6 14 62 39 2 17 31 37 55 7 1 15 53 16 23
44 43 42 51 50 33 34 37 25 19 38 49 41 32 60 16 45 39 48 59 30 46 20 23 54 61 17 24 52 53 21 62 31 58 11 10 22 14 29 57 9 18 55 13 40 4 8 26 56 63 47 1 6 12 3 7 2 5 0 15
26 18 19 34 25 21 11 24 32 16 8 4 17 12 33 9 2 40 42 50 44 43 51 59 20 49 41 3 56 52 5 0 58 57 45 37 10 46 22 14 7 23 29 6 61 53 62 54 47 38 15 13 1 31 48 30 60 63 55 39
26 18 44 25 24 45 37 34 43 53 42 41 61 20 52 62 12 46 54 21 63 29 47 60 30 4 3 22 48 19 5 17 10 9 50 32 33 11 23 40 59 38 1 55 49 58 57 51 39 14 2 8 6 7 16 15 0 13 31 56
26 20 37 44 51 18 21 29 12 11 19 34 33 42 25 24 3 45 46 14 9 55 13 4 40 2 5 32 50 60 16 38 52 6 43 58 41 22 47 59 10 48 30 0 53 17 23 61 1 8 62 39 7 31 54 15 49 63 57 56
37 29 22 43 26 21 51 23 14 5 7 20 11 45 30 34 53 19 25 61 44 17 46 24 10 52 38 3 2 54 33 13 63 41 18 59 32 31 4 39 15 62 48 9 6 40 0 47 8 42 16 1 49 57 58 60 12 56 50 55
44 45 37 29 46 42 21 55 38 39 31 13 30 52 59 23 54 47 20 51 34 63 50 60 53 58 14 11 5 43 12 49 10 41 48 61 22 19 15 40 26 1 9 4 3 17 56 57 33 18 6 32 8 7 62 2 25 16 24 0
19 18 17 11 10 43 12 9 1 3 20 0 2 25 4 13 33 16 42 8 44 37 24 52 29 5 60 21 14 41 26 15 45 32 7 23 31 51 40 53 46 54 30 39 34 48 55 49 56 50 58 38 61 62 63 57 47 59 22
44 43 50 29 34 51 42 45 22 41 26 49 52 20 59 15 46 25 16 47 18 58 56 40 38 61 12 4 57 9 37 31 32 24 10 33 48 53 39 11 54 30 21 63 62 17 0 8 19 55 1 13 3 2 6 23 5 60 7 14
37 43 26 17 34 42 51 44 25 58 41 40 50 21 29 30 9 24 19 49 48 56 59 1 18 11 8 45 53 33 16 62 38 31 20 32 14 13 54 57 0 15 52 10 6 46 55 61 7 60 22 39 4 3 23 5 47 63 2 12
26 18 19 34 44 11 42 45 17 52 60 25 20 12 32 24 33 41 4 40 46 29 38 3 21 51 10 13 22 5 58 43 49 53 50 2 9 16 37 47 31 30 39 54 55 63 61 57 8 6 56 48 23 59 14 7 15 0 1 62
19 18 17 11 26 37 12 13 4 42 46 20 29 3 43 55 38 8 34 10 1 44 45 39 51 52 54 5 25 32 6 22 31 59 49 21 14 2 53 60 33 41 30 47 16 61 24 23 15 7 50 56 63 0 62 9 48 58 40 57
37 43 50 45 19 57 44 11 26 33 25 17 8 18 10 9 42 20 58 41 29 46 24 30 22 14 4 38 21 12 40 34 5 59 16 3 0 6 1 49 23 48 32 2 51 31 13 15 47 55 7 52 54 53 39 61 60 63 62 56
19 34 41 18 37 43 20 11 52 13 6 45 38 46 17 51 47 25 50 61 9 55 3 39 32 12 21 10 29 49 1 22 59 5 4 16 24 33 31 26 57 42 44 15 23 54 30 56 53 0 63 48 8 62 40 2 7 14 58 60
26 18 19 34 17 8 16 9 43 12 33 40 11 42 5 25 45 37 41 50 32 49 46 29 57 53 0 56 48 20 52 47 13 4 54 14 6 61 10 58 15 24 3 2 1 44 51 60 55 38 30 63 21 22 31 23 62 39 59 7
26 20 37 34 42 45 13 46 29 33 55 6 44 38 12 50 21 14 5 11 31 30 22 18 25 54 58 52 9 0 41 32 43 19 4 49 62 23 59 3 17 63 57 56 51 24 53 16 2 40 1 48 15 47 39 8 10 61 60 7
44 29 19 26 17 25 37 8 24 33 40 41 21 12 11 30 23 39 22 42 20 14 10 53 51 45 13 49 57 5 46 58 38 3 59 54 52 43 2 56 62 61 6 31 4 47 60 1 50 63 48 9 34 32 18 15 7 16 55 0
44 29 21 45 26 20 46 52 43 14 13 54 7 18 22 34 50 38 17 37 41 42 9 30 47 55 61 6 12 3 63 39 25 11 15 48 19 59 58 33 23 62 10 5 53 51 4 16 31 1 49 60 8 0 32 40 56 57 2 24
37 43 18 29 51 34 30 38 47 52 42 39 41 33 26 20 40 22 53 9 19 32 11 59 44 4 17 12 25 21 15 48 14 61 1 6 31 13 60 49 58 8 23 62 57 50 7 16 5 0 45 56 54 46 10 2 24 3 63 55
44 43 34 29 42 51 60 59 58 52 45 41 26 25 17 50 20 46 38 19 54 63 24 8 32 49 11 40 48 47 18 9 1 4 2 21 62 0 37 33 14 3 10 55 30 39 53 12 22 61 5 57 56 13 6 16 7 15 23 31
44 45 46 52 43 51 18 20 29 47 42 26 11 9 60 22 34 21 54 41 0 37 30 31 48 10 38 8 33 49 17 53 19 61 25 39 56 59 55 50 14 57 1 4 32 7 12 24 40 15 6 13 3 63 5 2 58 62 23 16
37 45 53 38 44 54 55 43 42 19 46 63 21 51 26 18 11 3 58 61 60 62 30 14 52 41 33 17 34 22 9 0 10 25 40 32 16 20 13 12 8 24 15 50 23 2 59 39 29 5 4 57 6 47 48 7 49 56 31 1
26 34 43 52 37 38 41 21 44 45 53 33 30 17 8 25 32 29 51 42 39 23 49 58 22 24 19 31 16 60 12 15 50 46 18 14 20 9 10 2 40 13 7 6 57 11 4 61 1 3 62 5 47 0 59 56 48 63 55 54
19 18 17 29 45 42 22 37 46 54 34 47 53 21 55 44 38 10 51 16 52 62 60 15 50 33 9 26 8 63 32 0 30 40 24 20 31 39 48 25 12 59 23 13 4 11 7 56 58 6 1 2 3 43 41 57 49 14 5 61
44 43 18 53 52 19 42 26 25 33 20 29 37 24 51 10 30 49 9 46 34 17 16 12 54 59 58 60 62 31 55 0 50 8 11 57 45 61 38 63 1 21 14 47 5 22 15 13 2 6 39 3 7 32 23 41 56 40 48 4
37 45 19 18 17 9 53 16 26 38 0 61 8 10 12 20 21 2 44 22 24 4 5 43 11 6 13 33 54 63 46 39 42 3 31 1 51 50 62 40 60 52 47 34 41 14 29 59 58 57 32 55 48 15 23 30 7 25 49
19 20 45 34 18 37 21 9 43 14 25 10 7 12 3 26 2 54 16 42 44 17 50 41 32 22 33 1 24 57 58 49 56 59 13 5 38 4 30 23 51 11 60 31 0 52 46 47 48 8 6 40 62 39 53 55 29 61 63 15
19 20 13 42 44 37 45 21 26 5 6 25 17 7 18 34 12 51 30 9 14 11 24 46 8 16 53 22 31 61 62 32 55 0 15 3 60 39 33 49 4 58 2 29 43 40 47 1 23 63 10 52 38 54 56 59 41 57 48 50
44 29 18 43 37 42 30 38 50 19 26 45 51 60 12 20 41 22 52 9 46 54 23 33 49 48 31 21 17 3 55 40 0 8 16 47 39 11 34 53 13 15 32 4 59 24 57 14 62 63 7 6 25 61 10 2 56 58 1 5
26 34 45 37 43 18 33 29 20 42 21 12 49 30 17 46 22 38 47 52 19 54 39 25 4 50 32 15 41 31 63 62 59 57 58 40 23 11 10 1 13 60 61 53 3 2 56 51 9 24 7 16 48 55 44 6 5 14 8 0
26 34 43 20 37 51 29 21 59 45 14 18 12 50 44 11 53 4 41 46 9 62 55 25 19 47 17 57 24 22 42 13 10 16 39 48 58 6 7 8 40 33 0 1 56 38 23 15 2 60 49 30 54 31 3 63 61 5 32 52
26 34 42 33 41 20 32 18 10 17 37 43 21 3 12 9 19 25 16 13 52 22 14 50 1 5 57 24 11 29 38 45 44 39 8 48 54 59 23 7 4 53 58 30 15 55 49 40 61 0 60 51 47 2 46 63 6 31 62 56
19 34 41 20 13 12 29 14 11 22 45 37 21 26 25 53 54 17 46 48 5 30 10 24 15 23 33 38 16 3 39 55 49 43 52 32 62 57 31 8 9 18 60 51 42 2 63 44 56 47 0 1 59 50 61 6 7 4 58 40
19 34 41 21 37 42 43 46 20 49 38 51 50 30 23 22 39 44 57 18 52 59 12 29 58 45 61 11 47 56 14 13 9 48 10 53 40 5 6 55 63 33 26 7 25 24 60 54 15 2 62 3 16 31 17 0 4 32 1 8
44 43 18 37 42 50 45 19 30 54 10 29 26 52 53 34 60 2 9 62 61 21 47 22 63 39 20 55 31 46 51 16 58 38 11 17 15 12 3 14 23 13 1 59 6 49 41 33 4 5 40 56 57 32 8 0 24 48 25 7
26 18 44 34 33 42 51 40 24 53 37 21 20 13 14 45 19 15 46 52 54 25 41 32 17 38 31 9 48 22 1 39 47 58 30 55 12 0 5 10 59 16 60 62 6 43 57 11 8 49 56 2 63 29 4 23 3 61 50 7
37 43 50 51 34 45 26 49 44 29 52 42 38 53 61 59 62 54 57 20 11 39 41 30 22 33 47 56 32 40 23 18 46 21 60 25 14 13 4 58 9 31 48 5 19 17 24 10 3 15 7 63 55 12 6 2 1 16 8 0
37 29 22 43 20 30 18 19 21 46 34 12 45 41 31 44 13 15 3 23 54 62 53 60 7 42 61 9 40 48 39 5 25 47 26 32 4 6 14 2 1 52 63 33 11 10 38 49 0 17 8 24 55 59 51 16 50 58 57 56
37 43 34 25 19 11 42 45 53 54 44 46 29 60 55 50 62 51 10 38 30 47 33 26 57 41 16 1 39 17 24 59 8 9 49 21 3 31 14 48 20 22 2 18 52 32 13 6 5 4 12 63 58 56 23 0 7 15 40 61
19 34 41 20 43 26 21 13 17 22 6 18 29 45 12 30 10 50 44 9 23 48 0 37 53 51 38 15 7 61 58 46 57 11 39 33 40 32 2 42 24 31 49 8 54 47 56 4 16 59 25 14 62 60 52 1 55 63 3 5
44 43 34 45 52 42 18 26 51 20 19 58 50 60 13 41 49 17 33 9 46 56 57 6 37 11 12 24 32 29 59 25 4 10 1 40 21 8 48 30 16 55 38 47 22 14 7 53 0 15 23 31 61 54 63 62 3 2 39 5
37 29 19 43 51 26 22 11 18 25 24 30 9 42 12 32 21 17 23 31 49 1 33 20 3 50 58 2 16 4 34 44 46 40 41 14 39 56 13 15 48 59 53 5 6 52 0 45 54 8 38 57 60 62 10 55 63 61 7 47
26 34 45 18 42 44 41 54 37 29 9 50 38 39 58 17 25 49 63 19 40 10 52 43 31 8 0 1 16 61 51 59 47 46 53 33 24 62 32 55 22 21 11 2 60 56 57 48 30 14 3 4 7 13 5 6 12 23 15 20
44 29 19 42 43 45 20 12 5 4 53 6 49 10 46 47 13 60 18 14 21 34 30 38 37 39 7 17 11 15 3 56 9 1 61 2 52 54 25 41 8 59 58 16 26 0 40 51 33 24 22 62 63 55 50 23 31 57 48 32
19 18 26 34 44 20 33 42 25 37 41 51 60 40 32 50 49 48 43 56 57 59 52 58 12 61 9 10 17 13 2 4 30 46 29 1 45 3 16 53 62 22 21 11 23 63 55 38 6 5 47 7 0 8 14 39 31 24 54 15
26 18 19 34 45 21 37 38 33 52 17 20 43 32 41 16 11 4 46 49 10 9 14 44 12 22 13 51 54 29 30 15 7 6 58 53 25 63 57 50 2 40 1 0 3 48 60 62 59 39 23 8 24 5 42 31 61 56 47 55
44 29 19 26 21 45 17 20 37 11 46 54 12 22 10 25 62 52 53 38 24 1 51 13 31 61 5 43 60 39 47 30 42 3 18 49 15 63 41 16 55 59 23 33 9 34 58 7 40 56 8 0 14 6 2 4 50 48 57 32
19 18 26 34 44 29 20 21 33 40 14 37 17 52 42 41 24 50 53 43 48 25 51 11 45 9 8 59 13 12 2 10 0 30 60 58 31 56 22 15 7 38 46 23 16 32 57 1 5 54 3 49 55 4 47 39 61 63 62 6
19 34 41 33 42 49 40 20 37 44 32 10 13 21 45 48 1 38 14 52 56 57 58 25 26 43 60 24 17 51 31 46 59 8 16 18 29 39 0 23 53 5 12 30 55 4 22 6 7 54 3 50 11 2 61 62 63 15 9 47
44 45 26 34 41 19 10 21 20 53 52 18 12 13 54 62 9 11 42 37 46 0 22 50 60 43 4 32 51 63 33 25 49 14 16 59 2 57 24 23 58 40 38 39 7 5 31 30 15 29 47 8 48 61 17 56 6 55 3 1
37 45 44 29 30 52 26 23 54 21 38 53 59 60 62 31 61 51 42 34 13 49 33 14 15 7 39 5 50 17 43 55 12 18 46 63 8 58 19 40 10 47 3 11 57 20 24 9 41 16 6 0 4 48 56 2 25 32 22 1
44 29 22 45 26 34 43 52 46 38 51 20 61 25 16 47 19 58 18 10 31 15 37 41 50 59 2 17 33 54 24 8 21 40 13 5 14 9 42 53 55 12 4 63 62 49 11 39 6 1 57 3 0 32 30 48 60 7 56 23
26 20 13 42 45 25 18 19 32 54 29 9 49 24 44 53 52 59 60 37 11 22 38 10 8 40 58 21 12 47 30 6 5 3 63 2 14 31 34 61 46 55 4 0 33 7 1 15 16 39 62 56 51 50 23 43 41 17 57 48
44 43 18 29 42 34 25 9 26 50 37 19 17 45 30 31 20 16 38 12 52 61 41 32 60 51 11 21 59 2 5 49 33 3 46 39 56 55 4 10 13 57 1 22 8 14 47 53 63 0 62 6 24 54 23 15 48 58 7 40
44 45 19 43 52 59 51 50 60 53 46 54 42 29 58 39 30 49 62 41 37 18 47 21 57 61 33 40 26 20 11 3 34 32 14 25 23 56 31 38 2 1 10 9 17 48 0 7 4 16 12 24 8 63 5 13 22 15 55 6
19 18 44 45 17 11 20 34 2 53 42 9 37 50 49 12 26 46 58 16 29 21 8 10 5 3 1 0 22 25 43 30 38 14 54 56 15 63 13 41 32 48 23 51 59 6 31 33 39 4 60 52 24 40 62 47 61 57 55 7
19 18 26 34 43 29 21 50 30 31 37 45 33 22 51 42 17 10 39 46 20 8 54 24 32 23 41 40 25 11 1 47 55 49 15 52 12 3 16 38 14 63 4 7 0 5 59 9 62 44 2 53 61 60 48 58 57 56 13 6
44 43 26 45 54 29 52 46 22 18 9 19 42 0 47 63 11 15 37 25 53 4 20 12 3 61 13 34 17 38 24 16 32 41 30 40 51 21 55 50 39 2 8 14 10 59 7 33 49 60 5 23 31 6 1 56 58 57 48 62
19 34 45 11 26 20 10 17 25 33 12 5 13 37 41 21 38 9 4 48 30 22 8 46 31 1 18 54 55 39 42 50 53 23 0 60 49 24 52 51 43 3 58 14 59 44 2 62 7 6 16 29 47 63 61 56 57 32 15 40
19 34 42 50 41 32 37 26 49 12 48 44 59 46 43 51 18 57 5 40 29 21 55 30 31 17 45 22 14 53 58 7 56 38 25 47 9 8 52 54 63 24 33 61 62 39 16 10 0 23 11 60 6 4 15 3 13 1 20 2
19 18 44 29 20 13 22 30 9 31 6 12 21 4 39 43 51 52 53 60 15 34 37 26 17 16 33 42 3 47 8 40 41 45 61 59 32 62 46 24 49 57 58 2 48 54 63 55 1 5 10 25 23 0 38 11 56 7 14 50
37 45 44 29 20 13 38 47 22 30 4 6 54 43 21 31 50 53 12 42 39 63 23 57 26 25 5 15 18 3 34 9 58 49 62 33 55 52 7 19 59 51 40 61 2 60 32 24 0 41 11 46 48 10 1 56 17 8 14 16
44 43 26 29 42 52 53 50 37 45 22 54 61 17 59 46 8 51 41 20 19 49 58 38 55 15 12 33 30 11 34 39 24 25 48 4 14 6 47 57 31 18 32 62 21 13 5 10 56 16 9 1 2 3 0 40 7 60 23 63
19 34 42 18 33 11 26 32 10 12 13 9 43 50 41 29 58 51 52 2 20 5 21 22 44 49 40 14 25 56 24 17 0 1 4 60 30 59 7 37 38 46 47 6 48 3 16 45 54 53 23 8 61 63 62 39 31 57 55 15
26 20 21 22 37 34 14 44 23 46 42 25 17 8 13 50 41 7 38 5 54 31 51 60 59 55 29 48 30 49 33 45 43 15 16 62 6 24 18 4 39 52 58 47 56 9 19 57 61 12 3 2 1 11 63 53 10 40 32 0
37 29 18 42 22 26 19 21 20 11 34 23 14 46 15 38 39 45 49 13 31 25 3 33 55 50 17 48 24 16 5 32 43 4 8 7 58 44 10 57 56 0 52 51 40 12 60 61 6 2 59 47 9 41 54 1 62 63 30 53
19 18 37 11 9 43 26 29 4 45 42 20 54 53 30 38 46 17 12 47 22 1 25 3 34 62 50 21 16 5 44 41 32 48 2 0 61 14 13 8 33 57 15 40 58 60 24 23 31 39 51 52 10 49 59 7 6 55 63 56
26 18 37 43 9 38 51 34 41 50 39 29 45 19 12 32 42 25 20 5 40 44 13 22 30 58 10 49 57 11 3 48 33 4 16 0 21 17 2 56 23 15 52 61 6 1 31 46 59 14 53 7 47 54 62 63 8 60 24 55
44 29 19 10 20 11 22 43 2 21 50 3 34 41 33 25 12 30 18 4 5 15 37 42 26 58 24 9 49 51 53 40 14 45 17 61 54 55 60 8 38 23 57 32 1 13 46 52 59 47 62 56 63 16 48 31 39 6 7 0
37 43 50 29 21 44 51 53 26 20 13 58 52 59 62 17 25 61 60 57 49 19 12 24 8 22 56 5 42 9 14 23 38 45 15 3 11 34 33 6 46 54 10 31 30 39 47 40 32 7 4 1 16 63 48 55 2 41 18 0
44 43 42 51 60 21 34 49 50 33 48 56 19 58 25 10 41 59 26 52 20 45 46 18 57 61 2 32 53 38 40 47 14 37 54 62 11 29 31 3 55 1 30 13 24 39 6 9 4 12 8 16 17 63 0 23 22 5 15 7
26 20 29 38 44 43 12 45 54 17 22 46 34 42 8 63 41 18 25 32 33 11 53 50 30 60 57 58 4 37 55 9 39 19 49 31 1 47 59 56 23 5 62 52 13 0 21 61 48 3 10 24 14 51 16 15 7 6 2 40
19 18 17 20 37 43 26 44 53 34 29 9 50 62 0 10 45 24 21 11 61 60 8 51 42 38 58 13 5 41 1 25 48 12 39 33 59 3 4 14 40 57 30 31 2 22 15 54 55 52 32 63 16 23 46 6 7 49 56 47
37 29 21 43 26 38 46 19 30 31 44 39 23 45 12 11 53 15 3 34 42 25 16 61 62 24 60 49 50 13 56 10 17 33 41 57 20 51 22 9 32 18 8 14 6 40 58 4 48 54 55 63 52 7 5 59 2 47 0 1
37 29 22 30 23 44 26 15 7 31 21 17 25 12 13 20 53 4 11 24 43 18 3 46 9 19 6 45 2 5 8 42 32 40 39 61 34 55 50 41 60 59 52 0 57 38 10 47 63 1 14 51 49 16 33 54 62 58 48 56
26 34 44 20 33 43 13 19 12 17 42 29 22 4 37 40 24 14 21 41 8 11 5 52 51 23 3 59 7 2 31 39 48 25 18 15 47 30 60 6 32 58 46 16 1 56 10 38 9 53 57 55 50 0 61 62 45 49 54 63
26 20 13 12 45 25 4 54 34 44 42 43 17 6 22 8 18 29 32 9 53 24 21 41 55 40 33 23 51 5 7 63 14 52 60 37 16 59 10 47 62 3 2 19 50 11 15 61 49 56 46 39 48 57 38 30 1 58 0 31
44 43 50 29 34 51 20 21 59 57 22 12 3 33 37 14 11 52 45 61 60 13 25 58 32 15 42 53 46 54 62 26 49 40 48 56 17 9 30 23 16 2 38 4 5 55 19 6 41 18 10 31 8 39 7 0 1 24 63 47
37 45 44 43 42 26 25 20 53 54 51 50 29 19 57 52 55 58 60 59 12 62 61 41 63 24 34 22 21 46 23 10 11 56 39 14 33 30 7 18 13 3 40 5 2 48 32 16 17 47 49 15 8 1 4 0 9 31 6 38
37 29 19 43 51 34 22 21 25 23 20 18 9 46 12 50 44 45 10 59 38 1 54 53 2 55 63 33 47 26 30 31 60 11 40 17 58 13 4 41 15 5 52 61 14 57 39 3 8 16 49 62 56 48 32 6 0 42 7 24
26 18 44 45 37 29 38 47 21 43 52 13 50 51 14 53 10 19 54 62 20 11 4 58 31 39 5 59 60 33 12 17 42 41 8 2 40 6 9 22 46 30 7 25 15 34 57 16 55 3 23 32 49 63 24 61 0 48 1 56
19 18 26 34 42 50 41 40 58 59 25 33 48 43 45 21 9 37 29 38 14 17 24 11 57 7 51 0 32 44 39 56 53 16 20 49 8 61 10 3 52 31 62 63 23 2 12 1 46 60 13 55 15 4 5 47 30 6 54 22
44 45 46 52 53 29 37 42 26 43 21 17 25 18 9 19 41 62 10 47 34 40 51 13 49 8 61 2 11 0 1 59 50 3 54 20 14 33 4 57 58 16 39 60 24 15 48 12 56 31 30 63 5 55 32 22 23 7 38 6
44 45 37 29 18 26 20 10 9 19 22 43 53 62 2 54 61 38 34 12 39 15 52 46 55 31 21 17 11 0 42 49 41 47 8 40 30 33 48 63 51 1 57 59 58 60 50 16 24 13 6 5 3 7 25 32 14 4 23 56
44 45 37 29 19 10 11 43 9 26 33 1 51 25 30 59 34 3 54 46 12 23 52 50 42 60 22 18 57 41 61 20 47 15 17 62 31 24 48 38 49 39 32 53 55 0 2 58 63 16 4 13 8 56 14 21 40 5 7 6
19 20 37 18 10 2 12 45 53 11 1 43 34 21 3 25 26 38 13 54 44 51 42 49 52 62 22 61 33 24 29 5 30 31 39 9 15 46 63 14 60 55 6 41 17 47 57 23 50 0 16 56 4 7 48 58 59 8 32 40
26 20 21 34 19 18 25 14 29 22 41 32 23 12 37 50 16 45 3 24 5 11 43 15 10 17 51 8 38 1 52 53 30 46 2 6 0 4 57 31 54 61 33 62 39 49 60 40 55 42 9 63 7 56 59 58 48 13 44 47
19 20 13 26 17 34 42 12 5 25 33 41 48 49 50 24 21 8 18 44 43 10 37 46 38 52 53 29 11 60 22 40 32 4 54 55 16 31 3 39 6 57 61 1 2 9 59 51 56 14 45 7 0 62 47 58 15 23 30 63
19 20 29 38 13 34 41 11 26 48 30 33 12 31 40 4 37 32 44 43 3 53 42 14 47 21 24 45 62 2 52 25 46 18 22 61 6 23 50 55 17 51 60 7 5 16 54 39 49 10 9 59 58 57 1 63 15 0 8 56
44 43 50 29 18 57 30 20 51 31 22 15 13 4 45 19 38 46 54 37 26 63 11 17 33 2 6 58 55 21 23 47 10 1 12 9 14 7 53 42 3 34 24 5 0 61 39 40 62 25 60 52 59 32 48 49 56 8 41 16
26 20 21 18 37 34 12 45 25 16 9 10 44 2 54 63 41 53 52 19 1 38 62 29 47 51 46 61 59 48 58 55 33 50 32 39 43 11 0 40 4 22 30 17 13 5 24 42 23 14 8 57 49 56 3 60 6 15 7 31
19 20 45 44 29 26 42 34 43 12 33 30 4 54 31 5 37 40 17 52 46 41 18 47 10 2 6 22 55 11 25 63 49 32 3 51 13 1 59 23 0 56 15 21 53 9 62 58 24 16 57 38 50 14 7 60 8 39 61 48
37 45 44 29 21 13 22 31 46 43 14 52 30 15 59 47 55 61 5 20 51 53 26 12 54 58 4 63 6 62 60 3 57 38 39 7 23 19 34 42 10 17 49 50 1 18 41 33 11 9 2 56 24 0 32 16 8 40 48 25
37 29 22 42 20 38 26 12 45 25 39 44 24 47 43 52 53 34 55 54 4 13 50 17 11 49 8 33 40 58 51 21 48 62 18 23 61 41 6 57 63 60 15 5 31 19 59 9 56 7 32 3 0 46 16 10 1 30 2 14
37 43 18 29 34 25 21 22 45 26 19 11 15 54 50 13 30 31 9 44 32 51 3 20 33 24 17 0 38 8 6 49 10 46 14 4 55 16 57 42 39 47 59 40 23 7 63 52 60 53 5 62 12 2 56 48 41 58 61 1
44 29 18 43 30 34 26 52 42 20 37 49 12 4 50 38 39 57 19 47 46 33 10 2 55 31 17 16 41 25 21 14 45 54 61 48 24 22 1 32 40 51 9 59 13 5 58 0 11 23 8 53 7 3 60 15 6 62 56 63
19 18 26 20 13 43 34 25 17 12 44 42 29 22 45 6 51 9 10 46 37 1 8 52 0 50 33 16 49 24 2 11 41 48 56 40 60 58 47 38 39 53 61 62 59 3 21 14 63 55 54 30 23 32 15 31 4 7 57 5
44 45 46 20 18 42 29 53 43 21 34 47 50 30 12 19 26 4 31 49 48 17 3 58 10 33 54 51 5 14 41 1 16 52 22 62 2 37 59 38 7 13 6 56 57 60 40 32 63 11 0 61 15 25 9 23 24 39 55 8
44 29 18 52 21 34 60 14 41 19 20 26 37 11 12 48 10 45 38 4 33 25 40 47 49 53 13 22 9 32 24 16 17 42 31 51 15 1 46 54 2 57 30 23 62 7 58 43 8 50 56 6 61 59 5 3 0 55 63 39
44 45 19 43 53 61 46 52 42 26 25 47 29 21 62 30 54 55 38 39 31 41 59 23 40 20 60 34 33 17 9 49 58 37 18 50 14 13 6 32 51 7 48 0 24 56 10 57 1 12 4 11 5 22 15 63 3 8 16 2
37 29 21 30 20 12 31 39 14 45 43 23 54 63 44 13 11 34 19 52 53 3 55 5 50 47 26 42 4 18 7 61 33 15 6 51 22 32 40 24 17 9 10 25 59 58 57 49 46 2 41 38 60 56 16 8 0 48 1 62
26 20 29 38 13 11 37 43 12 18 2 25 30 44 50 6 51 21 32 59 52 53 39 41 5 61 19 24 45 22 33 9 62 42 23 14 57 31 46 10 60 54 47 40 7 17 1 63 15 49 16 55 48 0 34 3 56 4 8 58
37 43 18 21 19 11 42 9 3 45 25 38 39 29 54 47 22 53 14 15 30 63 50 31 44 57 58 13 46 59 51 20 61 55 7 23 5 34 26 52 60 4 6 62 0 16 49 40 24 2 8 10 12 41 33 32 1 17 56 48
26 20 29 18 11 34 42 22 37 50 25 10 15 16 33 45 51 21 30 12 49 58 44 56 2 52 17 24 53 19 48 46 38 40 47 39 9 3 43 59 13 14 6 55 54 1 32 41 8 60 57 5 61 62 4 0 63 31 23 7
44 45 37 43 18 19 34 25 10 30 53 1 2 61 20 13 46 17 0 39 62 52 55 60 51 50 42 26 23 29 16 24 22 8 6 31 54 33 49 63 47 59 38 48 57 12 41 3 11 21 14 58 4 15 32 56 9 40 5 7
44 29 21 45 30 52 19 34 42 20 53 54 12 50 62 43 41 25 59 58 46 51 33 47 49 61 57 18 60 31 22 48 26 3 5 37 14 23 15 24 40 6 13 56 16 8 11 63 7 10 17 9 38 2 32 4 1 39 0 55
19 20 13 12 21 18 11 43 34 33 42 51 44 29 32 22 50 24 45 41 58 60 16 6 59 4 10 46 30 31 9 37 26 17 23 53 52 15 5 8 40 49 14 25 55 39 2 7 61 57 47 1 48 3 0 54 62 63 38 56
37 43 50 29 22 51 26 21 20 38 52 61 44 13 53 23 39 59 34 41 5 54 57 4 15 7 25 30 32 49 12 42 62 45 31 24 46 48 60 40 14 47 55 63 3 58 19 10 17 18 33 11 6 1 9 56 8 0 16 2
26 20 21 34 44 25 17 9 19 53 52 51 8 37 1 10 43 13 3 50 62 18 58 14 45 16 41 33 60 32 48 49 24 59 42 57 22 29 6 23 40 12 30 38 54 55 46 7 15 5 31 61 56 63 47 39 4 11 2 0
19 18 44 43 9 53 34 26 50 37 46 39 52 42 25 33 55 45 61 11 12 0 32 13 10 21 5 60 62 1 59 54 30 17 2 3 51 29 23 49 48 40 47 58 22 38 24 41 8 16 14 6 15 20 7 31 4 63 57 56
26 20 29 18 10 9 37 38 30 34 47 23 44 52 33 41 31 43 8 0 19 21 50 17 15 12 53 11 3 45 46 2 49 25 16 55 63 42 13 58 51 57 48 60 4 40 1 14 59 54 24 5 56 32 22 39 62 7 6 61
44 43 50 37 29 51 52 21 34 42 18 53 30 58 33 32 25 11 54 45 16 39 46 55 26 38 47 20 57 56 13 19 24 12 23 49 63 8 61 40 59 14 17 31 48 41 6 10 4 60 2 15 7 22 9 5 62 3 0 1
37 43 50 51 26 57 42 33 40 19 10 24 59 29 49 25 21 44 52 14 17 60 45 53 62 46 58 8 34 48 20 3 30 41 13 22 23 15 38 39 5 18 56 12 47 55 6 11 2 7 61 54 16 31 0 4 63 32 9 1
44 29 18 42 34 26 50 41 40 49 58 37 20 21 43 57 59 52 56 12 45 53 4 25 22 61 19 10 38 51 54 39 24 47 31 46 30 5 17 33 3 60 6 48 55 1 32 8 2 16 0 23 63 62 15 9 13 11 14 7
44 29 21 45 46 13 26 54 14 34 43 18 30 52 53 15 51 62 55 22 6 7 4 50 38 61 37 39 17 31 23 16 8 63 42 25 33 60 10 24 59 9 5 0 41 48 40 58 20 11 47 49 32 2 56 12 1 57 3 19
44 43 42 45 46 54 62 20 18 34 12 63 37 52 60 38 55 9 30 53 25 29 21 4 51 31 13 61 19 26 22 32 16 47 10 5 8 59 3 14 23 33 6 7 50 2 41 48 11 58 49 40 56 24 39 0 57 1 17 15
26 18 10 20 45 44 43 50 12 46 52 19 54 25 17 33 57 9 38 3 11 53 1 39 47 5 4 60 40 21 6 42 31 29 8 2 37 30 62 58 51 61 13 49 34 7 16 63 55 41 14 0 59 32 48 15 22 56 24 23
26 34 45 19 18 33 41 37 38 43 50 46 32 51 47 40 48 44 25 49 52 54 62 63 12 30 55 59 58 61 42 9 23 11 53 29 0 39 60 17 20 24 4 16 31 5 6 1 8 57 22 14 2 15 10 3 56 13 21 7
19 18 44 11 10 2 17 45 3 9 46 34 26 54 63 4 1 20 42 0 12 13 5 21 6 33 29 43 24 41 49 25 50 38 16 58 51 7 47 14 53 61 59 60 62 57 40 32 22 15 48 56 55 52 8 37 30 23 39 31
44 45 26 43 37 19 18 17 50 20 54 42 29 57 13 12 34 63 8 22 53 46 51 33 31 59 11 6 40 4 58 15 60 52 62 16 39 25 9 47 24 49 56 23 21 32 2 30 14 41 10 3 38 61 5 1 0 7 48 55
37 29 21 30 39 42 19 13 5 31 43 45 22 10 41 4 54 14 12 38 7 26 33 15 18 3 47 53 1 40 23 63 24 49 25 46 55 11 20 9 2 44 60 61 34 48 50 51 57 17 58 59 62 52 0 32 8 6 56 16
19 20 29 18 10 38 37 45 39 2 26 34 30 46 44 47 9 52 1 22 53 43 54 60 14 12 62 55 25 17 42 15 63 31 24 8 13 41 51 3 50 49 23 61 40 6 5 59 4 21 48 57 33 56 16 11 7 32 58 0
26 34 44 18 9 37 41 42 50 20 30 17 19 58 25 11 45 53 13 38 29 0 1 48 43 52 4 3 47 12 46 51 21 8 40 6 61 24 22 39 59 49 16 54 10 5 32 15 63 62 31 23 14 7 56 2 60 33 55 57
44 29 22 45 37 30 46 53 18 15 60 26 20 47 34 25 39 61 32 59 55 12 19 43 51 58 52 50 5 24 38 40 13 54 17 33 23 31 41 4 63 6 62 8 9 11 42 1 14 49 21 7 16 10 48 57 2 3 56 0
19 18 44 43 9 29 45 11 50 17 26 54 46 20 3 25 21 12 62 30 33 52 38 57 13 24 60 16 32 47 31 2 8 40 0 37 4 42 49 23 10 39 53 51 41 59 58 61 63 22 48 56 14 6 34 1 5 55 15 7
37 29 21 30 23 43 26 20 19 18 17 25 34 31 39 46 22 44 45 38 47 42 49 41 52 14 12 53 40 9 32 13 54 5 10 60 51 15 1 48 4 2 56 61 3 59 62 6 50 63 55 0 8 11 7 16 33 24 58 57
44 29 19 26 17 52 37 11 12 13 30 31 60 46 18 43 34 16 10 1 38 42 3 47 33 25 22 45 39 61 24 20 50 49 23 14 53 21 4 55 54 2 63 8 51 6 56 58 15 41 62 40 48 7 32 59 57 5 9 0
37 45 19 20 54 10 11 18 12 13 9 17 25 44 21 43 42 24 34 63 14 1 29 15 7 41 5 22 49 33 23 6 26 51 40 57 48 31 30 32 2 50 58 4 8 38 52 16 3 59 46 55 39 56 61 60 53 0 47 62
37 45 26 20 13 18 21 6 12 38 10 19 14 4 5 43 51 42 41 25 7 50 32 34 59 58 44 2 54 22 3 48 57 49 33 11 1 15 23 9 31 24 17 53 30 55 46 52 29 39 60 16 63 61 40 47 62 0 56 8
44 43 34 41 18 45 50 20 21 26 25 51 32 57 53 16 42 40 19 29 58 13 33 10 17 61 46 8 30 49 52 37 2 60 56 24 38 3 48 31 54 63 6 12 39 11 23 22 1 0 4 62 14 15 55 59 7 9 47 5
26 20 29 38 30 22 13 11 45 4 12 43 14 52 44 6 60 18 15 61 50 31 9 59 10 34 54 47 63 37 46 8 2 41 33 25 17 19 42 1 57 62 32 16 55 21 23 53 58 7 5 40 24 3 51 49 39 0 48 56
44 29 18 52 45 43 59 60 51 46 22 26 19 34 41 10 17 58 9 16 20 8 0 2 1 25 32 3 33 37 50 30 24 57 38 15 21 31 53 42 47 49 40 62 61 39 11 13 54 55 23 48 63 14 5 4 6 7 12 56
44 43 42 51 18 45 52 41 49 59 40 29 60 20 38 54 37 31 63 34 30 22 58 50 12 32 48 53 57 55 61 4 15 26 13 14 11 19 33 21 24 9 25 7 23 5 0 17 47 3 10 56 39 8 62 6 16 2 46 1
26 18 19 20 9 25 21 44 45 11 42 29 52 22 3 60 23 0 24 46 54 38 53 61 51 62 30 50 47 31 17 13 14 34 63 16 59 37 4 7 41 5 43 32 39 12 8 10 15 6 40 49 33 1 56 57 58 48 2 55
44 29 18 43 42 52 45 38 30 20 13 34 54 41 40 11 12 37 46 19 22 17 2 63 25 47 60 48 33 21 14 15 62 61 53 3 49 9 55 31 4 56 23 59 16 26 10 1 8 32 7 39 57 6 51 0 5 50 58 24
19 34 44 20 33 41 18 32 21 37 46 13 45 17 12 29 9 38 10 0 22 14 6 55 24 53 8 15 23 16 25 2 48 26 39 49 62 31 54 52 61 60 30 63 40 42 59 58 43 7 57 56 1 50 3 51 11 4 5 47
19 18 26 20 12 10 29 5 43 44 45 25 11 42 13 14 34 52 53 21 49 41 37 54 51 50 4 57 61 3 60 30 40 62 33 24 47 59 48 46 6 56 16 58 63 32 17 7 2 38 55 39 15 22 31 23 9 1 0 8
19 34 44 37 42 52 53 18 30 38 51 20 39 60 11 58 17 23 13 9 21 22 1 6 29 62 33 12 26 49 15 3 45 24 31 54 2 25 32 46 5 0 59 10 50 40 63 47 8 7 55 16 48 14 41 57 4 56 61 43
26 18 37 29 30 45 19 38 44 21 54 43 17 23 13 20 42 63 39 47 22 10 46 31 1 50 12 15 14 4 11 3 5 55 57 16 8 25 2 9 0 34 62 41 53 59 6 33 51 52 58 60 40 61 32 7 24 49 48 56
19 20 21 34 41 12 43 22 29 18 4 45 44 37 15 33 26 23 38 48 53 42 30 11 50 58 31 39 57 51 13 62 32 6 14 49 10 2 47 56 9 17 46 1 61 60 8 25 59 55 24 54 3 52 0 5 7 16 63 40
19 18 37 20 10 45 12 13 14 11 26 9 3 6 53 25 29 34 33 43 32 17 52 54 2 15 42 44 1 5 46 60 61 8 16 40 55 63 51 22 24 38 47 58 0 39 48 59 57 49 4 41 62 56 7 30 23 50 31 21
26 18 10 43 42 34 44 52 51 25 19 29 20 45 32 59 30 21 17 16 14 2 11 41 50 9 8 40 49 31 22 13 39 58 54 38 53 3 12 4 57 1 23 63 56 0 46 48 55 33 61 15 37 60 7 47 24 62 5 6
44 45 19 18 17 9 1 52 26 16 25 34 53 54 24 2 62 32 63 20 37 43 3 10 59 33 51 38 0 58 12 5 42 50 8 21 11 46 41 60 22 29 13 40 4 55 48 57 49 23 31 56 15 6 47 39 7 30 14 61
44 29 18 42 20 21 43 12 13 50 51 45 4 5 53 60 59 61 62 52 37 54 33 34 63 26 22 30 25 46 57 41 31 38 55 15 14 7 6 32 40 48 19 49 39 16 24 9 10 3 0 2 17 11 58 47 56 23 1 8
37 29 22 44 51 43 42 59 26 19 10 33 58 11 24 9 60 38 1 45 8 25 3 40 53 49 31 15 30 12 18 39 52 17 47 4 21 0 23 13 56 62 54 46 34 41 48 14 20 16 50 32 5 57 2 61 55 6 7 63
37 43 18 21 19 29 13 22 34 11 15 33 20 14 26 45 40 12 38 31 10 9 51 6 47 25 17 52 53 42 8 24 23 7 50 30 5 4 44 57 32 3 49 54 61 59 16 56 41 55 2 0 62 1 60 58 48 46 63 39
26 18 19 34 45 20 33 44 9 42 43 24 29 10 25 17 16 30 50 37 41 54 22 53 13 0 46 12 32 51 61 15 63 55 11 2 52 58 4 21 39 14 59 31 23 48 1 38 5 62 40 7 57 6 56 60 3 8 47 49
26 18 37 45 44 25 54 63 24 34 46 38 42 20 29 19 41 50 47 52 21 30 43 16 17 40 23 12 32 9 8 33 10 13 51 49 39 2 55 0 60 31 5 15 11 59 56 3 4 14 22 57 1 6 53 61 58 7 62 48
44 45 46 54 19 52 60 43 53 47 42 59 63 34 58 11 33 62 51 50 61 26 18 37 12 17 8 9 55 49 29 21 20 3 38 40 1 22 25 24 16 41 2 0 13 39 56 10 32 5 23 57 6 30 48 15 7 4 14 31
37 43 26 38 45 17 25 52 44 33 42 53 60 49 31 29 18 47 39 46 24 51 41 23 22 9 57 21 10 40 0 1 62 56 16 54 34 8 2 30 20 32 63 59 50 13 55 61 48 19 12 58 11 4 14 6 15 3 5 7
19 18 37 11 26 34 25 45 3 4 54 20 5 32 12 43 24 21 50 38 30 52 29 44 60 16 47 31 39 13 9 57 6 17 8 10 51 61 53 0 49 55 1 46 62 14 23 41 48 59 63 7 22 42 33 58 15 40 56 2
26 34 45 18 43 29 17 44 19 52 21 38 30 9 51 59 50 37 10 23 0 57 42 8 16 1 54 46 25 12 58 24 39 41 13 11 32 31 47 62 56 55 49 33 53 20 22 4 60 48 63 14 6 15 40 61 2 3 7 5
44 29 21 13 26 42 22 23 15 37 31 52 53 51 30 34 46 20 11 12 50 39 5 49 47 62 4 17 56 58 54 38 41 48 61 40 8 33 43 6 14 55 25 9 24 16 63 7 45 19 10 0 59 3 32 2 57 18 1 60
44 45 19 20 54 42 34 18 21 63 37 26 33 53 9 29 22 10 13 8 17 5 38 41 0 25 24 47 30 31 39 12 1 16 6 3 49 50 62 52 15 14 59 58 11 7 23 40 43 60 56 57 61 32 48 2 55 46 4 51
26 18 19 34 42 29 33 25 17 49 43 32 45 8 50 44 53 20 11 57 16 51 58 10 38 41 56 21 2 62 48 3 37 40 4 24 13 14 1 30 22 59 61 23 9 6 31 12 15 47 63 46 55 39 5 7 52 0 60 54
26 34 42 20 13 49 29 19 18 9 56 22 31 6 10 41 21 57 4 12 45 44 58 30 48 23 37 11 40 17 2 46 38 14 54 25 16 47 53 3 39 43 15 8 51 7 24 0 55 52 33 59 60 32 50 61 63 1 62 5
26 20 37 44 45 46 54 25 19 34 55 12 51 63 33 29 4 47 24 40 42 43 10 16 38 58 52 32 17 13 21 61 41 18 50 11 9 1 39 48 14 3 62 49 22 2 59 15 0 31 57 53 23 8 60 30 7 6 5 56
19 18 37 29 9 46 38 42 43 10 22 8 1 30 47 11 0 25 12 20 32 5 31 44 21 23 16 14 54 26 34 24 13 3 7 6 53 41 40 2 15 45 33 39 17 63 61 48 52 60 51 59 50 58 57 4 49 62 56 55
26 18 44 29 20 11 30 25 17 34 33 16 12 42 41 32 8 21 22 31 19 40 24 4 38 9 0 37 10 2 43 14 13 1 7 15 6 51 49 45 46 47 3 23 52 61 5 56 54 55 50 59 58 62 57 53 48 39 63 60
44 43 42 51 50 21 58 49 34 59 26 33 48 56 18 29 37 19 13 10 2 1 41 57 40 45 46 24 11 3 20 30 31 55 53 5 14 32 47 39 52 54 60 38 4 9 25 61 0 7 62 8 16 23 6 17 15 12 22 63
19 20 13 12 45 6 4 34 14 54 37 44 53 38 41 61 21 43 46 26 42 33 62 49 25 47 52 63 31 10 39 24 18 17 56 5 3 51 55 30 40 50 57 58 59 11 16 60 1 9 2 32 29 7 15 48 22 8 0 23
19 20 13 12 5 10 21 37 18 42 49 34 41 14 23 11 2 48 22 50 44 45 46 52 56 38 39 4 53 9 1 54 29 26 25 7 3 16 60 30 58 59 8 57 63 62 47 17 43 6 61 0 24 33 31 51 32 40 15 55
37 43 50 38 44 53 46 30 18 39 52 51 54 19 34 9 22 58 21 45 29 49 48 26 25 33 10 59 32 57 17 40 42 14 60 23 6 1 12 61 2 5 11 8 56 13 20 24 7 15 62 3 0 63 41 16 4 47 31 55
44 29 19 52 45 46 53 26 18 9 21 60 30 43 17 14 34 39 13 10 54 8 50 42 49 41 20 56 59 37 31 61 11 62 63 12 6 5 0 25 33 58 16 24 4 55 2 22 51 38 47 3 57 40 1 7 32 48 23 15
19 18 37 29 9 26 21 11 25 17 8 43 10 0 51 32 12 45 53 20 44 33 34 46 1 3 38 39 41 22 23 14 47 16 24 13 6 7 40 60 55 59 15 31 58 4 61 63 30 48 5 54 62 42 52 2 50 57 49 56
44 43 34 45 51 41 29 42 18 37 52 20 49 22 54 19 38 59 50 9 10 21 25 63 8 2 40 0 46 31 30 11 60 33 26 16 1 58 62 61 3 56 12 14 13 4 23 15 6 55 48 24 5 53 17 57 32 47 39 7
44 43 34 29 37 52 61 30 22 41 53 42 26 18 31 21 25 19 50 59 40 62 12 48 51 17 8 20 11 4 13 45 60 32 10 15 58 5 33 38 63 2 14 9 1 57 16 23 49 39 0 24 56 6 46 3 7 54 47
37 43 34 29 21 33 44 38 47 52 60 13 20 30 26 39 18 10 17 51 50 8 9 11 23 45 12 59 32 55 42 3 61 58 16 62 14 4 49 2 53 15 31 25 19 56 41 22 5 54 1 40 48 6 0 24 57 46 63 7
44 29 22 52 53 30 43 34 51 14 20 13 33 41 49 45 46 60 18 48 11 42 15 47 37 32 12 38 26 19 54 50 40 25 58 31 56 10 17 9 23 55 62 59 2 8 24 63 61 39 16 5 4 57 6 0 21 1 3 7
26 18 10 43 42 34 45 2 50 49 33 51 41 29 20 11 37 40 13 12 52 46 9 16 38 47 58 19 4 3 0 25 48 59 39 32 57 44 24 6 14 17 53 55 60 8 63 21 1 62 61 30 23 54 22 15 7 56 5 31
44 43 26 19 42 29 20 25 38 53 18 51 52 10 17 30 60 61 50 8 54 34 62 55 41 40 47 39 48 59 2 32 31 11 16 33 24 23 4 1 0 63 22 46 9 49 57 58 12 56 37 45 13 14 5 6 3 21 7 15
37 45 53 38 31 43 34 25 18 11 33 41 48 54 19 49 3 61 50 57 52 4 55 63 17 47 44 20 26 42 13 29 32 2 56 62 12 51 22 16 59 6 58 9 30 39 21 14 10 60 23 1 46 5 24 40 0 15 8 7
37 45 26 38 39 31 53 52 23 18 59 25 19 29 9 46 17 60 24 10 47 43 21 55 34 41 2 33 54 1 20 15 8 51 62 22 44 13 50 58 14 30 3 57 49 40 12 11 6 4 0 61 42 32 5 16 63 7 48 56
26 20 13 34 29 17 44 37 25 12 42 30 11 51 45 53 43 6 59 33 40 4 9 10 23 16 41 19 3 32 24 52 5 8 21 38 60 61 39 49 22 46 62 14 18 58 15 7 31 47 1 48 55 63 57 56 50 2 0 54
26 34 41 33 45 20 18 17 42 49 48 51 8 10 32 44 3 40 53 37 29 21 13 62 43 5 19 24 46 16 56 47 61 0 12 54 22 14 15 4 55 11 59 50 38 60 9 25 30 58 2 1 39 23 6 7 57 52 63 31
26 20 13 12 37 14 19 18 5 34 9 17 15 29 11 45 54 42 50 1 22 30 21 25 33 63 24 4 0 40 53 31 55 61 3 58 2 43 10 16 51 41 46 39 57 38 44 8 52 47 23 59 60 32 49 6 48 62 7 56
19 34 43 52 51 20 61 18 29 59 9 53 11 12 5 2 41 13 37 25 3 26 14 0 16 32 54 4 1 44 33 60 50 49 58 62 10 46 40 48 63 6 39 38 24 15 30 17 8 21 56 42 57 22 7 45 23 31 47 55
37 43 26 21 29 22 51 45 46 20 14 47 55 18 39 6 7 38 11 30 15 44 23 54 25 52 13 42 41 50 53 32 58 17 31 63 5 4 34 19 40 62 10 9 59 61 1 49 60 2 0 16 57 48 24 56 3 12 8 33
44 43 26 19 50 21 18 37 20 51 34 10 22 25 33 57 12 11 2 42 17 32 49 23 46 38 41 9 16 29 56 3 60 0 5 54 47 59 30 39 48 61 58 40 14 13 31 55 8 7 4 1 24 6 53 52 62 45 15 63
37 43 42 29 51 38 21 19 39 50 58 59 22 57 11 34 49 10 41 56 20 26 33 46 17 40 53 44 18 30 48 9 8 23 31 2 1 54 47 12 52 16 24 32 61 25 3 60 15 55 62 13 0 45 6 5 63 7 14 4
26 18 37 45 19 34 25 17 43 50 16 11 10 29 4 2 30 8 52 31 0 20 21 42 38 9 1 59 3 22 57 44 47 39 46 13 33 55 49 32 54 61 15 23 51 48 53 60 62 41 5 63 24 6 12 7 58 14 40 56
37 43 26 17 50 19 18 46 25 44 20 10 45 34 16 42 33 12 51 58 13 21 54 53 59 6 4 63 57 5 49 40 55 39 61 29 41 48 7 47 52 24 11 2 3 62 1 8 38 30 22 56 31 9 0 60 32 15 23 14
26 20 37 34 18 46 42 33 13 49 41 40 50 19 48 58 32 21 43 6 56 51 45 29 12 24 55 3 4 17 2 11 22 38 31 14 57 54 16 52 7 8 60 30 53 59 0 25 44 62 15 23 39 61 5 47 63 10 9 1
26 34 42 18 10 29 20 33 38 19 45 1 24 50 41 44 37 30 49 39 58 11 4 12 22 32 31 46 47 51 40 23 5 25 55 57 17 63 56 15 3 59 14 43 21 7 13 9 6 48 16 8 54 2 0 62 52 53 60
44 29 18 42 30 37 49 34 45 20 12 9 0 19 26
37 29 19 43 45 53 30 23 61 22 51 34 42 18 17 38 33 52 26 9 46 11 31 32 1 49 39 0 20 10 3 4 12 54 40 21 13 16 63 50 48 2 47 25 15 59 44 24 41 60 5 57 58 55 8 56 62 6 14 7
37 45 19 18 26 34 17 11 20 25 43 16 24 50 10 29 21 32 2 13 46 3 53 42 4 54 30 55 63 39 9 44 58 22 31 5 14 15 23 61 47 0 60 38 7 1 6 49 40 48 41 57 62 12 59 52 56 51 8 33
37 43 34 25 50 52 18 57 33 41 61 11 32 45 44 29 4 16 30 38 54 20 51 31 39 9 22 46 21 14 53 2 23 62 59 48 12 19 47 60 26 10 42 49 58 15 7 55 56 40 13 6 5 3 0 24 63 8 1 17
19 20 13 18 34 26 10 12 11 3 4 5 45 6 29 41 42 30 31 33 32 2 25 54 49 24 44 48 9 37 63 38 43 8 50 40 39 51 58 53 17 16 57 55 0 47 21 22 23 52 14 46 60 1 59 15 56 62 61 7
44 45 26 43 52 59 51 18 19 50 58 57 53 61 10 37 54 11 12 21 34 38 62 55 30 29 60 22 20 9 17 63 42 16 24 13 6 5 0 33 4 2 1 3 15 7 46 31 23 14 32 47 39 41 49 25 48 8 56 40
26 20 21 22 45 34 33 29 12 43 52 4 37 51 30 39 42 38 23 25 31 47 55 50 14 61 49 40 11 54 13 48 57 6 5 58 24 2 19 15 63 44 3 56 60 10 17 18 41 46 1 53 62 32 9 8 59 16 7 0
26 20 45 34 12 29 18 10 30 13 9 38 11 2 22 4 41 52 47 0 6 42 43 48 40 31 56 37 61 50 25 59 19 24 16 51 44 21 46 53 54 32 49 62 15 33 23 58 39 60 5 14 63 17 55 57 3 8 1 7
37 29 19 26 20 45 38 11 2 43 10 22 51 12 54 46 17 44 15 63 21 42 55 13 52 61 14 1 62 33 30 53 40 5 0 59 6 47 9 7 50 8 60 49 18 3 16 39 34 31 57 58 56 24 41 32 25 23 4 48
44 45 46 43 42 54 26 52 37 17 63 49 59 38 31 60 25 18 19 21 9 10 2 34 20 16 61 47 51 33 56 29 53 0 14 22 8 6 32 50 30 39 57 1 55 62 11 40 7 3 5 13 12 4 48 58 15 24 41 23
26 18 37 29 22 44 53 42 19 15 49 38 46 11 10 20 21 52 3 34 23 31 41 56 30 39 57 55 47 2 9 40 17 54 7 0 1 58 50 13 48 33 25 8 63 14 43 16 4 5 60 61 32 51 12 59 24 6 45 62
19 20 45 18 11 44 17 9 37 2 43 52 53 51 1 46 59 26 33 0 61 16 39 42 38 54 21 13 41 14 30 34 55 48 25 10 6 47 29 60 4 62 22 7 63 23 31 15 49 57 8 5 50 12 3 58 40 24 56 32
26 20 45 25 21 43 12 54 34 42 49 29 51 52 38 22 23 31 50 58 57 48 56 14 47 33 30 46 18 44 7 6 39 40 61 19 11 10 17 24 37 4 16 32 55 8 59 41 3 13 1 63 5 2 53 62 9 15 0 60
26 18 44 34 9 10 11 20 29 37 42 43 50 45 53 25 16 21 22 0 19 33 40 17 1 51 60 58 49 57 41 2 52 54 55 8 38 23 14 24 30 59 56 32 13 31 12 47 46 39 15 62 61 48 63 7 6 3 4 5
37 45 26 38 39 31 53 52 54 34 42 33 51 21 44 49 40 58 29 62 47 55 43 20 63 46 14 25 22 32 19 12 56 15 23 60 24 10 3 30 11 50 57 18 9 6 59 17 41 4 7 48 13 1 61 2 16 8 0 5
19 34 42 20 37 44 51 11 26 25 3 43 29 30 41 10 1 59 18 9 58 33 32 13 6 40 22 12 21 17 2 60 48 4 8 5 39 49 24 31 23 16 61 46 38 14 45 52 57 0 7 47 54 55 53 63 62 56 50 15
26 34 42 18 37 43 9 41 51 21 29 38 45 59 49 20 13 33 12 10 39 14 11 22 15 2 32 54 63 40 52 4 25 24 30 57 6 8 48 5 16 31 3 47 60 7 58 44 19 56 50 17 53 61 0 23 46 1 55 62
37 45 26 34 54 20 33 25 16 40 41 29 30 44 43 46 12 32 55 22 21 18 15 63 62 48 42 31 19 11 39 52 23 47 17 10 9 49 57 4 3 61 60 56 24 14 5 13 53 1 2 59 51 6 8 38 7 0 50 58
19 20 13 26 17 34 43 12 41 14 45 10 5 18 9 11 3 44 6 25 52 2 1 29 15 8 22 53 54 38 0 37 46 51 39 63 58 50 61 21 30 7 16 33 59 48 40 32 24 62 42 60 4 49 23 55 56 47 31 57
26 18 44 29 20 25 17 16 8 34 22 43 41 45 10 19 50 21 12 37 30 3 38 46 24 23 14 5 11 42 52 32 6 60 61 15 59 39 31 51 4 53 54 63 9 7 62 13 49 0 33 56 47 48 1 57 40 58 55 2
44 43 26 29 45 46 22 19 42 33 50 30 20 21 18 15 31 12 11 49 4 5 13 14 40 57 53 37 55 38 23 2 54 47 3 63 6 7 62 52 59 9 34 25 56 51 16 61 10 1 41 24 60 39 17 48 0 8 58 32
44 45 19 20 29 34 21 11 18 9 17 43 2 22 54 3 1 0 33 16 53 46 26 40 32 60 25 13 4 42 23 62 48 31 49 24 8 14 7 37 5 56 51 6 47 15 30 58 63 52 59 39 57 12 61 41 38 10 50 55
26 20 37 25 21 22 14 43 18 11 50 38 44 19 23 45 30 53 42 51 46 54 10 57 60 49 52 62 63 55 33 41 9 59 3 1 29 15 47 6 61 4 17 12 58 39 56 8 13 2 0 34 32 31 7 48 16 24 5 40
19 20 21 12 13 26 18 6 33 17 5 43 37 38 44 25 34 42 49 10 41 53 16 14 45 8 62 4 15 22 23 50 11 61 54 29 39 40 0 31 58 56 9 24 51 60 57 30 32 52 47 48 59 3 2 7 46 63 55 1
44 43 18 19 10 53 50 11 12 1 9 37 45 26 33 17 46 13 4 29 20 42 6 14 25 47 62 40 2 61 22 3 8 24 41 16 0 51 59 58 57 15 52 38 54 34 60 30 39 63 21 48 23 5 55 56 7 31 32 49
37 29 22 45 53 54 55 38 47 61 26 15 46 39 30 23 44 43 14 31 21 13 52 25 5 12 42 51 7 41 50 58 17 9 49 20 33 63 19 3 4 18 24 57 2 34 32 62 40 60 16 6 59 0 1 8 48 10 56 11
19 34 45 21 20 13 18 17 42 44 14 50 6 26 52 53 41 22 61 33 10 48 58 59 8 37 32 25 23 49 56 43 60 12 46 16 11 2 1 24 51 29 9 5 3 40 38 4 30 47 31 57 54 0 62 63 39 55 15 7
44 45 37 43 53 46 50 62 34 29 38 41 20 39 19 11 32 57 59 48 51 26 22 12 61 30 17 58 56 18 52 14 21 54 42 13 40 33 4 16 63 2 31 3 55 15 10 23 8 24 7 9 0 25 1 6 5 47 49 60
26 18 19 34 43 44 17 20 25 24 29 16 9 41 42 52 21 10 11 45 51 2 48 58 46 38 13 5 22 53 4 33 47 40 59 54 37 55 8 23 30 56 32 50 63 3 15 31 6 62 12 60 61 1 14 7 49 39 0 57
44 29 18 42 26 43 49 9 20 11 12 41 51 60 10 21 30 57 34 19 48 53 59 4 13 17 25 22 61 32 0 1 46 58 6 62 37 14 52 31 5 55 24 16 15 23 50 45 38 40 3 47 8 7 39 2 33 54 63 56
37 45 19 18 44 29 30 20 26 46 21 13 12 11 9 0 38 47 17 43 54 61 53 25 2 52 16 1 24 10 59 33 55 63 34 22 6 42 32 40 48 4 5 7 3 62 31 14 49 8 51 58 23 60 39 56 41 15 57 50
19 20 13 12 5 10 44 21 11 42 43 52 9 2 49 6 30 18 3 8 1 4 29 34 16 45 37 26 33 31 25 40 46 22 15 53 7 23 38 50 60 48 0 51 14 59 32 17 39 54 57 24 58 41 62 61 56 63 55 47
26 34 45 19 44 18 10 54 17 52 63 38 53 55 62 9 33 16 51 20 37 60 8 0 43 25 47 42 46 2 12 21 30 40 50 39 24 61 29 49 58 3 23 41 59 32 56 57 4 5 48 22 31 1 11 14 13 6 7 15
19 18 37 29 9 43 30 34 45 21 20 38 50 23 41 10 47 33 13 8 42 46 11 5 32 52 54 49 6 26 1 44 51 2 55 48 56 59 0 62 3 17 53 63 61 57 31 12 58 60 4 24 25 16 14 39 40 22 15 7
44 29 18 43 42 49 26 50 56 34 41 33 45 48 24 46 21 57 37 30 39 13 38 22 40 25 58 9 53 52 51 54 19 60 31 20 15 14 63 55 59 61 12 10 62 32 11 3 8 17 16 6 47 0 2 4 1 23 5 7
44 45 19 52 60 18 46 20 12 29 21 54 30 31 17 38 37 3 13 11 4 16 25 5 14 23 10 34 47 9 62 55 26 22 1 63 41 2 7 39 6 61 53 33 8 43 50 49 32 51 42 59 57 40 58 48 24 0 15 56
26 20 37 42 29 21 11 30 31 39 22 17 23 15 43 13 41 44 6 5 25 19 14 50 52 40 46 60 4 55 18 10 49 9 38 3 16 24 2 1 34 45 61 58 12 59 0 51 56 33 54 62 32 48 8 47 57 7 63 53
26 18 19 34 43 52 51 12 33 32 61 59 45 37 11 20 50 3 29 54 10 21 38 31 42 9 40 17 5 25 30 41 53 48 49 39 4 22 15 58 47 60 14 7 2 63 1 62 6 44 8 46 57 0 23 16 24 56 55 13
37 45 44 43 18 20 19 30 12 21 29 3 13 10 42 26 11 2 46 14 9 50 5 22 7 17 25 41 31 16 51 33 4 15 0 47 53 59 55 23 38 62 57 54 52 60 6 34 40 8 61 24 58 49 32 56 1 63 48 39
37 45 44 29 30 31 18 52 53 51 59 62 21 54 23 38 39 9 55 22 20 34 0 43 26 17 13 60 50 1 2 63 46 42 41 47 58 40 32 11 61 14 33 57 16 24 5 15 19 48 49 12 10 25 7 8 56 6 3 4
26 34 42 20 13 25 21 50 19 6 5 12 3 29 18 14 22 44 41 9 37 11 43 15 2 45 23 33 30 32 53 61 48 10 4 39 40 17 38 7 8 49 54 46 58 16 62 63 31 0 24 60 51 52 47 57 55 56 1 59
37 29 21 43 42 45 44 51 54 53 26 30 61 41 52 14 40 33 59 25 38 63 47 39 46 50 49 62 34 55 20 11 19 48 7 22 58 60 15 18 10 32 17 57 4 23 13 1 3 9 24 2 56 5 31 8 12 16 0 6
44 45 26 20 29 43 52 60 51 22 37 46 47 25 59 55 17 50 63 9 49 42 61 57 34 54 38 18 8 30 19 16 39 33 10 12 41 40 53 48 15 32 11 13 5 31 14 1 24 2 21 4 56 6 7 62 0 3 58 23
44 45 46 34 42 52 60 37 29 53 26 39 54 19 20 61 47 49 12 21 38 55 13 30 22 14 63 3 31 10 18 43 62 33 41 51 4 15 11 23 17 2 32 24 58 25 16 5 56 8 0 40 1 57 50 59 9 48 7 6
44 43 26 19 10 37 46 52 42 29 21 38 30 39 45 51 34 25 17 12 60 59 47 55 24 33 58 9 41 54 31 61 50 3 18 53 1 23 22 32 5 2 20 0 40 11 4 8 63 14 15 57 16 62 7 48 56 6 13 49
26 34 45 19 12 21 29 18 41 11 10 33 30 31 42 9 32 50 59 14 8 0 37 48 25 20 22 54 7 15 39 13 1 16 5 2 6 38 17 40 4 47 63 61 23 3 56 44 55 52 49 58 53 43 60 46 51 24 57 62
37 45 19 34 41 29 38 47 53 33 43 49 48 61 57 10 32 18 11 26 1 51 39 25 22 42 44 40 20 31 46 54 59 15 17 12 30 16 8 0 63 2 52 60 14 9 21 56 62 50 5 13 3 55 58 4 23 24 6 7
44 29 22 30 21 43 26 20 12 3 14 25 42 45 17 51 33 24 4 10 58 15 2 60 37 46 49 13 8 34 55 56 53 54 41 61 18 40 5 11 52 19 31 59 23 32 16 50 48 57 9 38 47 63 7 39 62 0 1 6
19 18 17 29 37 43 42 34 21 14 44 51 58 41 50 45 30 39 53 10 22 9 3 11 1 16 32 59 31 15 33 25 12 49 23 4 5 46 60 62 52 26 40 24 61 56 57 38 7 0 63 54 47 8 20 2 48 13 6 55
26 34 41 19 20 33 10 12 13 14 4 48 18 2 45 21 25 5 9 16 43 42 29 3 50 44 40 53 11 54 63 37 38 17 0 49 24 32 51 1 6 60 59 39 61 22 30 62 56 52 31 55 57 58 47 23 8 15 46 7
19 20 21 18 26 12 13 33 9 44 43 50 11 0 40 42 17 24 37 6 53 29 41 25 59 52 32 5 8 62 45 60 30 54 14 16 38 31 34 47 23 4 10 3 61 46 2 51 22 48 39 7 55 63 58 15 1 49 57 56
44 45 37 43 26 17 34 30 25 19 54 46 9 33 32 62 21 12 52 51 50 40 63 41 14 16 49 29 5 18 11 24 61 7 13 0 47 58 15 42 48 4 3 38 23 22 8 55 20 59 2 53 10 6 39 57 31 1 56 60
37 45 19 20 13 38 21 18 34 10 44 51 11 12 39 43 42 29 59 30 9 0 22 4 26 49 33 5 14 3 52 47 55 41 46 53 61 7 8 31 6 40 17 63 48 24 2 54 16 56 25 23 57 32 50 58 60 62 15 1
26 18 37 25 9 11 24 0 10 32 8 34 12 38 40 16 46 21 19 20 39 4 42 2 29 48 13 22 14 15 5 45 3 6 44 50 49 56 1 53 52 43 30 51 33 47 17 23 60 58 7 61 54 31 55 63 57 41 62 59
37 43 26 19 18 17 42 44 10 20 21 2 51 29 1 12 30 52 16 22 25 13 23 0 60 33 4 5 11 24 41 45 32 34 6 9 46 53 61 8 3 55 38 7 47 54 63 39 62 58 14 50 57 49 59 48 56 40 31 15
26 20 21 22 37 42 13 12 31 19 11 33 18 3 10 17 49 29 24 5 34 44 25 2 4 14 43 30 6 40 9 1 16 41 23 57 38 45 52 32 8 39 48 0 46 53 50 47 55 58 62 59 54 61 60 7 56 15 51 63
19 34 43 50 37 20 51 44 53 59 42 18 25 30 57 41 26 16 12 21 40 5 11 49 46 17 58 4 33 48 9 29 3 10 2 56 39 38 13 32 45 52 24 14 22 47 15 1 54 23 6 7 0 62 55 8 63 60 61 31
44 29 20 13 12 45 14 43 52 61 18 37 46 9 38 47 26 19 17 39 54 30 31 23 50 8 22 5 11 3 60 10 62 21 34 59 0 57 2 42 55 25 7 6 41 63 33 32 49 16 51 24 53 58 4 48 56 1 40 15
37 43 50 29 21 46 34 33 42 20 32 38 22 41 11 49 47 44 57 40 51 39 19 25 45 52 17 48 60 9 26 55 56 12 16 13 1 24 58 61 54 31 10 62 18 53 23 3 2 14 30 15 63 0 7 8 6 4 5 59
19 18 26 34 42 29 17 11 20 12 37 44 21 38 5 4 33 16 45 32 8 30 43 50 31 46 22 47 57 39 40 25 24 6 2 23 55 58 13 56 9 51 54 52 49 62 59 60 61 63 41 53 15 7 3 10 14 1 48 0
19 18 26 20 11 4 10 1 37 42 21 34 2 22 25 44 9 46 43 0 41 12 53 33 30 60 14 29 38 51 54 3 50 17 58 48 49 55 16 57 62 15 24 31 52 39 45 59 5 8 61 32 56 7 40 63 23 6 47 13
26 18 10 29 30 20 11 25 24 12 21 9 44 43 19 53 1 13 5 6 3 38 14 2 42 17 33 4 0 31 45 49 41 51 58 34 8 54 46 37 22 40 50 7 48 55 15 56 63 16 52 39 23 32 47 59 60 62 61 57
44 45 46 43 26 47 53 52 60 29 37 19 21 30 34 50 51 59 18 54 61 13 39 33 12 10 22 20 11 3 55 5 58 63 62 31 38 14 1 57 41 2 40 0 7 23 4 17 49 32 15 48 42 6 56 25 24 16 8 9
44 43 34 45 19 26 37 20 13 12 51 46 38 42 10 14 50 60 21 31 18 33 25 30 49 1 4 41 22 16 15 11 54 63 24 29 2 6 23 55 32 58 47 48 5 39 59 17 9 52 8 7 0 3 53 61 40 57 56 62
44 29 19 52 45 43 53 34 59 18 51 42 25 26 22 20 11 61 21 16 49 4 17 12 24 15 41 62 23 31 37 32 33 48 3 54 40 50 38 46 8 47 56 10 60 13 39 9 30 55 57 14 0 2 7 5 6 1 63 58
26 18 19 20 10 43 37 9 51 50 45 52 12 21 30 11 13 33 3 38 59 29 25 22 54 24 17 44 40 41 47 5 32 63 4 58 23 57 0 15 60 53 14 31 46 16 8 55 56 42 34 49 61 2 48 39 7 6 62 1
44 43 50 29 34 52 19 10 61 42 30 20 13 18 17 11 45 16 2 21 9 1 8 46 0 33 24 3 54 38 4 58 31 5 57 26 47 63 62 56 6 39 12 60 49 53 41 48 14 51 22 37 40 32 25 23 15 7 59 55
44 43 50 37 29 51 46 30 18 55 20 19 52 17 34 11 3 2 12 21 23 26 9 31 1 45 16 4 39 53 54 41 25 59 38 60 13 62 57 22 10 42 6 0 49 56 8 33 24 58 61 14 63 32 47 40 48 15 5 7
19 18 26 34 42 12 41 44 52 50 59 58 57 45 43 40 49 29 53 62 25 51 46 54 55 61 30 39 47 20 11 16 37 60 24 10 2 32 31 13 5 38 63 56 21 14 33 22 6 1 9 23 15 3 4 48 0 7 17 8
44 43 42 51 26 29 37 25 19 45 60 58 24 10 52 18 30 33 46 61 9 31 23 53 1 2 49 15 59 41 11 56 40 50 3 38 57 55 22 14 39 21 6 5 12 54 62 17 20 34 32 7 13 0 8 16 48 4 47 63
19 20 29 38 44 26 22 45 12 11 33 43 50 4 53 52 2 40 61 30 18 14 5 25 34 57 31 54 16 62 41 51 60 59 23 37 10 46 15 17 63 6 24 8 21 13 55 49 47 3 48 1 9 58 56 0 42 32 39
44 43 34 29 42 52 37 51 19 33 49 26 25 50 57 45 53 59 54 56 48 58 60 11 46 30 18 47 10 20 55 32 21 41 17 12 16 24 22 62 3 2 40 4 31 61 5 39 13 8 38 6 1 15 9 23 14 63 7 0
44 29 22 52 43 34 19 42 50 10 25 58 20 12 61 60 59 18 4 33 57 21 30 16 17 13 49 45 46 15 5 24 41 26 40 6 7 48 2 53 14 54 55 9 32 23 38 3 11 1 31 63 56 39 62 37 47 51 0 8
26 34 42 18 20 50 41 21 44 33 59 58 57 32 49 37 48 53 38 39 25 12 45 54 29 17 52 24 4 11 9 40 16 10 62 61 2 19 43 5 55 0 47 63 13 14 3 30 22 23 31 1 6 56 15 51 46 7 60 8
19 34 45 37 42 54 46 18 33 29 21 32 62 10 26 41 12 49 1 14 50 43 52 2 9 59 22 11 57 16 20 38 6 58 30 7 44 15 40 5 23 31 60 47 17 51 39 13 3 53 55 24 48 61 25 0 8 4 63 56
19 34 45 20 18 11 10 29 22 44 3 38 21 52 42 12 13 9 8 14 15 6 26 31 54 41 33 0 60 43 25 24 48 46 47 49 16 63 37 30 32 40 5 2 62 61 7 55 59 39 50 53 1 58 57 23 56 4 17 51
26 18 37 43 50 45 44 29 54 51 38 63 52 60 19 58 59 25 33 11 21 40 61 62 9 30 17 8 16 0 34 12 32 31 14 20 13 41 3 4 10 22 46 15 23 53 42 47 57 5 2 24 7 49 55 6 48 1 39 56
44 45 19 52 53 43 60 59 46 54 61 18 37 29 55 38 17 51 58 62 21 26 39 14 34 42 47 10 50 8 11 12 3 20 30 63 1 49 57 2 16 22 4 24 41 33 7 31 25 6 5 9 13 48 56 32 40 0 15 23
44 45 46 29 37 54 20 13 22 30 4 38 53 51 39 47 19 60 31 23 21 5 14 34 6 12 42 10 33 32 11 15 7 26 9 50 40 1 18 2 61 25 43 16 49 3 55 63 62 41 48 56 52 58 59 17 57 8 24 0
19 20 37 44 13 10 21 12 18 34 1 6 43 22 51 50 33 9 42 59 60 26 8 32 45 46 38 39 23 30 40 17 5 48 14 2 52 58 54 62 25 0 11 24 63 53 29 4 47 61 41 3 57 49 56 16 31 55 15 7
26 34 42 20 29 22 13 11 44 25 18 49 16 4 50 53 21 24 5 6 19 43 23 14 48 30 41 8 2 57 38 9 15 3 58 37 7 31 12 47 17 40 51 45 32 33 39 46 52 54 10 56 0 59 63 1 61 60 62 55
26 18 10 25 37 2 24 34 9 20 43 0 13 45 44 42 50 6 33 32 17 58 57 30 3 21 53 61 19 8 12 40 59 41 16 5 22 51 60 1 54 23 39 11 52 14 29 63 38 56 48 62 4 49 15 46 31 55 47 7
19 18 26 34 43 52 33 20 45 41 51 40 11 42 59 44 21 4 9 12 24 25 37 53 29 22 16 0 2 54 38 39 46 17 31 50 62 10 49 48 3 60 14 6 5 58 15 32 56 13 61 23 7 8 47 1 30 55 57 63
37 45 44 43 51 29 30 52 34 59 61 23 50 58 20 18 46 41 49 42 38 60 26 25 22 13 40 54 16 15 53 39 9 57 17 24 21 32 48 0 10 62 47 2 3 56 14 11 6 55 1 31 19 12 7 4 63 8 5 33
26 34 42 20 45 44 43 54 12 18 19 33 29 41 10 37 50 59 52 22 48 40 51 56 46 21 49 5 24 38 30 57 15 39 31 11 60 53 25 32 17 13 3 23 47 61 16 2 63 4 62 55 9 8 14 6 0 1 7 58
19 18 44 29 20 11 30 43 12 22 42 31 2 21 25 34 10 50 41 53 15 40 33 45 48 32 26 4 17 38 3 9 5 13 23 7 46 37 24 54 16 1 39 6 0 8 59 58 63 55 62 49 57 14 51 47 52 60 61 56
19 18 44 20 11 52 13 4 29 26 2 30 43 21 61 60 38 37 17 62 46 54 39 47 45 12 22 10 55 34 59 8 51 50 41 14 42 25 16 53 63 49 31 9 57 56 24 40 6 15 48 58 5 23 33 7 1 0 32 3
37 29 20 45 38 31 54 30 39 47 21 11 22 44 43 12 14 34 4 19 41 18 46 53 3 55 51 52 25 33 59 10 1 17 16 26 32 8 9 42 23 48 49 13 61 40 50 57 6 5 0 60 63 62 2 24 58 7 15 56
44 45 46 34 26 54 42 52 62 20 43 41 37 51 21 47 58 63 18 59 38 39 48 49 19 40 56 25 24 13 6 57 30 12 60 9 11 33 32 55 22 29 0 15 23 5 50 3 2 1 53 10 4 17 8 14 31 61 7 16
37 43 26 17 34 42 50 20 19 29 21 30 8 45 39 10 49 52 53 33 32 57 25 40 61 31 11 44 23 56 48 14 9 18 38 51 59 60 12 46 7 62 55 13 63 15 24 1 54 41 22 5 16 3 58 47 0 4 6 2
44 45 37 29 20 13 18 51 53 9 12 61 14 26 52 19 54 11 58 62 22 38 34 47 33 43 63 25 3 50 32 4 5 24 60 10 30 42 8 0 39 46 59 23 21 31 41 55 16 6 15 49 40 48 57 56 7 1 2 17
26 20 45 34 18 44 53 54 21 43 52 22 50 61 42 49 63 17 51 41 48 60 16 55 33 37 38 25 46 40 47 56 62 29 12 57 14 11 23 8 24 15 13 39 59 31 4 6 10 2 5 9 0 3 32 1 19 30 7 58
19 18 44 45 46 29 9 43 42 26 37 12 25 51 21 41 3 17 50 54 32 40 62 5 58 13 30 57 56 53 14 60 48 47 8 23 15 22 49 33 20 63 59 52 55 6 31 0 34 4 7 39 61 11 1 2 38 16 10 24
19 34 42 20 37 43 26 18 52 21 9 17 29 44 51 33 45 54 63 10 2 59 25 46 22 41 40 1 16 0 50 12 13 6 4 30 48 32 3 56 55 61 31 60 24 47 39 8 58 15 23 14 7 38 53 49 5 11 62 57
19 18 17 11 45 25 3 54 44 20 32 43 12 5 63 16 26 37 42 49 10 34 50 57 56 21 22 9 29 33 2 15 13 38 0 53 52 59 8 62 46 48 30 1 24 14 60 40 7 23 58 31 39 55 47 51 6 41 4 61
26 20 37 25 12 45 44 29 46 52 18 43 53 9 51 59 42 62 34 19 50 33 54 57 58 49 56 63 30 4 32 31 10 38 16 40 13 11 47 41 48 21 17 55 39 5 61 8 60 24 2 3 0 1 22 15 14 23 7 6
37 43 18 19 50 45 42 17 11 4 16 20 53 54 29 61 12 51 34 25 2 46 41 44 33 21 52 5 30 26 3 59 62 63 39 47 60 1 55 22 9 38 15 49 10 14 32 13 31 40 57 48 8 24 56 7 6 0 58 23
26 34 44 18 17 20 33 52 19 9 37 45 13 8 16 30 1 10 46 12 11 14 53 42 60 32 6 25 15 51 41 54 43 0 2 40 61 62 47 3 24 21 5 50 29 39 31 59 4 55 48 38 58 22 63 49 56 7 57 23
19 34 41 11 10 48 3 21 43 42 45 37 29 52 59 20 49 57 25 54 13 44 53 18 63 2 1 46 26 6 51 17 16 38 40 22 58 60 39 62 30 50 55 9 56 33 8 12 5 4 61 24 47 14 15 31 7 0 32 23
26 20 21 18 19 34 45 14 43 37 44 13 9 12 11 3 42 54 63 53 30 46 5 62 15 23 61 49 39 41 48 25 31 0 29 4 10 40 32 52 2 22 51 50 38 47 55 6 59 17 57 56 24 1 33 8 16 58 60 7
44 29 22 30 38 43 50 52 19 57 37 20 11 10 53 31 23 54 9 1 60 46 34 14 15 13 6 17 5 26 18 4 47 45 51 3 61 21 12 62 16 39 0 41 2 7 25 8 24 58 42 32 63 55 48 59 56 40 49 33
19 34 45 37 44 51 33 26 38 39 18 17 42 12 8 43 60 53 5 58 54 55 63 46 52 59 50 10 31 24 41 61 25 29 47 40 2 16 21 11 20 3 57 0 1 14 30 4 13 23 32 22 15 7 48 49 62 6 56 9
19 18 17 34 26 9 42 43 51 16 8 25 10 52 45 38 24 37 41 1 3 0 53 33 44 11 32 61 20 58 12 49 39 29 60 47 48 2 56 5 46 59 30 50 54 31 22 23 13 4 57 21 6 14 7 40 15 62 63 55
37 43 18 21 20 19 12 3 34 25 22 17 16 26 42 30 5 49 33 38 29 15 47 8 31 9 13 39 2 23 51 10 56 59 4 50 44 32 40 55 24 53 57 48 45 54 0 41 61 6 1 62 14 7 60 11 63 58 46 52
19 18 37 45 17 20 54 34 12 9 1 11 26 16 3 0 42 63 53 4 21 2 8 50 49 25 33 30 51 58 23 48 22 29 43 14 10 31 41 59 44 13 57 40 55 62 32 52 61 24 15 46 47 39 56 5 60 6 38 7
37 29 19 45 38 18 52 11 20 46 44 43 50 39 31 60 10 21 61 23 59 53 2 30 25 51 47 49 54 3 4 1 57 5 22 34 26 16 32 55 41 9 42 17 8 0 62 33 24 14 6 12 13 63 7 15 56 48 40 58
37 43 42 29 44 49 19 26 21 45 52 13 51 59 60 12 25 18 30 46 41 31 11 53 47 50 58 10 4 17 40 57 54 56 5 32 48 38 8 61 2 55 39 9 24 34 16 22 63 1 14 15 3 33 62 6 7 23 20 0
26 20 13 25 21 44 24 12 11 34 41 14 37 4 53 10 9 6 29 52 7 18 2 33 3 19 42 54 62 46 38 1 5 48 60 50 49 32 51 15 17 56 23 39 43 58 40 45 47 30 57 0 59 16 31 55 22 61 8 63
37 43 42 41 50 45 19 34 26 20 25 29 32 48 21 58 38 51 54 16 57 63 18 9 40 17 1 56 59 2 10 31 53 49 55 12 39 8 5 22 23 0 44 24 33 47 30 62 46 60 61 14 13 15 7 4 11 3 52 6
44 45 26 20 13 43 51 18 37 6 21 59 5 38 30 22 58 57 39 31 23 17 14 29 46 15 34 7 52 53 19 11 2 42 54 63 10 61 60 4 56 3 33 49 8 41 62 32 24 50 1 9 40 0 25 47 55 16 12 48
44 45 19 20 13 52 54 46 53 26 38 42 51 63 17 25 33 11 29 43 2 60 59 30 47 21 50 40 31 39 12 8 62 23 24 5 10 41 34 61 4 3 6 37 49 14 15 57 18 56 48 55 32 16 9 1 22 7 0 58
26 18 44 29 30 34 9 20 42 25 12 41 17 50 32 37 48 51 59 49 53 40 43 33 38 1 56 11 4 57 24 52 58 13 19 62 10 2 6 23 60 39 46 54 45 22 15 21 8 0 55 3 31 63 47 16 14 61 5 7
44 45 26 20 54 34 18 25 21 9 0 29 19 13 32 17 30 63 42 22 6 5 11 1 16 39 46 12 2 24 33 53 4 41 47 51 31 37 61 8 48 38 40 10 52 62 50 14 3 43 7 57 58 60 23 15 55 49 56 59
37 29 18 46 38 42 43 50 45 44 20 21 51 58 41 33 49 31 14 48 52 11 19 32 4 34 40 60 54 26 55 9 56 57 10 63 39 13 30 25 23 17 22 7 8 5 16 0 59 15 53 47 24 62 2 3 12 1 6 61
26 18 19 20 45 54 37 25 63 43 9 17 50 38 24 57 51 33 39 34 21 59 41 46 53 44 12 4 5 0 52 13 49 58 29 60 14 48 10 16 61 47 22 6 8 30 11 1 42 2 31 23 3 55 40 32 62 15 7 56
26 18 37 34 25 32 9 29 17 45 21 11 30 20 10 0 19 22 44 2 33 13 5 16 14 46 12 24 8 23 53 6 31 38 55 1 40 3 42 61 4 54 15 50 62 63 52 60 59 47 49 51 7 56 39 58 43 57 48 41
19 20 13 18 17 42 37 29 34 10 49 12 2 56 50 45 30 33 48 16 46 3 41 40 44 55 43 54 11 14 63 53 1 26 24 31 21 8 25 52 38 32 60 22 51 39 62 9 47 4 5 61 15 57 0 59 58 23 6 7
19 20 45 10 12 43 26 11 18 17 42 37 21 41 3 5 9 30 51 29 38 53 52 0 16 44 34 46 39 58 54 25 40 47 2 23 8 61 32 24 59 4 33 49 63 1 31 62 50 48 55 14 56 22 57 60 13 6 15 7
26 20 45 25 19 42 24 37 43 10 21 54 46 47 41 33 53 44 18 61 1 38 40 50 52 34 63 48 39 51 49 55 59 14 56 32 7 9 29 57 60 17 62 30 22 2 3 23 15 11 31 16 8 58 4 12 5 13 0 6
19 18 26 20 12 42 43 44 49 11 29 21 14 4 2 10 3 1 37 45 53 54 25 41 33 9 51 46 30 59 50 22 52 13 0 62 61 38 5 57 60 32 63 17 23 40 31 6 39 47 55 48 8 16 56 34 7 58 24 15
44 43 42 51 34 29 52 41 60 61 40 49 26 48 50 45 56 33 30 58 57 19 59 21 25 20 54 18 14 31 13 38 46 7 47 32 10 62 11 2 17 9 37 6 3 12 55 16 22 23 63 53 4 5 1 8 15 39 24 0
37 43 42 45 19 38 46 20 29 21 12 26 33 4 30 10 5 22 3 18 14 41 50 59 1 51 49 2 44 48 57 31 52 25 23 54 62 53 11 24 58 39 9 55 40 60 47 13 56 6 15 34 17 32 16 8 0 7 61 63
44 29 21 43 37 52 42 26 60 14 7 41 25 45 53 61 59 19 49 30 11 3 31 62 46 33 10 56 50 23 63 47 55 20 15 18 57 58 4 22 51 9 34 17 2 12 16 0 40 54 38 39 48 6 1 32 13 5 24 8
26 20 37 42 34 44 13 38 50 25 52 29 39 46 22 51 24 49 55 30 31 23 45 47 53 60 54 63 56 62 58 12 59 14 6 57 61 33 21 18 17 48 43 9 0 4 5 19 32 7 11 3 15 41 8 10 40 16 2 1
19 34 42 20 33 43 52 49 50 11 29 32 2 3 25 13 26 44 6 17 21 18 24 22 38 37 30 23 56 51 45 58 40 48 12 41 15 39 57 46 16 5 4 9 31 53 55 59 10 47 62 14 54 7 0 60 61 63 1 8
19 18 26 20 45 42 10 17 34 44 50 33 43 9 37 12 8 54 21 41 5 2 53 58 51 24 48 0 32 62 49 46 25 60 29 30 38 3 4 40 1 6 61 39 14 56 31 23 63 11 52 47 22 59 57 13 16 55 15 7
26 18 37 34 9 10 17 0 2 25 8 38 45 53 46 29 42 1 54 49 19 21 61 16 31 3 50 58 33 20 11 24 13 47 40 43 30 14 12 39 51 5 56 63 55 62 7 48 57 22 23 60 32 52 59 44 4 41 6 15
37 43 26 29 34 25 22 30 38 42 19 39 46 45 33 53 61 15 54 60 55 18 9 24 40 11 50 47 44 57 14 62 52 17 20 13 16 21 51 59 4 12 31 8 7 10 2 41 32 3 58 48 5 1 49 63 0 6 23 56
19 34 44 11 18 25 26 37 45 17 8 16 3 53 52 43 29 51 38 22 61 21 50 0 13 14 20 30 9 6 42 58 59 47 7 15 24 54 31 32 23 2 55 63 57 49 5 10 40 48 41 56 46 60 62 33 1 39 12 4
26 34 43 52 51 20 61 25 19 10 11 12 24 59 50 33 3 2 1 17 16 44 29 21 41 18 4 45 9 8 37 5 60 46 22 40 42 13 55 31 0 62 38 58 30 39 57 48 32 49 23 15 6 56 14 53 47 54 7 63
37 43 34 41 19 38 45 11 10 1 20 53 42 29 51 52 3 12 26 50 5 13 60 18 44 61 21 4 46 6 25 33 59 54 31 2 62 63 58 16 32 40 48 47 22 49 56 15 9 17 0 30 14 55 57 23 8 24 39 7
44 45 46 34 26 52 41 54 60 47 63 43 38 61 59 18 20 12 13 14 10 33 29 22 62 19 30 11 25 40 32 9 15 37 0 51 5 8 16 17 4 3 6 7 21 39 31 23 53 49 2 55 24 42 50 57 58 1 48 56
37 43 34 41 50 52 19 29 48 18 61 57 17 45 54 53 22 10 2 59 20 21 13 38 39 9 8 30 26 47 31 32 51 55 46 12 11 33 42 15 40 24 62 25 16 0 44 1 23 14 49 60 63 3 4 56 7 58 5 6
19 20 29 22 37 18 9 44 53 17 13 52 31 1 11 62 38 4 16 39 3 26 43 2 46 23 34 6 12 8 51 10 0 54 55 59 5 42 14 45 60 15 33 40 58 61 32 47 48 25 24 50 49 41 30 56 21 63 57 7
19 18 17 43 51 9 26 25 16 50 2 1 49 59 52 34 8 61 44 41 32 3 0 45 60 29 33 48 58 20 40 53 54 42 37 57 56 10 62 46 4 24 11 55 13 6 47 39 22 30 23 63 12 38 21 5 31 14 15 7
26 34 41 17 42 18 8 50 59 44 49 16 25 58 43 52 9 1 24 19 61 21 53 62 54 48 14 37 38 7 51 30 63 60 40 46 2 0 10 29 20 33 22 32 6 55 47 3 56 31 39 23 11 5 45 57 12 13 4 15
44 29 19 43 37 45 51 58 46 26 33 25 17 11 59 60 18 16 8 55 4 42 50 0 30 49 34 40 20 21 57 2 12 41 54 62 52 31 22 3 1 32 13 5 38 47 24 61 39 56 23 14 53 15 6 7 9 10 48 63
26 20 45 34 12 37 42 41 40 48 56 54 44 43 50 17 19 59 57 33 63 53 18 4 16 10 24 51 5 58 62 25 9 29 11 61 22 21 38 31 47 52 13 30 49 0 46 32 3 23 39 1 15 14 6 8 2 7 60 55
19 20 29 34 11 12 5 38 44 53 41 3 26 21 22 14 23 33 2 7 13 6 52 60 4 1 25 30 37 10 9 40 46 8 15 17 16 39 51 18 42 31 54 49 43 62 55 32 48 61 0 47 57 45 63 58 50 59 24 56
44 29 19 26 21 45 17 52 53 54 30 11 37 43 51 25 34 8 18 46 16 32 63 24 33 42 49 20 9 23 38 50 61 62 3 48 55 14 7 22 40 0 12 41 59 13 15 10 5 58 39 47 56 60 31 57 1 2 4 6
26 20 29 22 37 43 13 4 21 18 5 38 3 19 10 30 31 17 39 46 50 45 34 14 7 6 47 44 54 12 25 55 24 23 15 63 42 1 2 41 33 58 11 32 40 9 51 52 60 53 49 56 61 48 59 16 0 62 8 57
19 34 44 37 30 38 41 18 46 29 20 45 52 33 9 21 22 13 25 14 4 55 26 47 6 15 23 24 32 31 42 7 39 53 54 17 16 59 51 61 62 10 60 43 1 0 58 63 8 49 57 50 11 12 5 48 56 2 40 3
37 45 53 29 18 61 22 42 54 26 52 63 38 51 43 21 19 44 50 58 13 5 34 10 60 23 46 20 57 30 15 14 12 62 25 4 39 17 59 41 11 16 9 3 48 56 33 40 49 32 31 1 8 24 2 47 6 0 55 7
19 20 21 34 43 50 51 13 25 41 37 29 49 45 14 18 10 16 33 32 12 59 42 1 11 15 52 22 54 26 38 53 17 56 57 58 5 47 30 55 44 9 61 60 48 23 24 40 0 4 63 62 3 8 31 6 7 46 2 39
19 18 17 34 45 20 43 16 33 51 26 42 10 29 24 2 8 12 21 40 4 54 44 37 30 9 46 55 49 41 1 56 52 61 47 0 63 5 50 58 32 22 14 31 3 13 60 59 11 15 38 62 48 57 23 53 39 25 6 7
37 45 44 43 18 38 51 9 26 20 30 25 17 46 24 58 10 50 39 42 8 31 19 23 55 0 12 11 57 5 13 4 22 2 54 32 59 21 6 29 3 53 33 41 34 14 49 7 52 63 62 1 40 47 15 60 61 16 48 56
44 43 34 41 50 51 26 45 52 59 48 37 61 17 49 58 38 33 25 39 42 53 62 19 60 16 29 56 47 24 11 3 18 30 21 9 20 14 10 40 12 4 22 63 5 54 23 31 55 2 8 15 32 0 46 7 1 13 6 57
44 45 26 20 12 18 34 42 49 13 19 4 41 33 25 32 10 51 21 43 53 29 37 11 30 31 9 62 61 17 50 40 16 38 5 52 47 0 39 6 14 58 3 2 23 54 63 46 8 24 55 15 56 57 48 22 1 60 7 59
37 29 22 46 19 34 55 18 26 20 11 4 33 21 9 23 3 38 12 43 44 45 30 0 14 13 42 32 5 54 24 6 7 10 8 52 50 1 62 63 17 2 60 15 40 16 25 48 31 47 53 39 59 58 61 57 51 49 56 41
37 45 26 29 44 34 41 25 16 48 17 18 46 24 20 53 54 8 52 13 12 51 43 50 6 61 49 21 19 59 60 57 22 30 23 11 38 31 9 47 63 15 4 42 58 55 39 2 56 33 0 1 32 5 62 40 14 7 3 10
19 18 17 11 45 43 20 29 21 13 51 42 33 50 49 26 37 56 3 2 34 59 14 57 44 7 6 32 1 8 30 53 54 5 22 23 46 47 41 40 55 63 15 39 10 12 61 25 38 9 4 31 24 52 60 16 62 0 48 58
19 34 42 20 33 41 21 11 49 13 3 32 26 57 12 14 29 18 5 2 56 4 37 46 15 45 1 50 48 38 10 43 55 9 59 7 17 0 44 51 39 53 54 58 30 31 40 63 62 60 25 24 61 52 8 23 16 47 22 6
26 18 37 25 17 16 10 11 24 2 9 34 12 20 19 13 14 29 30 6 21 22 41 44 43 52 8 46 45 23 51 59 61 1 31 38 47 33 40 49 5 54 55 4 3 42 56 50 58 39 60 63 32 53 62 48 15 0 57 7
37 29 18 44 53 34 19 9 26 20 21 43 10 2 17 30 42 33 45 49 40 32 24 61 50 13 58 8 25 11 0 41 12 5 14 15 39 22 4 3 6 56 46 51 16 48 38 55 54 63 57 7 52 47 60 59 1 31 62 23
26 34 41 19 42 43 52 50 10 49 58 51 20 40 48 25 33 59 29 21 16 57 13 44 45 37 60 53 54 62 61 30 46 14 22 17 32 15 9 1 39 38 8 24 47 31 11 2 7 63 56 18 55 12 23 0 3 4 5 6
19 34 43 50 45 29 51 52 30 54 44 37 59 21 57 49 53 10 48 60 22 18 33 46 11 42 61 12 9 39 38 32 63 14 3 56 25 20 31 62 4 17 15 58 1 40 13 6 41 8 2 23 16 7 47 24 5 55 26 0
19 34 41 11 44 48 42 43 33 26 18 29 12 9 30 32 49 51 17 20 0 31 59 4 50 60 21 45 5 14 3 10 61 16 54 58 23 62 52 57 2 37 13 15 24 38 53 7 39 63 8 1 55 25 40 46 47 6 56 22
26 18 37 25 17 29 9 43 24 42 45 38 51 60 21 14 34 10 41 8 31 30 22 23 59 58 19 20 13 12 1 53 33 48 44 47 39 16 46 54 49 11 55 40 7 32 2 6 62 63 15 61 57 3 5 50 52 0 56 4
37 43 26 38 51 18 10 29 19 50 46 9 39 59 17 47 45 11 31 23 3 53 44 16 42 34 24 8 55 21 15 2 25 32 60 4 52 30 13 22 14 61 57 58 0 1 49 40 62 20 54 7 48 41 6 12 5 56 33 63
37 45 26 18 10 20 21 34 54 38 44 22 29 43 12 13 51 2 25 52 46 32 9 41 15 3 5 62 59 16 24 30 48 60 14 33 40 19 47 58 53 31 50 11 4 39 42 57 49 55 63 61 1 6 56 17 8 0 23 7
44 45 19 52 60 43 53 29 42 20 13 26 34 10 21 12 22 14 25 33 17 49 5 30 37 11 31 50 58 24 6 62 38 15 32 39 40 23 47 55 2 51 16 54 9 8 63 57 61 56 48 59 4 18 7 3 41 1 46 0
37 43 26 17 42 29 51 59 44 45 58 53 21 50 60 34 49 57 30 13 19 12 11 20 8 18 62 48 22 10 3 23 38 31 14 52 46 1 40 24 41 5 2 47 61 33 6 39 25 15 9 54 63 4 0 16 56 55 32 7
37 29 18 43 30 38 44 19 39 17 42 31 23 49 22 51 10 53 26 21 24 8 34 25 58 60 41 2 12 48 59 45 61 62 46 47 1 20 54 55 40 57 63 15 9 14 7 13 5 0 33 4 11 6 50 52 56 16 32 3
37 29 21 43 18 22 30 20 19 45 13 9 38 11 50 46 34 4 0 25 5 6 47 52 59 54 10 39 15 31 63 61 2 3 7 17 24 1 42 53 32 58 8 12 26 62 51 60 23 14 44 55 41 49 56 40 48 33 16 57
37 45 44 43 54 38 29 20 19 52 42 34 39 21 51 26 60 47 13 63 17 61 55 11 12 31 3 59 46 4 53 6 62 33 14 30 32 7 22 10 1 25 58 8 50 23 15 40 16 49 56 57 18 2 5 24 9 41 48 0
37 29 19 45 30 10 54 31 22 44 21 15 11 20 14 2 3 12 13 63 5 34 52 53 42 6 61 60 26 49 55 18 47 4 25 62 50 24 56 38 9 43 7 8 0 39 23 41 59 17 40 16 33 57 1 51 58 46 48 32
44 45 19 43 37 30 54 53 38 11 34 63 18 17 52 51 29 39 59 46 10 60 26 22 12 1 16 3 2 33 31 24 32 9 20 4 15 42 62 23 49 25 61 21 50 41 14 47 55 57 40 7 8 58 13 0 48 56 5 6
19 18 26 20 9 42 45 25 12 37 34 53 50 33 32 24 38 5 11 10 52 46 13 51 29 1 49 39 17 44 43 6 54 0 21 58 40 59 8 55 61 62 47 22 60 63 31 23 30 4 14 2 41 48 3 16 56 57 7 15
44 43 34 29 52 41 37 45 25 33 38 50 26 51 40 46 21 31 39 60 23 18 11 30 55 13 59 58 53 42 5 62 61 24 20 47 57 19 22 2 32 49 56 9 17 6 16 8 4 54 63 10 12 14 7 15 1 0 3 48
37 45 26 20 13 42 44 29 49 11 12 34 38 56 46 53 60 54 62 19 50 21 2 6 52 10 4 61 9 33 40 31 48 30 23 15 18 59 39 51 14 17 43 55 47 7 22 5 24 8 3 58 0 32 25 63 41 1 57 16
44 29 18 26 21 13 14 15 19 43 42 12 34 30 22 25 38 51 52 47 6 61 33 10 24 37 58 40 41 32 2 50 46 9 8 49 4 31 57 5 60 11 62 59 16 3 20 1 17 0 23 7 39 63 55 45 56 54 48 53
37 45 19 18 53 11 10 54 44 20 26 9 12 34 1 2 3 29 41 4 43 52 62 61 5 63 17 50 46 13 42 16 38 48 22 15 33 14 49 39 57 0 31 47 25 6 30 21 60 51 55 8 56 24 59 40 58 23 32 7
19 34 42 50 41 20 43 48 25 10 21 26 17 37 49 22 14 29 3 24 33 40 30 1 18 13 2 4 57 58 59 11 32 15 7 38 46 39 23 53 51 44 16 12 6 60 61 31 45 8 54 62 5 52 0 56 9 63 55 47
37 29 20 45 44 11 22 43 26 34 38 15 52 46 53 47 21 61 33 32 42 50 51 58 60 25 57 19 16 59 39 55 62 30 24 40 12 13 5 14 48 54 7 41 63 49 18 10 1 9 17 8 3 56 6 4 2 0 31 23
37 29 19 26 17 46 30 21 12 10 3 14 7 33 55 13 25 9 22 39 4 42 43 11 1 53 18 15 31 44 51 45 52 20 62 61 24 38 50 41 60 57 0 58 5 59 34 2 56 6 16 23 48 49 47 54 63 32 40 8
19 34 43 20 37 52 51 59 21 38 46 54 55 12 5 10 1 18 42 29 44 2 53 50 17 45 30 4 57 63 26 62 11 24 8 13 22 58 33 39 31 47 49 14 60 6 25 48 61 23 3 56 15 40 41 16 7 32 9 0
26 18 10 25 19 20 29 12 32 30 17 24 16 2 11 44 43 42 53 9 38 3 51 52 33 41 50 49 40 54 62 37 57 39 8 45 31 56 58 21 59 48 23 60 1 46 47 34 14 13 61 63 6 5 55 15 7 0 4 22
44 45 26 34 42 33 54 17 41 19 8 51 40 25 11 53 52 9 43 62 60 29 21 46 20 2 22 61 50 18 16 38 37 59 1 14 12 10 6 23 55 7 13 48 3 47 15 57 31 39 30 58 63 5 49 32 24 0 4 56
37 29 22 42 18 38 43 34 47 52 33 25 21 20 32 44 51 49 56 30 39 45 12 19 46 17 61 60 11 54 63 55 53 26 59 50 41 48 57 24 58 2 62 14 8 23 7 40 4 31 15 5 6 16 13 3 1 0 10 9
19 20 37 44 51 10 12 21 13 42 29 53 33 58 11 3 9 24 18 14 52 8 1 46 38 60 4 45 2 30 31 23 22 17 59 34 54 6 5 55 0 47 7 26 62 43 25 61 49 39 57 41 40 63 16 48 32 56 50 15
44 43 50 29 20 45 46 54 26 42 37 17 51 21 62 59 52 38 41 19 11 47 31 3 12 40 49 48 2 39 10 33 18 53 55 63 30 61 34 23 22 9 32 5 4 14 8 25 57 13 15 7 56 58 6 16 24 1 60 0
26 20 37 42 12 38 43 44 39 30 51 4 45 60 58 34 19 50 21 59 5 57 3 23 29 11 41 32 18 46 47 22 14 7 52 2 48 17 6 31 13 15 9 33 1 10 25 40 55 24 8 63 53 56 49 0 54 61 62 16
44 43 18 53 52 37 45 61 51 34 42 50 41 25 30 26 24 23 58 57 60 59 38 20 33 29 62 9 49 46 47 54 10 17 63 2 8 55 13 39 11 4 56 48 21 5 40 0 6 7 22 31 19 12 1 16 14 32 3 15
19 18 44 45 26 34 54 63 25 32 43 29 37 50 17 52 30 23 24 20 38 9 57 33 61 31 21 13 46 11 0 51 16 47 40 41 10 53 42 49 39 2 62 60 4 1 14 22 48 12 8 56 15 55 59 58 3 6 5 7
37 45 44 29 21 13 46 53 26 34 42 39 54 51 22 31 61 60 14 43 52 41 30 17 38 7 12 59 4 23 58 25 47 18 49 57 8 50 56 5 6 33 40 32 9 20 15 3 16 24 48 1 2 63 19 11 62 55 10 0
37 43 42 29 21 34 26 38 52 14 39 49 41 19 11 45 30 31 12 10 44 33 24 3 7 61 17 22 57 32 51 60 25 40 18 20 59 50 53 9 23 58 13 5 46 15 16 56 0 47 6 62 4 1 48 8 55 54 63 2
19 34 41 33 43 50 59 18 29 20 25 32 9 51 17 11 21 13 42 30 12 49 48 40 5 0 1 16 22 26 56 44 39 2 10 38 57 37 53 6 8 3 58 52 45 54 14 61 62 46 60 15 47 23 4 63 31 55 7 24
37 43 18 29 44 38 51 58 52 50 49 40 22 42 48 20 12 11 10 21 33 4 39 23 30 26 14 31 32 2 3 34 5 53 45 15 7 13 19 24 6 25 59 60 16 41 17 46 54 8 9 1 0 47 55 63 62 57 56 61
44 29 19 42 30 53 49 20 43 31 45 18 9 56 22 52 59 38 41 60 21 26 34 13 62 25 6 11 12 0 24 33 17 46 3 5 54 2 51 58 10 8 4 63 16 50 48 40 37 32 39 7 55 23 15 1 57 47 61 14
37 43 18 21 29 38 45 53 30 20 50 39 22 19 61 54 34 51 13 49 47 44 11 14 26 55 52 4 23 3 5 17 25 31 58 15 7 12 2 60 10 41 40 57 9 59 33 16 56 6 8 62 42 63 32 24 46 48 0 1
26 18 19 34 17 10 44 20 42 50 25 16 24 53 33 29 58 43 8 57 12 4 37 41 2 11 21 59 62 9 0 45 1 13 46 3 49 55 30 61 54 32 51 22 60 40 47 39 56 63 23 38 14 31 6 15 52 48 5 7
37 43 26 38 44 51 46 19 10 11 53 54 3 30 52 45 63 34 31 39 29 62 33 32 50 22 25 1 20 23 40 57 49 61 55 24 12 42 60 56 58 48 47 41 9 59 18 13 16 8 4 2 6 21 17 5 15 7 14 0
26 20 37 44 45 17 13 19 51 54 53 46 63 52 29 12 47 14 18 10 1 58 5 11 42 38 39 31 21 6 60 4 25 3 30 33 8 55 2 62 7 49 24 23 15 61 56 43 34 40 22 41 57 32 59 9 50 16 48 0
37 29 19 26 17 10 18 33 11 8 21 30 1 43 23 46 16 2 42 51 9 31 38 47 22 34 54 39 3 14 55 20 25 12 6 62 40 7 59 44 41 15 13 5 50 63 0 24 53 57 58 48 52 45 4 32 56 49 60 61
19 18 44 29 17 43 51 10 37 59 58 53 3 46 30 45 11 23 62 26 39 57 21 50 42 12 20 13 4 54 34 33 24 8 25 22 14 2 1 9 16 52 0 47 60 41 56 32 40 6 5 38 15 49 55 61 48 7 31 63
44 43 50 45 19 42 49 34 52 29 46 18 17 61 22 30 60 11 25 14 3 26 21 20 62 8 33 24 32 58 15 41 12 54 63 57 48 47 53 4 31 23 13 40 10 7 16 5 59 9 2 0 39 1 55 37 38 51 56 6
19 18 37 11 3 4 17 43 26 16 10 25 12 20 9 29 38 2 44 47 8 24 39 46 50 33 32 31 22 45 13 6 40 21 54 15 5 34 7 53 62 51 30 49 59 0 42 60 61 14 48 41 1 58 55 57 23 56 52 63
37 29 18 46 20 26 38 42 54 9 0 44 43 55 41 49 25 51 59 58 56 62 52 21 50 57 22 40 30 14 33 61 15 24 31 39 47 34 63 23 48 53 7 60 13 6 16 32 17 10 11 19 5 2 4 8 1 3 45 12
37 29 22 30 18 15 21 20 11 26 23 45 17 31 19 13 38 9 25 34 14 5 43 16 1 2 6 12 53 47 39 32 24 41 40 54 4 51 52 50 48 46 62 8 49 59 44 61 7 57 33 56 63 3 42 10 55 58 60 0
19 34 43 50 37 29 30 11 10 22 42 38 33 32 3 20 47 21 26 12 18 41 44 17 23 46 24 52 55 45 25 16 5 4 2 39 58 63 13 1 14 57 40 59 53 49 8 6 9 61 51 7 62 15 48 31 60 54 56 0
26 34 41 18 20 33 45 49 44 13 32 43 52 60 53 51 57 48 12 4 10 50 37 42 61 54 19 24 25 38 47 40 17 56 46 21 31 62 22 2 6 29 5 23 58 55 3 8 30 7 16 59 15 1 11 39 9 14 63 0
44 45 26 18 37 43 9 0 52 17 54 46 53 63 55 61 51 20 38 29 34 50 19 30 11 39 62 33 22 60 41 25 40 49 47 23 57 59 48 21 13 3 10 12 24 31 4 6 14 16 8 5 42 58 15 7 32 56 1 2
37 29 20 13 21 45 14 19 53 61 12 6 11 42 43 22 41 4 23 50 15 31 59 10 3 2 46 38 60 7 51 57 62 5 30 49 9 34 48 39 26 54 47 1 52 16 44 58 8 0 55 33 32 40 17 25 24 63 18 56
44 29 21 43 30 20 11 52 34 33 51 18 26 13 37 38 25 31 22 23 14 53 40 16 60 61 54 4 46 32 42 58 19 17 50 7 5 45 10 59 8 48 39 63 15 47 55 9 0 2 3 62 1 12 6 57 49 56 24 41
26 34 41 21 43 42 37 46 38 18 25 45 52 48 11 30 29 24 32 54 23 31 22 9 17 16 10 40 47 44 13 2 50 4 14 39 20 58 19 60 55 12 51 63 62 7 57 61 33 49 1 0 6 8 3 53 56 15 5 59
26 34 45 37 43 52 44 19 29 38 50 53 41 17 10 18 47 2 20 11 3 22 61 59 8 31 30 21 1 39 46 57 13 55 51 25 54 14 23 60 15 7 62 16 32 33 42 4 5 58 24 9 12 6 49 56 48 0 63 40
26 20 21 22 45 44 53 54 37 34 18 42 13 62 29 9 49 4 52 30 15 56 5 17 38 12 25 39 31 33 50 23 43 51 0 11 32 41 14 6 58 1 47 7 48 57 55 40 8 61 24 63 60 46 19 16 10 3 2 59
37 45 26 38 54 52 46 29 44 53 62 19 10 55 60 59 58 47 63 61 30 17 34 23 51 3 18 50 31 22 1 21 16 20 43 8 39 57 11 9 15 2 33 12 56 41 25 14 32 24 13 5 0 42 49 48 40 6 7 4
19 34 45 20 33 44 21 54 26 17 43 42 49 13 46 29 37 50 63 40 30 12 8 31 41 53 58 56 57 51 22 48 32 47 4 55 10 14 62 52 38 1 60 59 23 39 3 24 6 15 18 7 61 5 11 2 9 25 0 16
26 20 13 42 45 25 18 44 34 17 16 19 29 12 21 10 11 46 41 8 33 40 37 5 1 3 30 23 22 14 55 24 52 59 2 38 6 4 53 7 15 9 60 0 48 56 58 47 43 50 39 49 32 51 31 63 57 62 61 54
44 45 37 29 22 42 18 19 53 9 0 17 34 1 49 56 10 3 16 38 46 52 51 26 41 59 50 12 30 33 54 60 11 21 43 8 61 62 32 58 5 15 25 47 13 20 39 14 4 6 2 40 24 23 31 7 63 55 57 48
37 43 42 41 19 29 21 14 34 20 51 30 12 52 22 45 33 13 7 18 4 32 24 16 53 23 31 38 49 60 10 61 46 50 11 5 26 39 59 44 15 17 47 6 40 2 58 25 9 55 62 56 57 1 8 54 3 48 63 0
19 20 29 38 44 52 21 26 34 18 60 22 13 37 23 33 45 53 31 6 5 47 32 51 42 15 10 4 61 54 12 39 63 50 58 17 59 49 9 46 41 40 25 24 55 62 30 14 43 1 0 8 2 3 56 11 7 48 16 57
37 45 19 18 53 43 42 11 10 41 49 34 12 3 26 25 24 54 44 29 17 50 51 13 22 33 38 61 62 8 48 31 47 21 30 59 5 58 57 46 63 52 23 9 40 4 55 20 6 56 39 32 1 7 0 2 14 15 60 16
44 45 26 52 53 61 37 20 51 34 46 29 30 21 13 50 12 5 54 47 59 31 22 3 33 38 4 43 14 6 63 17 2 1 42 32 18 11 23 10 9 55 15 25 58 16 0 19 7 49 41 57 60 39 48 24 62 8 40 56
44 43 18 21 20 45 14 19 52 7 26 42 50 17 11 59 8 41 25 10 29 34 54 30 60 53 57 13 62 33 31 32 24 37 51 46 40 3 2 23 39 58 4 55 48 47 6 56 61 1 15 38 9 5 49 63 22 0 12 16
37 45 44 29 54 52 19 18 46 63 21 43 62 13 42 51 17 55 59 9 22 23 0 10 15 7 3 58 47 33 50 39 34 1 38 57 32 25 53 49 16 30 26 40 56 48 2 24 20 11 60 61 12 4 14 8 5 41 6 31
44 29 19 26 22 53 37 45 43 21 20 42 33 12 38 17 51 30 23 49 8 34 50 52 11 13 59 31 56 46 47 25 62 9 16 54 15 24 58 3 60 0 55 61 39 14 32 63 10 48 18 7 41 4 1 57 6 2 40 5
19 20 29 38 45 43 21 12 31 42 5 10 30 14 13 26 50 4 23 44 25 22 18 34 37 58 9 7 3 16 6 2 32 54 51 24 49 39 33 57 46 15 11 53 1 47 17 48 62 60 8 41 55 52 61 63 56 0 59 40
19 18 17 34 44 37 30 21 33 43 26 25 32 45 51 29 20 40 38 9 46 53 24 13 60 61 10 47 48 8 1 2 54 50 14 16 62 7 42 0 52 12 11 63 4 3 57 49 6 39 31 41 5 59 55 22 23 15 56 58
26 18 19 20 13 43 44 29 38 6 12 21 5 37 7 47 22 42 10 51 45 54 49 4 34 30 60 56 53 1 2 52 61 15 63 58 50 59 48 3 57 14 11 9 39 62 0 25 31 23 41 33 24 55 17 40 32 8 46 16
37 29 19 26 22 45 53 42 33 24 18 25 20 13 40 17 12 41 43 51 4 54 59 38 16 34 46 61 30 9 49 11 44 8 63 14 32 60 50 10 2 57 52 58 0 23 5 62 31 3 15 39 1 7 55 6 21 47 56 48
37 29 18 26 21 30 19 10 17 46 22 24 45 33 20 44 52 51 31 59 53 14 58 54 47 11 55 43 42 12 8 34 25 32 7 41 50 57 4 63 16 23 39 60 2 61 40 48 38 5 6 3 15 9 0 49 56 1 62 13
44 43 42 45 26 52 37 20 61 30 13 18 46 12 23 50 11 54 25 6 29 60 53 9 47 31 51 32 39 34 0 19 17 1 24 33 41 4 40 49 57 55 62 15 22 38 8 16 58 48 59 21 14 63 10 5 7 2 3 56
19 18 37 20 11 34 25 3 10 45 54 32 41 17 16 43 42 24 44 9 40 46 29 38 39 49 50 30 4 53 2 33 47 51 31 12 52 63 59 22 57 0 15 58 13 61 8 5 60 26 23 56 48 62 21 55 6 7 1 14
19 34 45 21 41 11 20 29 12 3 38 44 13 47 18 9 5 10 8 54 25 48 63 4 26 30 2 52 43 1 46 17 0 62 39 31 60 50 42 6 40 49 37 22 7 61 14 16 56 53 23 59 51 15 55 57 33 24 32 58
37 43 18 38 44 53 39 20 51 34 62 59 26 10 19 12 58 45 25 29 2 24 60 9 17 8 33 3 16 61 5 21 11 40 13 4 54 41 49 48 46 6 52 42 50 57 14 23 15 47 32 1 31 7 63 22 56 55 30 0
37 45 53 54 19 34 63 11 42 43 26 17 52 38 29 33 41 46 21 60 24 55 47 30 8 40 10 50 18 39 25 44 20 13 61 31 6 59 14 51 62 1 3 12 23 15 58 22 32 49 48 16 5 0 7 56 57 2 9 4
26 20 29 38 44 52 21 34 19 25 37 12 33 40 13 22 17 41 48 4 5 49 57 11 53 54 31 18 10 32 42 23 9 3 30 50 15 2 47 24 60 51 58 1 46 43 14 59 16 7 62 39 6 8 61 55 0 63 45 56
26 18 44 25 24 32 40 29 21 43 30 52 50 14 11 9 13 34 20 45 15 22 42 31 53 61 46 41 60 19 62 59 17 37 38 23 39 5 0 33 6 47 12 63 57 2 3 1 55 7 49 56 51 54 48 58 16 4 10 8
19 20 21 34 44 37 46 12 29 22 33 45 15 55 30 18 47 42 4 26 25 24 63 53 40 43 11 23 39 14 52 32 41 31 54 10 38 50 48 61 62 3 57 5 1 2 59 0 60 7 49 13 17 56 6 16 8 58 9 51
26 18 10 29 19 34 44 9 17 43 0 1 11 8 25 16 42 3 20 51 30 38 13 53 60 21 24 45 46 49 22 12 4 47 56 58 2 62 52 6 61 33 5 31 59 15 23 40 63 14 7 41 50 37 32 57 39 54 55 48
37 45 44 29 22 52 21 26 53 62 60 54 17 8 25 30 43 51 9 10 31 34 59 50 42 16 33 23 38 18 55 61 15 63 49 39 19 13 41 47 1 57 11 3 58 56 20 12 14 5 6 32 40 48 4 2 0 24 46 7
37 45 26 18 44 29 20 13 9 34 54 25 42 33 40 17 32 43 30 21 5 1 50 31 12 57 23 24 0 11 4 48 8 49 52 41 2 22 14 10 56 15 51 58 38 39 47 19 59 61 7 46 60 62 63 3 55 6 16 53
26 20 37 34 12 18 33 45 44 43 51 59 25 29 9 11 30 53 62 4 54 41 58 10 2 52 42 55 60 50 32 31 23 17 46 57 38 19 21 24 61 49 8 47 16 14 13 15 48 0 56 3 7 1 39 6 63 40 5 22
19 34 42 20 26 25 16 50 17 24 21 44 49 43 58 12 52 41 4 37 29 13 32 40 22 33 18 6 14 23 15 10 2 1 38 3 5 57 31 59 30 11 9 8 48 46 0 45 51 56 60 61 54 53 7 63 39 47 62 55
26 20 45 42 12 21 30 4 44 39 49 34 33 43 14 22 19 56 13 11 23 18 37 15 50 46 48 38 52 60 51 32 2 58 55 10 6 47 9 53 40 59 62 0 54 1 8 3 5 31 41 61 17 24 7 16 25 57 29 63
19 20 37 34 33 43 42 25 26 44 52 49 16 32 13 24 45 60 51 38 17 18 46 12 61 54 21 59 4 5 55 14 22 10 41 50 11 30 48 62 15 40 1 29 57 47 31 8 9 58 39 3 2 0 63 56 53 7 6 23
19 34 42 50 49 20 51 56 48 11 26 33 18 25 37 43 44 60 58 52 21 46 29 22 16 24 61 59 14 30 10 1 39 6 4 62 38 8 55 57 7 53 23 54 45 13 5 12 32 41 31 40 2 3 0 17 9 15 63 47
44 29 21 45 19 43 51 58 37 13 54 42 41 33 5 14 59 10 20 46 25 24 38 30 31 12 23 26 18 49 57 15 2 17 6 55 7 3 22 63 56 60 1 39 11 4 62 53 40 47 8 9 52 0 61 16 50 48 34 32
37 45 26 18 53 29 21 30 19 54 9 52 23 31 44 12 22 17 60 20 63 15 61 43 14 34 42 38 10 6 7 62 4 2 5 41 48 55 47 33 51 50 39 0 32 24 49 25 13 57 46 40 58 11 16 8 3 56 1 59
37 29 22 44 19 34 33 20 13 12 5 6 21 18 53 32 7 30 38 23 14 46 54 3 42 43 45 15 26 63 51 60 10 47 58 50 52 61 40 2 39 4 57 49 31 11 25 17 41 16 1 56 9 48 55 0 62 8 59 24
44 43 18 37 46 45 51 20 12 29 38 42 33 9 19 21 52 39 26 11 3 59 0 4 22 55 61 34 31 23 54 14 30 62 63 50 15 58 57 41 48 32 13 56 49 2 10 1 40 5 7 25 47 16 6 60 53 24 17 8
26 20 21 18 19 22 11 2 17 43 10 16 14 34 44 6 12 4 23 9 25 30 3 53 5 37 1 33 62 7 52 32 38 60 24 0 41 29 13 46 31 39 54 50 45 55 51 59 63 42 49 40 15 61 58 48 8 47 57 56
44 29 20 11 18 34 22 43 2 53 26 17 50 52 16 19 62 37 42 33 25 51 12 8 41 54 45 40 59 9 24 21 46 63 14 23 1 0 15 38 31 32 30 47 55 6 7 58 13 49 57 4 60 5 10 3 39 56 48 61
26 20 45 42 12 21 29 19 11 54 34 3 44 52 2 17 25 33 41 43 18 1 4 5 51 48 46 22 14 38 61 60 16 23 49 13 53 8 15 9 47 62 30 24 10 56 59 50 0 7 57 58 6 39 32 31 37 40 55 63
44 43 26 19 50 37 30 25 10 12 17 34 11 38 29 21 41 51 45 49 16 39 22 20 58 42 5 15 57 1 3 59 60 40 13 14 18 46 52 33 48 56 24 53 7 2 9 4 0 61 54 8 6 63 23 31 62 47 55 32
37 29 20 43 34 26 21 41 48 44 51 30 22 12 25 58 11 19 4 23 42 5 13 40 39 31 45 46 54 3 50 47 14 49 10 17 15 24 32 18 16 61 59 7 57 56 9 53 62 63 38 8 2 1 6 60 55 52 33 0
37 29 20 11 21 45 26 18 10 43 19 12 53 46 44 51 2 13 55 17 9 1 25 54 52 24 5 47 58 6 33 22 42 3 15 34 16 59 7 50 61 60 32 63 62 14 41 38 49 30 4 57 23 39 31 0 8 48 40 56
37 29 19 43 21 38 39 11 26 17 51 44 10 14 24 42 53 60 58 22 49 18 13 20 15 46 55 59 12 41 50 5 34 48 62 2 4 6 40 57 33 7 1 25 56 47 61 16 9 8 30 23 45 3 52 31 0 54 63 32
37 43 26 21 51 44 29 58 14 19 10 38 52 22 50 60 15 30 53 13 18 31 20 57 45 6 23 12 7 11 4 33 5 59 46 61 34 25 17 42 3 16 32 2 39 40 41 55 62 24 9 47 49 56 48 8 54 1 63 0
19 20 21 18 26 22 37 43 14 17 16 12 4 38 25 6 45 5 44 52 53 54 42 49 13 3 30 33 41 51 63 55 34 29 59 32 60 50 11 9 10 2 47 31 48 56 15 58 39 61 8 7 40 24 62 46 23 1 0 57
37 29 18 46 38 45 21 30 22 34 31 13 42 9 43 39 20 12 19 23 6 52 26 25 54 5 55 53 14 11 33 44 61 50 41 51 3 40 57 47 15 10 49 60 62 59 17 1 4 48 58 32 0 8 56 16 2 7 24 63
19 34 42 18 17 29 37 43 21 22 30 9 51 52 15 25 41 20 11 31 53 3 2 1 10 48 39 50 32 33 26 23 12 47 57 58 40 38 0 16 46 56 45 54 55 49 59 4 62 13 14 6 8 44 61 5 7 63 24 60
37 29 20 43 44 53 42 26 25 24 19 45 34 33 52 18 41 40 49 61 38 22 9 47 17 51 30 23 31 16 14 15 62 57 13 11 7 2 1 8 59 6 4 0 60 39 5 21 48 46 54 12 10 3 32 63 58 56 50 55
44 43 18 19 50 37 29 9 11 51 20 12 0 21 52 10 53 25 4 8 30 38 1 45 39 42 32 58 49 2 34 47 17 57 3 33 16 54 41 22 63 40 48 26 15 62 14 31 46 61 60 13 55 24 6 56 23 5 7 59
26 20 21 18 44 43 34 41 51 45 42 29 13 52 22 14 10 19 40 48 33 30 31 59 61 23 54 9 6 32 25 2 53 39 50 38 60 4 46 24 12 47 17 16 15 57 0 37 58 11 3 8 5 63 1 49 62 55 56 7
19 34 45 21 37 20 33 11 12 41 26 32 2 13 29 43 51 52 53 18 40 44 24 60 17 30 39 62 59 25 54 8 16 63 38 23 49 46 47 4 5 50 3 48 61 58 31 42 15 9 57 55 0 7 56 10 14 22 1 6
26 18 10 9 8 0 44 16 19 11 3 20 1 2 21 34 25 43 33 40 50 53 42 58 52 14 22 30 62 60 29 54 4 17 57 12 41 49 61 37 38 51 39 47 59 31 15 5 45 13 55 46 6 23 48 63 32 56 7 24
26 18 10 43 42 41 51 25 32 44 19 20 50 40 17 8 48 60 16 59 45 53 34 46 21 11 57 24 12 13 33 37 38 58 5 6 55 14 54 29 62 9 61 63 3 30 31 49 7 52 47 1 4 56 0 23 39 2 22 15
37 43 26 17 51 44 45 38 31 21 8 18 29 53 46 25 62 42 9 50 13 0 33 32 20 49 19 41 57 56 34 59 48 16 1 11 58 55 47 10 30 52 2 40 60 61 63 22 23 6 4 3 12 5 24 54 14 39 7 15
44 45 46 52 37 26 42 30 60 53 54 29 17 49 20 19 31 21 34 25 16 39 14 55 11 8 0 18 50 7 10 3 12 51 1 38 9 32 58 2 24 43 61 57 48 13 5 33 41 56 47 62 23 22 40 6 4 59 15 63
19 34 41 33 44 20 42 11 10 37 25 21 26 18 3 48 38 50 9 2 14 39 30 12 1 51 43 24 52 0 46 53 13 4 8 22 49 6 32 40 17 29 55 54 57 58 23 15 16 56 47 31 7 45 5 62 63 60 59 61
19 18 44 20 9 43 10 21 51 42 29 38 13 59 49 37 14 41 39 30 22 15 31 11 12 1 33 0 8 16 50 5 17 24 45 57 40 47 26 2 4 52 55 34 54 23 60 53 58 3 25 63 62 56 46 6 48 32 7 61
37 43 26 17 34 19 20 21 52 46 38 51 59 42 55 60 25 53 41 33 24 49 48 40 13 44 18 12 50 39 54 5 4 62 32 61 14 3 45 16 9 7 30 6 47 2 8 57 31 29 11 23 58 63 10 56 22 0 1 15
19 18 26 34 9 0 17 21 42 25 16 24 14 8 20 50 32 29 33 12 30 39 5 43 51 3 41 22 57 6 37 52 53 40 23 45 48 31 54 13 4 44 49 58 2 63 55 62 15 10 56 7 38 11 1 46 60 59 61 47
19 34 43 50 37 11 26 21 33 44 29 40 17 30 46 18 14 22 10 41 4 12 13 2 15 5 51 52 58 38 6 59 23 8 32 39 48 25 57 42 24 55 20 53 3 45 31 49 47 56 1 16 62 54 60 61 9 63 7 0
44 29 19 42 30 53 52 37 46 51 34 23 62 54 60 26 55 45 21 11 18 12 33 40 13 58 17 16 24 63 38 47 31 41 5 32 8 43 25 59 61 10 39 22 48 14 4 9 2 1 6 15 50 20 57 56 0 3 7 49
19 34 41 18 37 11 9 17 3 0 25 33 16 49 32 20 29 30 38 46 2 10 39 21 55 47 14 13 23 44 51 22 50 8 57 58 52 7 43 45 54 48 1 42 5 53 60 24 12 56 15 4 31 63 62 59 26 61 40 6
26 20 37 44 45 46 13 34 29 12 42 33 21 5 55 25 53 61 14 51 32 47 49 24 18 19 38 15 41 9 3 48 30 4 17 50 58 10 2 40 57 39 11 63 6 52 54 1 56 43 31 23 8 7 59 22 16 0 62 60
44 29 18 42 20 21 22 53 52 30 39 37 26 13 49 56 62 34 12 19 41 5 50 48 45 51 60 23 33 58 14 25 32 43 4 17 59 54 16 24 6 10 11 15 40 57 3 61 2 8 38 9 46 31 0 63 47 55 1 7
26 18 10 34 45 37 46 9 0 2 33 54 63 42 25 32 41 21 11 16 20 43 49 56 51 19 17 48 13 24 12 4 57 40 29 1 8 55 3 30 38 44 53 61 23 47 39 50 62 22 15 31 60 52 14 58 5 7 59 6
19 34 42 20 33 49 13 32 44 21 43 5 25 10 41 48 11 17 16 52 14 2 12 7 57 24 37 38 60 53 45 3 39 18 54 6 40 46 9 30 29 59 31 26 4 56 1 63 51 62 47 58 55 0 8 23 50 22 15 61
19 18 26 34 25 32 43 52 17 9 24 33 44 37 42 16 10 29 0 2 22 51 38 45 50 12 61 46 54 41 20 21 4 55 48 59 14 1 58 39 31 60 3 49 53 57 56 11 30 23 8 7 40 5 6 15 47 62 13 63
19 18 26 34 17 11 10 25 43 2 44 53 9 21 16 32 29 24 52 8 3 4 62 61 51 63 1 12 13 20 33 37 30 38 46 6 14 7 40 55 42 41 15 31 39 48 5 0 49 47 45 56 50 54 57 58 59 23 60 22
44 29 20 43 34 11 30 18 52 38 19 60 21 51 47 13 37 25 58 22 10 50 23 12 42 26 61 49 57 53 17 45 46 62 4 5 56 1 32 24 14 6 33 15 8 55 7 2 16 54 31 40 3 39 0 9 63 41 59 48
19 18 44 45 37 11 46 54 53 38 63 29 9 17 31 26 22 52 47 39 3 15 8 55 13 25 32 43 42 51 21 10 60 0 1 50 62 14 6 33 49 41 24 57 30 61 56 58 40 23 7 2 59 34 20 12 4 48 16 5
26 20 21 18 10 29 37 46 38 9 12 30 19 44 0 13 31 23 52 25 15 5 14 1 32 17 2 24 34 41 45 39 42 33 50 3 55 60 4 22 47 40 43 58 61 51 6 53 57 59 49 16 11 7 8 56 62 63 48 54
19 34 41 18 44 45 26 42 33 43 9 24 37 25 32 16 53 21 17 46 47 52 61 54 62 59 38 40 60 11 12 8 10 39 50 55 14 3 29 5 31 63 49 20 30 58 56 0 13 22 51 4 2 57 48 23 6 1 7 15
44 45 19 52 37 29 46 20 30 26 42 34 12 50 43 47 49 10 38 4 59 61 58 31 21 57 60 22 11 18 53 51 23 48 41 15 55 39 56 62 9 54 33 25 5 6 40 13 7 32 16 17 63 0 1 8 3 2 24 14
37 29 19 43 45 26 50 10 22 54 11 15 17 12 21 38 53 46 5 18 9 44 39 25 52 4 3 51 59 8 63 57 16 14 7 55 33 20 61 24 30 1 23 34 42 13 32 47 62 49 48 41 0 31 56 58 40 6 2 60
19 20 13 12 11 6 29 34 26 21 14 5 37 15 30 2 43 4 42 18 17 33 7 45 22 44 3 38 1 10 24 23 54 51 31 49 56 39 25 41 50 53 32 9 52 59 8 63 60 0 16 61 62 47 46 58 55 40 57 48
44 45 46 29 19 18 21 34 9 20 37 30 39 14 26 42 22 53 61 55 50 38 31 10 23 17 47 8 0 15 52 1 2 49 11 60 48 58 43 13 16 12 4 3 7 25 41 40 54 6 59 5 32 33 56 51 57 24 62 63
26 34 45 20 18 19 12 9 33 43 0 17 51 5 4 1 6 40 2 54 37 46 38 21 62 47 13 61 11 39 29 3 32 14 63 59 48 53 52 41 25 30 7 16 31 44 22 60 8 23 50 57 42 55 10 49 56 24 15 58
26 18 10 20 37 46 12 34 42 29 45 53 38 49 52 51 59 44 58 43 50 21 40 9 19 60 61 2 17 39 31 54 0 23 11 41 63 57 32 62 14 33 25 4 55 3 56 5 48 1 8 24 22 30 16 47 7 13 6 15
37 45 26 38 39 31 53 47 34 44 52 54 19 60 20 30 18 9 62 33 21 61 40 14 43 50 41 32 0 23 59 12 4 17 51 13 25 16 15 5 57 2 49 48 63 42 11 24 56 3 22 29 1 55 46 58 6 8 10 7
37 43 42 41 50 45 44 58 19 21 46 52 34 30 49 33 29 53 40 56 32 47 60 25 22 59 13 15 26 20 31 5 38 23 51 61 14 10 7 17 57 24 16 18 12 11 8 6 62 48 3 4 39 1 54 2 55 63 9 0
26 18 37 43 9 38 44 51 53 29 42 0 58 50 30 52 46 20 60 39 11 55 57 49 45 22 48 59 21 2 31 19 17 23 34 25 33 10 8 16 24 13 15 62 14 32 5 12 4 6 54 61 40 41 47 7 63 56 3 1
19 18 17 20 45 44 37 46 12 26 53 60 47 29 38 21 62 10 14 55 52 13 63 39 11 7 3 51 22 9 31 34 4 23 41 54 30 25 32 5 1 0 33 48 50 58 15 42 6 8 16 49 24 61 40 43 2 56 57 59
19 34 45 37 29 21 41 22 13 10 11 20 31 23 43 39 1 38 12 26 15 5 47 30 25 48 42 9 17 8 14 44 18 7 53 54 3 4 46 32 61 55 49 57 51 50 16 63 56 58 40 62 52 24 59 33 6 60 0 2
37 45 26 20 29 18 12 30 23 42 53 4 34 43 21 17 11 25 33 13 10 3 51 46 9 61 38 22 55 8 14 15 0 50 7 59 16 54 52 44 58 41 47 32 49 39 2 24 40 48 56 62 31 57 19 60 63 1 6 5
44 29 22 43 42 45 21 51 60 14 19 26 6 49 41 7 37 40 33 20 11 46 30 17 34 23 18 25 12 53 24 13 56 58 54 9 57 2 4 50 62 38 10 61 1 48 3 5 32 55 47 39 59 16 15 0 8 52 31 63
19 34 45 21 20 18 13 5 6 37 4 26 44 53 52 43 50 42 29 51 9 12 3 10 2 41 32 38 60 0 30 40 49 24 8 1 39 22 17 16 33 11 31 61 46 23 25 59 14 15 58 47 54 56 57 63 55 48 7 62
19 20 29 38 37 34 12 21 22 4 42 13 43 10 11 49 33 18 50 26 48 40 17 45 32 15 1 14 5 56 53 25 7 8 58 6 47 9 41 30 0 24 31 59 51 44 60 54 61 23 2 62 46 39 3 57 52 55 16 63
44 43 18 53 51 58 45 19 34 29 20 46 54 12 13 26 37 55 11 9 10 25 17 4 3 16 32 22 52 61 30 1 41 48 14 21 33 15 50 38 63 47 31 49 62 2 24 23 8 39 59 42 57 40 7 6 56 60 5 0
19 18 17 9 26 25 16 11 33 41 37 29 0 43 49 8 34 44 52 51 12 53 62 13 50 24 20 40 6 45 21 10 4 60 59 57 3 30 46 55 23 42 39 5 38 2 14 54 58 22 48 15 1 31 61 47 63 32 56 7
37 29 18 43 51 46 45 26 38 59 34 53 22 41 54 30 31 23 33 62 50 25 32 21 47 52 20 9 17 42 13 49 48 39 55 63 44 57 40 11 8 60 10 58 4 2 61 1 0 19 16 12 3 24 5 56 14 15 6 7
44 29 20 43 38 52 34 18 42 22 45 51 61 54 60 41 37 11 12 39 48 13 4 19 25 40 63 3 2 58 47 16 6 46 32 30 31 53 49 50 57 56 26 59 55 24 62 9 0 23 15 10 21 14 33 8 7 17 5 1
19 18 37 29 21 30 39 10 11 44 45 20 53 31 12 13 38 52 54 47 14 55 59 46 63 62 6 51 23 22 9 0 17 25 43 34 61 7 26 1 5 33 24 16 60 3 4 15 8 42 50 32 40 58 57 48 2 49 41 56
19 18 37 11 10 20 26 43 42 9 3 46 0 34 51 2 45 44 21 50 25 8 53 61 4 17 16 58 62 63 41 12 39 32 1 30 13 33 54 38 47 6 59 29 57 5 52 24 22 60 7 14 31 23 49 56 55 15 40 48
19 34 42 20 26 49 37 44 21 38 50 43 51 52 59 41 32 18 29 13 30 53 54 48 56 60 39 58 17 62 45 9 61 47 33 46 12 23 40 31 14 6 22 8 55 63 10 7 4 1 2 25 57 11 0 24 15 5 16 3
26 20 45 44 37 25 51 52 18 38 12 30 46 50 39 10 9 0 53 29 58 42 17 11 22 31 8 34 33 62 61 4 49 43 19 47 21 16 55 60 24 15 23 57 7 40 32 14 48 1 59 54 13 3 63 41 56 5 2 6
19 34 43 52 44 20 21 13 53 11 60 37 25 33 12 61 46 14 2 59 26 10 5 54 9 3 51 24 16 1 15 42 30 23 39 22 41 50 57 38 29 32 62 63 58 18 49 48 31 4 17 40 56 0 45 55 47 6 8 7
37 29 19 43 45 26 50 12 10 51 25 57 5 53 22 11 42 9 61 34 33 41 59 16 58 46 40 60 24 48 20 30 8 14 32 44 56 4 31 18 52 0 2 13 39 23 3 55 21 62 15 38 47 1 17 49 54 63 7 6
44 43 42 51 18 53 59 20 45 52 37 50 62 46 41 61 47 19 26 57 10 39 58 11 55 33 24 17 25 49 3 30 8 16 29 63 40 48 32 12 23 38 21 0 60 9 34 2 54 14 1 22 13 4 5 6 7 15 31 56
26 34 44 37 46 52 53 18 60 62 25 38 42 50 11 39 58 20 21 22 54 33 14 2 43 6 23 19 29 51 7 15 49 13 32 55 4 10 12 41 61 57 5 17 1 9 48 40 8 0 31 56 45 30 24 3 47 59 63 16
26 18 19 20 9 43 29 17 11 12 45 37 50 30 4 3 42 13 8 16 38 25 10 0 6 14 23 53 32 1 54 55 5 21 61 2 33 41 44 7 22 39 47 49 34 51 59 40 52 63 48 31 15 62 46 60 24 57 56 58
26 18 37 43 50 34 19 20 9 52 41 17 51 49 13 0 11 33 32 4 16 22 61 8 25 29 12 24 6 10 44 42 59 46 57 58 53 14 1 2 39 56 48 62 45 47 63 21 54 60 30 55 3 7 5 38 23 31 40 15
44 43 34 25 51 37 16 58 38 26 20 29 18 17 9 46 52 53 62 47 60 12 42 50 30 33 40 23 45 61 39 22 41 19 10 31 59 57 21 0 8 11 13 4 14 24 54 55 49 6 15 32 63 3 5 7 56 48 2 1
19 18 44 43 34 41 9 20 50 52 53 42 26 25 60 11 3 49 51 61 21 12 17 13 45 10 4 29 33 57 56 48 58 1 30 54 8 2 55 31 37 0 39 62 46 47 22 38 32 24 16 15 14 40 63 59 23 5 6 7
26 18 19 34 41 33 43 49 37 44 17 52 48 38 45 42 32 46 53 20 55 25 51 21 50 60 22 12 29 54 10 13 39 23 24 9 4 30 6 5 31 58 57 2 1 0 59 11 15 7 3 47 62 14 8 61 63 16 56 40
37 43 18 38 44 19 20 13 30 21 46 45 52 10 2 47 51 60 54 23 42 41 59 61 11 1 0 12 34 58 53 33 4 5 9 39 29 8 22 6 50 14 16 26 55 3 40 57 25 62 15 31 63 32 24 49 7 17 48 56
19 34 44 11 42 50 3 37 46 20 43 26 29 53 33 55 57 25 52 32 41 59 54 49 48 51 16 17 38 30 21 13 18 2 14 10 22 15 7 8 24 40 9 12 31 23 62 4 60 45 6 63 0 1 61 5 58 47 56 39
26 34 44 37 41 33 42 18 40 19 10 43 38 25 50 51 32 58 17 29 21 45 59 57 46 55 12 16 20 60 24 22 54 4 8 63 49 2 11 52 5 30 39 23 62 3 13 56 61 53 14 48 47 9 0 6 1 15 7 31
44 29 21 13 30 43 50 45 42 57 51 37 19 20 6 34 46 38 12 58 49 22 52 41 40 61 48 33 15 11 60 3 62 23 10 7 39 14 26 5 32 17 8 18 25 4 59 47 55 16 24 63 53 31 1 54 56 9 2 0
19 20 29 18 44 38 22 45 43 37 12 13 47 5 54 53 26 34 9 39 33 21 46 17 25 51 4 41 48 11 2 15 6 16 8 1 52 49 30 23 40 0 42 50 32 62 63 24 61 10 31 56 59 14 57 58 7 60 3 55
26 34 42 18 19 33 9 50 58 11 4 21 40 41 32 3 12 17 10 20 13 5 25 24 37 0 1 2 16 43 52 51 60 61 14 22 6 45 62 29 44 59 54 63 30 53 55 31 23 38 46 15 7 8 39 49 48 56 57 47
19 34 45 11 18 21 33 43 20 17 42 37 38 46 52 26 29 51 14 61 2 13 9 50 25 30 60 44 6 8 41 5 59 1 53 57 4 62 39 40 58 31 49 10 12 15 7 23 54 63 16 56 3 48 22 55 32 47 0 24
44 43 34 45 20 18 51 12 19 26 37 41 53 46 17 42 39 29 5 47 30 22 21 8 54 63 14 7 40 48 33 13 16 23 49 52 15 50 0 38 56 32 55 60 31 6 24 10 3 58 4 2 11 61 1 9 57 62 59 25
37 29 22 30 19 26 23 42 43 46 25 24 44 11 49 15 20 51 60 45 38 39 3 12 47 54 21 50 53 34 10 2 61 63 55 52 1 13 41 33 5 57 16 14 59 62 31 8 4 17 58 9 6 18 32 48 7 40 0 56
26 34 44 18 33 45 46 54 19 47 10 32 41 49 40 21 57 52 29 11 42 1 24 20 43 17 14 48 12 37 8 51 9 13 59 25 61 50 22 16 6 4 38 3 63 58 5 15 56 60 53 62 0 31 55 30 39 7 23 2
26 18 10 29 21 25 30 9 17 20 8 22 37 2 12 13 15 16 14 38 34 6 47 45 24 46 39 19 1 42 53 4 33 43 11 31 3 32 41 54 55 61 51 59 40 5 7 48 56 62 23 49 58 57 63 52 44 50 60 0
37 43 26 17 51 29 8 50 49 57 19 45 54 59 52 11 22 63 42 33 24 30 44 15 20 53 62 40 38 31 18 58 34 25 9 12 4 1 60 10 21 5 6 3 39 41 56 13 55 46 32 48 0 2 14 7 23 61 16 47
37 43 50 51 52 61 26 57 53 38 34 25 45 59 46 54 44 17 24 20 58 29 9 18 49 16 22 1 11 12 62 21 32 33 39 30 13 19 63 23 55 47 10 41 31 14 0 60 8 42 6 15 48 40 7 56 3 2 4 5
26 34 43 50 42 33 44 19 57 51 52 45 24 60 25 41 53 37 12 20 40 18 30 48 38 59 9 29 58 46 21 61 32 23 47 3 17 8 54 11 16 55 14 5 22 13 0 39 62 63 31 56 7 49 6 1 10 4 2 15
19 34 44 37 46 20 12 45 43 42 54 21 52 13 22 31 23 11 49 47 38 50 6 60 33 63 4 56 39 30 59 24 55 26 32 61 62 40 58 41 10 15 51 29 48 1 53 14 7 18 9 5 25 0 16 2 3 57 8 17
26 34 41 21 44 25 20 42 33 43 29 37 45 49 46 13 17 9 5 52 18 55 51 10 24 58 48 30 8 6 57 50 59 54 12 32 39 19 11 60 16 0 14 1 2 4 47 40 22 38 23 3 15 31 63 7 61 53 62 56
37 29 20 43 38 39 44 22 26 25 47 53 52 30 17 8 15 51 34 19 16 14 6 12 31 33 0 21 18 9 4 11 50 57 24 7 61 60 13 5 1 32 45 62 10 41 42 49 40 48 56 54 63 23 46 55 59 58 3 2
26 34 42 18 44 29 21 25 30 41 40 45 17 48 33 52 56 32 19 22 60 10 14 59 20 8 24 50 54 12 13 46 37 31 2 49 55 15 7 6 53 1 16 51 0 9 39 43 57 47 3 11 61 62 63 38 58 4 5 23
37 45 44 43 50 38 42 51 60 20 30 52 46 57 58 59 29 55 26 21 54 47 31 49 13 53 34 19 61 23 39 6 48 14 56 18 12 4 11 22 7 62 41 2 3 10 15 40 32 25 1 0 33 17 16 5 9 24 8 63
26 34 45 18 33 29 19 20 10 43 30 41 12 21 50 3 32 40 48 44 11 1 22 15 5 17 37 13 4 38 53 57 42 49 51 6 47 39 25 55 16 24 14 54 31 52 8 23 2 59 62 56 0 58 7 61 63 46 60 9
19 18 44 11 26 34 9 10 41 43 42 51 50 53 25 40 3 0 17 37 49 48 56 20 46 12 1 16 58 57 33 8 60 52 13 14 59 55 61 54 2 4 5 21 45 62 7 24 47 38 6 39 32 30 22 29 63 23 31 15
44 43 42 45 19 41 54 11 26 33 52 61 40 37 20 53 3 47 24 34 60 21 30 12 17 18 5 51 46 23 50 48 22 13 62 25 10 57 6 59 16 1 2 32 29 38 31 15 39 8 14 7 49 9 58 4 56 63 0 55
26 34 43 52 33 25 44 19 10 53 17 24 60 45 42 40 54 9 38 61 18 63 51 50 59 46 49 11 3 12 37 31 8 20 0 48 57 1 55 21 32 16 14 47 62 41 30 7 4 5 6 2 22 29 23 58 56 39 13 15
26 18 10 34 44 29 22 43 33 9 51 42 41 11 20 21 2 49 8 19 57 32 14 37 40 0 12 13 4 25 1 5 46 7 6 52 24 15 23 48 38 31 50 45 17 3 53 16 47 39 30 60 59 58 56 61 55 54 62 63
26 18 37 25 19 44 43 30 38 29 45 46 55 11 3 54 17 9 16 20 22 52 1 8 32 14 33 50 15 10 6 12 5 21 53 34 39 7 60 31 51 42 24 4 57 58 49 63 41 47 13 59 0 23 61 62 40 48 56 2
19 20 37 44 51 52 13 58 21 38 60 34 30 18 43 12 33 14 50 22 7 26 6 4 5 57 10 3 42 9 17 40 39 15 25 24 16 8 41 59 2 61 45 31 46 23 29 55 54 32 11 1 53 63 49 47 62 56 0 48
19 18 26 34 45 12 42 44 41 29 20 33 10 11 5 48 40 32 43 52 21 54 3 4 13 51 37 6 14 25 53 38 58 59 17 15 46 9 30 2 7 22 49 50 23 24 63 62 47 39 57 55 61 31 16 60 8 0 56 1
37 45 44 29 18 52 53 54 38 43 62 26 20 12 25 17 9 61 63 34 33 40 4 42 51 0 41 21 30 32 10 50 8 1 24 16 46 39 57 59 48 3 49 5 22 23 31 56 2 55 60 14 58 19 11 13 7 6 47 15
26 18 10 9 37 29 22 34 21 45 17 2 1 0 43 51 53 54 55 15 19 63 30 14 44 38 47 31 3 4 20 61 33 42 52 59 23 62 41 40 5 7 39 16 50 58 25 60 46 12 13 32 49 6 11 57 48 56 8 24
19 18 26 34 33 21 41 42 37 20 49 50 43 29 59 46 51 52 12 56 53 3 44 32 10 61 24 25 14 9 8 2 1 0 38 16 48 11 55 40 30 62 45 7 17 47 31 58 54 60 13 63 5 22 15 23 39 6 4 57
19 34 45 20 18 21 12 3 43 52 51 38 14 13 33 26 54 25 31 29 22 47 53 32 11 4 50 63 16 23 10 30 39 57 37 17 55 59 8 15 1 41 5 61 48 42 58 44 2 49 40 56 7 6 46 24 60 9 0 62
37 45 19 38 39 31 54 47 52 53 34 44 51 60 21 26 59 50 58 33 17 29 49 48 41 43 30 14 55 18 10 57 13 62 20 11 9 16 3 6 25 42 5 23 7 12 32 8 2 40 46 22 24 1 4 63 0 61 56 15
37 29 18 46 22 34 45 38 31 19 20 21 47 54 63 15 30 62 55 17 61 26 13 52 9 0 59 39 42 12 8 5 4 6 33 43 10 11 44 40 7 41 2 1 25 50 51 32 49 56 14 24 57 53 23 58 48 3 16 60
37 29 22 46 18 34 41 15 43 9 19 33 55 20 11 2 30 51 42 49 40 21 44 52 56 48 32 45 38 25 13 26 59 4 60 61 53 24 16 62 6 31 23 58 17 50 7 14 5 12 3 47 57 10 0 63 1 8 54 39
44 29 20 13 12 45 30 52 26 18 34 42 60 53 54 62 43 55 46 11 9 10 33 8 2 21 50 38 63 51 5 19 58 40 32 49 0 17 24 39 4 41 48 37 22 14 1 25 23 6 57 3 16 59 61 56 31 47 15 7
19 34 45 20 12 29 37 11 18 25 22 21 26 54 33 42 53 24 43 3 49 30 23 46 63 51 4 39 44 5 14 38 50 31 2 13 59 62 61 7 32 56 41 15 16 58 57 60 47 9 6 1 0 10 17 55 52 8 40 48
26 34 41 21 44 33 45 19 17 48 40 18 14 43 49 29 42 8 9 53 12 11 3 10 25 54 20 37 0 56 63 4 2 50 5 1 59 32 51 55 13 22 62 7 47 46 38 61 52 58 23 16 24 39 31 30 60 6 57 15
44 43 26 19 42 45 37 41 18 30 49 17 11 10 25 24 50 57 54 12 52 59 21 9 29 46 38 47 20 22 14 63 3 2 62 7 1 60 34 4 53 15 13 61 56 48 32 5 23 55 8 16 33 0 58 51 40 31 39 6
37 43 34 41 33 29 49 48 21 32 50 30 22 45 26 13 44 18 31 57 20 15 5 23 51 12 46 53 61 39 25 4 52 60 6 24 10 9 59 19 0 58 16 11 55 54 62 38 56 7 17 1 3 2 42 63 40 47 14 8
37 29 20 45 26 12 13 25 17 34 33 11 10 24 19 42 44 6 14 3 30 31 46 52 1 47 8 9 23 38 21 39 50 49 40 18 53 22 56 51 5 58 55 43 7 4 59 60 2 62 0 16 61 15 32 63 57 54 41 48
37 43 42 29 44 49 19 26 56 51 21 38 50 13 59 12 39 53 10 41 25 60 20 18 52 48 32 34 61 2 40 45 11 58 5 30 9 46 62 63 55 47 23 16 8 0 31 6 54 33 17 4 22 14 7 1 3 15 57 24
26 18 19 34 9 29 43 50 37 10 22 46 51 59 25 15 42 0 1 33 52 21 30 39 31 38 41 11 58 48 12 16 14 2 24 13 3 17 7 6 45 44 49 53 47 57 56 32 62 61 4 20 54 55 23 5 63 40 8 60
44 29 19 42 20 11 10 9 34 45 12 52 26 43 38 31 2 3 60 59 18 33 47 4 58 1 40 32 50 30 61 41 25 51 54 63 5 46 8 57 49 0 24 16 13 56 48 62 22 21 17 23 15 7 14 6 53 37 55 39
37 45 44 29 18 42 43 26 46 34 30 55 21 54 47 14 41 38 13 48 15 49 40 10 58 5 2 23 61 9 39 31 22 32 0 56 12 20 25 63 19 17 62 7 8 1 52 6 11 3 50 60 51 24 4 33 57 16 53 59
26 20 37 25 12 13 19 44 34 42 29 18 11 3 52 5 49 53 41 51 10 17 32 30 22 45 61 54 58 15 31 48 16 38 46 39 59 33 23 50 63 43 21 9 40 14 4 2 60 6 7 24 56 57 8 0 55 47 1 62
37 29 22 46 19 30 31 21 44 42 20 15 55 53 38 14 51 39 23 26 6 10 43 12 45 59 47 63 60 52 4 54 49 56 1 5 18 7 62 2 34 0 25 16 17 13 3 9 58 11 32 33 40 61 41 50 24 48 57 8
44 29 19 10 11 12 1 42 43 50 41 51 59 49 58 52 3 32 13 34 26 25 56 5 18 33 20 60 48 21 61 40 16 9 30 38 46 47 17 4 53 14 15 31 24 62 6 45 63 2 22 7 39 37 54 57 55 8 23 0
26 34 43 50 45 18 57 29 9 44 41 0 37 54 17 16 22 42 19 20 51 21 10 1 11 53 2 3 38 58 13 25 62 47 8 24 30 56 55 32 40 31 4 63 39 23 59 5 46 52 12 48 61 33 14 6 15 49 60 7
26 20 29 38 30 18 19 22 9 17 37 45 31 21 44 1 15 23 12 7 34 39 53 62 33 54 51 25 42 41 46 13 14 43 52 61 63 55 8 11 32 16 0 60 5 10 40 3 47 49 59 6 48 2 4 50 56 57 58 24
37 43 42 29 44 46 21 19 30 14 20 50 22 31 57 51 18 49 55 12 59 9 5 34 26 23 15 45 7 4 3 47 58 11 10 2 41 6 13 25 53 1 17 16 38 61 62 63 52 33 40 32 54 48 56 39 0 8 24 60
26 20 37 42 29 17 11 38 25 21 30 2 13 18 4 39 49 24 16 44 32 5 34 9 14 3 46 56 23 53 1 8 54 55 10 7 52 0 6 45 61 19 15 31 50 33 63 62 47 59 41 43 60 22 57 40 12 58 48 51
26 18 10 29 21 43 37 25 50 14 24 17 13 30 39 33 19 45 53 44 40 38 31 46 32 51 59 20 54 58 7 34 41 42 49 1 52 22 15 62 3 55 47 6 60 48 12 9 61 2 16 8 56 11 63 5 57 4 0 23
19 34 44 21 33 10 20 37 29 42 13 26 38 22 12 4 1 52 11 46 53 54 49 32 41 56 45 50 47 55 5 51 15 17 24 30 31 16 40 14 3 39 61 48 23 60 62 6 57 7 59 63 43 2 18 58 25 8 9 0
37 43 18 19 50 38 10 51 52 29 34 41 32 61 45 49 59 26 33 48 31 11 4 47 25 57 20 24 39 46 16 2 53 17 13 12 8 44 5 60 9 1 54 3 21 22 55 42 40 0 58 6 15 63 30 14 62 23 56 7
19 34 45 20 21 11 42 22 33 49 18 24 12 29 32 41 30 14 15 37 51 53 54 23 10 2 16 17 26 1 56 44 3 43 46 47 0 9 52 57 13 7 25 61 63 50 38 31 39 8 48 4 6 58 55 60 5 62 59 40
26 20 45 44 13 42 43 52 49 17 60 56 34 21 29 46 18 37 38 19 54 63 16 8 51 47 30 12 11 50 55 31 25 3 9 32 62 24 23 5 39 61 33 53 4 41 2 58 10 22 57 59 14 6 7 40 48 1 15 0
26 34 43 18 17 52 33 42 51 32 29 16 10 19 8 45 44 2 9 24 53 61 46 60 1 21 59 50 25 37 54 38 62 47 57 12 22 63 55 20 39 49 13 30 11 14 7 4 40 31 5 6 48 56 15 41 3 58 0 23
19 34 44 11 42 29 22 37 43 30 38 52 10 9 33 45 26 17 50 58 53 51 60 20 18 32 4 23 40 2 1 41 12 61 16 46 49 59 55 24 47 57 56 8 48 13 5 15 54 62 6 25 21 3 14 0 39 7 31 63
44 29 22 45 43 42 52 60 50 34 18 30 31 20 54 57 11 38 51 63 25 9 46 32 58 14 0 2 16 41 33 24 12 13 48 8 4 26 37 15 39 40 62 10 23 56 17 61 53 47 19 21 6 5 3 59 1 7 49 55
37 43 50 45 26 20 54 46 34 44 21 62 29 42 38 47 53 14 22 61 41 17 7 13 25 24 16 15 8 51 63 49 23 10 9 40 31 39 11 55 5 6 52 59 60 2 56 18 12 4 33 58 3 48 30 1 19 0 57 32
44 43 42 45 29 30 46 51 58 53 61 62 52 59 21 12 54 63 50 20 34 57 47 60 13 26 41 32 40 25 31 19 10 48 5 3 11 4 22 55 33 24 37 39 2 6 49 14 7 17 9 1 56 15 8 23 18 38 0 16
26 20 21 22 44 42 34 18 14 37 17 7 19 51 43 11 53 10 41 62 25 40 52 32 12 9 1 61 3 45 30 38 59 13 31 29 2 60 49 58 6 46 54 33 56 23 0 47 8 50 39 5 24 48 55 16 57 63 15 4
26 20 13 18 10 25 19 12 11 5 24 21 29 1 22 37 30 23 38 44 9 0 14 39 45 31 52 33 42 32 8 43 50 17 34 4 47 51 40 58 60 15 53 61 7 3 59 46 55 16 62 2 49 6 57 54 63 56 41 48
37 45 26 38 39 31 23 18 10 29 21 20 30 13 6 22 52 25 17 54 32 43 14 11 50 8 53 2 9 34 4 24 42 47 55 16 46 51 12 33 49 44 41 40 48 5 1 60 19 3 61 0 58 57 59 62 56 63 7 15
19 34 42 18 17 9 33 11 37 43 0 25 44 21 14 32 16 38 45 54 4 52 20 10 60 1 50 53 55 41 46 47 51 26 49 62 40 59 2 57 48 58 56 24 8 7 39 31 29 3 22 12 13 23 30 61 63 5 6 15
26 18 10 43 44 9 0 29 37 45 46 19 34 17 51 42 41 49 33 47 24 2 57 48 21 53 40 30 12 14 38 25 11 5 62 8 22 23 56 61 60 32 39 58 31 20 7 50 1 13 6 16 59 52 54 63 3 4 15 55
44 43 18 21 29 53 14 22 52 13 12 37 34 20 42 6 45 11 4 49 31 19 62 61 54 17 41 2 7 5 56 3 16 25 38 47 55 50 10 9 57 46 51 48 60 59 1 30 40 15 39 63 32 33 24 23 8 26 58 0
44 45 19 18 26 43 37 30 52 61 50 10 11 20 21 22 60 42 12 34 41 58 1 2 38 25 32 40 59 5 4 57 49 13 23 54 62 29 17 31 14 48 51 33 63 6 15 7 46 0 56 9 8 53 16 24 3 39 47 55
37 43 50 51 26 57 34 25 59 29 49 42 18 41 24 52 19 9 53 38 46 20 10 16 33 44 58 21 0 61 40 1 56 8 39 45 2 11 12 48 17 32 22 13 3 23 62 63 30 31 47 5 6 54 55 7 4 14 15 60
19 18 26 20 45 33 12 54 10 13 37 11 3 44 21 38 46 47 42 9 52 60 29 22 30 31 1 4 55 51 8 63 58 43 14 59 49 34 24 56 5 2 17 57 25 32 41 7 61 16 23 40 53 0 39 6 48 15 50 62
44 43 50 21 34 41 32 52 37 57 33 48 51 29 20 25 60 61 38 22 59 39 15 23 13 19 62 4 17 7 18 30 31 58 14 16 9 42 12 40 6 3 45 5 11 63 56 53 49 47 46 2 26 10 54 24 0 55 8 1
26 18 37 25 17 16 10 3 32 24 8 11 19 43 42 29 34 38 20 12 52 49 45 33 51 50 21 53 2 9 31 40 56 1 0 46 61 44 54 13 58 39 59 41 14 55 4 6 47 60 5 57 63 62 7 30 22 15 23 48
19 34 45 21 43 44 25 50 42 49 41 54 29 53 56 11 10 33 58 37 24 48 3 59 46 17 16 26 61 12 22 55 13 57 40 18 38 1 51 32 39 15 2 4 60 9 52 8 14 62 31 5 20 47 6 23 0 30 7 63
37 43 42 29 44 34 21 50 49 22 26 13 14 6 51 20 45 46 47 52 53 25 30 54 12 62 15 48 63 41 56 55 61 31 57 4 60 59 39 23 38 33 40 7 11 18 2 10 3 1 9 17 5 19 32 24 58 8 16 0
19 18 37 29 20 43 26 45 9 12 44 42 13 33 46 53 30 10 60 61 62 31 54 39 22 15 2 11 55 14 21 34 51 63 40 50 5 4 58 25 17 1 38 41 48 47 3 57 8 52 0 59 16 24 49 32 23 56 6 7
26 20 45 42 43 44 51 54 53 34 19 61 33 18 11 25 46 10 13 49 29 41 32 9 37 39 8 40 50 3 2 17 16 60 48 6 12 21 1 58 22 57 52 14 15 59 63 56 4 5 7 30 23 55 62 38 47 0 31 24
37 43 34 41 51 38 19 50 33 18 52 32 25 20 48 53 59 16 13 26 39 57 49 42 24 45 11 58 40 56 29 6 21 30 22 23 10 3 14 44 60 46 5 9 54 63 1 61 2 12 4 31 47 0 17 55 62 15 8 7
26 20 45 25 19 10 24 33 17 34 41 32 43 44 42 48 53 16 40 52 18 62 12 46 60 51 47 9 59 39 8 55 0 5 50 11 13 4 2 1 56 29 38 14 3 58 6 37 61 21 63 7 49 30 15 23 57 54 31 22
37 45 26 20 13 38 21 19 12 18 29 11 30 23 44 51 39 31 58 4 53 52 2 46 47 61 9 34 59 60 43 55 25 32 24 22 54 63 5 0 16 8 10 42 62 3 50 17 33 1 15 7 14 49 40 6 41 48 57 56
26 34 42 33 45 19 10 29 18 43 21 25 40 32 51 14 16 49 24 59 20 11 13 9 52 54 30 38 2 8 58 17 46 6 7 47 1 22 37 50 39 48 31 12 4 0 56 61 60 5 41 3 55 15 23 57 44 53 63 62
37 29 18 43 30 38 46 19 42 9 51 59 34 45 10 21 14 31 20 22 12 41 49 47 44 5 55 57 4 26 33 13 56 54 0 3 48 7 39 1 63 52 15 17 16 32 6 62 40 8 24 23 60 50 61 58 25 53 2 11
26 18 37 25 19 45 17 9 24 38 8 32 44 34 30 52 42 23 46 12 11 20 40 16 43 54 4 0 33 48 39 10 1 53 47 3 29 2 22 41 61 5 60 13 14 59 15 6 51 50 49 63 62 31 7 21 56 55 58 57
19 18 37 20 26 44 11 38 46 54 39 4 51 52 13 21 10 6 62 42 43 9 14 34 49 55 2 29 8 47 3 1 12 53 45 5 60 58 59 56 33 50 17 24 22 23 7 15 63 25 16 61 57 0 30 31 41 48 32 40
26 20 21 34 19 14 43 12 25 18 7 41 44 22 42 29 15 32 4 49 56 57 9 30 37 52 60 61 31 5 58 45 3 59 53 13 51 11 33 50 54 47 16 2 6 10 38 40 17 46 63 24 48 0 62 39 55 23 1 8
37 29 18 45 38 47 39 44 20 46 53 11 30 34 55 31 21 62 4 52 43 13 19 50 23 22 54 51 42 10 6 33 12 14 60 59 1 17 2 3 61 63 58 57 32 41 49 25 16 0 56 24 7 15 9 48 40 5 26 8
26 34 45 18 42 37 41 29 38 43 52 50 21 30 9 12 25 46 59 33 13 61 51 60 20 44 49 58 47 40 56 39 53 16 17 22 11 4 19 57 31 23 6 5 15 32 62 2 48 14 1 55 24 54 10 8 0 3 63 7
26 34 44 20 19 37 46 53 21 39 51 52 42 12 62 54 29 18 38 55 5 58 10 33 60 2 17 25 41 40 32 14 30 9 49 45 24 50 1 3 47 57 43 16 61 22 8 0 48 56 6 31 23 15 13 59 11 7 4 63
44 43 26 29 51 18 22 45 37 59 50 53 62 30 21 54 10 14 63 17 25 12 13 57 16 5 23 61 42 20 58 31 52 34 46 38 6 47 41 40 32 39 11 3 49 33 56 2 19 7 9 60 15 1 55 24 48 4 8 0
44 43 50 53 26 51 52 61 34 45 62 57 54 19 49 33 10 46 37 11 38 29 59 58 56 9 32 30 3 60 18 31 1 63 42 55 21 25 23 24 22 13 41 4 5 20 39 47 15 40 17 48 16 0 6 7 2 14 8 12
37 29 18 42 19 11 4 17 30 46 25 23 38 45 31 33 15 9 43 21 49 50 58 41 34 56 0 1 20 39 52 61 47 10 51 12 48 26 14 53 16 55 2 8 32 44 22 7 13 57 6 24 59 40 5 60 54 63 62 3
19 20 37 44 21 12 45 22 52 34 5 18 30 54 17 14 23 13 38 9 33 15 6 25 0 32 41 7 63 3 26 4 11 31 29 53 62 47 46 24 16 60 40 10 51 58 2 1 43 49 8 55 39 42 61 59 50 48 56 57
26 20 21 34 44 22 18 37 42 49 30 9 12 45 10 14 53 2 23 62 19 5 0 8 56 29 6 13 33 41 40 43 3 4 16 39 1 7 17 15 46 52 25 24 59 32 51 31 38 58 61 50 57 55 54 48 11 60 63 47
37 45 53 20 21 29 19 18 30 11 2 31 9 17 22 4 16 13 5 44 46 47 54 26 38 8 43 12 23 6 25 55 3 10 7 51 59 39 63 33 24 42 40 1 52 15 0 34 50 41 32 60 58 14 61 57 56 62 49 48
26 20 29 22 45 34 12 11 18 37 13 14 44 10 4 51 52 54 30 59 2 53 61 46 39 62 33 47 43 60 19 41 63 42 31 24 38 17 25 5 55 21 6 7 49 48 23 32 50 56 8 15 58 9 1 57 3 0 40 16
19 34 43 18 25 11 29 30 21 51 50 32 16 37 4 3 2 49 45 17 59 52 57 33 41 12 20 48 13 14 23 5 61 46 47 26 6 42 24 10 60 8 9 31 58 0 38 44 15 39 40 55 56 1 22 53 62 7 54 63
26 18 44 29 20 34 38 37 45 54 17 21 10 42 46 13 33 43 62 47 19 16 14 25 30 63 11 61 49 1 5 55 53 41 39 3 50 59 32 31 58 56 9 12 23 7 15 24 4 2 0 57 52 40 8 60 22 51 48 6
44 43 26 19 50 17 8 25 33 37 20 24 30 42 10 58 57 21 59 45 53 39 49 12 11 1 9 34 13 51 18 62 32 41 0 3 14 46 60 22 23 15 7 29 2 40 38 4 16 6 31 56 54 47 55 61 52 63 48 5
26 18 19 34 33 32 40 20 29 38 24 25 30 22 13 4 12 16 47 11 31 37 6 21 5 3 8 7 14 41 48 17 44 23 42 52 9 39 10 55 15 2 46 45 60 1 53 43 63 62 51 61 50 58 54 59 0 49 56 57
26 20 13 25 19 42 45 44 33 12 53 14 4 41 6 5 18 11 9 21 34 3 50 49 37 38 56 51 31 43 7 30 2 29 59 52 32 58 46 61 22 16 17 15 60 48 40 24 54 0 10 62 47 8 39 23 57 1 55 63
26 18 19 20 29 37 10 34 43 33 46 11 3 44 45 52 59 61 25 9 42 1 60 12 17 24 41 30 23 48 62 51 21 8 32 4 0 14 7 55 49 38 31 13 5 53 58 15 50 57 56 39 6 22 16 54 47 63 2 40
19 34 43 20 37 29 22 10 12 52 41 46 11 44 45 3 9 30 51 50 47 18 21 2 31 4 42 15 23 0 58 26 53 33 24 39 25 55 14 59 5 38 17 60 61 48 49 57 56 13 8 6 32 16 1 62 54 40 7 63
37 45 26 29 38 31 22 18 53 30 23 43 10 46 47 52 21 14 39 44 12 17 6 62 59 9 42 55 19 13 8 1 54 34 11 2 5 7 3 15 20 63 33 4 25 0 41 32 40 24 60 48 49 50 56 51 16 57 58 61
19 20 37 34 26 38 43 18 29 30 25 24 21 51 16 41 32 14 33 40 48 17 10 42 44 11 39 1 58 50 3 12 9 4 49 60 59 0 5 2 7 57 31 6 52 22 15 46 8 53 54 56 47 61 23 45 13 63 55 62
26 18 37 25 24 34 41 29 30 32 9 11 16 8 10 2 4 31 20 12 38 44 13 21 43 5 52 53 45 51 59 3 23 60 14 39 61 33 6 58 1 50 46 19 40 54 49 7 47 17 57 42 0 55 15 22 63 48 56 62
19 18 44 45 37 43 52 53 17 59 60 38 46 54 63 21 30 55 12 11 20 62 51 29 3 16 61 50 13 31 57 22 10 34 47 49 15 1 24 32 23 6 58 2 39 4 48 33 41 5 14 7 42 25 40 8 56 26 0 9
26 18 10 20 29 38 44 52 30 9 8 17 24 31 53 0 60 16 37 43 39 32 21 34 50 3 19 62 45 59 23 51 54 12 4 41 42 63 25 11 55 33 57 58 2 46 40 56 13 22 47 48 15 5 14 7 49 61 6 1
37 43 34 41 50 59 26 18 48 29 52 32 22 46 57 42 10 9 45 17 8 30 23 3 19 31 11 0 39 38 61 16 24 58 33 51 54 55 1 2 60 62 20 21 53 25 13 47 44 40 12 56 63 5 14 7 4 6 49 15
44 29 22 42 18 52 45 38 47 26 34 41 54 31 19 20 12 17 50 63 8 21 48 15 23 43 51 14 5 4 37 33 7 10 46 55 30 58 24 49 11 2 60 6 25 16 61 0 13 40 57 62 3 59 1 39 32 53 9 56
26 18 10 29 45 42 20 17 24 21 25 8 43 50 16 54 49 41 63 12 33 34 30 44 52 39 37 2 57 46 14 38 51 60 47 62 59 48 61 53 11 22 3 4 32 40 15 13 5 55 23 31 56 19 0 9 1 6 7 58
19 18 17 43 26 11 12 20 51 42 29 13 49 59 34 30 21 41 31 25 4 57 14 15 3 44 48 9 5 10 22 39 32 23 0 16 56 50 2 8 1 38 33 6 45 37 53 52 47 61 62 24 58 54 7 63 60 40 55 46
37 45 53 34 42 43 26 41 49 18 9 19 50 0 48 54 44 61 46 58 62 32 33 47 25 21 12 11 59 13 63 17 38 40 8 55 5 3 56 24 16 51 39 57 29 14 60 52 4 22 7 31 1 15 23 6 20 2 30 10
19 34 42 50 44 21 33 10 29 43 18 37 30 32 45 39 26 38 12 20 41 52 14 11 2 5 25 48 13 1 54 53 22 9 0 16 31 15 62 51 3 24 17 47 4 6 57 55 59 49 56 46 7 23 63 8 60 58 40 61
19 34 44 21 43 37 26 10 29 20 33 38 30 52 39 47 11 42 55 24 46 18 12 45 9 14 60 4 7 53 17 31 25 59 41 16 62 8 32 51 3 49 23 2 57 61 54 5 1 13 6 40 50 56 22 58 48 63 0 15
44 45 46 29 19 42 20 21 43 47 38 30 14 7 52 26 41 12 31 60 18 37 61 39 4 23 22 49 55 40 11 53 15 62 34 33 6 25 50 63 24 54 56 32 48 59 9 17 13 0 1 2 5 16 10 3 58 51 8 57
26 18 10 34 45 21 20 19 22 14 6 9 8 12 33 43 42 11 52 1 3 0 29 50 51 15 30 59 49 4 2 13 37 39 44 25 16 53 54 63 55 61 17 31 62 57 5 56 38 60 48 24 32 41 40 7 58 46 23 47
26 34 41 20 29 48 11 18 25 22 38 12 44 10 45 30 2 32 17 9 0 19 4 53 16 1 37 54 63 21 24 46 42 3 39 5 51 31 23 8 55 50 40 62 33 43 52 60 58 59 56 13 6 49 47 15 61 14 57 7
26 18 10 34 44 29 33 52 20 11 53 42 12 2 19 43 21 37 49 32 41 13 25 51 1 9 59 0 6 58 14 15 4 54 45 48 7 50 57 61 23 16 63 17 8 55 24 22 60 40 5 3 31 38 30 39 56 46 62 47
26 34 45 17 33 44 18 46 43 42 8 19 49 41 20 10 52 25 24 12 48 37 21 51 9 14 60 16 3 57 47 61 11 13 62 2 15 58 32 38 56 40 59 50 30 29 54 0 53 55 39 1 63 31 23 6 22 4 5 7
37 45 53 20 19 38 29 34 31 47 21 14 13 54 26 5 44 42 63 43 46 18 49 50 33 61 12 4 41 25 57 39 30 11 62 51 58 23 2 48 7 10 1 9 40 60 8 24 56 55 59 52 16 32 15 6 17 0 3 22
26 34 43 52 33 32 42 41 40 20 29 48 13 24 45 6 11 37 49 53 44 25 62 51 50 59 17 54 30 21 55 18 16 63 14 58 22 8 12 23 60 19 56 57 38 7 0 3 15 46 39 4 2 10 5 1 31 47 9 61
44 45 26 20 29 43 50 38 12 4 54 17 30 31 19 34 53 11 8 63 55 47 5 18 37 42 39 62 23 13 9 25 2 46 6 10 52 1 0 61 41 14 60 21 16 58 15 7 22 51 57 49 33 3 48 32 40 56 24 59
26 20 37 46 13 25 18 44 32 24 45 11 4 40 43 42 29 9 53 30 52 21 50 5 34 33 10 17 23 61 60 41 48 58 6 59 38 31 55 2 57 51 0 56 14 12 62 19 16 63 39 54 49 8 3 7 47 22 15 1
19 18 17 9 44 43 1 0 51 2 25 16 45 46 29 37 53 60 42 30 21 20 31 14 13 33 62 38 11 3 47 12 10 26 49 54 41 61 7 32 5 4 59 15 52 40 24 50 55 39 48 22 8 58 57 6 34 56 23 63
26 18 19 34 33 20 29 32 43 37 12 11 42 41 2 44 50 25 40 30 31 49 45 17 16 59 48 53 56 21 51 4 38 5 52 60 14 54 61 39 24 62 3 57 47 9 0 7 10 1 63 22 13 23 15 46 8 55 6 58
19 20 13 10 45 44 29 37 11 18 53 52 60 61 46 30 17 3 38 21 1 39 34 31 62 43 14 25 26 22 12 24 55 47 32 16 9 51 41 40 54 33 59 58 42 63 8 49 56 4 5 6 48 23 7 50 2 57 15 0
26 34 42 33 41 17 32 20 21 44 13 19 52 48 10 50 51 6 25 3 49 22 1 37 23 31 9 11 5 15 12 53 59 4 29 18 57 56 62 43 60 30 14 40 46 58 24 55 45 2 7 61 38 8 16 47 0 63 39 54
44 43 34 45 53 33 37 52 18 38 29 22 60 46 39 21 20 19 23 13 51 62 6 10 14 55 1 58 30 12 61 11 32 9 42 54 47 26 8 59 50 24 25 7 5 16 41 49 40 48 63 2 0 15 57 4 17 56 3 31
44 43 18 53 34 26 51 29 21 59 37 42 33 10 58 14 25 60 11 22 45 12 30 57 6 16 2 20 61 41 56 31 19 50 24 15 3 4 39 17 38 49 13 54 8 7 47 46 23 52 48 9 40 63 1 55 5 62 0 32
19 34 45 21 20 18 10 37 13 12 43 1 33 54 14 41 46 55 17 30 11 42 22 15 7 9 2 25 6 4 49 51 59 44 38 29 3 5 48 58 50 39 32 26 24 8 47 40 52 61 60 56 23 57 0 16 31 53 63 62
44 45 19 43 51 50 53 34 42 41 37 52 60 30 25 29 31 33 58 20 49 10 1 59 13 61 62 11 2 38 46 21 12 22 15 3 4 9 14 40 18 17 16 57 56 54 48 6 32 0 39 47 55 63 7 5 26 23 8 24
37 45 44 29 38 46 52 39 31 51 22 42 54 60 34 23 43 55 61 62 50 58 47 13 20 19 26 33 41 48 15 49 63 30 12 5 18 53 57 56 32 14 21 9 4 3 7 25 17 10 59 8 40 11 24 6 1 16 2 0
44 43 18 37 30 38 51 22 39 46 55 34 14 9 19 52 60 29 42 61 0 23 45 31 54 47 62 10 20 5 50 13 25 53 6 8 2 11 21 49 56 26 16 4 15 12 1 7 59 32 58 33 17 63 40 48 3 24 41 57
26 18 37 45 44 34 53 62 33 40 25 38 10 54 52 19 46 51 58 39 55 60 43 17 30 21 22 23 16 2 14 9 0 29 32 20 48 59 1 7 3 57 15 12 5 42 49 4 11 6 61 56 8 63 50 13 31 41 47 24
26 34 45 37 43 20 21 51 42 19 59 49 11 54 13 18 25 12 17 44 53 22 52 16 30 33 10 38 41 50 5 6 14 32 62 61 29 2 56 4 8 23 40 9 3 57 15 0 46 7 1 48 24 39 60 55 63 58 47 31
44 45 19 34 54 20 33 11 3 52 53 63 46 41 59 32 62 60 61 38 21 55 37 12 29 22 4 13 31 2 18 17 9 30 1 0 43 23 16 50 25 39 57 26 48 51 47 6 40 8 5 58 15 7 42 10 24 49 56 14
26 20 21 34 42 29 30 41 19 50 45 13 12 37 38 25 18 5 43 53 24 9 6 51 48 39 46 44 14 16 10 33 60 54 58 49 40 56 31 22 55 11 52 61 3 23 0 47 2 63 62 7 17 57 32 8 1 4 15 59
19 20 29 22 30 18 10 2 14 38 44 37 21 52 43 51 47 39 60 55 26 53 11 45 62 6 46 42 50 25 33 34 17 54 7 57 3 41 48 59 5 16 9 0 1 40 61 24 32 56 15 63 31 23 58 8 13 4 12 49
19 34 43 52 44 20 37 30 26 29 31 17 25 11 61 50 45 46 38 60 9 54 10 47 62 33 21 14 51 24 53 22 41 59 49 42 15 48 32 23 12 1 8 2 56 55 13 16 39 5 6 57 4 40 58 3 18 7 0 63
37 45 53 34 42 50 26 20 49 25 18 48 58 51 19 10 44 21 1 11 9 46 3 61 22 60 56 4 5 13 12 43 24 41 62 32 59 16 33 31 38 0 54 39 30 14 15 7 8 17 6 2 29 47 57 52 40 55 63 23
26 20 13 18 21 25 17 16 34 29 8 43 37 14 10 5 50 45 41 0 32 33 22 49 40 44 38 24 53 9 4 62 48 54 61 6 55 23 51 47 15 60 31 42 52 57 58 63 12 56 7 2 46 39 30 3 19 11 1 59
37 45 44 43 42 41 50 59 52 29 34 33 40 32 22 51 24 30 49 60 46 53 19 14 25 16 21 20 11 3 61 62 8 47 26 17 15 48 9 13 58 57 12 1 10 4 23 6 55 63 18 7 56 38 39 0 31 2 5 54
37 29 19 43 44 26 22 53 51 30 21 12 38 46 25 33 62 24 39 31 11 42 13 14 45 10 23 47 4 61 3 15 6 7 54 58 50 63 17 1 41 52 59 49 9 32 60 34 40 16 48 18 20 8 2 5 57 55 0 56
44 45 19 18 17 29 46 11 4 54 37 42 21 30 53 43 49 55 23 61 51 34 25 9 26 33 41 20 16 60 58 8 0 50 47 12 24 10 63 31 52 56 59 48 39 22 14 1 38 15 5 7 13 62 2 57 40 32 3 6
44 29 21 43 37 53 42 30 39 13 45 31 23 34 62 49 20 19 12 51 50 14 26 18 9 41 32 25 10 3 7 33 24 22 58 59 60 46 11 4 48 16 40 61 8 63 47 1 15 2 17 57 0 55 38 6 5 52 56 54
19 20 21 34 42 18 33 12 3 11 37 14 10 45 29 38 39 49 30 2 54 4 56 31 23 22 15 46 1 62 9 52 53 44 60 26 51 40 6 55 32 24 63 59 61 0 43 58 50 7 5 47 17 41 8 25 57 13 16 48
19 20 13 42 37 12 11 38 21 10 43 34 49 5 1 14 7 26 45 44 25 15 46 30 29 3 51 9 4 59 2 22 60 54 52 0 31 61 47 55 63 16 33 53 23 58 50 56 8 24 41 17 48 39 18 32 40 57 6 62
26 34 44 37 30 21 20 39 14 18 42 29 38 53 9 10 51 45 54 55 43 7 2 19 62 47 11 12 17 1 23 31 63 59 50 57 58 3 4 5 13 0 56 61 60 41 49 16 33 52 6 40 25 32 15 22 46 48 8 24
37 29 19 45 38 47 53 61 30 10 46 23 20 43 60 21 18 59 2 34 50 51 22 49 41 15 54 39 55 52 48 13 42 40 32 62 5 33 31 6 24 17 25 57 11 12 16 1 7 14 3 9 44 4 0 8 58 56 26 63
26 18 10 9 19 34 45 21 42 37 29 11 20 38 30 25 3 22 2 4 31 53 12 43 33 41 16 1 51 47 15 46 49 8 54 14 52 48 7 13 17 23 6 61 40 32 60 44 5 39 62 59 55 50 24 58 0 63 57 56
26 34 45 19 42 29 11 10 21 13 12 49 14 3 44 43 50 51 60 59 52 54 37 33 9 53 46 1 63 5 41 23 58 61 18 39 20 48 24 55 40 57 56 17 15 32 47 6 38 22 31 2 62 4 16 25 0 8 30 7
19 18 26 34 42 44 33 21 43 10 53 32 40 48 41 25 14 50 37 7 12 52 49 56 59 57 1 17 20 38 60 11 24 2 51 29 45 5 9 0 46 54 39 55 4 30 23 31 3 15 47 61 6 58 63 16 22 13 8 62
19 34 42 50 37 21 41 46 59 11 43 44 29 49 13 30 45 52 23 33 32 24 26 58 56 25 16 60 10 12 51 57 55 31 53 47 18 38 61 62 40 20 54 63 3 14 5 1 22 15 4 48 9 39 7 6 0 2 17 8
44 29 20 43 42 11 19 26 3 49 21 45 51 2 54 22 17 58 13 5 15 10 52 23 50 30 31 60 14 38 59 34 46 4 48 63 57 33 61 56 41 7 6 8 32 25 9 12 37 40 53 47 62 55 18 24 39 16 0 1
19 18 26 34 45 20 42 29 12 50 25 11 30 54 49 32 51 58 33 4 16 37 5 10 2 1 53 48 63 40 56 9 43 52 8 24 59 46 41 62 44 21 3 6 61 17 47 39 31 23 0 55 15 60 38 13 7 57 14 22
44 45 46 29 37 43 19 53 26 18 10 47 51 25 33 50 30 1 57 21 11 12 17 40 22 39 54 52 14 32 59 6 20 61 5 4 15 16 9 38 31 8 0 49 41 58 7 56 63 23 3 34 48 55 62 42 60 2 13 24
19 20 37 34 12 43 33 11 10 25 26 41 51 5 16 46 4 42 48 49 50 17 24 56 55 60 52 18 44 38 40 59 30 45 53 47 39 31 6 13 57 58 21 23 29 61 15 2 1 54 3 8 9 22 63 32 14 7 62 0
19 34 45 21 41 26 33 11 29 40 32 37 13 42 50 30 18 12 20 10 4 49 38 17 43 5 6 46 48 58 22 3 16 51 54 14 52 25 2 62 15 23 39 56 24 57 31 9 8 61 55 7 59 44 60 47 63 1 0 53
19 20 13 18 34 42 29 33 49 50 43 52 41 21 11 30 32 4 9 22 44 48 40 51 56 37 46 45 54 26 14 10 2 25 39 6 60 8 7 31 12 15 5 47 55 59 53 58 23 62 38 17 1 16 61 24 57 63 0 3
26 20 37 42 29 17 25 33 8 21 13 9 34 30 23 11 24 5 32 41 10 38 44 52 18 0 4 2 12 1 50 49 22 43 47 14 45 3 40 53 54 31 57 19 7 63 62 16 51 58 39 15 46 60 59 56 6 48 55 61
37 29 18 26 22 9 17 25 20 45 44 43 0 38 42 1 24 19 47 30 50 21 31 32 54 51 12 34 10 13 59 52 2 41 40 48 61 11 33 60 53 23 16 62 49 8 56 57 63 39 14 55 58 3 5 4 6 15 46 7
37 43 50 29 19 26 18 57 34 9 21 33 32 42 17 30 20 25 1 44 45 10 49 40 51 0 39 59 60 13 12 31 14 4 2 3 22 15 7 6 48 16 24 54 52 61 11 58 63 41 23 53 38 55 47 46 5 56 8 62
44 29 19 26 17 25 22 43 51 30 20 50 37 8 21 12 38 31 42 52 4 13 15 23 14 7 58 6 11 46 5 3 55 59 39 33 49 54 2 53 60 1 18 56 62 45 34 63 16 9 48 61 47 57 41 40 24 32 0 10
26 18 19 34 9 29 43 44 30 0 42 22 25 32 14 17 52 45 20 60 16 15 2 13 54 46 33 12 21 38 23 31 61 40 10 8 24 59 5 63 53 4 51 11 7 49 62 6 50 57 58 47 39 55 37 41 56 48 3 1
19 18 26 20 12 10 44 34 25 5 4 45 11 43 52 3 38 13 2 60 29 1 53 31 14 54 63 17 42 22 59 15 47 24 61 21 8 50 51 46 23 62 9 0 49 56 55 57 32 30 37 58 7 33 6 40 41 39 16 48
19 34 43 52 41 25 51 20 13 33 53 26 40 17 44 62 42 59 60 37 46 61 18 30 16 54 45 50 63 55 47 49 57 12 5 58 38 9 23 24 1 22 21 8 39 31 10 56 29 0 32 48 6 4 3 2 15 11 14 7
19 18 37 11 10 20 9 25 3 45 17 4 5 2 1 29 33 34 54 16 21 46 26 38 24 22 44 43 52 63 8 59 23 32 41 13 40 15 47 50 31 53 60 42 12 39 58 61 30 51 62 0 7 14 6 48 49 57 56 55
44 45 19 52 54 46 60 43 38 47 50 29 53 42 37 20 13 18 17 59 21 6 5 9 7 10 26 57 49 63 1 0 12 16 39 31 51 22 14 55 30 41 56 48 62 4 8 2 58 24 23 25 3 61 34 15 33 40 11 32
44 43 42 51 26 19 18 45 10 21 34 1 50 9 46 52 11 49 0 33 29 8 61 37 22 47 48 17 2 41 16 15 12 20 32 59 23 40 54 62 30 58 57 14 5 4 3 56 53 60 7 24 55 39 31 13 25 63 6 38
44 43 34 45 20 12 13 33 11 26 41 19 37 30 17 21 32 48 53 25 49 61 51 24 29 58 16 22 39 8 46 14 31 52 60 42 7 50 57 5 0 15 4 56 59 3 9 23 62 1 40 54 10 18 2 38 55 6 47 63
26 20 37 44 45 46 13 42 38 29 43 39 49 17 54 19 11 52 53 55 22 18 61 60 47 41 21 12 34 4 3 51 48 23 50 2 25 5 10 33 24 58 59 16 8 56 31 62 40 63 14 57 15 9 32 7 1 0 30 6
37 43 34 25 19 29 33 18 52 41 30 22 17 50 51 59 21 9 15 31 49 11 23 61 42 60 53 14 26 56 6 58 10 44 4 54 32 7 13 12 48 24 2 46 3 1 45 20 38 5 8 47 40 39 16 0 55 63 62 57
37 43 18 38 42 34 51 20 19 49 25 50 21 59 39 12 29 17 10 30 26 46 5 16 24 1 56 41 53 22 11 3 44 32 14 52 33 8 60 62 13 55 4 57 40 48 2 6 15 23 54 45 58 7 9 61 47 0 63 31
37 45 26 18 53 25 9 10 17 29 20 13 30 0 12 44 24 38 6 8 11 61 47 31 2 19 33 1 52 21 62 34 23 40 32 16 39 41 14 63 54 22 15 42 49 57 48 56 4 3 5 46 60 51 55 43 59 50 58 7
37 45 26 20 19 38 21 10 18 42 29 22 30 11 53 14 4 61 44 12 3 46 47 9 49 13 2 39 23 52 54 55 15 17 60 59 16 56 25 24 43 8 62 5 32 51 0 33 63 7 50 57 6 58 41 31 34 1 48 40
44 43 26 19 12 21 51 25 14 45 29 5 3 23 7 42 54 20 49 4 37 30 17 9 24 53 50 57 10 63 39 33 52 34 6 59 38 11 46 13 8 41 32 22 15 2 16 40 31 1 58 60 62 47 61 55 18 0 56 48
26 18 44 29 30 45 37 34 33 40 9 42 50 43 52 21 54 23 14 19 31 17 8 58 41 53 15 0 46 25 1 63 57 51 61 56 62 47 60 13 48 24 32 7 12 10 38 49 16 39 20 55 59 22 3 6 4 5 11 2
37 29 21 30 22 45 53 12 18 42 43 23 49 44 38 50 14 20 3 31 39 34 11 56 33 19 26 5 58 52 51 9 6 4 2 13 15 25 24 61 46 7 48 57 60 10 0 54 59 41 55 63 62 1 32 16 17 40 8 47
37 43 26 19 12 29 44 42 41 51 59 38 22 49 34 30 21 33 23 13 4 45 52 61 48 15 25 10 7 40 17 16 50 3 54 9 20 6 11 57 5 46 32 14 31 24 2 39 8 47 53 58 62 18 60 63 56 0 55 1
19 18 26 34 42 50 45 21 25 10 44 54 14 37 43 24 20 7 63 53 52 29 22 12 41 51 49 59 13 55 3 57 17 9 60 33 15 61 32 23 38 2 31 4 11 5 0 40 1 8 56 30 47 58 46 16 6 39 62 48
44 29 21 45 30 52 53 22 19 54 23 18 17 26 33 13 63 11 34 16 43 50 42 49 51 25 3 4 14 12 56 41 37 2 57 62 24 20 8 38 10 59 58 9 1 39 60 46 31 7 61 40 48 6 15 47 5 32 55 0
19 34 44 37 43 51 25 20 29 26 52 41 59 38 46 11 21 22 3 60 23 42 49 13 47 30 45 55 50 39 40 12 4 48 33 58 31 5 14 18 9 16 56 15 53 57 17 7 61 2 6 54 62 63 24 10 32 8 1 0
37 45 53 20 21 38 19 18 34 54 29 22 39 52 12 33 32 43 17 3 14 7 13 41 26 25 51 11 9 50 23 0 42 16 58 15 30 46 4 31 8 6 47 57 56 10 60 61 59 5 1 55 49 2 24 40 63 48 44 62
19 20 21 18 17 13 44 9 1 45 46 29 22 34 4 15 38 54 41 10 3 52 31 14 60 53 7 59 62 43 58 63 37 39 11 5 26 25 6 48 51 23 33 24 61 50 55 47 49 8 42 0 16 57 32 2 30 40 12 56
26 34 44 37 42 20 29 22 12 4 30 41 15 38 43 51 46 39 45 54 62 50 49 52 57 21 61 48 11 31 33 19 47 40 10 9 5 18 3 60 13 14 25 17 0 16 59 24 32 2 23 56 53 55 63 6 7 58 1 8
19 20 21 12 45 26 17 14 4 42 22 25 18 11 7 5 6 9 32 54 0 33 41 40 34 16 29 1 51 24 8 37 2 15 53 49 48 38 57 30 39 60 10 52 23 31 50 43 46 13 3 47 44 61 62 55 59 58 56 63
19 34 45 20 18 44 29 54 12 9 17 13 52 59 60 43 21 30 5 6 42 11 63 37 3 22 23 4 39 2 25 10 26 61 38 32 33 24 53 50 8 14 57 46 31 41 51 62 47 55 15 0 58 49 1 48 56 7 40 16
37 29 22 30 20 43 50 38 46 51 34 57 59 15 52 31 49 26 17 45 21 55 23 11 19 41 2 12 44 18 7 25 14 13 48 33 5 16 54 61 42 3 32 47 24 39 4 40 60 6 63 1 56 9 0 58 8 53 62 10
26 18 10 25 37 44 24 19 20 30 46 13 21 17 34 12 8 42 53 38 5 11 14 33 45 52 49 3 41 6 43 1 51 9 39 57 22 54 4 58 63 55 56 50 16 48 7 29 59 15 61 62 32 2 31 47 0 40 23 60
26 20 21 22 14 18 23 25 17 9 24 32 12 34 42 44 40 13 10 43 5 49 8 1 53 4 0 15 33 16 6 30 19 29 3 31 38 37 46 54 50 41 47 60 2 51 45 7 57 39 58 11 55 63 62 56 48 59 52 61
19 20 37 34 26 44 41 46 13 25 55 42 49 30 33 32 43 6 53 12 38 54 24 18 4 50 57 60 39 16 40 52 62 45 8 31 10 17 21 48 9 59 22 14 61 3 29 2 1 11 58 63 51 0 23 15 7 5 47 56
26 18 44 29 22 34 9 30 17 20 42 43 37 15 31 52 53 49 19 21 12 25 13 10 50 5 51 59 16 38 2 14 48 11 46 24 3 60 23 33 40 54 32 57 58 39 7 8 62 47 6 61 1 0 4 45 55 56 41 63
37 29 20 13 22 44 53 31 15 42 11 62 52 51 4 30 60 12 38 23 33 21 14 6 26 5 45 7 19 25 18 47 46 49 24 43 41 54 55 34 39 9 10 58 0 40 50 57 56 16 17 61 59 48 63 8 1 2 32 3
19 20 13 34 43 18 29 37 45 51 9 11 2 17 10 22 38 0 24 25 8 6 26 3 44 54 52 46 63 30 55 32 14 33 58 60 53 12 40 61 21 15 62 39 41 50 23 47 7 42 31 1 59 57 56 16 4 49 5 48
26 34 43 52 44 18 51 50 17 45 10 20 60 25 54 9 13 2 57 49 58 53 29 6 16 22 59 46 15 24 11 12 47 41 42 61 32 40 4 39 33 63 8 48 37 55 62 19 38 1 56 21 30 5 3 14 0 31 7 23
44 45 19 34 43 42 54 26 25 18 41 50 33 21 10 29 30 16 37 49 12 2 40 31 20 5 11 4 22 51 24 32 17 46 48 63 57 56 1 38 13 8 62 59 52 6 58 0 9 15 23 47 55 53 14 39 61 7 60 3
19 18 44 20 12 37 38 13 9 42 26 4 29 17 6 53 49 21 10 0 16 56 1 46 33 5 22 14 62 40 54 52 11 30 15 7 23 3 51 45 25 8 41 43 34 47 39 58 55 2 50 59 48 61 60 24 32 31 57 63
44 43 26 19 18 37 51 58 38 17 25 34 11 52 33 41 48 46 20 29 40 30 24 21 12 3 59 32 61 60 22 16 8 14 53 62 5 49 39 4 42 23 56 9 15 50 13 7 10 2 6 57 1 55 31 54 63 0 45 47
19 18 26 34 9 20 43 52 21 12 13 30 29 37 31 39 42 22 11 33 40 4 5 23 51 32 44 10 3 48 25 16 45 14 24 53 38 41 8 0 46 17 60 55 54 62 63 61 6 50 49 58 59 47 57 15 2 56 7 1
19 20 13 18 37 29 9 44 52 11 21 43 26 61 42 12 3 0 10 1 8 38 46 16 53 55 60 51 47 22 59 50 2 45 41 25 14 58 23 49 30 7 6 40 57 39 62 5 54 15 33 48 17 4 63 32 24 31 56 34
44 29 21 45 26 20 30 38 12 11 37 22 10 18 46 53 31 51 25 19 52 42 23 14 13 5 4 55 50 60 43 17 47 2 34 32 7 54 24 3 62 58 40 6 49 15 33 61 59 39 63 41 9 8 1 57 16 48 56 0
19 34 43 18 37 11 26 46 3 52 38 30 33 25 20 4 17 13 23 24 54 41 50 10 61 39 16 8 32 29 22 62 45 21 9 44 51 48 1 15 49 31 0 42 5 57 47 53 14 6 58 12 63 56 2 40 7 59 55 60
37 45 26 20 29 18 19 22 53 38 31 39 46 25 21 44 17 34 30 23 15 62 33 24 51 58 61 9 16 13 63 8 11 47 14 3 10 32 43 12 4 42 50 6 55 41 59 52 57 49 54 2 48 40 0 60 1 56 7 5
19 20 29 38 12 4 30 22 5 6 44 18 13 52 45 46 60 21 15 42 11 2 26 14 23 33 17 25 54 43 3 9 32 31 1 24 34 47 50 37 39 61 53 51 41 16 58 59 63 10 55 48 7 40 8 57 49 0 62 56
44 29 21 13 18 26 19 53 37 43 34 11 30 22 14 41 42 23 40 25 5 20 38 50 10 7 57 47 33 9 46 15 62 4 51 45 6 58 3 39 54 31 1 48 59 32 24 61 60 49 56 55 63 12 17 8 52 2 16 0
44 43 42 45 46 50 51 20 29 34 19 47 11 59 33 12 37 25 5 4 17 3 53 62 55 30 10 32 49 48 18 26 24 38 39 16 23 9 0 8 22 54 52 63 40 61 58 6 1 31 13 14 41 56 15 57 60 2 21 7
26 20 29 22 12 25 44 13 14 52 31 43 60 53 46 6 34 30 4 51 15 33 24 19 18 61 38 5 32 45 54 42 62 37 11 16 8 3 41 9 0 10 58 49 59 55 39 63 47 23 17 57 48 50 40 7 2 21 56 1
37 45 44 29 38 31 46 42 21 52 30 22 23 39 47 13 19 14 34 43 60 26 49 11 6 50 53 62 54 56 18 17 25 51 12 15 4 55 61 3 7 20 5 59 8 41 63 32 10 24 16 33 1 9 2 0 40 48 58 57
19 20 37 44 45 34 33 18 53 42 9 52 11 38 29 3 31 24 32 22 60 54 55 13 21 47 39 59 6 12 5 30 26 0 16 43 4 51 58 63 14 15 17 7 46 62 23 25 10 2 50 8 49 40 1 57 56 48 61 41
37 43 34 25 19 29 41 26 51 33 16 11 30 59 10 12 42 1 60 50 45 32 49 44 58 23 18 57 3 4 31 54 53 39 5 21 20 38 2 52 63 24 22 17 47 55 13 9 61 48 14 8 0 46 56 62 15 40 6 7
37 43 34 29 52 45 20 26 17 33 22 59 44 12 61 38 19 10 54 15 11 50 21 13 5 4 23 46 30 25 3 8 53 1 32 31 14 6 18 16 41 62 2 42 47 48 9 39 57 58 40 55 60 24 0 51 49 56 63 7
19 34 44 20 26 52 37 30 53 10 42 54 62 25 18 41 55 9 60 45 12 43 2 13 51 1 29 4 0 17 11 8 50 21 24 46 6 16 31 5 47 23 15 33 14 32 49 7 40 58 38 3 59 39 22 63 57 48 56 61
26 20 45 25 19 12 11 44 37 3 43 29 21 22 13 46 4 50 10 17 30 31 23 39 5 18 16 24 42 15 1 38 58 51 52 41 2 9 40 57 59 53 33 8 55 61 47 49 32 54 48 14 7 60 63 56 0 34 62 6
19 20 37 44 45 10 1 30 53 34 23 54 43 61 25 41 26 16 42 33 13 12 29 18 24 38 48 32 63 17 62 49 21 5 4 11 6 14 50 47 46 31 3 39 60 55 7 57 52 2 8 9 40 0 59 22 15 56 58 51
37 29 21 43 42 30 20 44 45 51 50 14 34 19 18 41 12 53 7 4 61 57 10 9 59 46 40 62 47 11 0 26 17 49 58 39 56 60 31 54 13 5 38 8 16 15 1 33 6 22 32 2 63 24 55 52 23 48 3 25
19 18 44 45 26 43 10 9 51 29 8 59 37 20 53 2 30 54 11 12 42 3 58 25 21 52 55 0 4 13 5 22 24 57 1 17 34 38 31 63 39 23 60 50 16 6 15 46 61 49 48 62 47 56 14 33 32 40 41 7
26 34 45 19 18 21 29 10 25 54 13 17 9 24 11 22 30 0 14 4 43 2 16 41 1 52 61 59 42 44 47 31 20 12 51 63 6 32 38 5 53 37 3 8 50 62 40 48 46 55 33 15 7 39 49 56 23 60 57 58
26 34 41 17 42 29 20 44 38 19 18 10 21 25 45 43 32 33 24 14 2 49 48 3 52 11 50 30 7 37 9 51 53 13 60 56 57 8 4 47 31 23 46 40 15 62 6 54 63 58 22 55 61 39 59 5 12 16 1 0
19 20 21 34 45 13 26 37 46 11 18 25 33 22 9 55 47 42 44 53 3 52 62 61 16 32 40 51 29 12 23 15 4 14 30 31 49 50 60 54 58 0 5 38 7 2 10 6 39 43 63 48 56 24 17 8 59 1 41 57
26 34 45 21 29 37 30 54 46 20 53 31 63 61 60 55 38 47 44 59 14 52 18 43 13 5 6 25 4 10 62 11 19 51 3 7 23 42 1 15 9 0 49 12 17 50 41 32 57 33 39 56 22 58 2 8 16 24 40 48
37 45 53 34 18 38 44 61 39 21 33 42 51 9 52 50 20 12 0 41 43 24 40 46 60 32 58 55 54 49 19 10 25 11 13 26 57 3 4 6 2 59 17 5 47 56 30 1 7 31 63 62 29 23 14 15 22 8 16 48
37 45 44 29 19 42 43 18 21 13 38 31 39 20 11 47 52 46 55 12 17 30 41 16 23 10 1 60 61 2 22 53 62 51 50 57 58 59 14 7 4 15 25 32 54 33 3 26 9 5 6 8 40 49 34 48 24 0 56 63
37 45 26 29 46 20 13 25 17 55 19 12 33 24 5 4 11 34 44 6 38 39 53 21 41 30 23 18 14 40 54 8 42 62 16 31 60 47 32 52 2 9 63 49 51 58 50 10 57 15 61 43 22 56 3 1 7 59 48 0
26 20 45 25 12 54 44 43 34 29 52 42 53 51 30 13 33 21 18 10 19 11 3 22 17 16 41 9 8 39 14 5 62 6 24 37 15 38 46 23 31 0 61 40 7 4 32 55 60 50 47 63 48 49 56 59 1 2 57 58
19 18 26 34 44 45 33 21 42 43 17 41 54 24 40 51 25 37 38 29 59 53 14 60 49 10 46 56 30 50 1 52 57 58 62 47 39 16 32 48 61 11 20 13 9 23 4 5 12 31 15 63 55 7 6 2 3 0 8 22
37 45 26 38 44 34 43 19 33 40 21 52 61 60 29 30 22 20 12 15 18 25 47 3 50 13 17 51 23 11 16 32 7 62 6 42 39 5 24 58 49 56 9 0 10 2 41 59 54 8 48 46 57 31 53 55 63 4 14 1
44 43 50 37 30 20 34 41 21 52 51 14 60 46 29 23 38 47 55 58 33 53 61 39 59 63 12 26 32 3 4 40 54 13 7 48 2 22 18 62 31 19 42 25 10 6 11 49 57 56 45 9 24 17 1 16 15 5 8 0
19 34 45 20 21 14 22 30 42 54 37 38 26 11 23 49 5 17 10 1 18 29 2 33 50 7 6 12 32 51 63 9 31 40 48 25 60 47 16 3 41 43 58 4 39 46 13 52 15 24 53 57 59 61 55 8 56 44 62 0
26 20 37 25 18 44 24 9 53 43 34 42 11 2 50 45 54 63 46 58 12 47 39 62 52 31 38 30 61 41 49 60 17 59 10 19 29 51 55 33 40 57 22 15 8 5 13 0 23 3 56 6 16 21 7 48 14 4 1 32
37 29 18 44 51 46 38 26 19 53 42 58 17 33 52 10 40 16 50 25 49 48 62 60 12 39 21 20 24 13 11 2 6 41 55 9 34 4 0 8 1 5 3 45 57 32 30 43 22 56 61 23 14 63 59 47 54 31 7 15
26 34 44 18 33 42 25 37 9 51 49 32 52 11 60 20 10 19 24 53 12 2 1 40 30 4 43 8 48 59 0 45 41 13 54 23 16 50 46 47 38 55 5 39 63 6 58 29 14 56 21 17 3 22 57 61 31 7 15 62
37 43 42 41 49 45 40 20 19 29 12 26 33 56 38 30 34 24 22 25 58 44 17 16 46 18 8 57 48 51 9 50 59 4 5 47 32 60 39 11 52 23 21 1 10 15 54 3 53 63 2 13 14 55 0 61 62 7 6 31
44 43 34 25 42 37 16 21 38 41 14 50 40 51 57 49 33 32 24 45 56 20 29 7 53 17 19 30 10 26 59 60 13 8 58 39 61 5 22 52 46 18 0 2 1 11 9 23 12 62 63 48 15 4 31 6 3 55 47 54
44 29 21 45 30 43 42 26 25 20 11 31 38 12 46 17 13 33 22 14 7 51 24 15 23 52 40 50 9 4 37 34 61 32 59 60 58 55 39 57 5 41 3 2 18 19 53 0 56 47 63 6 54 8 10 48 49 62 1 16
19 34 45 37 46 21 33 10 11 12 29 55 13 42 49 14 7 43 47 53 44 51 38 22 5 32 61 30 60 56 3 62 25 39 9 15 23 6 54 1 26 50 48 8 17 52 59 16 63 40 41 20 18 57 0 58 31 24 2 4
19 18 37 20 12 13 14 46 26 10 34 4 38 42 9 39 21 6 3 7 30 5 2 0 17 11 54 53 43 8 29 62 33 25 51 32 55 49 60 44 56 1 24 59 41 48 50 52 40 61 45 31 16 57 58 22 63 47 23 15
37 45 53 20 19 54 44 29 38 31 21 34 41 12 4 11 22 43 46 48 18 9 50 61 39 51 63 57 23 15 58 13 25 17 7 33 49 47 5 2 1 0 42 40 3 26 52 32 60 6 24 14 62 59 30 10 55 8 56 16
26 20 29 18 43 38 10 45 30 9 12 51 34 4 52 42 0 19 47 22 14 50 37 2 59 61 17 24 5 46 16 15 54 33 58 60 44 25 21 57 40 6 11 8 41 32 7 48 56 23 31 13 49 62 63 3 53 1 39 55
26 20 45 34 29 37 46 38 13 18 47 12 9 39 19 54 21 6 61 53 30 10 4 8 25 5 22 32 11 3 42 43 14 55 44 51 1 17 62 63 33 24 40 31 60 15 7 59 23 52 58 41 2 50 16 0 48 49 57 56
44 43 42 29 20 13 19 18 6 37 9 34 26 11 21 0 22 51 17 45 4 41 59 50 49 3 2 12 1 56 54 53 30 16 62 57 10 14 15 23 24 5 31 61 58 7 60 63 48 52 46 25 33 38 55 39 8 40 47 32
26 20 45 25 18 44 32 19 21 24 16 10 42 12 11 30 33 17 43 54 63 3 14 37 38 7 23 46 8 51 60 39 47 40 53 34 52 62 48 55 9 58 13 1 59 50 2 4 29 5 6 0 15 61 31 56 22 49 41 57
26 18 44 45 46 43 10 17 42 20 8 25 37 11 12 9 19 4 16 54 2 0 62 50 58 53 34 39 61 32 52 24 33 51 40 13 14 57 49 5 38 47 1 23 55 29 31 3 22 15 56 63 30 60 6 21 41 7 59 48
26 34 41 19 42 33 25 21 12 18 17 9 14 49 10 20 44 43 24 7 57 29 38 52 50 8 45 13 61 5 0 32 22 16 3 51 6 11 40 58 59 54 4 23 2 47 15 30 46 1 31 39 37 48 63 53 62 55 60 56
19 34 44 20 43 18 11 2 21 13 17 52 33 9 53 22 60 16 23 10 3 12 1 61 25 42 49 29 4 0 50 32 14 5 62 38 37 26 39 41 24 31 30 40 51 57 6 15 8 58 46 7 45 54 48 56 47 55 63 59
26 34 45 20 44 52 19 18 33 42 59 32 9 10 29 46 49 37 25 51 21 43 60 30 31 58 41 40 38 61 50 16 48 2 24 23 39 56 53 57 11 3 1 12 15 62 54 14 7 22 63 47 0 17 4 5 6 8 13 55
37 29 21 30 23 14 26 45 46 31 44 42 13 15 34 18 9 52 39 47 53 10 60 0 17 12 7 24 41 40 48 51 50 58 8 54 49 5 61 43 59 22 57 20 4 25 19 38 33 32 63 3 55 62 1 2 6 56 11 16
26 34 45 21 43 44 53 52 42 38 46 33 30 17 59 51 25 54 63 55 58 39 8 19 22 24 12 3 18 31 50 9 47 60 37 23 20 57 40 32 4 13 62 48 2 11 10 61 49 56 16 41 15 1 29 0 6 5 14 7
37 43 50 38 42 51 60 49 26 21 34 57 48 19 44 52 11 56 39 10 20 3 53 58 33 54 46 40 32 29 59 25 12 18 22 62 13 15 31 47 9 6 14 4 24 8 30 55 63 17 61 16 0 2 5 41 1 7 45 23
44 43 50 53 26 37 29 21 22 30 34 33 20 13 25 15 62 42 19 51 31 38 14 6 46 49 41 12 52 45 58 18 40 47 23 39 10 48 56 59 4 24 7 60 54 61 63 3 55 5 32 2 1 11 17 9 16 57 0 8
37 45 44 43 51 29 46 59 20 53 60 21 18 12 58 62 4 47 34 25 41 11 55 30 23 31 61 19 22 48 13 38 39 14 10 54 63 26 7 2 33 52 17 8 3 16 32 6 24 1 15 9 5 50 49 40 0 57 56 42
37 29 22 43 18 26 19 11 4 10 9 1 50 51 25 15 20 17 0 45 33 57 38 12 54 40 59 34 44 39 32 42 31 60 3 13 41 8 6 49 16 24 61 47 2 23 48 14 58 52 21 63 5 56 53 46 30 7 55 62
37 43 50 45 19 38 29 34 47 20 52 11 2 30 25 39 22 55 18 44 46 57 42 10 21 14 23 3 7 1 54 60 53 31 58 9 56 16 41 26 0 61 51 6 4 8 32 13 17 40 48 59 62 49 24 33 15 12 63 5
37 45 19 34 53 54 43 61 41 20 21 38 46 33 39 47 42 31 44 49 32 26 50 25 16 29 22 12 48 56 11 30 4 58 63 15 62 24 17 3 14 51 57 13 52 8 9 18 59 0 7 40 1 6 23 5 10 55 2 60
26 20 21 22 45 34 12 54 44 25 23 43 33 13 5 42 24 19 18 4 37 9 50 57 17 41 40 6 0 30 16 31 58 10 3 8 49 32 51 29 7 60 14 48 46 2 11 55 39 15 38 59 53 62 1 47 56 61 52 63
37 45 19 29 54 26 21 30 39 53 17 55 38 11 12 13 61 42 20 18 22 25 3 8 14 5 9 31 33 10 23 47 1 2 43 6 41 16 7 50 0 49 57 40 44 58 24 51 15 32 56 62 63 52 34 4 48 59 46 60
26 18 37 43 10 21 20 19 42 45 54 33 24 46 12 34 14 41 29 11 4 40 49 2 25 62 51 9 0 59 63 13 60 44 38 31 52 7 5 47 15 17 1 50 16 23 58 8 61 57 3 6 53 30 56 32 48 22 39 55
19 20 13 34 41 33 45 10 43 48 29 52 1 11 2 21 37 3 12 17 14 7 51 6 26 44 61 54 38 46 62 30 32 4 50 57 15 31 25 42 53 63 22 55 47 58 18 5 59 0 49 9 56 23 40 60 16 8 24 39
19 18 26 20 45 25 11 44 21 10 42 29 17 54 52 3 46 34 38 53 2 33 24 8 16 60 62 31 4 1 9 61 30 0 37 43 12 23 51 47 22 50 63 14 15 55 13 41 49 7 59 6 5 48 57 32 56 58 40 39
44 45 46 34 18 19 20 29 22 11 33 17 2 13 26 3 9 40 6 10 4 8 25 43 41 12 50 38 30 51 1 24 32 31 42 48 60 37 49 16 5 54 39 52 62 15 53 0 21 14 57 7 56 55 59 61 63 47 23 58
44 45 46 34 18 37 42 55 38 20 47 19 30 50 49 48 54 39 10 11 4 22 21 12 29 17 13 1 41 6 43 63 16 24 5 53 56 57 9 52 25 14 31 33 26 51 8 3 60 59 58 0 61 23 62 2 7 15 32 40
26 18 19 20 12 10 44 21 11 37 2 4 5 34 46 38 29 30 47 17 13 3 45 6 42 1 31 53 54 50 61 62 63 43 41 49 58 23 22 55 9 52 57 51 25 0 15 56 48 8 59 40 14 33 32 24 16 39 60 7
26 18 37 43 44 25 51 29 19 45 24 32 10 52 54 17 46 38 40 9 16 59 0 20 34 8 13 62 60 1 47 55 42 50 3 33 11 53 41 4 39 49 48 57 61 21 5 63 22 58 12 30 31 2 56 14 6 7 15 23
19 20 37 44 51 34 33 45 46 52 13 50 59 53 62 38 49 12 39 6 54 26 21 42 4 24 22 55 29 14 41 56 17 18 10 60 32 2 43 61 16 8 3 1 7 23 47 48 5 31 11 15 57 58 9 25 40 30 63 0
37 45 26 18 44 43 34 41 42 25 52 38 24 49 30 20 39 61 10 29 11 17 8 9 53 12 40 51 4 46 47 16 56 19 32 50 3 23 58 31 54 1 21 13 60 59 14 6 22 63 55 57 62 15 7 48 5 33 0 2
44 29 20 11 19 18 30 52 13 42 2 21 9 6 12 26 14 3 34 15 60 38 43 51 37 1 10 22 41 45 5 0 59 33 23 7 17 16 32 46 39 25 24 40 48 58 47 56 4 53 54 49 57 31 50 62 61 63 8 55
19 34 41 33 44 37 25 20 13 18 17 9 26 12 11 49 48 2 8 51 52 43 46 53 57 21 58 14 32 10 60 59 7 29 50 56 6 24 22 45 5 42 3 55 38 54 1 15 61 39 63 40 23 0 31 16 47 4 30 62
19 18 17 20 45 16 13 26 9 44 43 52 11 42 60 2 25 46 51 33 40 24 47 29 49 10 21 59 0 8 30 61 3 37 50 56 1 54 48 14 58 39 7 41 12 32 62 6 34 55 23 63 5 15 53 57 4 31 38 22
19 34 45 11 33 54 37 29 63 53 52 42 20 21 38 32 12 3 2 43 22 47 30 10 46 55 41 26 25 61 39 17 49 13 5 15 44 18 62 50 60 59 9 1 51 4 6 58 8 31 14 0 48 56 16 24 57 23 40 7
44 43 34 45 20 26 25 17 52 24 38 19 10 41 18 29 8 1 30 9 2 53 54 3 48 11 16 46 42 37 0 60 62 33 51 50 57 63 4 58 55 12 21 5 6 31 32 49 40 13 23 59 39 56 22 14 15 47 61 7
37 45 53 34 33 29 18 42 43 44 51 54 46 49 22 19 50 41 56 52 21 17 26 47 55 59 8 32 60 38 40 48 57 63 30 31 58 62 39 16 10 1 24 14 2 9 61 3 12 25 23 15 0 11 4 5 7 13 20 6
19 34 42 50 33 26 45 21 25 44 43 52 41 17 61 49 32 54 9 59 29 12 57 20 5 8 11 56 18 24 30 0 40 14 46 10 62 51 13 47 7 3 4 22 2 48 31 16 53 39 60 63 1 58 55 15 37 38 23 6
44 45 26 34 43 52 60 37 41 25 30 21 16 51 42 38 46 58 20 39 29 17 23 31 9 24 19 49 57 18 47 10 11 12 33 54 63 48 59 3 5 0 40 50 4 32 56 53 55 13 14 15 61 6 22 62 2 1 8 7
44 29 19 10 30 43 42 31 11 26 18 49 9 12 17 25 22 14 21 1 20 50 8 37 34 0 41 48 23 33 38 13 15 24 16 46 39 3 2 53 60 5 4 51 40 6 56 57 59 32 7 58 52 55 54 61 62 47 45 63
37 29 21 45 19 38 39 31 23 20 13 26 17 25 54 44 47 10 42 12 34 63 51 33 18 9 32 11 61 40 48 30 16 53 43 41 14 8 0 24 4 15 1 60 62 55 3 46 49 56 59 58 22 6 57 2 5 50 7 52
19 20 29 22 13 26 31 12 34 42 25 6 5 17 37 24 4 21 30 11 43 44 33 14 8 9 53 38 15 18 39 41 49 57 32 47 23 40 52 62 54 10 2 7 46 55 3 50 45 1 58 60 16 59 61 0 51 63 56 48
26 20 29 38 13 25 37 42 22 45 43 44 52 6 11 31 53 46 51 21 23 2 33 62 12 49 18 60 14 7 10 9 19 17 59 15 39 41 54 47 30 63 16 61 57 32 55 40 5 58 8 1 24 3 0 4 34 56 48 50
44 45 37 43 54 30 29 21 19 46 53 11 14 63 31 52 51 22 10 9 60 61 34 41 62 13 12 15 3 42 20 2 5 50 1 59 47 39 33 24 40 48 16 26 23 49 7 32 25 38 56 17 18 4 57 0 58 6 55 8
26 20 37 25 21 29 12 45 24 34 42 11 10 13 6 4 38 14 22 44 51 49 56 31 54 30 46 9 8 23 15 39 47 18 2 52 3 17 59 63 53 7 5 41 48 50 43 0 62 32 57 61 1 33 60 16 40 55 19 58
26 34 41 18 20 42 25 17 11 24 50 49 44 40 32 19 12 45 43 13 56 33 10 48 14 9 46 57 21 4 3 52 60 37 16 2 30 7 58 29 0 53 54 6 22 62 51 39 5 15 59 8 38 55 61 47 23 31 63 1
26 18 44 25 19 20 13 37 9 17 21 45 8 33 24 51 53 16 46 34 58 62 43 52 41 47 12 32 60 10 50 49 39 54 30 29 42 11 22 0 40 14 6 15 55 61 63 31 7 57 5 3 4 59 2 48 38 23 1 56
44 29 22 42 18 30 31 37 43 19 21 34 26 33 10 52 46 38 25 1 40 32 39 11 2 48 24 3 20 23 60 12 13 16 45 47 4 6 55 9 15 61 41 14 7 50 51 54 0 59 49 57 63 17 53 8 5 62 58 56
44 29 21 13 22 31 18 37 15 19 5 52 53 51 45 30 39 26 50 60 42 23 10 33 25 7 38 43 34 12 11 49 61 54 40 16 62 3 24 46 55 63 56 2 4 48 59 14 41 58 8 47 20 9 57 6 1 32 17 0
19 18 44 11 3 4 17 25 5 43 34 37 16 42 51 26 33 20 13 49 9 53 38 10 29 52 12 32 41 46 50 59 48 24 58 6 40 1 62 39 55 54 2 45 0 21 47 56 22 30 60 61 23 14 15 7 31 8 57 63
19 18 26 20 21 37 29 13 11 2 9 25 46 45 14 44 33 55 54 10 12 5 52 62 30 1 43 8 38 51 0 61 34 40 42 15 63 23 59 58 3 39 24 49 41 50 56 22 16 60 47 4 6 32 57 48 53 7 17 31
26 34 45 20 42 43 12 25 33 50 51 41 32 52 60 13 18 59 14 10 57 6 48 4 19 37 21 7 61 38 54 17 29 30 53 49 11 24 39 62 9 8 0 46 63 58 55 44 3 31 15 16 22 1 2 23 5 56 40 47
44 45 46 52 18 20 37 38 29 47 39 31 60 59 13 34 30 12 53 62 19 6 43 10 4 42 14 11 26 15 2 33 32 17 3 21 55 9 7 25 54 41 48 40 58 61 23 57 22 24 0 56 1 8 51 5 50 49 16 63
37 45 19 18 53 34 26 11 44 46 3 42 55 21 10 20 43 52 49 50 13 47 29 2 54 30 9 48 1 14 33 62 60 25 56 63 16 51 61 6 59 58 40 38 17 0 22 8 5 15 31 41 57 24 4 23 12 39 7 32
19 20 29 18 12 43 42 13 14 30 44 11 10 45 38 22 46 4 26 34 2 9 3 52 1 50 15 25 60 53 17 6 33 47 31 59 5 8 57 61 41 32 40 37 24 23 7 51 16 0 55 63 21 49 48 56 39 58 54 62
37 43 42 29 21 34 33 22 26 41 49 13 52 50 5 61 44 48 57 51 31 14 6 20 40 17 25 30 56 19 45 16 8 32 18 15 23 53 59 60 62 10 46 11 38 9 2 12 58 3 24 55 54 47 39 1 7 63 4 0
44 45 46 29 19 18 20 13 21 11 30 43 9 14 50 17 26 31 12 3 10 51 22 38 58 23 8 59 42 54 47 16 52 0 37 1 5 57 15 6 49 41 62 60 40 32 24 4 61 55 56 33 39 63 7 34 25 53 2 48
37 29 21 45 44 13 46 42 5 30 26 54 62 55 23 38 47 31 22 51 63 52 53 14 15 25 24 34 43 4 60 20 50 33 41 18 19 61 9 6 7 40 3 0 10 59 8 1 2 11 57 39 58 16 32 12 49 56 48 17
19 18 37 43 26 11 12 13 44 33 10 20 9 2 3 34 4 8 25 16 40 29 1 17 24 42 38 39 0 51 32 30 47 55 50 21 59 49 48 41 6 57 45 14 22 52 61 60 58 31 53 46 23 56 5 62 54 7 63 15
19 18 44 20 11 34 26 45 21 52 37 25 24 16 8 13 32 43 5 3 61 60 51 9 17 12 0 22 53 42 10 54 50 33 46 58 40 4 47 6 14 2 57 29 38 41 1 49 59 23 31 63 55 48 7 39 56 62 30 15
26 34 42 18 37 50 25 20 11 38 12 29 30 10 44 31 33 24 21 2 23 41 39 4 17 52 49 48 53 51 57 14 43 54 61 8 22 56 58 32 62 59 3 13 7 15 6 60 19 63 40 45 9 47 1 16 55 0 5 46
37 45 44 29 46 34 26 55 19 20 21 13 5 43 51 10 33 58 47 52 59 14 15 60 61 22 63 41 11 32 38 30 25 2 49 54 53 18 31 39 17 50 23 9 3 6 12 48 1 62 7 42 24 16 56 57 8 4 40 0
19 20 29 38 12 11 37 18 3 45 17 34 47 10 54 30 2 4 21 26 5 14 43 44 33 25 24 8 39 40 41 49 51 31 23 53 32 13 16 63 50 15 0 52 46 9 42 55 22 6 48 1 61 60 57 62 58 59 7 56
44 29 18 42 30 21 34 52 37 39 20 12 53 41 49 45 54 61 60 57 31 51 33 23 38 63 56 32 58 59 62 19 25 48 46 22 26 47 4 5 6 40 10 43 24 55 14 2 17 50 9 8 0 7 3 11 1 13 16 15
26 20 13 42 45 12 43 34 4 6 33 54 19 11 49 41 3 44 21 57 52 61 63 37 59 25 16 47 22 10 32 60 56 24 18 58 29 8 0 14 5 51 48 17 23 46 7 38 53 9 62 50 39 55 30 15 1 2 31 40
44 43 42 45 37 51 34 41 26 18 33 52 49 24 53 46 39 54 62 47 59 38 55 61 25 60 31 50 11 20 12 10 9 30 22 29 19 63 58 14 23 16 6 3 4 5 32 13 8 1 21 57 2 48 56 7 15 0 17 40
44 29 20 43 34 53 30 33 50 42 51 26 37 38 45 21 25 18 62 24 47 22 13 19 9 11 3 39 16 8 31 32 40 6 46 0 4 54 63 41 14 23 12 7 48 56 17 58 52 10 60 59 1 2 5 55 57 49 15 61
44 29 18 52 21 20 37 30 38 26 22 45 25 47 51 43 12 59 50 9 42 34 53 24 19 13 11 60 14 33 16 3 32 46 49 56 61 54 2 0 55 63 62 1 39 6 5 58 57 31 23 40 10 8 48 17 41 4 15 7
19 18 26 20 45 42 43 25 21 37 9 51 50 54 59 0 49 34 16 22 12 33 10 1 41 3 29 17 53 32 15 61 38 46 2 60 40 11 63 58 24 57 47 44 52 39 31 23 30 62 5 4 14 55 48 6 7 8 56 13
44 45 37 43 34 25 52 59 51 20 29 21 19 58 61 42 41 11 12 33 50 48 22 14 6 13 40 7 16 32 2 18 24 8 15 5 26 60 46 55 10 31 23 9 4 38 57 30 0 53 62 54 63 49 47 17 1 3 56 39
44 43 50 29 26 51 34 57 58 42 41 25 56 37 17 52 33 49 61 18 45 9 48 53 40 60 30 46 10 62 54 19 21 59 24 16 12 2 55 13 3 47 1 39 23 8 38 31 5 20 63 4 32 15 22 6 11 0 14 7
26 20 21 18 12 25 24 4 11 34 43 17 29 10 8 51 42 41 48 38 44 19 3 2 22 49 47 1 52 30 59 9 0 45 54 14 5 61 15 32 31 23 16 13 40 46 50 57 6 37 39 63 60 55 58 33 62 53 56 7
37 29 18 45 54 26 17 53 19 44 30 22 46 25 61 10 1 8 9 2 33 16 43 31 21 0 15 55 20 42 51 40 24 63 38 58 3 34 47 39 59 14 6 50 49 32 41 62 52 13 23 4 5 7 12 56 48 57 11 60
