19 20 21 18 17 9 37 45 44 11 10 2 34 46 47 14 1 29 7 8 13 22 31 55 30 39 12 15 23 53 38 43 5 24 51 41 4 0 48 25 33 3 26 59 52 6 61 32 40 62 50 49 16 56 42 60 63 54 58 57
19 18 17 9 44 29 0 26 20 45 33 13 46 43 21 53 37 14 52 25 32 24 54 40 41 11 5 34 10 61 51 12 3 62 23 59 58 16 6 39 8 48 50 2 38 4 60 47 63 57 49 55 56 7 42 22 15 31 1 30
19 34 41 18 17 29 45 26 20 42 43 44 38 13 11 50 58 9 6 49 48 25 52 56 8 51 57 59 16 33 40 3 0 30 2 61 4 21 22 37 24 53 10 32 54 1 62 55 46 15 23 12 7 31 39 63 60 47 5 14
37 45 19 18 53 54 17 9 44 52 61 20 47 62 63 16 59 38 29 34 12 30 10 51 43 58 31 23 0 42 24 21 13 1 33 46 39 14 55 26 57 40 50 3 41 49 48 5 7 32 4 60 6 25 11 15 2 56 22 8
19 20 13 26 34 42 44 12 4 29 17 18 49 6 22 16 10 38 30 14 31 41 15 45 54 57 40 21 58 25 46 2 11 48 8 0 9 56 50 5 33 43 32 59 37 23 3 62 47 1 61 53 24 63 39 55 51 52 7 60
44 43 34 41 33 29 42 25 48 49 50 52 26 17 9 32 61 18 10 1 19 12 16 56 37 60 8 62 51 11 57 21 22 38 14 58 40 2 45 7 5 23 15 30 24 13 31 54 3 46 59 39 63 0 53 4 47 6 20 55
19 34 44 11 18 53 42 43 4 45 52 49 50 21 38 58 26 61 51 46 14 3 48 37 33 40 20 31 62 54 47 5 24 59 2 25 63 41 32 13 56 15 17 29 30 16 8 55 60 22 7 57 23 39 6 9 0 1 12 10
19 34 43 52 33 11 26 21 51 25 17 50 29 20 61 30 49 41 37 24 23 40 14 59 57 53 45 38 10 9 42 31 18 44 32 22 48 56 0 15 1 62 13 46 2 4 58 7 55 60 16 12 39 3 8 47 63 54 5 6
44 45 19 18 17 20 37 11 46 9 12 25 0 1 3 4 16 29 30 13 2 10 14 52 53 38 51 60 34 15 43 50 5 22 42 39 23 8 7 31 61 49 26 54 62 21 59 33 24 6 56 58 41 63 55 47 57 40 48 32
19 18 44 29 22 30 37 15 23 31 26 25 9 46 32 10 38 51 52 45 11 53 55 20 43 24 34 2 58 16 4 1 61 41 8 42 39 17 33 59 0 40 13 62 50 21 47 3 54 60 48 57 49 63 12 5 14 6 7
37 45 44 43 53 46 55 47 18 63 34 25 33 29 32 16 54 41 51 62 22 42 24 21 8 19 14 17 40 13 30 38 11 6 7 50 39 3 60 59 12 23 10 4 49 52 57 20 31 9 5 26 15 56 61 58 2 0 1 48
26 20 45 44 13 42 29 22 43 34 38 51 31 18 58 53 41 54 9 0 46 50 10 33 60 11 63 21 2 37 16 55 25 59 14 47 30 57 56 48 52 61 62 39 40 32 24 49 19 7 12 4 15 5 3 8 6 17 1 23
37 29 22 46 20 43 26 21 34 12 4 15 38 25 55 13 24 47 19 11 5 6 50 16 23 30 3 18 17 14 39 32 42 54 45 52 51 44 62 63 7 8 60 59 31 2 53 58 1 61 10 9 33 0 49 40 48 56 41 57
19 18 17 34 44 53 26 11 62 29 12 42 50 49 20 25 9 33 3 10 24 13 5 58 2 16 38 52 45 54 32 40 37 31 46 1 14 55 30 47 60 4 56 63 0 15 8 43 22 23 57 61 41 21 39 51 6 48 59 7
37 29 18 26 34 43 52 25 19 10 16 24 9 42 17 8 41 46 12 33 21 48 55 50 1 20 44 2 32 40 3 14 0 4 22 15 58 13 23 30 5 38 31 61 45 53 7 51 54 57 11 62 60 39 63 47 56 59 49 6
44 29 21 13 30 43 14 31 42 51 60 12 18 41 34 45 49 19 37 17 52 15 7 57 3 38 40 48 5 50 25 20 46 59 16 9 22 23 1 55 58 4 11 32 39 2 61 47 10 53 33 62 54 0 26 24 56 6 8 63
26 20 45 25 19 12 21 44 42 34 52 30 17 18 9 1 8 60 14 16 10 38 4 37 53 43 2 13 33 54 0 7 22 50 61 23 15 6 63 32 59 51 11 5 58 24 62 41 40 3 31 49 29 46 47 48 57 56 55 39
37 45 44 43 54 20 19 46 34 29 13 12 51 50 55 30 4 25 23 31 53 6 21 15 42 38 33 32 57 52 47 61 24 58 18 62 60 22 59 16 39 17 14 5 9 3 49 11 2 48 7 56 26 1 63 10 8 41 40 0
37 43 34 41 33 29 19 20 49 48 51 45 21 25 32 50 57 52 61 53 46 39 54 38 31 30 44 58 18 11 4 60 47 3 59 17 2 16 23 63 9 12 62 10 26 13 14 22 15 1 0 5 42 56 6 55 8 24 7 40
37 29 19 45 30 18 17 21 44 31 26 25 53 12 10 9 24 42 13 20 5 8 16 1 23 46 11 51 55 3 4 15 43 39 14 47 49 41 33 7 34 40 2 38 22 63 0 60 54 61 50 56 32 58 59 52 62 57 48 6
26 18 19 20 12 25 21 44 33 22 42 41 52 49 10 45 24 60 51 58 37 29 43 9 30 1 0 34 23 5 54 14 38 50 2 39 13 11 46 31 57 48 53 17 3 61 4 62 15 7 40 32 16 56 6 8 55 47 63 59
19 34 42 20 26 11 21 37 38 25 13 49 16 29 50 47 48 33 30 6 18 32 24 17 43 44 46 22 12 8 53 51 52 55 3 57 9 2 40 10 23 60 62 4 58 31 61 63 45 39 1 14 0 59 7 15 5 41 54 56
26 18 37 43 44 45 51 59 42 20 58 50 46 55 10 53 29 41 61 22 34 33 12 54 38 21 23 19 32 17 62 2 52 13 5 14 16 60 7 57 1 24 40 63 3 30 47 48 56 9 49 25 0 31 8 15 39 11 4 6
26 34 41 33 43 49 45 37 29 51 40 38 39 20 42 44 50 54 57 21 14 47 19 25 59 32 53 60 31 22 16 46 13 11 62 18 12 24 10 48 52 7 17 15 55 4 58 61 9 1 6 63 30 8 3 2 0 56 5 23
44 29 22 45 20 43 26 18 53 34 25 15 37 21 33 54 55 19 11 2 4 42 52 10 1 40 46 38 23 24 31 3 49 58 56 39 16 5 30 8 9 17 6 59 47 63 51 12 62 13 14 60 50 48 61 0 57 7 41 32
19 18 17 9 1 0 37 43 34 11 10 45 51 59 20 2 54 16 3 4 50 33 25 41 57 63 32 12 29 52 53 22 5 48 15 30 23 46 49 21 26 60 55 6 14 61 8 42 13 31 24 40 38 7 44 47 39 56 58 62
19 34 41 33 25 32 44 18 43 48 16 45 26 50 54 63 37 20 11 4 24 17 52 53 38 42 10 12 61 39 9 2 51 40 55 62 58 29 22 59 13 60 56 8 47 1 3 49 46 21 14 23 57 6 0 5 7 31 30 15
19 34 41 21 29 11 43 30 3 26 18 10 2 50 52 33 42 51 25 24 44 49 16 45 54 8 20 37 13 60 31 46 55 47 40 38 59 58 53 63 57 39 61 9 62 22 14 48 12 17 1 56 7 15 6 5 32 23 0 4
26 18 37 29 22 34 33 40 9 44 51 38 39 53 19 58 42 10 24 46 60 0 1 30 8 11 52 2 21 43 45 47 17 23 20 13 31 25 15 7 55 41 59 62 57 63 12 3 16 54 50 32 5 6 49 48 56 14 61 4
19 18 17 43 26 20 21 8 33 12 3 14 22 11 7 40 2 5 45 29 25 15 37 46 50 6 4 13 42 24 16 34 44 9 0 52 55 53 23 47 51 59 62 10 1 49 54 63 58 30 31 38 39 41 48 61 32 56 57 60
37 29 19 45 54 43 46 38 21 52 47 11 44 63 26 39 61 33 53 30 22 34 59 13 31 23 14 60 51 15 4 62 55 42 25 12 49 20 18 16 58 56 3 9 40 2 24 32 50 41 1 57 48 17 0 10 7 5 6 8
37 29 21 43 42 41 51 14 34 30 7 60 31 45 59 13 48 44 12 33 52 58 20 26 49 4 11 40 56 5 38 19 10 57 24 61 6 39 50 15 47 53 25 3 2 17 22 23 54 55 18 9 1 46 63 32 16 8 0 62
37 43 34 45 26 18 10 41 42 29 20 13 40 48 19 50 33 32 6 11 12 3 21 5 38 1 58 30 24 16 44 59 49 9 57 7 23 46 52 39 2 17 22 25 47 60 61 15 0 53 54 55 31 4 14 51 56 8 63 62
37 45 26 34 33 18 19 38 17 9 20 32 42 25 54 50 31 13 0 21 46 39 16 23 40 41 44 48 30 12 43 10 49 24 56 29 2 63 22 3 57 53 51 59 52 11 61 62 1 47 4 15 55 14 8 6 5 58 7 60
44 45 19 20 54 52 13 12 11 38 29 18 25 26 60 24 31 37 17 34 33 42 50 10 41 3 1 30 8 4 21 47 22 32 2 23 43 57 14 0 9 5 7 6 15 48 39 16 55 51 59 63 58 53 46 49 62 61 56 40
37 45 26 38 46 47 53 34 44 18 25 43 39 17 8 29 42 33 11 9 32 62 21 20 54 22 19 52 13 63 16 4 5 31 15 2 12 41 30 23 3 6 24 55 10 1 60 61 40 48 14 51 50 0 59 49 58 57 56 7
26 20 37 46 29 34 44 51 19 18 52 53 33 21 14 22 38 42 41 45 50 24 25 49 58 32 54 31 10 30 12 1 47 61 40 59 23 56 60 39 43 57 11 7 13 15 48 55 16 5 2 17 8 63 62 3 4 0 6 9
44 29 18 26 19 12 34 25 21 42 37 38 3 10 33 51 43 17 46 32 16 8 50 11 40 20 30 47 22 23 15 52 31 54 61 39 0 7 9 60 13 49 24 14 59 58 45 4 41 57 55 48 56 2 63 1 5 62 53 6
19 20 45 34 21 13 12 11 26 22 3 18 17 16 42 50 41 32 14 4 49 2 58 59 40 29 6 44 24 33 31 7 9 56 52 5 60 48 10 53 38 37 30 51 46 1 43 55 57 39 54 23 25 62 15 61 63 47 8 0
26 20 21 34 12 14 30 18 44 53 9 13 33 10 17 42 15 7 41 5 25 19 11 0 22 2 8 23 52 60 43 48 62 40 51 6 37 29 32 50 59 1 56 24 38 49 45 57 61 54 46 39 47 63 31 58 16 4 55 3
19 18 26 34 44 29 33 25 21 11 12 45 3 42 46 54 32 40 41 20 17 38 30 22 47 10 62 13 23 48 37 24 1 2 8 43 5 53 51 59 60 9 0 14 15 61 58 31 39 52 16 50 56 55 57 6 7 4 63 49
19 18 17 9 1 34 45 21 29 11 4 0 33 2 20 42 50 30 37 43 23 39 38 25 32 54 41 16 53 57 44 47 55 52 22 49 46 62 51 26 60 59 58 13 6 10 12 5 3 14 48 61 15 63 24 8 31 56 40 7
37 29 20 45 44 43 46 21 34 42 53 11 41 51 58 61 30 39 14 38 31 25 2 52 26 18 60 4 10 48 55 13 33 49 16 9 47 22 19 54 62 24 6 7 40 12 0 8 17 32 1 56 57 15 50 5 23 63 3 59
44 29 21 43 26 52 53 20 12 45 51 59 61 60 37 4 19 54 62 42 63 22 49 11 3 41 58 55 18 25 38 47 15 46 5 10 31 56 34 50 13 33 2 23 24 7 14 17 40 1 9 32 30 0 8 6 39 57 48 16
37 29 22 42 18 19 10 30 21 45 34 41 23 43 26 20 54 14 44 31 13 25 5 2 38 63 50 51 32 12 4 58 1 48 52 53 33 46 3 17 16 40 59 60 56 15 47 57 62 39 7 11 61 49 24 55 8 9 6 0
37 43 18 38 45 19 50 17 34 41 20 54 26 21 39 31 10 44 42 33 29 12 32 40 8 59 5 4 47 22 53 2 9 11 23 6 13 3 25 15 61 24 49 62 63 16 30 48 51 52 0 55 56 1 60 58 57 46 7 14
26 20 21 34 42 29 19 25 18 33 38 13 24 32 5 49 41 10 57 48 12 14 1 37 9 0 45 50 15 46 17 7 30 44 53 16 58 3 47 39 4 6 2 55 56 51 11 60 8 43 52 22 31 54 59 23 61 62 63 40
44 43 18 45 51 20 29 58 53 37 52 61 11 19 30 13 26 17 54 4 59 31 21 63 10 38 22 60 2 3 6 12 8 33 46 24 34 1 55 14 7 23 9 16 39 62 15 0 40 41 49 32 25 47 42 50 57 5 48 56
44 43 50 53 19 42 34 20 29 38 13 12 30 57 51 6 47 52 37 33 21 22 62 54 14 41 59 26 10 46 40 32 60 58 45 39 15 61 55 23 5 48 24 16 31 25 18 9 49 11 56 17 0 8 1 3 2 4 7 63
37 29 22 46 38 43 26 19 34 42 50 49 41 21 44 33 32 53 11 58 20 24 40 13 59 23 51 45 48 47 55 17 5 3 15 39 12 4 8 31 25 10 16 18 57 14 2 30 54 62 63 1 0 61 60 52 6 9 7 56
26 20 45 34 18 10 41 54 2 42 44 9 43 40 49 17 33 32 24 48 8 57 63 37 13 16 29 51 56 38 47 53 25 50 62 6 30 39 58 59 11 19 60 22 52 61 15 31 12 21 23 4 14 7 5 46 3 55 1 0
44 29 20 11 19 18 13 43 30 31 2 6 26 52 51 34 25 24 45 59 60 46 42 61 32 16 54 33 47 40 12 21 22 14 23 4 7 63 37 38 49 41 3 56 17 10 50 9 15 1 39 58 57 5 48 55 62 8 0 53
44 43 18 45 34 20 29 25 33 38 16 26 52 60 22 41 19 9 11 2 21 24 32 17 8 15 3 10 40 51 59 42 49 4 23 58 7 12 53 46 37 13 62 56 61 31 1 50 55 63 5 47 54 30 48 0 39 6 14 57
37 45 26 38 46 54 53 52 63 55 31 18 62 25 24 19 29 33 44 43 42 61 17 41 59 60 20 21 40 10 30 12 1 11 14 9 51 8 5 13 16 49 56 15 4 34 2 47 7 22 0 3 6 50 39 58 57 48 23 32
37 45 44 43 50 38 52 59 18 53 46 34 41 21 19 57 39 20 60 54 13 47 58 32 61 42 48 40 56 6 12 31 24 11 63 30 4 17 23 62 16 22 33 3 14 26 10 5 51 8 55 29 15 49 25 9 1 2 7 0
19 34 43 52 37 11 10 21 51 44 53 42 29 45 30 62 33 25 46 32 60 9 24 16 12 55 38 50 17 59 47 39 57 5 58 54 26 49 41 31 20 8 63 61 4 22 6 13 15 18 23 14 0 48 40 56 3 1 7 2
44 29 20 11 30 38 46 31 18 47 12 25 22 13 4 43 37 26 9 45 15 42 54 10 41 49 57 34 16 61 62 8 2 23 6 17 39 33 24 32 40 52 21 50 51 3 55 1 60 5 0 19 14 53 48 59 58 56 63 7
44 45 26 34 41 21 54 25 16 37 17 24 14 43 29 9 52 33 42 49 18 63 19 12 2 0 32 59 50 8 5 51 57 7 46 3 10 56 48 1 23 58 60 55 38 53 39 11 4 30 13 22 20 40 15 62 47 6 61 31
26 18 44 34 19 45 33 41 17 25 49 9 20 21 46 48 22 43 52 57 1 14 37 16 6 55 10 2 30 42 11 29 3 40 38 60 61 53 54 39 31 23 59 51 47 7 50 5 32 63 15 4 62 0 13 24 8 12 56 58
19 20 13 26 17 34 29 22 43 12 5 10 41 33 25 51 31 48 42 6 49 56 7 16 3 18 37 44 4 15 52 38 45 60 21 30 9 46 55 14 61 54 23 11 53 0 1 32 58 50 59 2 8 62 63 24 40 47 39 57
19 20 21 12 5 22 29 38 44 18 10 3 23 45 30 15 17 13 4 6 34 39 14 41 33 16 24 11 48 37 46 26 8 2 9 52 53 31 51 7 54 32 40 1 43 63 42 49 62 58 50 61 60 25 0 57 56 47 55 59
44 43 34 45 26 17 51 18 52 59 60 37 20 25 58 29 38 22 16 54 46 13 42 33 24 39 21 50 57 53 19 11 55 63 5 62 49 48 23 14 3 47 15 8 61 30 0 12 40 6 4 10 56 2 9 1 41 7 31 32
37 45 26 29 46 25 21 44 43 30 17 50 42 49 20 13 14 15 22 38 12 4 41 55 39 52 51 40 53 34 7 6 56 58 33 18 57 8 19 47 60 31 54 16 9 48 23 24 3 5 10 2 59 63 32 11 1 61 0 62
19 34 42 20 33 18 11 2 21 43 44 29 17 37 4 41 30 12 38 3 1 53 25 31 51 52 60 45 10 9 61 54 39 59 49 24 50 32 55 62 46 22 23 57 58 26 47 13 6 8 15 5 40 7 0 48 56 63 16 14
26 20 21 18 10 9 44 52 37 45 8 29 19 12 17 34 53 14 11 0 41 1 13 22 23 5 6 33 30 39 2 16 60 62 61 38 46 49 63 3 4 47 40 59 42 7 56 31 55 43 51 32 58 57 25 24 15 48 54 50
37 29 21 30 23 44 19 20 45 34 43 14 25 52 18 26 5 31 22 12 13 42 11 46 41 9 49 48 17 50 38 7 54 10 4 63 60 24 1 61 8 3 32 16 33 55 15 39 57 2 0 6 51 40 62 56 47 59 58 53
19 18 17 29 37 43 34 9 50 57 52 45 20 16 30 59 0 1 44 42 51 26 8 60 25 23 49 48 56 11 4 41 54 38 31 39 40 22 12 3 47 33 24 13 2 63 21 46 5 55 10 6 61 53 14 7 15 62 58 32
19 34 44 20 12 37 42 13 30 43 26 4 21 45 53 54 63 25 24 11 5 41 2 52 48 33 3 49 17 16 57 22 10 56 29 9 59 58 23 31 8 51 40 14 39 55 62 61 46 47 15 6 7 1 0 38 18 32 60 50
26 34 41 20 29 21 11 33 22 12 45 2 19 49 48 30 3 23 15 38 57 10 44 42 13 37 18 4 5 51 1 17 43 53 46 56 50 52 60 59 9 62 14 25 16 24 61 47 31 7 54 39 40 58 63 32 6 0 8 55
19 34 43 20 33 42 37 26 17 25 41 11 10 48 3 38 24 2 40 4 21 13 5 49 57 18 39 56 12 58 51 14 29 59 44 45 52 16 50 54 53 46 7 31 61 30 22 32 55 63 9 0 23 62 1 15 60 6 47 8
44 45 26 20 13 12 4 43 52 29 38 61 51 31 53 34 47 22 42 50 60 19 18 33 58 17 25 9 10 57 40 49 37 2 16 54 21 6 62 11 56 39 5 48 30 55 1 0 46 14 3 63 59 41 24 32 23 7 8 15
26 34 42 20 37 25 21 44 19 11 51 14 10 18 17 33 22 38 41 50 49 30 3 8 46 53 16 56 23 48 39 12 43 24 5 59 57 58 52 7 45 47 60 32 55 31 4 62 40 61 54 9 6 13 0 63 29 15 2 1
26 20 37 44 51 34 29 22 30 19 10 31 23 52 39 38 45 25 13 6 59 54 12 14 41 1 46 58 33 18 50 11 5 42 49 56 7 32 43 53 9 8 60 47 21 62 61 40 3 15 16 17 24 2 63 4 55 48 57 0
37 29 19 26 22 43 34 46 21 10 38 15 11 30 23 3 54 41 33 25 51 14 12 44 16 24 45 5 1 20 17 18 2 13 6 50 52 53 57 8 9 7 59 4 60 47 31 58 49 48 55 0 32 39 42 40 56 63 62 61
26 20 37 25 12 29 17 9 19 11 10 18 30 13 24 38 46 33 8 44 2 39 40 55 6 41 0 14 49 31 52 43 42 1 34 3 47 21 7 48 22 23 54 16 45 15 4 62 5 53 51 50 63 32 57 58 56 61 59 60
37 29 21 45 19 38 53 22 23 61 54 15 46 13 20 47 6 18 43 39 34 10 7 5 4 26 2 33 25 1 30 17 16 11 14 8 44 51 62 52 32 63 50 3 12 41 24 59 55 9 58 31 42 60 40 48 0 49 56 57
26 18 10 25 37 9 34 11 24 45 2 20 8 43 44 0 29 52 54 42 60 63 50 59 19 61 16 12 21 17 4 3 46 22 23 30 33 13 31 58 5 51 62 15 57 32 40 38 49 47 55 48 7 14 1 56 6 53 41 39
19 18 37 29 21 45 43 13 46 50 51 20 57 38 22 54 53 23 5 30 17 61 34 14 31 10 2 12 63 26 44 55 6 16 11 1 0 7 33 39 8 4 15 32 25 9 3 52 24 49 41 42 62 60 58 56 48 59 47 40
44 45 37 43 50 20 34 29 18 26 13 11 22 9 53 30 19 46 55 15 51 6 10 58 31 33 41 1 21 57 54 47 0 38 14 23 7 32 3 17 52 2 42 39 16 63 40 12 62 48 25 24 4 60 61 8 49 5 59 56
19 34 45 37 44 21 33 32 43 54 25 18 17 41 20 10 22 16 9 12 11 42 48 29 52 60 63 4 26 1 53 55 61 62 49 30 47 56 31 40 13 46 50 14 7 23 8 51 38 3 58 24 2 0 59 5 15 6 39 57
26 18 44 43 10 29 30 53 42 34 45 20 11 9 19 52 8 54 17 0 51 22 46 2 14 59 63 25 21 23 60 16 58 38 1 3 33 5 31 41 49 62 37 39 12 32 47 57 61 4 40 55 7 6 56 50 24 13 15 48
26 34 42 18 20 33 43 19 24 21 9 51 12 10 22 37 11 0 38 44 17 1 3 30 39 50 52 8 60 58 41 14 16 49 53 13 56 32 5 40 7 25 48 29 4 15 45 54 6 46 62 61 59 55 57 23 47 63 31 2
19 34 42 20 21 13 12 29 14 43 37 4 51 6 11 52 33 26 25 41 50 18 10 30 32 46 53 7 38 45 54 47 15 62 63 3 31 1 22 61 5 9 0 23 60 8 55 59 2 17 16 24 40 57 49 56 44 39 48 58
44 43 18 45 51 42 33 59 50 24 46 58 57 41 40 37 60 53 38 34 32 29 62 31 39 19 21 14 52 30 10 11 7 61 26 9 3 48 1 55 49 25 20 12 2 13 17 8 54 63 23 22 47 16 6 15 0 4 56 5
37 43 18 19 10 45 44 11 54 21 20 17 42 9 0 26 12 2 8 24 22 16 32 53 3 4 62 63 55 23 1 38 13 61 14 41 30 34 46 39 52 7 47 51 50 29 5 33 15 40 25 6 49 60 31 59 58 57 48 56
37 29 19 45 38 18 17 39 30 20 46 11 10 16 26 25 52 31 8 59 53 9 1 43 0 60 12 3 42 13 61 34 14 4 47 6 21 44 23 41 2 54 48 22 15 62 32 7 63 24 5 40 33 55 51 56 49 50 57 58
26 34 41 18 44 29 30 45 43 25 54 63 20 50 17 42 37 13 19 9 6 12 11 5 51 38 8 21 14 48 57 58 24 23 53 4 49 16 40 32 60 22 3 46 56 59 31 62 39 10 7 15 52 47 33 61 55 1 0 2
19 20 37 44 53 10 1 52 51 18 12 34 33 45 26 59 46 9 17 0 60 2 58 55 30 5 47 25 4 40 21 43 32 24 11 39 16 54 8 62 48 38 42 41 31 61 63 56 49 3 29 57 50 23 22 15 14 13 7 6
37 43 42 45 19 41 53 20 49 34 18 10 29 26 40 38 31 50 12 21 30 47 13 23 51 5 25 56 6 7 58 32 9 0 24 48 44 33 14 39 1 52 59 2 46 11 8 60 17 3 22 4 57 54 15 16 61 62 55 63
37 29 21 43 18 38 50 14 34 42 20 11 39 33 26 51 44 52 22 25 17 45 2 16 60 19 13 53 9 15 49 1 7 48 23 4 24 32 59 41 62 46 55 54 12 5 56 47 10 3 58 6 63 30 61 31 0 57 40 8
37 43 42 45 26 41 51 20 19 50 13 12 54 52 29 38 59 6 57 44 22 31 53 33 25 17 40 30 39 46 14 60 23 49 8 63 58 55 24 62 11 3 2 48 4 15 32 34 18 56 47 16 7 0 5 10 21 61 9 1
44 29 20 45 46 34 41 52 42 38 60 54 31 11 30 48 63 62 61 37 2 39 43 50 33 22 40 26 25 53 59 24 32 12 19 58 13 51 55 21 18 14 56 9 16 3 23 1 10 6 15 17 57 4 0 47 8 49 5 7
37 29 21 43 26 14 50 51 34 19 44 25 52 60 11 49 59 20 48 45 22 12 24 58 10 18 61 9 1 32 3 40 38 23 53 56 42 31 13 46 54 33 47 17 15 5 16 39 6 4 55 2 30 41 8 7 62 63 57 0
37 43 18 19 10 21 34 42 50 33 32 46 14 29 45 54 55 30 23 51 52 31 62 47 20 38 22 39 44 60 61 7 6 63 12 41 40 3 13 17 4 53 2 15 24 26 8 16 11 5 58 59 49 57 48 56 1 25 9 0
44 45 37 29 54 51 52 53 22 21 19 55 14 18 60 34 43 11 9 15 4 26 20 10 25 13 2 24 62 59 42 0 17 41 16 61 12 8 1 3 30 39 31 46 32 23 63 38 58 50 48 40 47 33 7 6 57 5 49 56
37 45 44 29 20 11 18 25 13 19 9 26 21 51 22 38 39 43 24 15 12 4 23 17 10 47 59 30 46 54 5 14 33 52 3 34 53 60 6 32 55 1 42 2 0 62 7 8 40 63 61 58 16 49 41 31 57 56 50 48
19 34 44 20 18 37 42 50 41 51 58 48 38 17 33 49 12 26 25 30 46 55 54 5 52 45 8 59 57 40 11 3 2 53 4 47 22 24 62 1 21 13 32 43 6 56 60 10 29 14 16 61 63 39 31 0 7 15 23 9
19 34 44 20 12 29 33 10 11 26 9 40 37 53 32 24 22 41 51 45 46 52 54 5 25 63 55 21 13 62 18 15 49 14 61 48 42 58 60 0 23 6 43 50 30 2 56 16 3 4 7 57 1 38 8 47 39 31 59 17
19 18 17 29 45 26 20 44 52 9 42 8 38 30 33 47 22 49 37 14 15 13 4 24 21 6 0 11 5 46 39 3 56 12 16 53 62 31 10 2 34 50 32 51 54 60 58 61 55 63 1 48 25 43 40 41 59 7 57 23
19 18 17 9 44 29 37 11 21 46 0 43 42 16 3 34 55 20 12 52 41 33 50 14 13 1 61 45 15 40 38 22 25 58 49 60 2 39 10 48 24 32 56 62 47 53 54 51 57 26 31 4 59 30 8 7 63 23 6 5
19 18 26 20 29 38 37 33 11 34 40 3 10 17 25 16 13 41 30 31 2 12 4 6 42 51 45 44 5 43 59 48 39 58 57 1 8 53 23 0 46 50 62 9 32 54 14 21 52 55 49 24 22 61 60 47 63 15 7
26 18 44 34 19 37 17 9 33 42 1 21 43 50 41 53 57 12 45 49 11 54 10 0 29 8 25 24 48 56 63 51 58 3 61 62 52 55 30 16 32 46 4 23 60 59 5 6 2 13 14 20 7 22 47 39 38 40 31 15
26 34 43 20 19 10 11 50 41 32 45 18 21 42 13 14 29 3 48 54 15 33 2 4 44 40 58 38 30 51 24 49 5 17 47 7 12 9 0 22 59 46 37 6 39 53 63 60 61 25 8 31 16 55 52 1 56 23 62 57
44 43 34 45 37 20 52 38 39 46 13 42 54 60 41 31 21 47 61 59 58 18 9 53 62 25 30 40 32 63 49 0 26 57 10 22 48 29 50 19 12 24 16 5 14 51 2 15 7 23 6 4 17 33 3 11 56 8 55 1
19 18 44 20 9 34 12 45 37 29 54 51 21 17 25 22 30 38 11 46 53 5 26 2 42 16 23 32 8 62 0 15 24 13 40 41 43 60 39 47 7 49 58 59 10 1 33 48 55 50 56 57 3 4 14 52 6 31 61 63
19 20 21 12 29 30 13 14 44 34 4 45 41 52 37 48 11 26 25 10 3 24 53 61 60 43 15 7 39 5 46 47 18 23 54 17 32 55 33 2 49 57 16 59 22 9 62 31 1 38 51 58 6 42 50 0 40 8 56 63
26 34 45 20 33 44 43 50 21 52 51 54 29 22 12 41 14 58 23 11 42 18 19 17 25 13 16 10 5 31 37 30 1 40 53 3 4 2 61 7 63 62 15 38 9 0 47 55 46 60 32 39 57 6 48 59 49 24 8 56
19 18 26 20 12 10 13 42 11 14 45 29 30 54 3 2 1 9 49 31 5 56 38 25 21 46 47 4 34 6 7 43 24 15 51 22 0 32 52 61 37 53 40 33 44 8 63 50 39 55 60 41 59 23 58 48 17 16 62 57
26 20 21 18 44 34 12 13 17 25 33 29 6 5 30 31 39 43 11 8 37 40 19 38 50 53 47 3 14 52 60 16 42 7 24 15 23 41 10 45 62 1 2 22 46 32 49 54 55 58 56 63 0 59 61 48 4 51 57 9
37 29 20 45 19 34 43 11 22 18 44 21 38 47 25 51 13 33 26 23 39 30 12 4 14 16 52 46 10 59 40 32 58 3 53 1 60 54 24 50 8 31 61 42 5 7 55 6 9 17 41 57 49 63 0 48 2 62 15 56
37 45 19 20 13 46 44 10 18 51 38 26 9 11 52 30 12 1 43 42 34 53 41 49 50 58 57 48 39 6 21 56 17 31 54 24 40 23 59 0 60 14 2 61 62 3 4 63 29 25 32 5 8 55 16 33 15 7 22 47
37 29 22 45 21 15 44 43 23 38 42 13 4 26 14 41 25 24 50 31 40 5 46 49 17 54 58 52 30 39 20 34 12 11 18 56 19 9 57 10 2 1 63 53 8 33 60 55 32 59 7 61 3 6 16 0 62 48 47 51
19 18 37 43 51 45 53 59 17 29 21 10 50 9 1 0 42 25 26 54 24 34 44 33 52 3 8 60 49 2 41 48 56 46 38 13 62 55 30 23 22 57 58 16 4 40 12 39 63 5 20 11 6 7 61 15 32 14 47 31
44 45 37 43 34 25 19 11 10 20 33 42 53 32 18 26 17 1 24 54 63 16 41 62 2 40 0 30 38 46 29 9 55 3 23 21 52 51 50 22 14 15 8 47 61 59 48 6 39 49 4 31 57 58 60 12 7 13 5
37 45 26 34 44 29 42 18 10 20 38 43 30 47 51 22 53 61 54 33 24 55 63 32 46 58 59 39 31 21 19 11 3 12 60 17 4 41 57 5 9 1 25 13 49 48 6 56 23 14 8 62 50 16 52 0 15 40 7 2
19 18 26 34 25 16 45 20 9 21 43 52 14 2 24 17 8 44 61 42 1 54 38 32 11 7 47 46 29 59 51 60 53 37 22 0 58 31 33 62 63 41 50 55 10 23 30 57 56 12 5 3 15 13 39 49 6 4 48 40
44 29 18 43 51 50 37 52 58 59 30 23 53 54 46 9 19 39 55 22 49 26 17 11 31 45 42 16 47 57 12 34 8 48 41 21 3 62 25 38 13 0 56 5 20 10 4 33 24 2 63 40 60 15 14 7 1 61 6 32
19 34 43 18 37 29 21 51 50 14 20 52 26 45 46 17 38 12 59 39 13 30 11 55 44 42 54 10 5 63 33 58 15 6 23 4 3 53 62 24 57 7 40 2 16 47 22 31 60 49 61 9 41 8 25 48 1 0 32 56
26 34 43 18 44 52 50 37 60 19 30 51 58 53 33 23 38 61 21 12 5 11 39 13 46 57 10 41 56 59 4 54 22 3 42 55 29 17 49 40 45 6 63 15 31 48 20 47 32 14 1 24 16 25 62 2 7 9 0 8
37 29 19 43 44 26 42 53 52 51 34 45 20 41 62 61 50 11 30 58 12 5 4 46 47 63 25 33 2 17 32 3 8 38 54 40 16 23 59 60 49 18 48 9 1 57 39 21 10 31 6 24 13 22 15 0 14 7 56 55
19 34 41 33 45 20 32 18 12 5 10 26 4 42 9 21 51 37 29 40 11 17 13 2 43 48 8 50 49 24 1 22 15 59 60 6 3 61 16 57 56 31 44 38 39 46 23 25 52 14 58 54 63 47 7 0 55 53 62 30
19 34 44 11 26 18 41 43 50 51 17 57 58 37 29 25 49 9 46 59 33 45 3 42 52 60 38 24 10 2 1 40 32 54 62 30 56 63 20 0 16 8 23 39 61 53 55 47 31 13 21 4 48 22 5 14 7 12 15 6
19 18 37 11 3 45 25 20 21 38 54 10 31 14 7 26 1 34 44 4 46 39 41 51 29 12 13 62 9 30 55 53 5 24 43 23 16 33 47 17 61 2 8 0 59 58 52 48 32 6 42 22 57 63 15 40 50 49 60 56
19 34 41 18 17 21 20 10 22 14 44 33 11 3 1 37 2 53 45 23 7 24 46 39 47 49 60 13 32 40 6 30 57 12 5 42 48 26 4 54 43 61 8 15 29 51 9 52 62 50 38 63 55 58 16 56 25 59 31 0
37 43 26 29 34 45 52 18 46 25 17 41 33 24 10 20 21 50 19 61 53 9 16 8 0 32 44 3 59 1 40 11 12 55 48 30 51 49 57 58 39 2 5 47 4 56 54 60 31 23 38 13 6 14 22 15 42 63 7 62
19 20 13 26 37 45 53 34 42 44 18 11 52 6 12 21 22 9 4 49 25 24 33 17 50 10 32 62 51 40 43 54 16 59 63 55 1 41 56 8 2 23 60 3 31 29 5 14 46 39 58 47 38 57 15 0 7 30 48 61
37 45 26 29 54 25 21 30 39 46 24 34 53 17 41 23 18 33 32 49 43 13 31 20 16 10 12 52 48 11 15 8 61 42 19 55 50 40 3 62 0 5 38 22 14 1 47 58 2 7 44 60 57 56 6 9 59 51 63 4
37 29 20 13 18 45 6 9 34 11 12 26 10 14 54 43 44 53 50 41 42 33 32 58 2 52 8 40 4 17 46 63 16 38 49 19 48 5 51 3 47 56 25 55 57 30 61 39 31 60 62 1 59 23 0 22 21 24 15 7
19 20 29 38 13 11 21 5 47 22 44 34 23 37 4 14 26 18 43 3 25 42 33 40 50 31 30 45 32 39 7 58 10 12 57 1 41 15 6 55 59 24 9 2 46 49 48 0 16 51 52 60 61 53 54 56 17 63 62 8
37 29 20 11 18 44 45 42 34 25 16 54 19 32 3 21 38 4 13 31 9 10 53 12 17 2 63 1 47 26 41 40 49 30 22 33 51 57 0 23 14 5 48 61 6 55 62 15 56 58 52 8 24 60 50 39 59 46 7 43
44 29 20 11 19 18 9 34 10 25 17 1 24 37 3 52 0 16 45 2 43 38 30 4 60 51 8 22 54 26 21 14 50 13 15 63 53 59 6 7 39 12 33 23 58 61 31 40 42 57 46 32 41 5 49 48 62 55 47 56
26 18 19 20 12 10 45 43 2 37 29 33 25 4 51 54 40 59 42 46 60 9 5 22 44 34 41 53 38 21 55 61 8 32 16 24 15 52 63 39 49 6 62 50 58 17 47 30 48 31 23 57 11 13 56 0 14 3 1 7
26 18 44 43 34 42 51 53 49 59 33 24 32 29 10 9 16 17 21 3 30 50 62 45 37 20 19 12 57 39 1 40 52 41 4 60 23 2 25 22 38 0 14 7 6 15 58 11 61 13 31 48 5 56 8 54 47 46 55 63
19 18 26 34 33 21 29 20 10 22 44 40 42 25 11 1 38 12 15 30 17 41 43 23 31 47 3 45 14 8 51 4 53 2 52 7 6 46 39 59 60 37 5 54 58 13 55 63 50 62 49 57 48 61 32 56 24 16 9 0
44 45 19 52 54 26 59 46 38 21 20 18 9 60 25 17 12 24 16 58 33 29 34 3 4 10 14 47 1 8 30 42 2 31 22 61 49 7 43 37 6 51 63 40 41 53 57 11 50 13 15 23 0 5 62 39 32 48 56 55
44 29 21 13 14 15 26 42 22 37 30 17 12 53 7 11 52 19 5 51 62 38 47 39 8 34 58 6 43 18 45 60 3 54 46 10 50 59 23 55 61 31 1 16 41 9 24 25 0 57 49 63 4 48 40 33 32 2 20 56
44 45 37 29 46 51 19 20 43 30 31 22 21 50 23 11 58 54 2 3 42 59 52 1 18 38 53 57 63 49 12 60 56 15 10 4 13 33 62 5 7 39 26 17 55 41 61 34 40 25 6 24 14 47 9 48 0 8 16 32
19 34 43 50 44 11 18 53 33 25 41 49 10 26 48 29 51 42 9 60 4 12 22 8 16 45 46 56 37 21 30 24 14 58 61 39 1 20 31 2 52 0 59 7 6 23 3 38 62 5 57 40 32 54 55 63 17 47 13 15
37 45 26 38 54 34 31 20 42 41 44 25 40 39 12 50 19 32 29 23 43 52 51 18 57 13 47 55 16 21 6 11 24 61 9 0 46 14 60 58 33 10 22 49 4 53 59 7 62 63 15 3 5 30 56 17 8 2 1 48
19 34 41 18 20 21 9 26 37 43 52 51 10 0 8 48 22 16 59 61 25 29 38 50 32 15 53 24 44 57 42 45 58 60 62 46 30 2 17 11 14 13 7 23 47 33 4 12 3 5 1 40 49 39 56 55 54 63 6 31
26 34 45 37 41 20 44 33 29 21 13 17 32 40 8 30 31 19 11 42 48 49 58 12 10 39 4 23 43 18 14 57 50 6 22 53 9 51 61 59 38 25 52 5 16 24 15 62 54 2 7 60 47 63 46 55 3 1 0 56
37 45 53 20 19 34 42 29 26 25 13 18 33 46 44 32 10 50 47 17 38 30 40 6 51 11 49 1 22 23 4 56 41 12 2 54 55 15 58 59 31 48 16 63 57 60 62 9 7 8 43 61 39 52 3 5 21 24 0 14
19 34 45 11 18 17 41 37 9 53 29 25 42 20 3 4 61 54 55 49 33 30 5 16 21 26 44 63 23 43 46 62 57 38 51 60 8 32 31 12 52 1 40 10 2 48 39 0 24 59 58 13 14 22 56 50 47 6 15 7
37 29 18 43 30 9 50 31 21 12 13 44 45 14 7 54 11 34 33 3 46 5 19 38 23 53 62 47 22 6 0 60 4 10 39 25 20 26 61 40 59 41 15 42 52 58 17 24 55 8 57 63 48 56 16 49 1 51 32 2
19 34 42 50 45 21 33 10 51 26 17 44 11 12 37 52 59 53 62 43 57 30 25 58 38 16 3 31 13 24 54 29 49 5 18 41 32 2 20 61 9 56 60 4 6 0 8 14 46 1 23 7 47 63 39 22 55 40 48 15
19 18 44 11 26 37 29 34 10 51 43 21 59 2 17 25 52 8 33 61 20 42 3 58 30 60 32 16 46 41 48 55 50 39 22 13 6 15 53 12 1 57 49 62 14 40 9 24 45 7 23 31 56 4 63 38 54 5 0 47
26 20 13 25 17 34 42 41 21 18 33 16 48 40 8 43 24 6 5 29 37 46 49 22 11 9 51 50 30 56 44 32 19 4 12 31 14 58 45 23 57 53 38 39 1 59 7 15 2 0 47 52 62 3 10 54 60 61 63 55
44 43 18 53 51 20 45 34 33 52 13 54 37 25 17 42 26 59 21 32 40 12 3 14 50 4 5 9 62 24 61 60 29 58 55 46 57 49 19 63 41 38 7 30 22 6 11 23 39 47 16 31 2 0 15 56 48 10 8 1
37 43 50 21 20 51 52 29 13 30 42 12 22 45 11 3 19 15 39 23 38 46 5 53 47 31 60 44 7 10 54 59 26 14 2 63 18 49 48 41 61 9 34 33 17 57 8 62 4 58 55 25 32 24 16 1 0 6 40 56
44 29 19 26 22 53 33 17 52 30 38 10 12 45 1 15 24 60 14 25 37 8 20 5 18 39 34 41 62 13 47 43 32 11 61 40 42 16 31 59 54 3 6 7 2 21 48 4 0 46 51 9 58 63 55 57 23 49 50 56
44 29 22 30 38 45 43 42 54 31 18 37 20 53 61 13 51 52 23 11 49 50 14 63 47 26 19 55 39 33 60 25 9 56 40 0 2 59 41 21 58 17 4 7 32 10 62 15 1 8 46 57 34 24 48 12 3 5 16 6
44 43 34 25 33 45 20 19 18 12 54 37 21 26 52 29 38 10 11 53 9 41 42 51 32 16 49 4 60 30 61 39 3 50 5 13 22 46 17 40 59 62 47 23 15 7 8 24 63 1 14 0 2 56 48 6 31 55 58 57
44 43 26 19 18 33 42 53 45 51 58 59 34 37 60 9 11 17 30 12 62 38 24 61 13 50 46 57 25 10 8 20 29 0 49 40 48 56 52 23 32 2 3 5 21 31 39 54 1 16 15 6 55 47 14 41 63 22 7 4
26 20 13 12 37 42 44 52 51 38 29 34 41 53 50 17 11 58 49 30 19 2 39 4 59 43 21 57 18 9 54 48 40 23 25 33 10 47 3 5 1 0 46 45 14 31 22 62 61 63 56 55 24 32 16 6 7 15 8 60
37 29 19 43 45 11 26 33 51 46 22 34 25 21 20 17 2 52 47 23 24 18 41 48 53 3 12 32 38 5 9 30 15 16 13 4 31 0 42 39 14 44 40 49 10 6 58 54 7 1 50 61 63 62 60 56 55 57 8 59
44 29 21 45 30 43 26 20 13 31 52 12 50 53 14 7 38 19 54 51 34 62 11 42 15 61 41 5 39 17 37 49 18 25 60 2 22 33 32 40 3 47 48 58 1 59 63 24 16 55 4 23 57 10 9 56 46 8 0 6
26 34 44 37 46 17 8 20 12 29 19 43 45 18 41 42 33 16 50 54 21 4 5 32 53 57 10 6 24 38 51 25 58 48 22 11 39 23 63 61 56 3 14 40 2 9 60 0 15 30 7 31 62 52 1 13 49 55 47 59
26 34 41 33 44 20 40 32 25 45 24 43 52 51 58 60 19 48 50 18 21 22 17 42 29 8 14 30 12 37 9 7 61 57 53 11 56 5 13 10 0 38 16 6 39 54 2 46 23 62 4 31 47 1 55 3 15 63 59 49
26 20 37 42 34 18 49 45 19 12 33 44 53 38 10 21 14 22 31 1 5 32 46 30 40 61 24 55 23 11 62 60 3 52 17 4 54 8 59 39 51 50 58 56 43 2 41 63 48 57 47 15 9 13 16 0 6 25 29 7
44 43 50 29 20 51 18 19 52 45 34 37 22 58 11 60 46 30 42 14 59 57 49 10 9 25 23 12 56 8 33 31 13 24 1 21 16 54 53 15 4 55 7 2 47 38 41 3 5 0 32 48 61 40 39 63 26 17 62 6
44 43 34 45 37 41 50 29 22 52 33 15 19 10 61 32 11 26 38 51 20 21 40 25 17 18 12 16 13 46 23 4 8 24 5 0 42 53 55 39 7 30 59 60 49 58 62 48 2 3 14 31 47 1 56 9 6 54 57
44 43 34 41 18 19 42 45 26 10 17 33 3 21 53 2 54 25 9 24 48 29 37 38 20 51 39 13 32 46 50 1 14 58 60 49 16 4 0 31 56 57 22 15 6 52 5 63 61 8 23 47 59 40 11 12 7 62 30 55
44 43 50 51 52 21 20 53 54 61 19 55 22 58 62 11 10 42 49 59 12 29 60 3 37 40 2 1 18 63 56 48 32 46 38 15 9 47 26 25 34 0 30 17 45 33 57 14 23 41 39 13 5 6 16 8 31 24 4 7
19 18 17 29 37 9 26 16 21 44 34 12 3 5 52 42 41 40 10 11 8 14 43 51 48 22 45 61 1 46 32 33 47 0 20 2 23 49 60 25 62 54 4 24 53 50 30 55 39 56 7 31 38 15 6 59 63 13 57 58
44 29 22 45 46 34 26 20 33 25 37 43 18 11 51 32 16 42 17 47 10 30 40 59 60 24 21 3 12 58 2 19 53 52 31 9 50 5 39 8 55 14 41 38 23 49 15 62 6 61 57 1 0 54 63 7 13 4 56 48
44 43 42 29 20 13 19 26 22 38 17 45 21 41 51 59 6 12 53 30 31 23 58 34 14 8 47 7 40 39 60 50 37 4 33 49 18 32 11 3 57 62 61 5 2 56 52 54 25 24 48 10 55 63 1 0 16 46 15 9
26 34 44 20 12 45 19 43 53 52 37 38 42 61 39 25 59 30 51 41 23 50 49 31 46 29 54 56 32 40 21 22 18 17 48 24 9 55 60 1 63 5 13 4 16 10 8 15 0 58 2 3 47 14 7 11 57 6 62 33
37 43 26 17 51 44 42 30 46 58 53 62 23 20 13 41 19 11 34 12 8 14 48 33 32 39 10 9 1 18 25 24 52 49 40 60 50 21 7 22 45 54 47 0 55 57 56 59 4 3 6 29 38 5 31 16 61 63 2 15
44 45 19 43 51 42 37 59 53 21 41 38 31 50 20 39 57 11 14 29 22 32 30 6 60 46 52 61 23 13 2 12 34 47 40 33 55 48 54 3 49 15 7 58 26 56 10 18 4 1 5 62 0 9 25 16 24 17 8 63
19 18 17 11 44 45 10 25 3 52 33 29 53 34 60 59 43 20 51 16 30 42 9 41 21 2 54 13 26 22 12 63 49 50 14 6 5 48 57 56 46 24 8 61 62 23 40 32 58 39 31 4 47 1 15 37 0 38 7 55
37 45 19 38 44 18 17 29 21 52 53 9 0 34 42 22 60 20 26 51 31 11 3 10 14 25 16 12 50 62 54 24 32 6 13 4 15 8 5 46 33 40 48 58 1 39 7 23 55 43 47 30 49 63 2 56 41 59 57 61
26 34 42 20 13 33 43 19 29 6 24 52 10 50 21 45 57 32 41 58 59 18 25 44 38 17 40 61 37 14 60 39 16 9 46 53 47 30 2 8 7 22 54 56 12 49 48 62 63 3 31 51 0 23 55 1 5 4 11 15
44 45 19 18 46 20 12 29 9 11 22 5 13 21 6 38 4 23 30 37 15 52 10 47 43 1 54 8 31 2 0 14 16 61 39 25 62 53 32 34 42 41 26 3 51 17 49 33 60 50 7 63 55 56 40 59 24 48 58 57
44 29 20 13 30 31 12 45 38 11 37 52 53 39 18 61 21 19 2 14 23 22 6 42 60 10 46 43 41 54 3 15 5 4 1 7 62 34 33 40 59 17 26 9 24 0 8 55 48 32 51 63 47 16 25 50 49 56 58 57
19 34 45 37 46 54 42 38 55 29 41 10 21 43 1 47 52 20 13 49 56 59 63 26 30 31 33 48 22 61 25 4 39 18 12 11 6 17 15 50 32 51 23 44 62 9 60 40 3 5 0 7 2 8 16 24 53 58 57 14
44 29 18 43 42 26 22 45 19 50 20 34 25 9 10 30 31 11 46 13 52 24 4 38 17 21 16 6 41 54 47 3 61 63 57 8 0 58 12 15 37 32 23 53 60 1 2 56 62 59 51 39 55 33 7 14 40 49 48 5
26 20 13 34 42 19 21 43 44 33 17 45 24 29 38 41 52 61 50 54 60 57 49 32 25 48 11 59 40 14 15 22 31 7 46 9 8 23 10 39 18 1 58 6 0 47 63 62 2 37 30 4 55 16 51 53 12 3 5 56
26 20 29 18 11 25 17 16 34 42 37 44 51 13 8 30 10 58 21 12 49 45 32 24 14 2 53 40 48 6 5 3 23 15 19 62 33 4 61 39 43 41 59 9 56 38 22 50 1 54 52 60 7 0 31 46 57 63 55 47
37 29 22 46 19 10 38 26 54 30 1 15 17 45 20 55 14 39 47 12 63 13 44 34 21 25 6 52 53 33 43 9 16 60 61 50 41 5 24 11 59 40 2 3 4 62 18 49 51 0 42 57 56 58 31 8 48 32 23 7
19 34 43 50 44 37 26 51 52 20 42 41 58 29 18 10 11 45 53 2 49 12 38 57 17 54 46 47 5 25 9 4 21 6 39 14 3 22 56 13 30 8 7 31 32 33 24 16 61 15 48 59 23 62 63 55 40 1 0 60
26 18 19 34 33 21 10 25 17 11 45 1 44 32 9 20 40 41 4 24 8 52 29 48 3 2 0 30 22 23 14 43 37 7 51 50 49 16 57 54 58 46 55 59 60 47 53 38 31 39 12 62 63 5 6 42 61 15 56 13
37 45 53 38 39 54 52 29 20 34 18 12 63 46 13 26 25 14 4 17 16 21 43 60 7 24 30 8 55 41 11 15 22 44 23 51 6 31 19 5 61 62 59 10 3 47 48 33 40 2 9 42 49 32 0 57 1 50 56 58
19 18 17 11 10 34 26 25 24 32 43 2 29 37 40 9 45 38 44 21 39 47 20 54 16 33 0 53 22 13 8 12 52 50 3 4 31 46 62 15 5 6 41 61 23 1 57 49 48 42 60 14 51 58 63 56 55 30 59 7
37 29 20 45 30 34 41 22 38 46 39 26 17 47 54 13 53 52 14 15 21 62 31 43 4 19 51 61 60 48 12 18 55 5 6 59 11 44 10 7 23 8 33 63 50 42 16 32 40 1 25 58 49 2 3 24 9 0 57 56
37 45 26 29 38 18 30 20 43 44 10 9 53 46 19 22 15 60 23 14 21 34 7 12 31 6 5 1 4 13 41 33 54 39 52 59 47 61 0 62 55 8 40 17 42 50 57 24 32 25 11 51 2 16 63 3 58 49 56 48
19 20 37 18 9 44 45 17 53 52 10 62 43 2 61 16 63 60 29 26 34 38 39 47 54 46 25 42 33 31 12 21 1 24 30 4 11 23 49 50 51 8 32 55 5 58 22 41 15 0 59 40 57 6 3 13 48 56 7 14
44 45 37 29 19 42 22 26 43 52 49 21 53 23 13 20 25 61 60 10 62 33 38 5 1 50 30 48 57 12 4 46 11 24 47 55 56 9 2 18 40 51 31 58 39 54 14 3 59 41 6 34 17 0 8 16 15 7 63 32
26 34 41 21 45 33 20 48 22 19 18 12 10 44 25 9 3 16 8 1 43 14 29 52 40 15 59 60 11 38 53 32 30 0 50 5 46 62 24 57 4 54 49 2 37 17 56 42 51 58 61 13 31 23 7 6 39 47 55 63
37 43 34 29 19 45 30 22 54 23 31 33 46 38 44 47 39 62 55 11 13 15 61 21 42 63 26 41 50 53 52 59 3 17 24 51 40 5 25 18 58 20 9 32 12 1 48 49 0 60 10 57 56 16 2 8 6 4 14 7
44 43 18 21 42 53 34 49 45 37 54 19 62 9 38 46 0 60 51 59 50 63 47 55 11 30 29 39 48 41 58 3 33 32 22 14 13 56 40 17 31 52 25 15 20 61 24 10 6 16 2 23 4 12 26 8 7 57 1 5
44 45 37 43 53 29 34 62 21 26 50 30 20 33 22 19 38 14 11 23 32 57 61 54 52 42 15 39 55 2 17 51 60 41 3 4 12 24 31 10 8 25 18 13 58 47 56 63 40 9 46 59 16 49 6 7 0 1 5 48
37 29 21 45 26 13 46 18 14 15 10 25 34 41 44 38 5 20 32 51 50 22 23 47 54 7 12 62 55 48 42 9 11 17 39 58 61 4 24 16 43 52 40 8 59 49 6 30 3 33 19 2 31 57 63 60 1 53 56 0
44 45 46 29 18 42 22 37 26 9 19 15 30 21 13 20 12 43 41 54 34 50 59 53 38 14 17 39 47 55 7 16 61 6 31 48 11 57 51 60 62 58 33 49 10 3 0 1 23 63 8 25 56 40 5 52 32 4 24 2
26 34 42 33 24 17 43 20 19 32 13 50 29 16 57 37 46 58 45 6 12 11 49 25 3 44 5 41 14 10 40 18 2 1 0 30 8 4 31 23 9 21 15 52 59 54 38 39 62 22 51 55 7 60 47 56 61 53 63 48
26 34 43 18 17 29 42 33 40 25 10 9 1 49 22 24 58 44 32 41 37 2 11 46 3 15 38 57 54 48 56 55 30 50 16 19 21 23 14 45 12 39 59 5 52 63 7 31 20 51 47 13 61 8 0 53 62 60 4 6
26 34 44 18 33 42 19 45 50 52 20 12 17 16 54 63 8 43 13 41 60 57 40 0 38 29 58 53 10 61 22 9 11 14 46 32 51 47 4 30 24 25 15 6 31 21 55 23 2 5 62 49 39 59 7 3 56 48 1 37
19 34 42 50 41 32 37 21 29 38 48 26 46 54 43 12 58 30 11 44 14 10 53 51 18 7 5 9 2 13 23 52 8 22 45 40 60 59 31 57 56 17 15 20 6 33 63 3 62 55 25 0 39 61 47 4 24 49 1 16
44 45 37 29 19 34 30 38 54 52 39 53 61 62 60 20 26 17 21 51 42 23 41 46 63 10 18 14 1 25 33 13 24 58 12 4 5 8 55 31 50 40 7 49 15 2 16 3 11 9 47 43 32 59 56 48 57 6 0 22
44 29 21 45 26 25 17 52 37 14 60 42 19 43 54 53 62 10 3 1 49 33 11 63 50 8 38 12 22 30 23 61 6 34 32 39 46 7 59 51 24 47 5 4 20 57 41 56 55 13 15 40 31 2 18 9 16 58 48 0
19 18 26 34 17 9 1 16 44 12 42 29 11 50 13 53 52 2 3 37 0 5 20 43 46 61 30 38 8 33 21 4 49 31 10 51 45 39 41 14 24 32 60 57 23 15 47 25 7 59 54 22 6 55 56 48 58 62 63 40
44 43 18 53 50 19 52 37 62 17 29 60 11 46 45 26 25 33 16 20 21 57 32 14 42 41 61 38 39 47 34 30 40 12 5 31 58 8 7 9 59 48 0 4 49 13 2 51 22 1 56 10 54 23 3 24 15 6 55
44 43 50 29 19 42 22 11 34 45 37 52 46 30 23 55 3 10 38 25 60 12 26 31 5 49 16 53 62 59 39 51 54 14 17 9 41 47 20 4 13 24 21 8 58 63 57 6 7 40 61 56 2 33 18 1 48 32 0 15
19 18 17 43 42 41 45 29 44 46 49 9 53 20 11 10 40 25 47 12 51 52 61 56 58 50 3 62 38 59 16 57 21 48 37 54 55 60 26 22 8 1 30 39 0 34 33 4 31 32 15 23 5 7 14 24 2 13 6 63
26 18 37 29 21 34 25 20 33 44 13 46 10 12 43 41 11 16 45 6 42 22 32 51 19 3 58 9 5 49 8 24 40 52 15 2 47 38 17 14 23 50 60 54 39 0 7 59 62 31 4 63 53 48 30 61 56 57 1 55
19 34 43 20 37 29 18 50 30 9 21 12 51 14 11 45 33 2 26 38 57 59 10 25 8 32 4 31 39 0 41 47 17 1 52 5 6 40 53 22 13 49 23 54 55 15 42 3 58 46 61 60 7 44 62 56 48 16 24 63
44 43 26 45 54 29 37 53 22 18 9 20 51 17 30 21 12 55 25 23 34 24 63 14 16 58 13 3 52 46 15 19 47 41 32 38 50 8 11 1 33 40 39 5 31 57 6 59 0 42 2 60 61 4 56 10 48 7 49 62
37 29 19 45 38 43 53 39 46 34 31 26 18 10 50 60 25 30 55 52 22 21 2 33 54 20 59 14 6 17 11 23 61 44 8 9 15 62 13 5 12 42 0 4 41 24 3 32 47 16 40 51 58 63 1 7 49 48 57
44 43 34 29 52 41 37 50 42 49 25 26 21 61 57 45 33 22 17 16 20 24 23 46 60 10 30 31 62 14 54 38 5 12 4 11 8 9 39 63 2 13 51 18 15 59 1 40 55 56 58 53 48 0 32 7 3 47 6 19
44 29 18 43 30 20 13 34 50 37 41 33 25 51 38 49 59 12 21 58 57 39 22 6 53 52 14 16 32 23 45 7 4 11 31 15 10 62 61 47 55 19 42 56 46 1 26 54 40 24 2 63 17 8 0 5 9 60 3 48
26 34 42 20 21 33 12 4 45 51 50 44 13 49 29 17 43 37 41 14 32 40 57 53 22 31 54 30 25 46 48 18 7 58 60 63 38 56 19 10 16 6 47 52 39 23 2 8 55 3 9 11 1 24 15 5 61 59 62 0
44 29 20 11 12 45 2 13 46 4 14 6 19 10 38 15 1 26 43 37 17 51 50 9 3 0 8 25 24 16 5 47 54 18 53 49 55 61 30 42 59 39 7 23 63 22 56 21 31 32 58 33 52 34 41 40 48 57 60 62
44 45 46 54 62 63 26 34 43 38 25 50 52 61 57 18 31 24 20 60 29 12 16 47 10 41 37 8 32 53 19 17 55 40 42 39 21 9 3 33 59 23 15 1 11 4 0 14 30 5 7 51 58 49 56 48 2 22 13 6
37 29 18 44 45 42 51 43 19 11 4 52 21 38 47 3 49 22 59 61 2 54 63 53 46 31 60 50 20 17 12 58 13 40 26 62 34 5 9 39 56 55 15 1 16 8 0 30 14 6 10 41 57 25 24 48 7 32 23 33
19 18 37 45 44 11 54 63 53 29 9 25 3 26 17 0 33 4 55 16 20 13 12 52 30 41 21 22 5 31 32 2 23 10 24 47 1 14 8 15 7 40 60 38 49 43 51 42 34 57 39 50 46 62 61 6 58 59 48 56
26 34 43 20 37 38 42 51 29 19 12 30 46 45 22 17 52 41 21 39 44 47 59 23 8 11 40 10 9 25 31 49 55 15 16 3 13 4 33 63 57 6 14 7 53 58 18 32 2 50 5 62 24 1 60 54 0 48 56 61
37 43 26 21 19 11 50 25 18 51 4 49 24 38 42 3 12 32 40 5 17 13 14 41 33 9 60 34 48 59 39 30 22 61 0 15 6 10 16 57 58 56 1 2 20 44 52 29 45 53 23 8 62 31 46 63 7 54 55 47
37 29 22 45 26 21 14 20 53 38 31 25 18 43 50 10 11 42 24 44 41 34 30 15 9 52 61 60 23 33 19 16 17 47 51 62 46 40 7 32 55 0 8 63 54 4 12 6 13 5 3 59 58 49 56 48 39 2 57 1
37 29 20 11 18 45 13 9 38 30 52 12 34 26 19 53 0 42 50 46 39 51 55 44 10 47 21 33 61 17 49 54 16 1 58 5 60 3 41 56 14 43 31 59 24 25 2 4 62 7 48 40 8 57 32 23 6 63 22 15
19 18 44 45 37 29 30 20 11 31 13 12 38 10 46 43 42 6 3 4 21 54 1 22 23 34 5 9 14 15 39 2 25 52 26 32 51 17 47 50 58 55 16 0 33 24 57 40 61 49 63 41 56 60 8 53 59 48 62 7
26 18 19 34 41 11 44 42 9 40 49 50 25 32 10 29 3 37 58 53 46 56 52 45 24 17 33 0 8 59 57 48 51 43 61 47 20 2 55 39 22 1 62 16 38 54 12 30 21 63 23 60 31 14 15 7 6 4 5 13
44 43 26 45 54 46 51 20 37 52 55 38 13 12 11 18 53 62 25 60 19 34 33 9 50 42 29 40 10 17 8 57 58 47 39 0 24 41 63 14 2 4 49 3 15 30 21 6 32 31 22 16 5 7 56 48 61 23 59 1
37 43 50 45 29 51 53 54 44 22 46 30 18 47 39 26 15 38 31 9 34 49 20 61 25 19 11 23 57 24 32 10 17 13 0 42 52 33 41 58 16 7 62 48 3 59 14 60 4 8 12 2 1 55 56 5 6 40 21 63
26 20 29 34 12 4 11 10 41 33 25 19 18 38 42 49 3 24 9 17 57 40 32 8 21 5 1 58 13 43 45 22 47 37 56 51 23 31 39 53 48 16 52 44 50 60 62 2 15 46 30 0 54 63 61 59 14 55 6 7
37 29 22 43 18 15 51 50 19 38 44 58 30 10 14 17 47 34 59 26 25 23 45 39 1 60 9 0 57 52 11 49 42 20 54 24 21 41 33 8 16 12 31 7 6 5 3 46 13 63 4 55 2 40 48 32 53 61 62 56
44 43 34 45 19 25 37 20 51 11 33 41 21 50 18 52 26 38 4 13 39 3 2 22 24 9 14 31 57 17 59 29 30 53 10 58 48 32 47 49 0 12 40 55 62 54 46 16 61 1 6 42 5 56 8 60 7 15 23 63
44 29 20 13 19 34 30 43 18 11 21 25 6 31 51 59 58 53 37 45 60 22 33 5 62 7 9 42 4 52 10 24 23 12 32 41 3 54 46 0 39 61 16 63 38 1 40 49 8 50 26 14 57 56 48 2 47 17 55 15
44 29 18 42 43 26 34 10 25 41 33 53 49 51 52 50 37 32 9 30 58 57 31 8 62 19 16 40 0 21 22 54 38 59 13 23 60 14 56 61 2 11 45 4 20 39 6 12 17 24 5 7 63 48 15 55 46 47 3 1
44 43 26 45 54 20 42 50 13 12 37 19 11 46 38 31 29 18 51 47 53 34 9 22 58 61 63 57 52 55 60 17 15 1 0 2 8 41 56 25 16 14 40 24 30 48 33 21 5 23 39 10 49 59 62 4 3 32 7 6
37 29 20 43 26 18 30 38 34 12 50 45 39 51 44 22 42 25 4 58 9 23 33 52 54 40 41 53 49 0 46 21 15 55 31 61 60 19 32 47 10 24 14 13 17 2 59 62 6 57 63 11 8 3 5 16 56 48 1 7
19 20 21 34 41 33 43 18 32 22 29 30 12 42 26 4 13 50 52 5 9 10 6 40 48 51 23 25 45 15 49 44 11 24 37 58 16 56 57 60 31 54 63 1 7 14 17 46 3 62 53 8 0 38 59 2 39 61 55 47
19 18 26 34 43 29 25 44 20 32 22 10 9 33 42 8 16 51 53 37 2 11 40 15 30 62 52 38 59 48 0 50 4 45 58 41 49 24 31 56 17 47 3 21 39 23 14 13 6 12 54 63 5 57 55 1 7 61 60 46
44 29 20 43 34 21 30 12 37 39 19 25 42 45 41 51 60 18 52 33 46 59 24 32 14 55 47 61 23 7 9 53 22 26 40 50 5 0 54 11 63 62 17 49 48 4 13 58 3 56 31 38 1 16 57 10 8 2 6 15
19 20 45 42 43 10 21 14 34 26 49 56 18 17 13 52 51 59 41 25 57 58 15 40 11 3 22 23 50 44 9 8 53 61 30 37 4 60 16 2 1 0 48 7 24 5 54 62 6 38 33 31 12 63 29 32 46 47 55 39
19 20 29 38 12 4 13 14 30 22 31 18 44 45 34 26 54 11 3 10 17 25 15 42 9 2 24 21 41 16 37 39 0 32 33 50 49 8 58 7 5 57 46 47 40 48 23 52 56 62 53 6 1 59 60 51 55 63 43 61
26 34 45 37 42 18 46 25 16 38 39 41 11 24 33 9 19 29 49 57 0 47 22 51 21 52 32 30 56 12 3 14 55 10 23 40 44 13 31 50 6 43 48 15 53 61 60 59 1 62 54 8 4 20 17 58 63 2 5 7
37 43 18 29 45 53 42 9 30 19 11 49 61 38 0 21 44 31 51 46 56 26 34 25 47 62 32 16 63 4 17 50 13 22 39 52 20 23 3 10 24 8 1 40 59 12 57 33 14 2 6 5 7 15 48 54 41 55 58 60
44 29 20 45 38 43 34 25 50 31 16 37 42 21 46 53 30 26 18 57 14 47 39 11 19 9 10 17 4 23 52 3 54 24 1 49 8 55 63 12 56 41 22 5 6 62 15 61 58 13 2 0 48 40 60 7 51 59 32 33
26 20 37 34 33 25 13 43 50 40 41 46 21 44 55 51 59 49 45 38 30 19 32 29 22 53 52 23 18 60 57 24 31 39 16 15 47 17 61 6 12 48 42 62 5 4 10 11 14 2 1 58 3 8 9 54 7 56 63
44 43 34 41 18 45 51 58 33 20 19 42 48 17 59 60 53 26 25 50 8 40 12 13 6 16 46 0 10 21 32 37 38 55 9 11 22 54 3 23 49 4 5 39 47 1 52 24 62 57 2 63 31 61 56 7 14 30 15 29
19 18 44 29 17 9 37 16 30 11 3 45 26 22 10 38 54 63 31 1 46 43 2 25 62 53 14 39 8 15 32 34 52 6 20 4 13 0 50 57 33 21 23 5 12 60 59 58 7 61 47 40 41 24 51 55 42 49 48 56
26 34 44 18 33 42 49 37 30 20 21 40 19 13 12 38 10 58 56 52 53 41 32 24 46 57 6 11 4 54 48 39 45 22 50 51 29 1 16 25 61 9 59 43 17 5 60 2 23 14 63 7 55 62 47 8 31 15 0 3
19 34 43 20 25 51 21 33 44 17 50 13 18 52 59 26 16 8 45 22 29 10 2 60 53 24 23 41 48 3 9 14 4 37 6 42 61 5 46 31 11 30 40 0 1 58 39 55 12 62 49 38 15 7 47 32 54 56 57 63
26 34 41 20 37 46 21 33 13 18 55 38 30 12 25 48 49 22 44 14 19 39 11 53 7 16 52 45 4 17 29 43 23 40 50 5 6 61 24 3 51 32 8 10 60 42 62 31 54 63 2 56 47 0 9 1 15 57 59 58
37 29 21 45 43 30 39 44 51 38 26 18 10 31 20 12 54 42 22 46 33 11 53 59 19 52 23 55 58 14 4 9 15 25 13 1 34 40 63 7 8 57 60 3 6 62 56 41 61 17 50 47 32 49 0 5 2 24 48 16
19 34 41 18 44 21 26 45 10 1 12 9 30 20 29 48 37 4 17 39 54 63 23 42 2 43 33 22 13 5 52 60 15 40 6 11 53 51 32 38 55 16 8 61 62 7 56 31 0 47 24 3 14 25 59 50 58 49 57 46
44 43 26 29 30 52 60 22 42 20 45 31 21 34 33 51 18 41 49 13 6 61 15 14 62 40 48 46 32 24 59 50 37 38 25 11 7 4 23 10 54 16 58 56 39 53 57 19 5 63 9 55 12 3 2 1 0 17 47 8
19 34 44 53 42 26 18 49 43 10 33 24 9 37 20 52 41 17 11 1 25 12 50 58 5 32 0 8 62 45 56 54 63 38 2 4 40 55 13 48 60 51 59 21 46 22 29 30 16 3 39 31 15 61 14 47 23 7 57 6
37 45 26 29 54 53 46 18 52 20 9 61 30 19 11 55 63 23 21 43 38 10 22 42 12 47 49 14 59 56 15 34 39 44 51 8 41 58 1 40 57 25 17 31 24 16 48 4 5 60 13 33 50 0 3 32 2 7 6 62
26 34 42 33 45 19 18 17 43 50 32 29 37 54 58 38 44 53 39 41 20 21 12 31 48 25 11 13 16 57 6 9 52 47 62 61 59 4 22 60 56 10 5 23 46 8 0 3 51 24 30 7 15 40 49 14 1 63 55 2
37 29 19 26 33 25 18 12 22 10 1 41 34 30 21 42 39 45 43 9 53 38 50 31 40 47 0 49 20 61 3 4 54 15 58 17 16 13 14 8 46 44 55 63 32 57 48 59 60 7 62 2 11 52 24 56 51 23 5 6
26 34 42 20 45 49 43 25 12 44 24 21 22 16 41 14 8 17 10 37 30 52 19 5 3 18 61 23 33 2 7 51 9 4 1 46 57 50 38 6 31 11 60 0 54 39 58 48 29 56 32 63 40 59 53 47 55 62 15 13
37 29 18 26 21 10 17 25 3 9 0 19 33 30 34 12 5 1 39 13 20 31 2 45 54 16 22 47 38 42 51 53 4 43 11 59 60 50 49 40 52 56 48 15 14 23 8 61 46 41 63 57 58 62 44 6 7 24 32 55
26 34 42 33 41 17 32 29 19 11 37 45 3 44 43 50 38 40 21 39 57 20 53 12 13 46 49 24 48 51 16 56 60 14 7 58 55 47 25 22 8 0 10 61 31 18 62 2 1 4 52 9 54 5 59 15 23 30 6 63
37 43 18 29 44 26 34 42 21 41 40 49 19 10 1 33 9 53 52 61 32 20 58 14 50 56 45 24 60 25 16 54 48 22 62 17 46 0 23 47 39 57 38 13 8 15 5 6 12 2 59 51 55 30 3 63 7 11 4 31
37 29 19 43 45 11 21 30 18 53 51 12 31 59 14 13 44 39 20 17 26 33 8 25 22 42 32 24 3 46 50 6 47 54 61 38 5 9 40 63 55 4 23 57 1 52 49 2 34 60 10 41 16 62 56 15 58 48 7 0
37 29 19 45 22 21 20 26 17 11 53 33 10 12 3 38 40 25 39 54 43 51 24 61 50 49 63 2 44 4 52 47 58 9 42 23 30 18 14 46 5 7 31 59 55 6 1 16 34 57 8 32 60 48 62 41 15 0 56 13
26 20 21 22 44 42 34 18 41 40 12 13 9 52 60 10 6 8 49 5 17 7 30 24 33 50 59 11 0 32 2 29 23 19 14 31 37 3 43 46 25 56 51 15 48 1 38 4 55 58 45 16 57 39 47 61 53 54 63 62
37 29 20 13 12 11 18 44 19 43 30 38 51 22 42 50 31 9 4 21 25 46 49 2 0 59 34 57 26 24 10 3 58 17 56 41 8 5 45 16 33 39 1 32 47 48 60 55 14 6 7 53 54 62 52 15 23 61 40 63
44 29 19 26 20 43 42 51 17 37 46 13 52 41 34 60 58 25 12 21 18 16 50 53 40 49 59 48 56 57 9 1 22 39 24 33 32 11 54 45 30 55 2 38 47 14 31 10 5 6 15 3 61 4 8 0 63 23 7 62
37 45 44 29 38 31 21 34 53 30 18 62 19 14 52 51 41 26 60 54 42 33 40 10 55 46 23 43 20 25 1 49 39 50 5 47 61 13 22 2 63 6 7 11 32 15 58 0 12 59 3 24 48 56 17 9 57 4 16 8
37 45 44 43 50 20 53 57 34 26 42 51 18 52 60 54 63 59 62 46 58 17 13 25 8 6 56 33 41 40 29 24 47 30 19 9 0 21 48 12 23 49 11 55 16 39 38 22 14 31 32 10 61 15 5 3 2 4 7 1
26 18 10 34 42 20 29 9 13 33 41 21 24 49 37 40 0 6 50 45 57 25 30 58 12 43 56 4 11 17 5 39 8 2 3 44 59 22 23 14 31 19 7 38 48 51 60 52 53 61 1 46 32 15 55 16 54 63 47 62
19 20 29 22 30 38 13 4 44 43 42 18 37 34 47 46 45 53 52 39 31 10 11 51 41 33 1 48 59 2 32 23 14 5 55 60 40 63 62 0 25 3 56 21 6 54 58 57 26 7 12 61 15 50 17 16 9 49 24 8
44 43 50 29 19 57 45 52 53 10 42 54 30 26 60 18 58 41 25 21 34 51 48 49 9 37 56 33 20 24 62 13 14 22 59 7 32 0 40 38 5 11 15 46 31 23 4 12 2 39 63 61 16 17 8 47 6 55 3 1
19 34 42 50 41 33 49 51 52 48 32 58 44 53 54 60 43 40 57 20 45 63 26 61 59 56 55 46 21 13 29 18 25 47 12 22 62 3 39 37 15 23 10 30 11 1 4 31 5 24 2 38 16 17 14 7 6 9 0 8
26 18 44 45 46 43 42 25 37 53 51 39 61 38 17 59 19 49 24 20 58 8 30 62 63 23 21 22 31 32 41 54 9 52 11 3 60 50 48 10 33 16 34 57 40 56 29 55 1 12 15 2 14 7 5 13 6 0 4 47
19 20 13 18 21 11 2 12 34 3 9 14 29 22 7 1 38 30 10 42 50 5 6 33 43 49 25 37 32 0 44 57 56 4 23 41 58 52 8 47 51 45 17 39 60 61 31 15 62 59 26 40 48 53 55 16 46 54 24 63
44 43 18 45 50 37 52 9 30 59 42 20 61 46 12 34 55 41 25 33 49 48 38 29 11 39 53 22 26 4 0 10 15 24 57 58 40 56 2 21 14 13 5 31 3 60 16 54 19 62 63 32 6 8 47 51 23 7 17 1
19 34 45 20 42 44 33 32 26 17 37 51 13 21 25 46 38 30 8 12 18 16 4 5 41 49 14 15 39 43 48 40 24 23 50 3 55 58 57 47 52 60 10 9 53 54 6 1 29 11 31 7 2 61 22 63 59 0 62 56
44 45 46 29 20 11 30 54 26 52 63 38 13 18 9 62 43 22 31 34 42 12 4 17 47 10 60 21 2 0 8 3 37 59 61 41 58 25 50 14 7 39 19 55 48 33 6 5 53 23 32 49 15 1 24 51 40 16 57 56
19 34 43 50 51 52 37 38 45 53 33 29 46 25 54 32 30 31 60 26 17 11 20 62 2 18 39 3 4 16 10 61 57 9 22 59 55 41 42 14 63 1 58 44 6 15 0 12 48 23 7 8 13 40 24 49 21 47 56 5
37 43 42 41 26 19 50 45 10 38 49 51 52 61 53 17 31 59 29 56 44 12 34 3 48 62 54 60 18 47 1 2 25 58 16 8 0 9 4 24 57 20 22 32 63 46 11 13 21 5 6 23 15 30 40 33 55 14 39 7
19 34 42 18 44 45 17 11 54 25 10 9 26 50 0 21 32 20 12 5 33 4 51 63 2 40 49 56 41 52 22 8 1 13 53 61 14 15 46 30 3 48 60 59 43 24 29 62 16 47 57 58 31 38 55 37 39 23 6 7
44 45 26 34 54 21 41 19 20 17 11 33 43 48 14 53 25 42 49 12 8 55 61 30 47 62 29 32 24 3 63 56 52 51 58 22 50 60 40 57 23 9 4 18 2 46 59 5 0 13 37 1 38 7 16 39 15 10 6 31
26 34 43 52 37 19 42 46 29 21 61 49 38 51 44 25 16 47 58 41 39 53 20 24 22 60 56 13 11 10 32 14 30 45 5 57 33 31 59 6 18 15 54 50 48 40 2 17 23 9 55 12 0 4 3 62 7 8 1 63
37 43 18 29 21 22 42 13 51 20 45 44 19 34 25 46 23 41 4 11 49 26 40 24 54 56 50 62 63 14 52 57 3 60 58 12 5 7 53 61 16 30 38 8 31 15 6 48 59 33 32 47 39 17 9 10 55 2 0 1
37 29 19 45 54 53 38 47 52 18 30 31 39 59 20 13 26 25 9 34 21 12 3 22 51 11 14 61 4 23 46 42 32 60 62 0 44 5 6 7 43 10 1 15 33 24 49 63 8 50 16 17 41 55 57 58 2 48 56 40
19 34 42 20 21 11 10 13 33 32 26 51 37 41 12 25 40 18 60 9 2 3 4 5 0 1 48 56 16 46 29 43 6 59 49 44 45 14 22 52 55 15 23 47 53 8 7 63 30 61 54 17 24 38 50 57 39 31 58 62
19 20 13 26 33 12 5 10 44 37 38 52 11 18 2 9 21 34 60 4 42 45 3 31 39 6 16 0 17 1 23 29 30 24 53 41 32 25 8 47 55 59 50 46 58 49 43 51 54 63 62 22 40 57 15 61 14 7 48 56
44 43 18 37 51 20 45 34 26 50 12 58 46 4 59 55 42 54 47 52 63 33 25 17 41 9 38 60 8 48 21 30 24 49 22 39 19 29 23 15 7 11 57 56 0 32 16 53 2 1 5 3 13 14 62 6 40 61 31 10
44 45 46 29 20 13 12 43 14 11 18 47 22 25 51 6 9 26 10 31 34 42 33 38 37 19 39 0 8 16 21 52 53 2 3 55 1 30 5 58 17 60 59 54 62 15 7 63 57 50 61 4 49 48 40 41 24 56 23 32
19 18 26 20 21 37 13 43 44 25 38 46 54 6 11 3 34 42 12 5 4 51 24 29 10 55 7 47 53 17 50 57 1 52 58 16 22 30 8 15 32 41 59 2 62 60 45 49 48 40 31 23 61 0 63 39 14 56 9 33
44 45 26 43 51 58 46 37 53 34 59 21 20 18 17 61 62 47 60 42 29 12 41 19 13 38 4 14 31 3 54 49 15 39 57 16 2 23 11 5 30 63 9 22 50 56 6 40 33 10 24 8 55 25 32 48 7 52 0 1
19 18 17 29 37 9 22 11 10 45 44 2 0 43 34 41 53 24 20 1 3 30 33 13 12 54 16 42 52 60 14 8 49 15 40 38 39 50 23 25 32 62 4 26 31 46 47 21 59 55 6 56 51 7 48 57 61 58 63 5
44 43 26 45 53 61 46 39 50 37 54 55 47 18 30 20 63 52 19 42 51 38 33 58 59 23 10 1 2 34 22 17 0 31 41 60 9 62 29 14 8 25 21 11 57 48 6 15 24 5 7 13 32 16 3 4 12 40 56 49
26 34 43 20 19 25 29 10 11 12 17 38 33 51 52 41 18 61 21 40 47 30 3 9 1 13 22 37 0 15 59 23 24 46 5 32 2 42 14 44 48 16 8 50 31 4 60 39 54 45 62 49 53 7 58 55 6 57 56 63
19 34 41 21 43 42 45 37 46 38 30 18 14 20 9 44 49 17 29 22 52 50 25 48 58 47 15 7 33 39 51 0 12 59 60 5 55 63 6 16 54 53 11 26 13 32 62 4 10 3 1 31 2 61 40 57 23 8 56 24
44 45 37 29 19 52 21 10 53 54 62 43 50 42 49 46 51 14 7 48 11 12 61 30 38 20 3 55 31 39 17 9 5 13 63 18 1 34 2 23 60 22 25 6 56 0 58 24 8 33 41 26 4 40 15 59 57 16 32 47
26 34 41 17 45 21 29 33 14 37 44 7 25 20 38 53 11 19 8 39 13 18 52 2 30 40 12 6 47 59 61 49 43 9 24 55 42 50 1 3 10 32 4 5 16 0 58 51 60 54 23 46 22 15 62 63 56 57 48 31
19 18 44 43 34 11 52 29 20 45 2 60 46 21 59 51 10 4 26 53 58 17 37 55 61 41 12 62 48 5 9 50 22 42 49 32 16 3 54 57 38 25 56 33 13 24 40 47 8 1 63 30 23 6 0 31 39 15 14 7
19 34 42 18 26 50 45 12 33 43 20 32 51 37 24 13 38 29 58 53 52 57 6 44 56 11 30 47 4 54 46 41 40 31 25 39 61 59 23 17 8 2 21 9 49 60 1 3 62 0 22 5 55 48 10 7 14 16 15 63
19 20 29 18 37 43 9 46 38 34 10 11 21 22 42 25 44 45 33 13 54 17 14 39 30 53 55 3 61 51 26 23 52 15 7 47 59 62 5 32 31 6 1 50 2 12 16 0 49 56 48 58 60 41 8 4 63 40 57 24
37 45 19 18 44 29 20 51 9 10 2 11 12 21 13 43 46 4 54 5 6 38 42 22 23 17 58 15 7 55 14 1 25 62 47 49 3 33 26 50 48 52 8 39 63 34 24 53 61 30 0 32 41 59 60 16 57 56 40 31
44 45 26 34 46 18 17 43 42 29 10 50 21 52 58 41 19 57 60 11 20 47 56 37 25 14 22 38 12 33 53 3 48 16 8 15 30 5 13 1 6 59 51 40 55 61 2 39 32 24 31 7 9 0 4 23 62 54 49 63
26 18 44 29 21 13 30 25 5 53 52 51 9 10 24 14 15 32 58 50 34 8 62 54 16 42 43 45 20 7 60 31 17 6 40 23 11 59 2 41 0 4 22 38 33 61 48 63 49 57 47 1 55 12 37 19 3 39 46 56
19 18 17 34 43 9 26 52 42 33 40 8 41 49 51 21 0 59 58 11 16 48 37 45 61 56 29 25 53 32 14 7 3 10 13 54 24 46 2 57 20 12 5 50 23 1 60 15 44 62 30 39 6 31 22 38 4 47 55 63
26 20 21 18 37 25 17 9 24 34 43 32 16 29 40 42 2 22 10 45 50 41 19 59 14 44 52 51 57 6 46 38 49 47 12 13 39 11 60 58 53 1 3 8 48 30 4 5 55 31 23 33 54 56 15 62 0 7 63 61
44 29 20 43 42 11 12 13 30 51 58 31 19 10 37 52 22 59 4 33 49 57 38 47 3 23 17 15 60 40 46 45 24 21 50 5 34 41 54 53 55 18 62 26 9 1 14 8 6 7 56 63 0 2 32 39 61 16 25 48
19 34 42 50 33 21 37 26 17 24 49 48 56 20 32 44 53 40 12 38 16 5 51 60 41 58 45 46 29 52 10 1 61 62 55 47 39 31 23 22 13 57 3 4 25 14 6 9 30 15 59 11 7 18 54 63 2 43 8 0
44 45 26 52 60 59 58 43 50 17 34 20 61 41 32 42 25 40 37 29 22 24 12 51 53 46 49 62 54 13 11 33 8 30 16 57 39 38 55 18 56 47 19 14 63 10 1 21 7 31 23 0 4 9 2 48 5 3 6 15
44 45 26 18 10 43 52 25 32 37 54 61 17 38 51 58 46 19 50 9 20 33 42 63 40 12 0 55 8 11 5 49 57 13 3 53 41 34 59 4 6 48 30 29 16 14 21 2 39 1 62 7 60 22 23 47 31 15 56 24
37 29 19 45 22 34 44 51 38 20 58 21 12 3 42 18 17 15 53 9 23 52 1 11 7 46 26 54 4 31 62 61 39 50 33 5 63 47 60 41 30 40 2 8 25 10 0 43 24 32 55 16 57 59 13 49 6 56 48 14
19 20 21 12 5 10 13 18 34 14 11 3 1 4 37 26 17 42 50 8 24 58 22 2 9 44 52 6 25 60 43 31 41 16 7 40 32 15 49 33 30 51 29 38 53 61 48 46 23 56 55 59 62 39 0 63 45 47 54 57
44 45 26 34 54 37 43 51 33 53 62 52 46 20 60 55 39 38 42 25 12 59 18 9 10 4 24 61 21 11 19 32 5 50 3 22 40 41 0 8 17 63 1 16 49 56 47 13 29 31 30 6 2 48 57 14 58 15 7 23
26 18 44 29 22 42 20 45 46 13 10 52 49 31 59 60 61 17 24 30 43 50 41 2 9 47 3 56 25 33 15 1 51 14 8 11 19 0 53 12 39 40 48 58 34 54 57 4 32 16 5 62 37 6 21 38 7 23 55 63
37 43 18 19 34 29 52 38 20 26 44 42 22 13 49 12 25 51 45 30 21 53 60 59 14 17 50 15 9 11 23 8 4 33 61 48 24 62 41 10 6 54 1 31 57 32 55 16 46 47 63 56 58 5 40 2 3 7 0 39
19 34 43 50 44 29 37 26 18 11 21 22 20 25 42 53 52 49 41 14 15 38 33 23 24 10 2 60 45 32 62 54 40 51 46 55 30 47 31 1 17 13 12 7 0 4 3 48 57 9 8 16 5 56 63 6 61 59 39 58
19 34 41 33 43 50 45 37 29 20 51 52 21 22 25 12 59 57 49 53 54 44 13 18 14 62 3 48 60 16 32 55 11 5 63 42 38 61 58 40 56 17 26 6 9 8 46 4 30 2 0 31 7 47 10 23 1 24 15 39
26 34 43 50 42 19 58 17 10 11 25 20 37 57 8 59 52 44 3 60 21 38 61 41 48 1 51 33 29 14 24 22 30 2 13 16 56 49 32 40 39 12 23 4 18 53 6 0 54 7 9 46 31 62 15 47 55 45 63 5
19 18 44 29 20 21 26 37 14 51 45 30 13 46 38 34 22 39 52 23 12 6 25 5 33 40 15 17 24 7 55 31 10 9 50 41 53 54 8 59 4 3 47 61 62 63 60 58 57 11 2 16 43 56 49 32 48 1 0 42
37 29 20 45 38 43 50 31 39 47 19 18 53 12 17 22 5 51 21 9 34 14 30 46 55 57 6 23 10 63 1 3 11 25 13 16 15 7 26 8 0 61 44 33 59 2 32 24 49 40 60 42 62 58 41 4 54 48 56 52
37 29 22 43 34 41 18 19 33 30 20 44 51 32 46 12 23 42 5 15 21 31 50 60 25 59 40 3 24 45 52 9 38 54 49 56 48 47 62 10 1 63 11 17 26 61 8 16 53 4 14 0 13 57 58 39 55 2 7 6
44 29 20 45 38 31 34 12 13 52 53 43 54 55 62 14 50 42 60 11 41 59 26 49 46 25 30 37 51 48 16 23 32 24 2 22 15 8 57 56 39 6 0 47 63 58 19 18 21 10 9 40 17 1 3 7 5 61 33 4
19 20 13 42 43 12 37 26 4 46 21 51 34 29 33 10 59 22 49 56 15 41 11 25 32 18 48 60 57 24 9 3 50 5 55 40 16 31 61 45 6 47 54 14 38 17 23 39 1 62 44 63 30 52 2 0 8 58 7 53
26 20 21 34 44 37 12 29 42 4 19 33 24 32 41 13 40 51 11 2 45 48 50 16 5 18 58 49 10 6 56 25 43 57 3 14 30 1 15 59 60 46 8 7 38 23 39 47 17 22 55 9 52 54 53 63 0 62 61 31
19 18 37 11 3 4 17 2 25 9 1 16 43 26 33 44 46 29 21 20 51 55 42 40 45 38 24 34 30 49 41 53 54 32 12 5 6 50 13 47 58 59 60 22 48 0 62 61 8 63 31 14 15 7 52 57 56 10 23 39
26 34 41 18 37 25 19 45 17 20 16 46 38 10 3 31 39 30 11 2 53 43 22 29 52 42 9 8 13 21 50 6 0 32 23 57 1 48 33 15 5 54 49 59 44 4 55 51 14 7 61 47 12 40 58 56 24 63 60 62
19 20 29 22 37 44 53 52 13 34 45 61 38 26 60 21 18 59 46 4 6 43 33 47 31 10 62 15 39 25 54 63 23 32 51 17 16 41 55 12 7 24 2 50 8 3 42 9 40 1 5 30 0 49 57 56 11 48 58 14
26 18 44 29 21 43 30 25 50 31 19 14 9 11 17 42 32 37 34 49 4 33 38 46 51 52 61 53 7 24 20 40 59 1 48 58 8 60 55 62 54 47 22 13 5 63 0 41 45 16 15 23 2 39 10 6 12 56 57 3
19 20 29 22 37 45 38 26 33 43 30 17 53 11 2 3 18 21 12 14 8 1 50 10 44 47 23 24 9 25 39 16 0 31 4 61 52 5 46 15 6 54 55 57 13 51 34 60 7 41 40 63 49 59 32 48 56 62 42 58
19 20 45 18 9 34 12 5 26 37 41 33 42 21 29 49 32 40 43 24 14 23 4 10 56 51 17 58 3 22 30 25 15 8 7 0 16 44 53 62 39 1 61 11 48 2 60 46 50 38 47 52 54 63 31 59 55 6 13 57
44 43 26 19 34 25 51 37 30 50 42 49 10 52 24 21 12 38 59 1 45 58 31 23 39 16 8 53 20 5 62 61 41 22 13 40 32 18 57 56 48 0 60 29 46 47 33 15 54 6 4 11 17 3 14 63 2 7 55 9
37 29 19 26 18 10 22 43 50 46 25 34 42 30 33 41 21 58 12 51 31 16 45 14 55 54 6 15 17 3 60 47 5 59 1 24 32 40 9 7 23 20 63 4 52 0 11 44 53 2 39 38 48 56 49 61 62 57 13 8
37 45 26 20 54 34 21 38 29 17 11 30 31 2 23 13 12 14 15 63 19 5 53 39 47 61 3 4 10 1 52 6 44 43 25 16 8 18 9 22 62 46 32 33 24 60 55 0 40 48 42 41 59 50 7 51 57 49 56 58
19 20 45 10 12 21 14 44 37 43 1 29 34 53 51 58 22 26 18 11 3 23 13 5 15 4 54 33 30 50 31 38 41 6 46 48 59 39 7 17 61 60 57 9 32 52 47 62 55 42 2 25 63 49 24 8 0 40 56 16
26 18 44 34 25 16 41 42 17 45 20 9 50 52 37 29 21 19 54 11 53 14 0 33 4 10 12 58 8 49 22 13 46 2 59 31 3 60 23 61 30 38 57 43 7 56 62 39 5 24 47 32 51 63 15 6 55 1 40 48
26 34 43 50 42 19 12 18 17 20 37 5 45 10 21 30 57 8 23 52 22 44 1 11 13 4 59 2 51 6 49 31 39 58 3 46 25 24 54 53 7 55 61 38 63 33 41 48 40 60 29 62 56 32 9 16 0 15 14 47
26 18 44 29 19 42 9 53 43 10 41 50 45 33 34 52 20 37 46 49 59 55 62 0 22 12 38 30 24 51 57 32 39 58 5 61 11 54 2 48 21 17 63 1 8 47 60 16 56 31 23 15 25 14 13 6 40 4 7 3
19 20 29 34 12 22 26 13 21 25 44 18 9 10 14 0 1 37 8 2 46 11 41 7 23 45 33 32 40 30 24 3 15 4 38 43 51 47 6 31 52 5 54 61 17 59 60 42 58 57 63 49 16 50 39 53 48 62 55 56
44 29 18 52 30 22 14 26 43 31 45 50 59 54 34 13 20 41 46 61 62 53 60 17 42 6 48 63 8 40 37 56 47 10 57 21 15 55 32 16 19 39 33 12 5 4 24 0 49 51 58 25 23 7 38 3 2 1 11 9
37 43 42 29 19 45 46 20 54 53 38 10 50 51 11 22 52 49 21 55 44 39 1 12 61 14 57 30 60 2 5 18 41 13 15 62 47 40 9 34 26 23 3 17 32 33 31 0 8 59 16 6 25 58 63 48 4 24 7 56
26 20 13 34 45 44 41 46 52 53 62 59 47 12 29 54 11 22 37 17 38 30 31 15 43 48 14 50 25 18 9 24 63 51 58 4 42 57 60 39 56 21 16 19 23 0 7 32 10 33 49 61 2 1 3 5 40 8 6 55
37 43 42 29 19 41 21 18 44 30 17 9 20 14 38 10 13 25 40 49 58 12 11 46 31 4 39 26 3 52 32 24 60 53 45 2 62 51 8 54 63 1 0 47 7 22 16 33 34 6 23 56 55 48 59 15 61 50 57 5
26 34 43 50 37 19 42 33 11 41 40 3 20 17 58 32 25 51 52 48 9 29 49 38 46 24 22 55 16 1 18 8 4 59 0 15 45 44 54 5 57 60 30 62 10 53 12 56 47 21 61 31 2 63 23 39 7 6 13 14
19 20 13 12 37 14 4 34 21 11 3 10 18 42 2 9 16 44 6 29 51 5 41 1 0 33 43 50 38 45 23 49 17 7 15 26 48 47 25 8 52 56 24 59 53 60 58 32 57 46 54 31 39 61 55 22 30 40 62 63
44 45 19 52 53 20 21 61 37 29 54 10 18 47 60 59 38 51 62 11 2 9 1 42 50 13 46 39 30 41 22 15 8 63 26 34 12 4 43 55 3 31 48 32 57 14 23 17 6 33 24 7 5 58 49 0 25 16 40 56
26 20 45 44 21 22 12 42 52 19 14 54 10 18 30 1 17 13 2 7 63 25 43 4 24 38 5 3 0 60 53 16 9 33 39 34 49 55 31 37 40 51 23 8 29 50 41 32 59 48 11 15 47 61 57 58 46 56 6 62
37 29 22 42 26 17 49 44 34 50 53 30 23 31 39 56 33 46 21 13 20 11 5 15 55 45 18 32 58 4 7 6 14 43 12 57 10 9 3 19 8 47 40 25 51 48 16 24 38 2 54 59 52 1 0 61 41 60 62 63
19 20 37 18 9 44 11 2 51 46 21 58 3 16 52 34 30 38 26 22 45 54 17 12 29 25 1 60 8 42 43 50 63 62 32 0 23 53 47 10 31 33 41 24 13 14 5 7 59 40 4 49 15 39 55 6 57 56 61 48
37 43 42 41 19 11 49 46 44 45 33 34 21 20 18 25 26 56 50 48 53 14 7 29 51 58 57 17 60 61 59 12 16 10 52 22 15 8 0 32 30 38 39 55 1 6 24 2 5 54 23 13 40 31 9 3 4 47 62 63
19 34 42 18 33 43 26 11 12 17 52 50 25 20 8 16 58 61 41 0 45 13 5 29 21 40 49 14 44 53 59 22 23 48 24 46 3 51 56 10 1 32 60 57 15 7 30 2 9 38 31 39 6 47 37 54 55 63 62 4
37 45 53 29 21 38 44 51 52 43 34 13 39 47 5 59 58 30 23 25 54 63 55 42 49 41 40 48 46 31 16 50 19 61 56 10 20 11 3 6 7 15 17 1 9 14 33 32 24 57 60 18 12 2 0 4 22 8 26 62
44 29 22 52 19 34 45 11 59 30 38 60 61 54 20 21 18 25 33 31 16 26 2 40 32 14 7 42 41 53 51 4 17 43 39 13 47 6 48 58 37 46 57 55 49 3 10 24 23 8 9 0 50 1 5 56 63 12 62 15
26 18 19 34 42 50 44 12 17 21 20 13 49 37 46 25 51 38 22 9 43 31 41 54 3 11 29 57 23 48 56 53 33 14 30 52 5 40 2 15 39 45 55 60 8 58 47 10 32 62 16 24 1 63 7 0 4 6 59 61
26 18 37 29 10 45 19 42 44 25 49 51 33 34 38 9 16 43 20 39 60 56 47 32 0 12 13 17 30 31 54 6 22 52 21 55 50 41 53 1 24 15 48 14 40 59 3 46 2 63 61 62 4 5 58 57 11 8 23 7
44 29 18 42 22 53 43 30 20 15 31 12 62 9 21 34 14 52 51 7 11 58 25 37 59 2 13 60 41 50 3 38 1 16 39 6 23 48 33 47 57 54 32 4 17 40 19 49 61 24 55 0 45 63 5 26 56 8 46 10
26 18 19 34 17 11 42 16 10 25 20 2 24 43 41 33 1 51 50 29 32 40 48 0 12 58 44 13 38 5 9 56 4 47 3 49 60 45 52 37 59 53 31 46 39 23 8 61 57 55 6 21 30 22 14 7 15 54 63 62
26 18 37 34 33 41 9 29 19 10 21 40 25 17 2 38 46 30 23 1 32 55 0 43 11 14 16 8 5 24 52 50 12 42 51 60 58 57 59 4 45 61 49 22 3 6 47 56 7 44 39 31 62 63 48 15 54 53 20 13
44 43 42 51 60 49 41 37 30 53 29 40 46 31 34 26 19 21 23 38 12 15 22 54 17 52 62 20 50 11 48 33 18 55 25 45 61 39 14 8 3 4 16 58 13 9 57 7 24 63 47 6 0 5 32 56 10 1 2 59
26 34 41 19 42 48 11 43 45 37 50 59 51 53 49 3 12 56 46 38 20 13 60 25 29 58 39 18 57 21 5 6 40 44 9 61 14 55 32 30 62 7 4 24 54 52 15 17 8 23 47 22 63 2 1 0 31 16 33 10
37 45 19 20 54 10 29 38 1 26 17 18 21 9 8 43 47 16 50 30 31 14 44 34 25 2 12 42 0 39 11 13 5 55 23 15 49 51 60 46 41 53 52 56 61 22 33 48 63 62 7 24 57 3 32 4 6 40 58 59
37 45 26 29 46 25 44 42 34 54 50 38 47 52 53 51 19 62 55 61 31 18 17 20 60 33 40 8 12 21 22 58 24 23 49 16 15 3 63 39 30 32 5 11 14 48 9 10 2 56 4 43 41 7 1 59 13 0 57 6
37 43 42 41 19 29 45 26 50 59 40 53 21 10 22 44 11 12 17 13 57 15 5 51 46 24 61 55 58 62 8 32 30 33 14 34 3 20 63 48 60 38 18 25 16 49 56 31 23 4 47 6 7 9 0 39 54 1 52 2
26 20 21 34 19 18 25 17 45 14 41 37 29 53 46 39 42 24 8 49 55 11 13 47 16 5 54 10 30 31 2 0 50 43 61 58 6 63 22 48 32 3 59 4 23 12 38 33 56 52 1 9 44 60 57 40 62 7 51 15
37 43 34 45 51 59 53 41 42 20 18 38 21 19 29 33 31 46 26 60 49 57 13 30 48 9 0 5 10 40 50 12 24 56 52 17 32 2 3 54 11 44 4 25 63 16 23 62 22 1 8 14 39 6 55 58 7 15 61 47
19 18 17 34 42 9 1 50 37 21 20 11 41 0 22 38 49 2 46 12 29 48 30 14 3 15 23 31 26 8 44 51 52 43 16 61 57 4 7 47 59 25 53 62 5 60 63 45 10 33 55 13 39 6 32 58 56 40 54 24
37 45 44 29 30 43 19 38 26 31 46 17 54 11 21 63 34 41 42 12 13 52 40 22 14 5 62 20 60 7 25 47 9 39 6 15 53 18 23 59 2 32 58 1 24 49 8 51 57 55 61 50 4 3 33 16 10 0 56 48
37 29 22 45 53 54 21 52 44 20 51 30 38 39 46 42 62 15 19 18 9 26 14 0 33 49 12 11 10 2 4 7 6 17 60 5 13 24 34 43 32 55 16 58 1 3 31 8 50 23 47 59 56 61 25 48 57 41 40 63
26 20 13 12 45 6 21 30 14 34 19 15 3 37 42 49 50 17 48 53 44 18 62 41 46 57 32 29 10 52 59 4 16 60 31 51 11 54 61 25 63 43 24 55 47 22 9 23 2 0 7 40 38 1 33 8 58 39 56 5
19 20 29 22 37 34 15 45 26 18 11 38 44 10 25 17 42 43 50 12 3 33 21 5 1 41 51 58 47 9 53 30 13 46 49 40 4 23 32 6 48 60 31 39 57 8 52 14 61 56 2 0 16 62 54 63 55 24 59 7
44 43 18 21 29 19 13 53 20 37 46 39 42 12 55 14 62 34 4 60 26 3 52 45 22 5 30 17 51 33 6 31 23 59 10 11 54 2 61 15 9 63 8 0 32 47 1 25 50 24 7 41 40 38 49 16 58 57 56 48
44 45 37 29 46 54 62 47 19 10 11 51 30 63 52 12 1 23 58 43 31 59 50 21 55 41 57 34 60 49 22 39 53 13 14 3 26 15 32 61 7 38 42 25 33 6 56 17 18 40 48 9 2 20 16 24 5 0 4 8
26 34 45 21 41 33 43 37 25 18 10 50 59 57 29 16 13 49 44 11 12 19 9 20 24 32 51 22 48 4 3 38 52 54 46 42 63 60 40 55 47 2 23 56 8 1 5 6 61 17 0 14 15 30 31 39 53 7 58 62
19 34 45 37 42 53 44 20 38 18 10 52 17 9 61 39 26 43 0 33 46 2 24 62 25 8 51 60 13 30 16 47 54 32 3 59 55 41 50 63 22 4 48 1 40 12 29 58 21 6 49 57 11 23 14 5 15 31 56 7
37 29 21 30 19 13 22 14 7 12 23 15 20 44 43 26 52 31 3 51 38 11 10 53 34 42 58 39 60 1 46 59 47 45 17 57 50 54 55 33 5 8 40 63 62 9 2 4 41 61 0 25 24 49 56 18 48 6 16 32
37 43 50 38 44 21 26 42 29 19 34 25 13 30 45 49 47 52 24 12 61 39 14 7 5 55 46 22 41 51 48 3 15 54 31 10 20 6 11 33 32 18 9 58 60 23 63 1 59 62 2 53 0 17 8 57 4 56 40 16
26 20 13 34 44 18 9 53 33 40 52 51 62 12 11 0 37 54 17 43 1 25 60 4 58 16 32 42 48 50 46 38 10 24 30 6 29 3 41 21 22 31 8 47 5 55 2 14 39 57 45 59 19 49 61 56 15 23 63 7
26 34 44 18 33 53 52 37 43 60 38 25 50 20 16 40 61 41 19 57 32 39 9 29 30 62 12 4 54 31 51 0 59 47 46 45 5 49 11 2 63 42 56 48 13 24 22 15 17 8 58 55 14 10 3 6 23 21 1 7
19 34 44 53 33 26 18 17 16 8 52 29 54 41 43 10 0 45 49 59 11 48 25 55 62 57 51 12 21 20 9 14 7 22 3 6 38 42 50 13 37 46 39 4 63 47 56 1 30 31 15 5 24 40 58 23 60 2 32 61
44 29 21 13 14 45 37 43 54 30 12 3 38 15 52 46 39 63 19 60 59 53 42 10 51 33 18 34 25 17 31 61 50 20 16 32 6 26 11 57 41 5 7 49 55 58 23 22 4 47 62 2 48 56 40 24 8 9 0 1
19 18 37 20 10 2 9 46 13 21 11 1 38 34 55 45 14 39 44 6 5 43 31 53 41 4 50 17 0 23 54 8 16 22 60 52 29 12 61 47 3 48 30 42 7 63 40 57 56 49 62 59 26 33 32 25 58 15 51 24
19 34 41 21 45 10 11 3 20 37 18 25 9 54 22 29 32 17 53 8 63 26 42 23 4 50 58 24 43 30 38 49 14 33 56 12 2 46 47 31 13 52 0 59 60 15 39 48 16 55 40 57 7 44 62 51 5 6 1 61
44 29 18 26 17 52 37 9 60 25 0 11 21 53 42 30 62 45 20 61 8 19 22 1 39 31 12 34 43 47 41 13 33 59 5 3 16 49 32 10 46 38 48 55 23 40 2 24 50 14 6 4 54 51 63 58 57 56 15 7
37 43 18 21 19 11 4 3 2 46 51 42 41 10 9 44 45 53 52 17 62 1 0 8 55 40 26 47 50 20 25 12 22 29 32 34 48 15 30 61 16 24 14 7 5 38 23 56 54 63 33 39 31 57 59 13 6 60 49 58
26 34 43 20 42 49 19 10 21 41 44 52 51 33 37 60 18 14 50 45 53 25 48 17 8 40 32 46 47 24 30 58 57 61 11 39 29 55 2 1 59 16 7 13 12 15 0 56 3 4 38 54 5 22 9 6 63 31 62 23
19 20 13 42 37 11 2 3 4 29 43 26 49 38 33 56 22 24 44 45 47 17 21 39 46 54 50 12 25 14 18 58 5 55 6 9 53 51 57 32 40 41 31 59 34 10 48 7 1 0 62 61 15 16 52 23 63 60 30 8
19 18 44 20 26 52 29 33 13 21 60 42 34 41 32 43 10 6 22 45 49 31 50 12 23 40 3 59 11 48 51 5 37 25 53 15 16 17 24 38 56 61 54 57 58 63 46 39 47 2 55 4 14 30 9 7 62 1 8 0
44 29 19 42 43 52 30 18 53 45 60 20 54 31 22 14 15 38 46 13 26 62 6 37 63 61 39 47 12 59 41 34 17 51 50 33 58 9 24 11 5 16 0 57 10 48 25 49 55 4 32 2 23 8 1 21 56 40 3 7
44 45 37 29 18 34 30 19 26 33 17 46 43 52 11 10 21 3 9 20 25 1 38 23 54 63 60 31 22 14 16 32 24 12 41 50 4 61 39 59 57 2 62 47 55 51 0 53 58 13 6 56 42 5 49 7 40 15 48 8
37 43 18 21 29 19 13 17 42 41 10 2 51 46 33 25 11 45 53 60 40 49 59 4 9 38 3 5 32 12 55 44 50 26 22 23 14 30 34 54 52 61 62 24 48 20 1 57 47 7 39 6 16 58 56 0 15 8 31 63
26 34 42 20 37 46 13 25 38 12 21 29 16 49 56 50 4 11 54 14 5 55 7 30 31 62 39 19 58 45 18 15 3 33 52 47 23 9 40 22 10 53 0 59 43 24 44 17 6 32 8 51 61 2 60 57 63 41 1 48
26 34 42 33 45 17 41 51 50 21 32 58 59 20 12 3 14 44 13 7 43 18 57 19 4 54 2 48 25 37 11 24 40 60 49 10 29 38 30 5 63 56 47 23 22 6 52 61 8 31 46 53 16 1 15 55 9 0 39 62
37 45 19 20 21 38 54 53 46 18 34 63 17 33 61 52 32 9 26 39 47 12 0 62 43 29 44 41 55 22 23 25 31 42 48 15 24 30 5 11 13 4 2 6 50 60 59 14 40 58 7 16 8 1 3 49 51 10 56 57
44 29 19 26 22 43 42 52 33 30 61 25 38 11 12 51 34 13 4 49 16 31 60 24 21 20 17 41 37 18 23 40 3 32 48 6 58 8 0 14 39 47 9 15 7 59 50 45 54 10 5 57 2 53 62 1 46 55 63 56
37 45 44 43 54 63 42 41 49 38 33 26 46 21 39 51 19 25 14 40 18 11 9 29 20 0 2 58 16 30 32 52 56 12 53 24 50 48 34 4 59 17 62 55 47 31 57 7 13 10 8 22 60 61 6 5 3 23 15 1
26 18 10 20 21 25 32 9 34 11 19 33 4 16 24 13 41 22 44 48 31 40 49 2 0 17 14 1 42 37 8 7 12 6 29 53 38 58 15 45 52 43 57 30 50 3 56 23 46 55 61 54 63 51 62 47 5 39 59 60
44 29 20 43 42 51 30 49 26 22 37 31 23 45 50 15 14 13 41 18 6 25 59 11 12 4 38 57 10 5 52 19 17 34 56 7 32 40 21 58 46 39 48 1 47 54 9 60 63 8 16 24 61 55 0 53 33 2 3 62
37 43 26 21 20 19 34 42 12 17 18 29 13 25 41 33 32 44 16 10 52 45 46 55 47 49 3 39 57 53 50 51 38 31 54 59 9 56 11 24 60 1 48 22 58 61 23 40 2 8 0 4 5 6 63 30 15 14 7 62
26 34 43 50 37 18 57 44 9 29 20 0 30 31 41 12 21 33 45 54 32 52 51 14 19 48 4 11 3 58 17 56 1 16 42 2 63 13 53 5 38 61 7 60 49 39 46 24 10 62 59 23 55 22 47 25 40 15 6 8
44 43 42 45 46 51 18 19 26 47 50 41 52 29 22 33 24 53 34 60 20 12 11 49 54 3 4 9 10 25 48 59 17 63 55 32 1 30 58 14 61 8 2 21 16 57 56 0 7 62 39 5 23 13 40 37 38 6 15 31
44 45 37 29 54 53 46 51 60 62 21 13 22 30 38 23 43 50 42 47 52 49 31 61 15 59 41 32 19 11 40 39 55 33 4 5 10 20 6 14 34 9 58 26 24 56 25 57 63 17 2 12 18 16 8 0 48 3 1 7
19 18 37 11 9 46 29 43 50 30 22 45 53 15 47 44 4 0 10 38 8 1 31 42 41 57 23 3 34 17 14 13 5 61 58 49 7 26 40 51 25 12 59 21 16 20 62 52 54 55 6 39 63 60 33 56 2 24 48 32
44 45 37 43 50 51 42 49 59 52 56 26 57 33 61 60 25 29 46 24 20 62 53 47 63 58 54 40 55 38 17 21 13 30 22 12 34 41 19 15 14 31 23 7 3 6 16 8 48 4 32 2 5 10 0 39 1 11 9 18
44 43 34 45 20 33 51 50 32 26 37 29 42 13 6 53 18 11 21 10 17 60 2 25 62 52 59 8 57 49 9 5 38 0 16 4 19 58 61 30 12 40 41 48 3 22 31 1 24 23 56 14 15 7 39 46 54 55 63 47
37 45 26 29 46 38 44 53 60 25 54 52 30 42 24 22 43 50 49 20 14 23 31 61 57 5 12 19 4 62 63 51 34 17 8 21 11 18 9 2 15 41 13 59 6 10 3 0 58 33 47 56 1 55 39 40 48 16 32 7
26 18 44 25 19 45 33 34 43 29 21 42 17 13 49 11 12 9 37 38 4 56 53 3 51 32 2 61 30 59 58 20 40 14 24 31 1 5 52 46 54 60 47 8 23 16 50 0 6 15 62 39 22 55 63 41 10 48 7 57
37 43 18 29 21 9 44 22 26 25 17 52 23 38 39 15 33 32 50 51 58 53 10 41 20 57 0 30 14 11 54 31 24 59 12 34 45 1 2 7 13 46 6 16 48 55 61 62 8 47 49 19 63 60 40 3 42 56 4 5
44 45 26 18 19 43 37 30 50 20 12 34 25 51 29 33 52 32 21 11 41 38 22 61 9 53 23 17 54 14 10 58 7 63 59 42 15 4 5 62 57 6 8 0 46 47 13 1 24 3 39 60 31 16 2 40 55 56 49 48
26 34 42 20 29 18 10 43 45 33 51 37 25 19 38 50 41 44 58 2 1 59 11 46 60 3 47 16 17 48 49 39 12 30 4 13 21 24 22 57 32 8 52 6 56 23 15 40 5 54 7 14 61 53 9 55 63 62 0 31
26 18 37 34 33 43 19 17 10 32 8 12 42 9 51 2 1 11 40 16 0 38 46 55 4 50 13 25 41 24 3 5 59 57 44 21 58 48 14 45 30 52 53 60 47 49 29 39 61 54 6 22 62 23 56 15 20 63 31 7
26 18 37 43 50 17 19 29 33 44 21 14 13 22 42 4 30 11 12 41 16 31 34 38 45 20 40 52 3 10 15 49 61 24 47 48 25 23 7 58 2 46 39 60 5 51 32 62 53 6 8 0 59 9 57 56 1 54 55
44 45 26 20 29 52 11 34 60 21 38 18 17 4 19 42 37 39 41 40 2 10 48 59 3 8 5 22 47 53 43 56 16 12 54 50 58 63 13 1 62 14 55 25 0 9 33 51 6 32 46 49 15 24 57 61 31 7 23 30
19 34 44 21 43 37 45 52 29 11 60 54 13 59 26 46 50 5 20 18 14 42 55 61 62 41 12 4 10 30 39 23 49 2 7 57 51 63 58 3 31 22 1 33 38 6 53 0 40 47 15 32 48 56 24 17 9 16 8 25
19 18 17 29 37 9 21 20 11 16 25 22 14 6 1 4 2 46 23 45 34 0 5 15 53 44 43 33 3 38 7 51 39 61 60 13 26 42 31 54 10 62 24 59 12 41 8 32 40 48 55 47 49 57 56 63 50 30 58 52
37 45 44 43 53 62 42 29 21 51 52 19 18 13 30 38 54 61 14 9 5 20 46 6 7 49 0 47 63 26 59 10 12 22 34 4 50 58 17 15 39 60 25 8 11 24 41 31 3 55 33 48 32 40 57 2 16 56 1 23
44 29 21 13 30 39 18 26 19 10 20 43 22 12 17 52 50 14 5 24 1 9 7 6 31 45 60 57 51 23 38 42 41 53 58 25 59 37 34 40 61 2 33 54 48 8 32 4 11 0 46 3 62 49 56 55 15 63 47 16
26 34 45 21 44 18 14 54 33 20 12 41 17 13 9 15 5 10 49 42 19 43 7 50 2 37 63 24 57 1 38 40 29 22 31 58 52 46 0 11 4 61 6 16 55 39 25 23 59 56 60 47 62 51 30 3 48 53 32 8
44 45 46 20 21 34 42 54 33 32 26 18 40 22 19 52 62 50 17 48 60 59 41 24 49 47 12 9 0 38 14 37 51 4 3 57 58 43 30 53 56 31 16 39 61 6 7 11 29 55 10 8 25 1 15 13 5 63 2 23
19 20 21 18 44 13 26 22 9 17 10 1 16 11 4 42 2 3 37 53 23 29 43 24 51 15 62 60 25 30 31 32 12 0 38 14 7 39 49 41 46 8 52 34 33 50 58 55 47 6 5 45 48 40 54 61 63 57 59 56
44 29 18 43 21 9 30 52 51 26 53 60 17 25 8 54 61 22 47 38 20 59 19 14 58 13 6 45 1 23 50 5 37 39 42 7 11 10 33 55 15 16 24 63 34 3 4 62 2 40 46 57 31 12 49 56 48 41 32 0
44 29 22 42 20 53 49 12 37 45 19 30 54 34 4 21 26 13 43 11 14 25 5 6 18 56 50 33 15 58 31 17 40 46 32 63 16 3 10 1 38 7 9 24 62 47 39 2 51 8 60 23 52 48 0 61 41 55 57 59
37 45 53 34 18 21 43 42 19 38 14 9 41 7 26 11 10 50 59 25 44 54 8 51 63 2 39 20 12 13 6 62 29 0 16 58 57 40 49 52 32 56 33 4 61 22 60 1 5 17 48 24 3 46 55 47 23 30 31 15
26 20 37 34 19 38 13 21 41 17 44 51 39 30 25 12 9 10 45 14 22 24 33 23 18 48 43 32 40 54 6 0 1 42 2 5 52 16 63 31 50 46 3 57 55 58 60 4 56 49 7 11 15 8 59 29 53 61 62 47
44 43 34 45 20 18 53 12 52 41 46 50 9 60 29 26 48 62 51 32 49 10 13 54 25 39 33 22 47 59 2 42 38 0 11 37 30 31 58 55 21 5 40 17 6 4 24 7 16 57 63 56 23 1 3 14 8 19 61 15
26 20 21 22 37 34 33 29 18 45 14 13 46 41 42 47 30 19 5 40 44 7 6 31 10 49 56 2 32 51 53 23 12 24 15 43 59 62 39 4 11 50 52 58 25 17 38 3 48 60 16 9 55 63 61 57 8 0 1 54
26 34 41 20 45 37 44 52 38 48 59 60 42 54 21 58 53 43 50 39 51 46 31 61 12 18 62 29 33 4 40 32 30 14 47 55 13 63 15 49 56 22 19 23 17 16 10 9 24 57 5 8 11 25 0 3 2 7 1 6
37 45 19 29 38 31 53 43 21 18 51 30 9 14 13 42 33 49 7 52 61 46 47 59 55 39 56 22 20 12 54 26 44 63 50 17 11 0 23 10 1 34 8 4 6 5 62 25 2 48 58 3 60 24 16 32 40 41 15 57
26 18 19 20 29 37 10 1 11 30 31 12 5 42 21 34 33 23 41 25 39 32 43 44 17 9 46 13 51 22 3 38 47 48 6 59 45 53 62 24 15 2 40 14 4 16 56 7 0 50 49 52 57 55 61 58 8 60 54 63
19 34 41 11 10 29 3 48 43 42 40 18 56 49 20 1 30 37 9 17 46 44 52 51 59 26 8 21 22 14 58 2 6 13 33 0 5 23 12 24 25 53 45 57 61 15 32 62 4 31 54 38 47 16 63 7 39 60 50 55
26 20 37 44 29 38 53 18 39 43 34 25 22 30 21 47 50 31 24 13 14 32 16 15 11 52 23 41 7 17 42 6 60 2 48 45 8 40 5 56 51 12 10 9 19 57 33 59 55 4 54 46 61 49 0 62 58 1 3 63
19 20 37 44 53 10 29 18 26 22 9 0 30 25 24 38 46 52 51 32 12 4 21 58 23 33 40 13 47 43 31 54 3 15 1 39 60 55 62 5 14 7 6 45 8 63 34 61 11 59 42 16 17 2 50 41 49 57 56 48
26 34 41 21 44 25 20 42 33 52 17 24 14 49 48 7 53 54 57 43 29 10 13 12 19 40 50 59 62 51 46 11 32 38 8 22 4 56 30 9 60 61 3 63 23 47 1 31 18 45 5 58 37 2 55 16 15 39 0 6
44 29 22 42 18 19 34 17 21 30 50 14 9 1 16 52 53 25 45 43 51 59 26 60 20 33 38 31 13 54 37 49 40 4 62 32 24 10 0 12 57 58 46 61 11 2 39 47 63 55 8 56 3 6 7 41 5 23 15 48
37 43 26 17 51 44 34 20 53 46 25 62 9 50 13 19 11 24 45 12 29 52 61 60 21 6 55 10 59 47 49 48 58 57 5 14 4 38 30 63 16 33 41 42 3 32 22 23 54 18 39 8 2 31 56 1 40 15 7 0
26 20 37 42 34 41 12 13 50 25 6 43 48 21 19 58 44 5 24 46 29 17 38 7 9 22 55 49 23 30 31 16 10 1 45 11 56 15 51 59 3 39 2 33 8 53 62 40 57 61 32 52 60 18 14 4 54 47 0 63
44 45 37 29 46 51 18 42 43 47 59 34 41 50 38 32 19 11 52 26 58 57 20 39 4 33 24 2 56 53 49 25 31 54 30 48 10 23 21 16 63 22 17 13 12 60 55 8 14 6 5 9 15 7 61 1 0 3 40 62
37 45 26 18 10 38 19 34 41 9 42 48 33 50 49 32 40 29 51 43 8 20 44 59 60 56 39 25 46 0 24 54 30 47 55 61 63 62 11 13 58 12 3 17 14 15 4 21 5 6 1 57 23 2 53 16 7 31 22 52
26 20 37 42 34 46 49 56 38 44 53 41 55 39 50 52 51 62 21 29 32 25 60 58 13 43 57 61 33 59 22 45 47 40 16 31 30 5 12 19 6 4 18 24 3 23 14 7 15 11 10 63 48 17 9 0 8 2 54 1
26 20 13 12 45 42 34 44 29 22 50 6 30 38 53 25 31 54 24 41 52 59 19 51 5 33 32 47 37 4 48 43 63 46 61 23 14 55 39 16 11 10 18 15 49 56 57 9 8 40 1 58 2 17 7 3 60 21 0 62
44 45 46 43 18 21 29 19 14 22 37 7 34 9 20 53 30 25 0 26 6 12 11 38 52 55 24 3 31 32 5 54 41 16 61 13 4 42 51 40 10 1 49 50 33 2 62 48 56 57 17 39 47 15 63 23 58 59 60 8
26 20 13 18 34 33 42 50 43 52 29 19 41 22 17 9 25 21 45 6 57 40 61 8 30 37 14 59 11 31 15 54 46 38 12 44 1 23 10 0 55 5 48 7 58 16 39 56 53 49 32 2 51 24 3 47 62 63 60 4
26 20 29 22 45 25 18 44 32 34 42 54 30 21 14 15 52 59 23 31 12 3 60 6 58 11 63 41 4 43 50 2 37 16 39 53 46 9 1 57 19 49 17 51 48 47 55 40 38 62 13 8 33 10 61 24 5 56 7 0
37 45 19 34 41 18 17 29 46 20 54 55 30 11 2 53 44 21 26 43 12 10 42 22 14 23 39 24 61 52 60 5 15 9 0 48 62 8 33 40 32 3 6 1 50 58 4 13 31 47 57 38 59 63 51 56 25 7 16 49
19 20 29 38 13 18 44 11 26 52 45 43 53 42 59 62 41 33 24 40 31 60 3 2 30 54 12 49 9 58 46 22 25 17 1 0 15 34 50 14 16 10 56 8 5 32 47 39 6 57 63 21 48 4 51 7 37 23 61 55
37 43 34 29 20 18 38 39 44 51 19 33 46 11 12 21 58 45 52 59 9 4 60 53 42 26 14 13 17 10 54 15 41 40 3 2 22 30 50 63 32 24 5 0 16 49 57 48 62 8 7 61 47 25 56 31 23 55 1 6
19 34 43 50 44 11 42 45 10 20 12 3 18 13 57 26 46 54 62 51 14 53 52 6 37 38 29 1 31 59 9 8 4 30 41 63 21 55 33 7 17 40 39 22 48 2 15 49 0 56 58 24 47 5 60 61 16 32 25 23
26 20 29 38 44 34 22 18 11 30 19 21 31 52 17 13 46 8 43 42 37 2 25 23 4 6 12 14 60 39 7 24 49 41 45 5 47 51 10 61 32 53 15 1 33 59 62 9 54 48 50 57 40 3 58 56 16 55 0 63
44 29 18 52 30 20 37 46 11 34 43 42 50 51 58 38 60 22 45 12 31 39 13 21 26 33 47 57 56 59 40 17 41 14 8 53 61 32 25 62 48 16 63 54 15 19 55 5 9 0 3 4 49 2 10 24 1 23 6 7
44 43 26 45 53 29 30 22 37 19 14 25 10 21 17 61 54 15 18 39 33 11 52 46 34 59 13 63 3 50 38 8 55 16 41 42 58 31 51 12 24 60 5 62 23 1 0 32 47 20 48 49 57 56 9 7 6 2 40 4
37 45 19 20 21 29 38 13 14 43 12 47 30 22 23 5 54 10 46 7 18 39 50 26 6 63 62 57 51 42 17 59 33 16 1 44 34 25 24 61 52 53 60 2 58 49 9 8 41 11 31 40 0 15 3 4 56 48 32 55
44 45 46 29 18 43 51 50 37 42 34 60 52 47 54 61 19 30 41 33 26 49 22 10 59 14 48 25 17 24 20 21 16 53 63 40 62 58 23 56 32 57 2 11 6 7 4 38 31 15 55 1 5 3 12 9 0 8 39 13
19 34 42 20 37 18 11 50 33 4 17 41 12 45 2 21 54 13 51 32 22 63 49 38 26 25 39 31 10 46 29 1 15 9 5 6 0 58 44 43 48 47 24 14 8 52 55 3 30 16 59 40 62 60 56 23 53 57 7 61
26 34 42 18 19 50 33 24 10 2 37 46 11 12 49 48 21 14 25 44 9 0 5 16 17 20 30 22 52 53 58 29 32 60 51 13 54 31 39 41 3 4 1 62 7 43 8 57 38 47 45 6 23 59 40 15 55 63 56 61
19 20 29 18 37 46 9 44 53 52 38 60 13 21 22 14 62 42 39 11 10 23 51 8 4 55 34 30 0 17 31 33 47 5 54 50 43 1 57 45 63 58 32 24 6 56 59 26 2 15 41 40 12 7 61 49 48 3 16 25
44 43 26 19 18 53 34 33 50 37 42 17 38 58 29 39 46 21 32 30 31 51 20 22 49 54 8 23 45 11 3 10 59 12 41 60 13 25 5 24 55 47 15 48 62 14 9 6 56 7 57 2 52 16 61 0 1 63 4 40
44 29 19 26 17 10 11 43 42 34 1 50 51 20 41 59 30 48 57 21 40 8 25 32 12 37 58 14 9 56 45 49 22 18 24 3 7 38 4 15 31 52 2 53 23 16 62 33 46 5 6 61 13 0 60 47 39 63 55 54
37 29 22 43 26 21 50 46 13 51 38 49 59 14 19 45 15 34 57 47 42 5 44 41 53 10 32 58 39 7 54 33 40 62 12 56 60 18 55 25 20 6 4 30 1 23 63 2 16 61 48 3 31 11 9 17 24 8 0 52
26 18 10 29 21 25 30 2 44 43 34 31 50 51 17 57 42 49 56 48 37 22 60 12 19 52 16 11 3 46 20 1 4 45 59 8 47 24 23 5 58 13 38 39 41 54 40 33 15 7 62 55 9 61 6 32 0 53 63 14
26 20 21 18 10 43 45 29 30 22 44 46 51 31 15 58 19 42 50 9 41 11 39 49 47 13 14 7 12 32 57 6 1 38 59 54 17 60 23 3 62 16 34 56 25 0 4 55 40 33 2 52 8 5 53 63 24 37 48 61
37 43 50 51 52 59 26 29 21 14 45 30 19 53 46 57 60 11 34 33 10 38 3 54 7 13 55 20 61 62 47 31 25 22 44 6 40 18 39 4 12 32 42 63 17 5 15 16 9 48 24 1 56 23 2 0 8 41 49 58
44 43 42 45 26 34 46 52 41 19 59 21 37 30 29 60 50 33 13 12 24 55 11 38 54 10 22 58 1 48 61 15 51 47 25 23 14 63 57 9 20 31 62 18 2 3 0 32 6 7 53 5 39 8 16 49 4 56 40 17
44 43 18 37 26 9 46 29 20 11 50 52 19 25 22 42 2 3 34 15 0 58 17 13 32 30 61 60 12 1 6 24 45 40 31 4 59 54 63 55 51 23 57 62 41 21 53 48 5 49 39 16 38 14 47 56 10 8 7 33
37 29 19 43 21 18 26 11 10 22 3 14 34 44 53 38 51 52 20 42 39 2 33 46 55 41 13 47 48 50 58 31 60 45 30 25 16 61 6 49 54 24 32 59 1 7 12 62 15 63 17 56 40 23 4 5 8 9 0 57
19 20 45 10 11 42 21 3 34 12 4 5 18 44 37 17 16 43 2 46 50 25 26 33 53 51 32 41 60 9 48 58 59 14 57 49 54 1 0 29 13 61 47 55 63 56 15 40 22 52 62 31 6 30 8 24 38 39 23 7
19 20 13 10 11 34 43 26 9 42 44 45 25 16 49 29 18 3 4 56 24 21 52 61 30 22 50 39 15 38 2 33 46 23 60 54 63 37 47 12 8 1 48 62 41 0 32 53 31 40 17 59 51 57 55 5 14 6 58 7
37 43 42 45 19 20 51 38 46 29 54 62 47 10 1 34 31 53 25 11 2 3 60 12 61 49 50 21 48 41 18 30 22 14 7 6 23 32 63 26 9 56 40 15 58 39 13 55 5 8 17 44 52 24 16 0 33 59 4 57
19 20 29 18 43 37 45 51 9 26 10 22 12 13 42 34 30 17 33 50 16 32 57 4 25 21 44 39 58 60 11 1 6 54 23 3 52 53 41 48 38 59 2 5 0 56 55 62 40 24 46 8 14 15 49 47 31 61 7 63
19 20 45 44 43 42 12 53 61 46 26 60 41 40 52 51 49 57 50 37 29 22 48 18 55 33 32 25 11 54 17 58 38 24 62 31 47 8 9 21 34 39 59 2 30 23 14 56 3 1 16 10 0 4 5 6 13 63 15 7
19 34 41 21 37 42 50 10 20 38 11 3 44 13 1 52 46 54 55 29 62 30 43 33 25 49 57 32 31 18 45 59 14 7 12 56 6 51 22 58 48 47 9 63 61 23 39 0 15 26 53 17 16 5 2 40 4 24 60 8
44 29 20 45 26 11 13 43 53 25 51 12 21 59 46 62 34 5 2 47 42 10 54 50 33 19 41 63 24 32 14 37 48 15 3 4 7 18 9 49 38 31 6 16 23 0 56 57 17 22 8 1 55 52 60 61 40 39 58 30
26 18 19 34 33 21 41 32 37 50 9 0 44 20 12 25 40 38 14 22 24 16 42 48 11 5 30 39 17 51 45 54 13 7 43 3 1 6 49 31 53 52 59 10 61 60 29 56 4 62 8 58 63 46 55 2 23 15 57 47
44 43 18 45 52 61 34 19 60 59 54 47 42 51 20 25 41 11 16 40 49 12 3 58 5 26 10 24 48 2 56 33 17 32 53 38 13 21 46 9 55 57 22 4 30 6 62 31 1 29 37 63 23 15 39 8 0 14 50 7
44 43 34 41 50 45 32 29 37 42 46 57 26 38 18 19 59 33 21 49 17 9 12 22 56 51 52 54 25 20 14 4 15 60 1 13 11 58 61 8 55 53 31 23 47 40 30 39 24 7 6 3 10 48 62 0 5 63 16 2
44 45 46 20 21 34 12 13 5 29 19 4 18 53 22 14 43 26 33 11 3 40 23 7 25 30 52 17 54 60 31 10 61 47 6 39 9 51 42 38 41 8 37 2 59 63 16 15 1 24 62 58 32 48 0 50 56 55 49 57
37 45 53 43 42 29 51 49 21 46 33 14 26 61 54 17 56 19 11 44 38 39 30 10 62 18 34 41 9 32 25 63 50 31 22 52 55 13 20 58 12 3 5 8 0 60 6 1 4 57 16 47 48 40 24 2 59 7 15 23
44 43 18 21 50 37 26 52 14 19 11 17 61 9 25 33 34 7 20 3 40 29 8 57 24 32 22 13 51 10 16 58 59 60 1 15 4 2 42 62 31 48 12 30 39 5 41 38 46 49 56 45 6 0 53 47 54 55 63 23
26 18 19 20 10 25 21 29 32 11 17 1 30 22 3 31 14 12 23 2 43 4 39 9 5 51 0 37 44 34 58 45 42 46 38 41 52 47 48 40 33 49 57 54 63 60 55 24 59 8 61 13 6 15 50 62 7 53 16 56
37 45 26 20 54 42 34 41 33 18 9 10 29 40 32 38 22 21 39 63 2 46 62 55 13 15 49 47 53 58 31 43 57 11 59 44 48 25 12 61 50 51 17 14 60 8 1 23 7 6 5 4 19 52 3 30 0 16 24 56
37 43 50 29 34 44 53 42 19 38 30 20 49 26 22 31 21 41 17 59 33 51 47 10 52 32 18 12 48 23 13 54 45 24 15 7 2 14 8 1 6 3 4 16 25 11 0 56 55 62 61 39 40 60 5 46 63 58 57 9
37 45 44 43 26 17 53 19 51 59 50 54 58 62 52 38 30 57 8 25 33 23 11 29 49 60 55 12 5 41 21 63 47 39 48 9 40 61 10 3 24 22 15 42 46 31 14 34 13 4 2 6 7 20 56 32 1 0 18 16
44 43 18 45 34 25 32 26 51 52 53 37 30 61 33 50 62 29 38 31 54 40 21 20 19 9 58 42 39 14 11 12 49 10 17 60 1 55 23 63 22 13 7 2 5 48 59 16 57 56 3 4 41 46 8 0 24 47 6 15
26 18 37 45 10 9 8 29 30 23 43 21 22 0 31 42 44 34 25 46 53 32 41 50 17 16 15 11 40 62 55 20 51 49 12 48 19 13 56 59 24 47 57 52 4 6 14 5 61 38 58 3 33 60 2 39 63 1 54 7
44 43 50 51 58 57 56 45 52 29 20 37 38 22 34 26 42 54 17 33 53 39 21 13 25 60 12 11 18 19 3 4 6 49 31 2 41 46 10 16 8 0 9 24 61 62 40 48 1 47 63 32 5 14 30 23 7 59 15 55
19 34 43 50 51 18 57 59 42 20 44 58 49 40 26 52 53 56 37 29 60 45 11 54 62 25 33 10 61 4 48 41 24 32 47 63 16 17 8 9 13 21 22 46 38 39 3 30 5 0 23 12 55 15 7 14 31 6 1 2
44 29 20 11 18 26 12 53 34 4 62 33 13 9 41 19 32 52 60 22 5 21 6 37 23 42 25 48 45 40 2 24 17 14 30 31 50 61 3 59 46 8 38 54 43 10 16 1 56 7 58 49 47 15 0 57 51 63 55 39
44 43 42 51 60 59 34 41 50 61 19 37 48 32 38 30 52 26 40 45 33 46 57 10 20 18 1 58 55 54 49 11 12 13 24 2 21 22 47 0 14 56 25 29 9 7 53 15 23 17 16 31 8 6 39 62 5 4 3 63
26 18 10 25 32 9 8 20 29 38 30 34 47 31 11 24 44 37 23 13 16 2 17 52 45 15 33 41 59 43 3 54 51 21 19 50 48 39 63 60 46 0 6 5 14 4 7 22 1 53 42 40 61 55 57 49 56 58 12 62
26 18 37 43 50 29 9 25 21 0 34 44 45 46 17 14 20 16 47 33 22 12 41 13 24 53 6 23 52 5 42 7 1 58 57 55 54 61 10 19 4 40 8 3 62 11 49 63 60 39 38 51 2 31 59 48 56 32 15 30
44 45 26 43 52 18 19 60 54 17 59 20 25 46 38 47 10 62 9 30 13 21 12 29 51 3 31 33 22 24 34 0 1 6 61 2 8 50 49 41 16 14 39 32 37 23 63 42 5 11 40 4 55 58 57 56 7 48 53 15
37 43 26 38 44 45 39 20 29 47 12 17 52 18 55 4 19 61 53 54 62 63 5 21 3 46 22 14 33 10 2 60 30 23 6 7 50 40 24 8 11 1 16 25 42 34 13 49 56 15 51 32 41 59 31 57 9 0 58 48
26 18 37 45 10 20 53 42 29 22 44 25 32 43 41 52 34 51 58 33 50 49 59 46 15 24 40 56 19 48 38 30 17 54 62 16 9 1 60 63 2 14 11 61 21 13 31 12 7 3 0 47 39 8 55 23 5 6 4 57
26 18 19 20 13 42 12 25 43 4 21 34 41 22 29 52 24 17 6 16 9 2 33 37 23 49 48 10 56 14 32 40 1 45 53 44 50 58 3 61 7 5 38 8 57 11 51 31 39 46 0 15 54 59 60 55 62 30 47 63
19 34 45 11 42 37 29 46 21 13 14 54 44 50 53 15 63 38 18 20 5 51 43 61 7 22 26 6 58 33 23 30 24 32 62 9 41 10 3 12 31 39 47 60 49 55 59 56 48 40 17 57 52 25 16 1 0 4 2 8
19 20 45 34 37 18 26 46 41 43 12 48 55 25 17 5 10 38 32 9 44 33 16 53 30 39 8 23 51 29 49 13 54 50 52 0 21 40 56 42 58 1 11 57 24 22 3 4 59 60 61 62 14 7 63 6 15 31 47 2
37 43 26 17 42 44 52 41 34 29 19 53 49 57 51 50 59 21 33 10 54 60 58 30 48 56 38 45 40 32 24 55 23 47 31 20 61 46 12 16 1 5 39 14 13 22 11 9 6 15 2 4 3 18 8 25 63 0 7 62
37 45 44 43 50 29 46 51 42 53 38 49 18 9 22 39 19 34 54 63 26 52 17 10 25 30 62 33 1 12 8 16 41 60 55 21 59 24 13 5 4 61 23 14 57 58 20 3 47 15 40 11 6 2 32 31 7 0 56 48
37 29 22 45 53 43 34 25 21 30 33 54 16 15 51 32 41 59 23 14 19 52 12 38 7 13 26 48 31 39 5 6 47 10 63 11 9 1 44 55 20 4 42 40 24 8 18 3 49 17 0 2 56 46 62 61 50 60 58 57
26 20 13 42 29 19 49 37 43 21 38 56 30 44 34 45 11 33 51 39 23 22 50 25 14 57 48 53 31 7 52 54 16 60 47 24 46 58 12 40 32 8 63 6 4 3 59 55 15 61 2 5 17 1 41 18 62 9 10 0
44 29 21 45 26 43 54 46 52 18 30 31 38 62 19 34 37 60 17 8 55 20 10 2 1 53 24 12 4 16 42 39 59 50 63 5 11 3 6 61 23 32 51 13 47 58 9 22 25 0 15 7 41 49 14 40 56 57 48 33
19 34 42 18 44 11 9 43 33 45 3 26 25 41 53 20 37 17 29 21 50 46 10 4 38 30 39 8 2 54 5 52 0 59 63 13 60 55 32 62 51 12 31 24 49 40 6 47 22 58 57 23 61 14 7 15 48 56 16 1
26 20 37 34 19 44 33 25 21 30 38 41 17 46 52 45 55 18 32 43 53 51 10 29 48 1 11 60 61 24 47 3 16 8 39 12 5 9 58 22 14 59 42 31 50 6 2 4 23 57 7 62 49 40 56 0 63 13 54 15
26 18 10 9 19 20 29 33 44 11 13 21 0 17 25 6 1 42 5 34 12 3 49 50 4 14 37 48 23 22 2 30 31 38 40 24 45 53 58 46 61 56 32 60 47 16 52 62 8 55 54 39 63 41 57 59 43 51 7 15
19 18 37 20 11 4 17 44 21 38 2 25 39 22 52 9 0 46 54 55 14 6 23 60 29 1 45 63 7 12 62 43 34 26 16 3 51 59 58 53 61 50 42 49 40 57 10 30 5 33 13 15 41 8 24 48 47 31 56 32
19 20 13 34 29 6 42 30 33 41 26 32 24 10 12 17 18 9 37 16 21 3 5 38 31 14 48 11 45 47 23 53 52 39 55 4 0 44 51 49 54 60 40 22 15 1 58 7 43 59 50 63 61 56 57 46 2 25 62 8
37 29 22 44 26 20 45 34 33 25 18 30 13 43 24 10 38 42 50 58 19 51 11 39 53 2 21 16 3 54 32 6 4 52 49 23 12 17 57 41 46 55 61 40 15 60 48 56 63 7 9 5 62 59 47 1 8 14 31 0
19 34 43 52 33 20 61 32 41 48 21 14 37 13 29 18 42 50 11 45 25 44 22 2 46 9 30 59 6 38 40 15 3 53 47 26 24 7 60 12 56 5 0 39 17 10 4 62 23 54 51 31 63 8 1 16 55 49 58 57
19 20 13 18 37 11 26 33 25 46 9 21 40 6 12 43 44 0 2 29 42 34 22 51 59 16 17 32 38 23 30 47 8 58 41 3 52 49 5 60 45 53 24 39 31 4 57 48 62 56 15 1 61 14 10 54 50 63 55 7
19 18 17 20 21 12 45 22 23 30 29 42 43 26 13 6 41 10 3 49 44 4 5 34 56 8 16 24 11 48 37 46 40 15 7 9 53 2 39 52 25 61 51 14 33 47 54 62 63 50 57 58 1 55 59 32 60 0 31 38
37 45 26 29 30 21 44 42 34 18 12 52 49 31 17 16 10 56 23 19 51 14 53 54 38 2 39 33 55 47 9 3 5 62 25 59 24 46 63 40 43 60 13 7 8 15 61 20 22 11 41 6 58 4 1 48 57 32 50 0
19 34 45 11 10 54 26 21 44 20 3 42 43 50 63 25 33 52 13 24 49 1 9 18 60 17 22 48 51 59 41 29 56 38 16 12 2 23 37 30 46 14 31 57 32 47 5 40 0 39 58 61 4 8 55 53 15 7 6 62
37 29 22 43 50 46 18 19 11 30 21 57 51 20 38 10 9 23 49 59 13 41 31 2 15 44 54 39 42 62 60 14 26 52 4 25 32 17 55 5 24 0 45 3 7 6 56 33 40 48 8 61 58 1 34 47 12 53 16 63
44 45 37 29 22 43 20 13 38 21 12 3 54 23 4 11 31 5 46 30 50 63 42 14 62 57 19 18 7 26 9 6 58 49 10 39 41 0 56 53 25 40 32 33 48 1 2 24 15 34 16 51 59 17 47 52 61 55 8 60
37 43 18 21 20 29 42 19 14 9 44 49 34 51 10 53 30 45 58 33 11 22 24 2 56 32 1 31 46 47 13 38 41 26 12 25 54 16 50 48 60 57 8 61 63 15 62 59 40 6 5 17 23 7 52 3 4 0 39 55
37 43 42 29 51 46 21 20 22 38 19 26 18 10 47 39 11 2 13 50 1 44 58 0 25 55 17 12 30 53 45 59 60 9 8 14 7 6 61 49 33 62 5 57 15 41 40 24 56 3 16 54 34 52 23 32 48 31 63 4
19 18 37 20 12 43 9 21 30 34 42 46 33 44 38 26 51 53 52 32 25 24 16 45 11 39 47 2 13 8 29 10 60 50 0 22 58 61 4 3 59 17 62 6 40 57 56 41 1 54 23 55 63 31 48 14 5 15 7 49
37 29 19 43 21 20 13 30 39 12 3 46 55 45 38 11 44 6 22 47 42 4 26 34 33 41 50 59 18 25 40 52 57 15 51 32 24 16 60 49 54 14 9 61 62 48 17 8 53 1 5 10 7 31 2 58 56 63 0 23
26 20 45 44 13 25 43 54 29 51 58 59 24 19 12 57 34 37 53 16 50 49 63 32 42 52 60 30 56 62 61 10 23 38 21 5 3 48 11 18 41 6 40 2 8 31 9 14 17 4 39 33 7 22 1 0 15 46 55 47
44 43 42 45 46 52 26 20 29 41 40 34 33 25 18 22 59 60 12 38 31 4 32 61 11 47 50 24 15 13 21 37 14 49 58 2 48 51 16 9 55 6 10 19 30 63 54 39 53 57 56 17 8 1 62 23 0 3 5 7
26 34 43 52 33 32 40 18 19 29 42 17 20 10 44 21 8 49 3 37 45 38 13 48 22 11 46 50 58 12 24 47 53 30 39 41 57 9 55 6 60 23 56 5 1 16 15 54 4 7 51 31 25 63 14 0 62 61 59 2
44 43 18 29 26 52 30 34 50 51 33 57 59 17 61 60 49 58 25 42 53 40 48 37 32 23 9 45 54 8 38 1 0 46 31 19 12 24 11 5 39 10 56 22 21 16 3 63 55 4 6 13 41 20 15 62 47 14 7 2
37 29 20 45 19 26 46 34 41 42 33 24 40 47 53 60 55 63 30 39 50 51 49 44 52 10 61 56 43 12 13 25 32 48 5 6 17 58 14 38 57 18 2 23 31 1 59 8 9 11 21 4 15 3 54 7 16 22 0 62
19 34 45 21 29 37 13 18 44 53 26 11 33 40 17 42 61 14 51 30 9 16 32 60 23 43 50 1 59 5 58 38 22 49 6 31 39 62 48 56 4 47 20 46 25 2 63 57 54 7 3 15 0 55 12 52 41 10 24 8
44 29 21 13 26 43 14 45 12 20 53 6 5 4 30 37 46 23 42 50 3 49 51 38 19 33 10 60 59 39 48 58 40 24 57 17 41 32 25 52 61 1 7 56 31 22 11 18 2 54 15 9 55 34 47 63 8 62 0 16
26 34 42 33 44 50 41 40 58 20 24 37 49 18 19 11 30 53 51 38 13 22 45 43 10 12 2 52 48 57 23 9 4 14 62 25 32 60 46 29 8 31 56 17 54 47 6 55 63 3 39 1 16 21 59 5 61 7 0 15
44 43 50 51 42 29 18 33 21 13 22 45 20 26 54 30 49 41 31 57 40 10 17 25 3 34 19 9 6 11 58 48 2 23 16 59 15 24 12 5 4 8 56 46 32 0 47 63 62 14 52 39 38 60 53 37 7 61 1 55
19 20 45 34 18 37 29 17 33 38 12 54 39 13 30 11 10 31 24 42 43 2 23 32 22 52 40 26 47 46 5 8 53 15 9 3 7 4 14 0 59 1 63 55 44 51 62 21 49 61 60 50 25 56 48 57 58 16 41 6
37 45 26 34 33 29 54 25 19 32 21 20 42 18 43 30 13 51 49 46 16 6 41 40 31 57 48 53 52 23 59 17 38 39 56 12 58 61 9 10 22 11 24 0 5 14 50 55 1 4 7 47 3 44 63 8 60 2 15 62
26 34 41 20 44 25 19 42 24 52 37 40 43 50 48 16 32 11 18 30 58 49 57 9 38 33 61 21 29 47 13 14 39 5 17 56 1 59 55 10 3 60 51 53 6 7 45 46 15 8 31 62 22 12 0 23 2 4 54 63
26 20 37 46 38 25 55 45 19 18 24 32 10 31 30 11 53 2 13 34 41 43 9 50 44 39 40 47 4 3 52 62 23 16 48 12 51 42 54 22 0 17 57 56 8 33 49 6 61 1 14 60 21 59 29 63 58 7 5 15
19 20 45 18 21 37 13 26 38 43 42 29 51 22 14 6 10 49 11 4 3 54 34 9 33 1 5 25 23 39 12 41 7 30 44 60 0 50 32 8 59 17 61 2 56 53 52 31 16 57 58 46 47 55 62 63 48 40 24 15
44 29 20 43 26 34 45 25 18 19 22 15 41 42 24 9 10 54 46 17 62 47 1 2 37 32 40 61 53 38 21 0 55 12 4 48 23 11 30 5 3 31 56 13 50 58 59 63 52 16 33 60 49 57 6 14 51 7 8 39
37 43 26 38 44 51 52 19 18 61 59 17 11 53 20 58 60 21 34 3 42 45 30 46 31 22 47 39 57 56 29 23 9 1 62 50 2 12 15 63 49 40 8 41 0 10 14 16 33 6 54 32 25 13 24 55 4 5 7 48
44 43 18 29 26 19 42 37 20 13 30 52 21 17 33 31 34 41 53 38 39 11 40 22 15 23 2 54 8 12 6 14 60 50 55 48 56 47 51 7 57 10 25 5 49 16 9 63 46 59 1 24 3 45 58 0 32 61 62 4
37 29 18 45 38 47 20 11 39 31 22 13 15 21 4 26 14 9 30 12 25 34 54 16 42 52 24 5 6 19 0 3 2 7 53 43 59 41 51 44 33 1 49 60 46 61 17 23 55 58 50 48 32 63 62 10 57 56 8 40
19 18 44 45 46 29 17 42 20 21 43 10 30 16 13 37 38 52 41 51 26 55 2 5 34 40 60 1 11 31 49 57 58 53 50 3 56 39 22 9 32 24 54 12 25 14 4 33 23 62 7 6 47 48 15 61 59 8 63 0
19 18 37 45 26 38 10 34 46 17 53 21 25 52 24 29 44 61 60 54 31 30 41 42 13 5 23 2 3 51 39 32 62 20 11 50 6 43 9 4 58 57 33 47 59 7 48 15 14 16 55 12 49 56 1 63 22 8 0 40
19 18 26 20 13 21 11 2 45 44 10 42 53 1 29 25 24 34 41 32 9 16 37 30 4 6 0 22 49 56 50 58 3 48 17 51 38 8 52 61 40 43 54 31 46 39 23 47 55 33 5 15 60 63 62 59 57 14 7 12
44 43 26 19 50 53 12 17 45 51 18 5 25 21 62 57 29 22 9 8 42 52 34 46 10 41 16 20 49 24 32 3 15 33 0 11 40 48 37 60 59 54 63 58 61 1 39 38 2 23 31 47 13 55 4 30 6 7 56 14
37 43 42 45 44 51 50 41 52 29 46 60 34 57 20 53 58 19 32 40 10 47 59 26 55 1 25 39 38 12 33 22 4 17 56 54 61 63 62 11 16 21 3 5 49 24 14 13 31 15 9 18 6 2 7 23 48 30 0 8
37 43 26 38 46 17 25 21 9 54 39 18 11 30 44 0 23 33 12 14 55 52 7 22 19 34 62 5 51 50 8 4 32 45 10 40 48 29 20 6 59 16 41 58 61 63 53 24 3 56 31 49 57 47 15 42 13 60 2 1
19 34 41 11 44 53 20 33 10 9 52 51 1 21 37 13 58 48 3 12 5 38 43 18 30 59 14 23 42 26 39 22 45 15 4 54 62 49 8 61 32 31 6 2 63 47 50 29 57 24 55 40 25 16 7 56 60 0 17 46
44 45 19 34 26 18 46 12 17 25 10 2 1 54 5 0 62 47 33 61 11 37 20 43 55 42 60 32 53 9 49 21 14 38 29 41 40 63 24 59 30 39 16 50 51 52 3 13 22 15 23 48 6 4 56 31 8 57 58 7
19 34 42 50 41 18 17 40 58 29 20 10 11 33 21 13 44 9 22 31 8 51 5 45 26 43 48 3 15 14 52 4 24 16 38 49 7 59 12 2 0 25 54 6 32 63 37 46 57 56 1 30 23 53 39 47 55 62 60 61
19 18 17 34 42 50 49 9 26 48 56 25 0 20 37 33 12 44 11 4 16 32 40 38 29 10 58 8 13 43 2 14 46 54 52 24 6 30 5 1 22 51 21 41 59 3 62 23 31 47 53 7 39 55 15 61 63 57 45 60
37 45 53 34 42 20 18 44 13 30 21 9 46 43 51 58 52 55 41 40 48 56 0 60 59 50 61 6 29 54 63 38 47 62 23 26 25 16 49 2 31 57 19 14 32 22 4 24 17 10 11 3 15 7 33 5 12 39 8 1
26 34 41 21 37 25 20 43 51 13 17 29 5 18 9 1 16 14 2 10 19 45 7 48 11 52 12 8 61 44 53 15 6 59 3 4 50 46 22 23 54 30 42 57 49 32 55 62 40 60 24 39 56 47 38 58 31 33 0 63
37 45 53 38 46 52 30 31 39 61 26 29 20 54 21 23 43 25 47 34 44 13 22 14 7 15 55 63 18 10 17 19 62 12 4 60 42 11 32 50 3 1 33 16 8 2 59 51 5 58 24 6 57 49 9 56 41 40 48 0
26 18 37 29 20 11 19 43 21 34 44 14 9 30 31 10 50 39 1 45 12 52 51 5 23 3 61 8 22 59 25 53 17 0 42 38 54 57 7 41 47 16 33 13 2 63 48 6 55 62 15 24 49 4 46 60 40 32 58 56
44 43 26 29 37 19 10 38 51 34 25 52 60 1 30 53 12 20 21 50 62 23 59 58 45 3 31 18 13 14 4 42 33 11 49 5 6 32 16 56 48 24 9 2 0 8 22 61 15 39 57 63 41 7 46 40 17 54 55 47
37 29 20 43 42 11 44 52 53 54 21 22 30 39 62 34 12 49 26 38 23 4 3 2 56 41 46 31 40 47 25 33 19 5 61 17 32 55 24 51 50 57 8 14 7 15 58 9 48 6 18 10 60 13 1 59 63 0 16 45
37 43 50 45 44 51 42 33 52 29 46 60 61 55 18 53 49 48 22 34 25 26 38 30 57 14 19 10 32 40 31 23 6 54 47 5 58 17 63 7 56 21 59 20 9 41 1 62 8 0 15 2 13 11 12 3 39 24 4 16
19 20 37 34 33 41 21 43 51 52 48 25 53 38 39 59 17 16 50 45 54 55 63 31 61 9 23 11 26 40 10 13 32 12 8 29 3 2 14 57 30 18 24 46 0 44 47 22 1 42 60 58 49 6 56 62 5 4 15 7
26 18 10 20 45 42 29 19 11 33 34 2 25 13 32 3 12 37 51 30 6 40 48 41 21 17 23 14 1 22 9 60 5 24 4 56 16 7 43 53 38 50 59 44 58 49 31 0 8 57 62 15 46 55 52 47 54 61 63 39
37 43 26 21 51 42 34 46 50 44 14 20 30 52 19 12 3 38 61 25 54 49 48 39 16 22 13 18 45 41 32 5 31 62 47 7 17 57 11 63 58 10 56 33 24 8 29 55 53 9 4 6 0 60 15 40 2 59 23 1
44 43 34 29 51 50 20 52 57 26 60 49 21 45 59 53 41 11 25 18 54 32 19 12 9 22 37 48 24 38 40 58 31 47 5 13 23 14 6 55 4 7 61 30 46 2 62 15 3 42 33 16 0 17 8 39 56 63 1 10
19 34 44 21 33 42 50 37 26 49 20 17 38 39 45 40 14 7 46 29 8 18 32 24 11 43 48 52 54 3 61 57 30 60 10 2 16 23 25 41 13 12 22 51 58 53 59 55 1 31 62 9 5 6 15 4 63 0 47 56
26 20 29 38 30 34 42 33 11 2 44 51 46 37 12 31 22 45 47 21 10 55 41 49 58 17 19 3 54 23 40 43 53 62 50 60 15 13 52 7 1 57 24 39 25 18 5 61 4 14 48 16 56 59 9 8 63 32 6 0
19 20 21 18 44 45 37 13 54 43 9 38 51 63 6 12 29 17 3 0 39 42 50 47 41 30 16 58 53 31 55 33 34 52 59 4 11 62 23 14 46 26 2 1 32 60 15 40 57 25 10 5 22 24 61 7 8 56 48 49
44 43 18 45 54 37 51 46 47 53 30 63 60 20 12 42 50 62 41 39 31 26 25 9 52 21 19 29 0 49 59 57 48 23 22 40 15 13 14 17 16 34 61 33 24 8 10 3 4 58 32 11 56 7 2 5 6 1 38 55
19 18 44 45 46 52 37 26 60 54 53 62 33 38 29 51 39 30 9 25 21 20 34 22 12 31 17 0 47 43 50 11 2 49 58 4 59 61 63 41 24 14 42 40 32 55 6 15 3 5 23 57 16 7 48 10 1 56 13 8
26 18 19 20 21 33 37 45 11 2 25 12 3 24 54 34 29 13 14 22 9 53 38 10 17 55 15 16 52 51 8 7 63 44 43 42 50 0 32 62 6 4 1 31 47 61 30 57 41 58 60 40 46 59 5 23 39 49 56 48
37 29 18 42 34 46 21 13 38 45 30 19 50 26 20 41 11 43 44 53 25 22 5 59 31 10 61 23 9 39 51 3 48 58 4 2 49 60 15 16 17 7 54 56 57 6 0 62 52 8 1 24 32 14 33 12 47 40 63 55
26 34 43 18 25 33 10 19 45 24 41 1 32 37 11 50 29 42 58 46 44 3 2 53 62 30 22 49 38 14 57 52 0 51 15 56 16 20 55 54 12 40 59 60 13 4 61 17 47 8 31 6 9 39 21 23 5 63 48 7
37 29 21 43 26 17 42 22 51 18 44 53 23 59 34 13 10 25 16 33 50 38 62 49 45 52 57 61 41 40 54 46 48 58 31 15 7 60 5 63 55 2 20 39 19 4 3 11 12 47 32 8 1 14 0 24 30 9 6 56
44 43 34 29 20 19 30 53 10 13 51 41 62 59 33 22 52 54 58 26 6 32 14 11 46 39 45 31 17 18 3 15 38 37 9 0 60 25 16 23 49 21 2 50 42 63 55 57 48 7 47 24 56 1 12 40 8 61 5 4
37 29 18 46 22 42 38 39 47 21 45 19 31 44 34 15 14 20 23 11 50 55 2 41 32 30 52 13 7 17 6 5 54 51 53 3 9 48 10 33 25 63 26 0 58 59 16 49 56 12 60 24 8 1 40 43 57 62 61 4
44 29 21 43 26 25 17 42 33 13 41 24 20 8 18 10 30 40 5 49 34 31 38 37 32 6 56 52 16 46 2 57 50 9 0 11 45 51 19 53 39 1 4 48 23 12 47 14 60 55 15 59 54 7 58 63 62 22 3 61
26 20 37 42 13 12 4 17 43 29 8 46 34 18 21 5 49 50 6 19 22 11 33 25 41 23 44 32 48 9 51 3 55 7 31 59 38 47 0 39 16 10 40 45 60 52 24 63 53 30 1 14 58 57 56 61 62 2 15 54
19 34 43 50 33 20 21 25 41 11 42 29 13 18 2 12 37 46 32 49 44 51 45 38 58 57 56 40 39 54 52 9 48 14 7 47 63 30 55 59 16 62 3 5 4 53 61 0 6 60 26 10 31 24 17 8 22 1 23 15
26 18 10 43 44 9 50 34 0 53 41 42 33 29 51 48 62 45 37 59 17 46 58 32 24 61 38 8 22 11 47 54 49 39 60 25 19 56 63 52 40 16 3 4 21 20 30 2 13 12 1 31 23 55 6 14 57 15 5 7
19 20 21 12 5 4 29 26 43 34 11 10 1 52 50 38 33 13 61 42 44 60 3 17 6 57 30 31 47 62 22 15 37 18 53 24 8 25 41 2 14 46 9 16 59 7 32 45 51 48 63 49 58 0 39 40 23 54 56 55
44 45 46 43 18 47 50 9 19 34 0 51 52 53 38 11 61 29 20 54 2 60 63 12 25 57 5 33 37 4 41 26 55 59 39 10 1 48 42 40 21 31 24 32 13 30 58 16 56 22 3 8 23 62 14 15 17 49 7 6
26 34 42 18 10 41 40 20 37 43 44 46 13 25 19 52 38 6 60 49 32 48 17 39 51 61 53 58 59 8 45 16 50 33 12 29 21 1 2 30 57 24 5 11 56 4 22 23 3 9 55 14 47 62 63 54 31 15 0 7
26 34 42 20 45 44 53 18 21 43 52 60 61 62 19 46 47 37 30 38 17 22 39 12 3 9 14 29 51 16 10 15 24 59 11 55 8 33 41 13 6 49 50 25 56 2 54 58 57 48 4 23 32 1 40 31 63 7 0 5
26 18 37 43 34 42 9 38 50 0 39 29 10 45 8 31 21 19 53 33 24 20 12 41 51 47 30 16 13 4 49 25 5 59 52 57 48 3 17 14 23 61 11 7 15 32 46 2 60 56 44 6 22 55 40 62 54 58 63 1
37 43 50 21 20 51 26 19 12 25 33 38 14 10 24 57 44 29 58 4 39 42 30 46 41 47 54 23 11 52 9 22 59 7 6 2 55 15 61 31 5 49 53 63 13 16 34 1 48 45 8 18 17 60 62 56 3 0 40 32
19 18 26 34 42 44 17 12 53 52 41 43 37 8 16 40 60 33 10 38 50 59 5 62 45 1 11 51 57 25 58 46 31 29 22 4 49 20 13 48 2 30 0 15 23 6 39 3 21 55 7 9 24 32 14 54 61 56 63 47
37 43 34 45 19 33 53 20 51 26 32 40 17 10 21 41 11 22 1 18 9 16 42 38 50 3 13 44 24 12 5 61 48 4 62 0 52 49 58 2 29 60 15 25 47 31 39 55 59 57 23 63 56 6 8 54 46 30 14 7
26 18 10 25 37 2 9 44 52 19 11 0 43 29 17 45 54 20 30 38 1 53 31 8 46 39 3 34 33 60 61 63 47 22 21 24 59 42 32 50 49 13 4 62 51 12 5 6 16 41 14 23 40 58 57 48 15 7 56 55
19 18 44 45 17 52 37 29 60 10 38 54 21 59 1 43 50 42 53 11 4 46 34 3 58 26 2 61 12 13 51 31 55 9 22 33 62 63 16 57 25 41 5 15 49 47 14 8 39 20 0 48 56 40 32 6 7 24 30 23
44 45 37 29 19 34 46 52 42 18 33 43 26 32 41 54 30 40 9 21 53 0 49 31 24 61 62 10 38 16 13 58 51 39 22 23 12 47 1 14 20 25 48 59 63 3 60 50 8 56 7 55 5 17 15 11 57 2 4 6
44 43 26 29 30 22 45 46 54 62 63 31 50 20 37 17 55 42 15 19 41 51 34 33 61 47 10 49 59 3 40 21 25 23 39 24 12 18 56 48 38 13 9 8 52 32 2 1 4 53 14 5 11 6 58 7 0 16 60
19 18 26 20 29 33 13 44 52 53 11 51 17 21 22 14 43 3 34 16 2 5 9 41 59 30 4 37 12 50 6 10 24 0 48 42 1 40 23 56 39 15 62 54 49 32 60 8 38 57 7 47 58 31 45 61 63 46 55 25
19 34 43 20 37 29 33 44 45 52 13 12 5 54 60 42 30 24 38 23 49 21 39 51 22 46 63 10 11 31 50 58 47 48 32 15 56 2 53 40 14 59 1 6 16 26 17 62 25 8 9 4 55 18 7 57 41 0 61 3
26 34 45 17 41 29 20 11 18 33 25 32 22 21 8 38 42 50 48 52 16 9 58 15 14 49 19 7 2 43 40 12 24 0 1 4 51 56 44 60 46 10 31 53 57 47 13 6 3 23 54 37 55 63 30 5 62 39 61 59
19 34 44 37 42 50 46 18 49 52 58 30 26 33 45 38 53 43 60 10 12 41 48 57 1 51 32 61 29 55 23 24 39 5 16 25 56 2 54 21 59 47 11 20 63 40 14 17 22 6 31 8 3 4 62 13 7 15 0 9
44 29 20 11 18 34 4 2 33 9 12 13 25 41 22 32 26 52 49 10 45 38 19 37 46 47 42 6 0 40 51 58 55 60 53 24 59 17 43 54 1 21 8 48 16 31 15 50 30 14 3 63 39 23 61 5 57 62 7 56
44 43 34 41 51 52 53 59 50 29 18 37 30 57 45 19 11 54 25 26 48 38 47 24 58 4 42 22 61 63 10 9 17 20 3 60 33 62 5 32 21 46 15 12 40 56 1 49 13 16 39 31 2 55 23 6 14 7 8 0
19 34 42 20 33 43 13 25 45 12 41 10 11 14 51 48 26 59 4 29 30 54 1 31 21 40 6 50 38 22 39 47 46 3 17 24 2 37 7 15 23 55 44 18 5 52 49 56 16 9 63 8 32 58 53 0 57 62 61 60
19 18 44 29 21 45 37 43 9 30 52 0 42 41 53 11 3 51 49 62 61 57 56 4 40 26 33 10 20 25 24 14 13 22 23 32 17 48 7 2 60 54 8 46 38 31 39 15 34 50 59 1 58 12 16 47 6 5 63 55
44 43 26 45 52 59 50 18 37 34 53 57 17 29 33 42 9 61 30 21 38 47 39 31 51 58 19 49 41 0 20 40 48 25 54 63 13 22 15 6 1 23 12 32 16 4 10 60 11 8 3 62 55 2 24 56 5 14 7 46
19 18 26 34 45 37 17 12 43 9 11 25 24 53 8 33 16 42 13 4 3 44 54 46 55 39 41 5 10 14 15 38 30 32 51 29 6 2 22 1 0 50 62 52 40 21 57 63 20 48 59 47 49 23 31 61 56 58 60 7
44 45 37 43 53 29 51 46 30 52 55 50 49 23 19 18 38 20 9 42 34 47 21 13 6 58 14 0 60 57 26 41 48 10 11 63 8 17 25 61 33 3 54 12 5 7 22 59 4 56 2 62 32 40 39 24 15 31 1 16
26 18 37 43 42 29 19 45 9 10 30 21 14 20 44 22 11 2 12 16 8 38 53 6 39 46 55 49 24 17 31 51 59 5 15 1 4 47 52 13 34 54 41 50 48 60 61 57 0 23 33 32 3 58 40 25 56 63 7 62
19 18 37 45 44 11 53 43 9 25 50 62 51 0 10 29 8 20 22 16 3 58 52 12 1 2 38 30 42 39 13 33 34 61 46 26 54 49 48 60 41 21 23 40 4 6 5 57 32 24 47 56 31 15 17 55 63 14 7 59
37 43 26 17 25 33 44 19 24 53 51 59 50 41 8 29 10 45 30 21 46 11 58 57 49 31 60 32 40 1 14 7 3 38 42 56 54 47 13 9 55 63 23 15 34 62 52 18 61 20 0 12 16 22 48 2 4 5 6 39
44 45 19 52 53 18 51 11 10 2 3 60 26 54 9 34 33 12 42 0 37 4 17 50 46 25 62 29 21 40 8 14 20 39 24 63 13 32 47 61 7 16 58 15 5 38 23 55 30 49 56 31 1 41 48 6 59 22 43 57
44 45 26 34 41 18 10 33 42 48 46 9 19 51 37 12 49 43 50 11 2 55 32 52 16 57 4 25 58 8 38 40 56 17 0 29 22 1 54 20 13 5 53 61 60 14 15 6 62 31 24 59 39 23 21 47 7 63 30 3
26 18 10 29 45 43 37 53 30 23 54 22 31 38 39 47 14 19 34 46 55 33 60 21 51 7 42 1 13 63 6 5 20 41 4 25 2 61 44 59 50 17 12 3 48 49 57 52 24 15 58 56 62 16 32 40 11 9 8 0
26 20 21 18 37 34 12 43 50 38 41 42 45 52 54 13 10 33 29 14 7 44 51 2 25 16 9 32 31 63 59 57 40 30 58 8 11 15 6 4 3 53 39 61 19 17 5 48 0 46 62 49 23 22 24 1 56 47 55 60
26 34 42 18 20 50 45 37 29 21 43 30 17 13 41 25 6 5 59 7 14 57 33 11 39 54 51 16 53 24 12 22 55 63 58 48 56 61 10 3 19 32 2 49 8 38 31 1 40 23 52 47 9 0 15 44 46 4 62 60
44 43 18 19 20 9 34 21 51 42 29 37 11 45 17 41 22 10 3 23 1 0 26 58 54 16 50 25 38 53 40 48 60 32 46 59 33 4 14 30 49 13 57 2 31 62 12 39 8 24 55 7 47 6 5 56 63 52 61 15
37 29 21 45 26 38 46 22 39 47 54 44 55 63 52 18 30 60 15 34 59 58 61 31 53 12 57 14 33 40 23 42 43 50 10 41 13 17 25 62 16 2 9 20 3 5 51 49 32 56 19 4 6 8 11 7 48 1 0 24
37 45 44 29 30 31 21 43 42 22 23 13 53 34 14 61 50 58 12 5 19 39 47 26 41 40 51 15 20 38 48 56 11 52 33 55 59 10 2 25 60 49 46 3 7 1 62 63 17 18 9 8 0 54 57 24 16 32 6 4
26 18 10 20 37 44 29 22 53 25 34 42 12 11 50 52 16 4 13 54 38 17 60 30 55 46 31 19 9 49 43 24 39 2 3 58 21 62 45 0 57 56 48 6 32 47 51 41 40 63 61 59 33 15 1 23 14 5 7 8
37 43 26 19 42 46 44 45 21 34 55 52 51 29 12 47 60 53 61 63 33 62 50 11 54 14 18 49 57 32 25 13 48 9 40 16 17 59 1 22 30 24 4 2 0 38 10 8 20 56 6 5 3 41 58 7 23 15 31 39
44 45 19 34 26 18 33 52 53 54 60 25 37 40 9 12 10 59 32 43 58 16 41 11 5 0 48 17 50 38 8 13 39 1 61 51 14 49 57 29 42 4 62 2 21 24 46 22 56 31 23 63 30 6 47 3 7 15 20 55
26 18 44 43 50 53 34 17 9 10 52 19 11 3 8 12 13 16 54 42 41 2 0 29 20 58 59 60 33 32 30 4 49 6 24 1 45 48 37 25 40 38 22 46 5 63 14 31 56 15 23 51 55 39 21 57 7 61 47 62
37 43 18 21 50 19 20 45 29 17 34 38 9 0 30 57 14 25 39 22 51 59 44 23 46 5 12 4 33 47 7 42 26 41 55 6 40 48 49 32 58 31 60 13 3 11 16 61 24 52 53 63 1 10 15 8 56 2 62 54
19 18 37 45 44 29 21 13 14 43 53 54 55 7 34 41 20 38 48 12 6 25 5 10 50 62 23 3 4 63 61 60 30 26 1 52 9 0 47 57 8 16 59 51 33 17 58 49 40 42 2 46 56 32 24 22 31 11 39 15
44 43 26 45 52 61 42 34 54 20 59 25 19 49 21 13 41 14 6 63 46 12 16 60 37 33 57 18 51 48 17 40 4 9 2 53 30 58 7 23 5 55 24 50 56 3 47 29 38 15 32 22 10 0 8 11 31 39 62 1
44 29 18 52 30 34 45 38 41 21 13 26 25 17 60 31 16 33 43 53 19 24 46 62 37 47 32 11 3 51 42 50 59 20 39 61 54 23 49 58 55 14 7 40 15 22 48 6 12 10 5 57 2 8 0 1 9 63 56 4
19 18 17 20 21 11 37 45 54 29 22 16 9 25 12 38 30 13 33 44 31 0 5 42 43 47 4 50 39 61 51 26 49 59 55 14 58 41 34 57 24 40 32 6 23 2 1 46 56 52 48 3 8 10 63 62 15 7 60 53
19 20 37 34 21 11 33 46 2 44 18 13 55 29 5 3 4 43 50 41 12 9 32 48 26 17 0 22 52 45 49 47 10 42 24 16 51 61 14 57 25 1 38 40 23 30 39 58 60 7 15 31 8 63 54 59 53 62 56 6
44 29 18 26 20 10 30 43 17 25 33 53 9 40 42 1 16 45 19 8 32 31 41 34 0 48 46 24 56 12 50 54 22 49 38 47 4 13 14 57 21 15 63 37 23 51 60 59 11 7 2 55 52 61 58 5 62 39 6 3
19 18 37 45 44 20 54 29 11 26 9 52 25 38 53 51 13 12 47 17 60 3 50 59 2 31 4 63 43 61 46 10 62 8 58 55 21 5 6 57 24 14 1 34 23 39 49 7 41 42 33 56 22 40 48 32 30 0 15 16
44 43 34 41 42 45 49 20 26 17 52 56 37 60 50 58 25 51 9 33 57 8 53 59 13 38 21 46 55 19 39 22 61 47 31 10 1 54 14 48 40 12 5 63 62 24 29 6 4 3 18 11 16 15 7 0 30 32 2 23
44 29 19 42 34 52 49 56 45 46 50 33 21 51 32 14 54 37 58 63 38 18 60 30 53 10 55 43 31 57 40 25 26 41 12 22 7 20 13 3 17 47 39 6 4 9 0 5 11 62 16 23 2 1 59 61 48 24 8 15
26 18 10 9 44 43 42 29 30 11 2 25 12 34 0 53 52 4 54 51 16 21 20 32 24 17 14 37 46 31 8 3 45 49 58 47 13 1 5 59 56 63 40 41 23 57 55 15 60 22 38 33 48 39 7 19 50 61 62 6
19 18 44 29 20 13 30 52 43 11 3 42 21 22 14 23 38 5 12 10 7 47 45 37 46 54 53 62 9 2 51 15 60 58 63 55 33 16 6 31 39 49 59 26 0 24 34 8 56 4 61 50 41 57 25 32 40 1 48 17
19 20 21 18 17 12 45 10 13 14 4 44 7 22 37 24 52 34 23 15 5 6 16 54 63 46 30 26 1 31 39 60 51 29 47 2 53 8 25 0 9 11 3 62 42 33 58 55 40 32 43 50 41 49 38 48 59 61 57 56
26 20 21 22 13 12 11 25 19 4 6 14 5 10 24 18 30 33 40 3 17 34 41 16 44 45 1 2 9 0 46 53 8 42 43 54 63 55 62 37 38 49 32 48 57 56 29 7 50 31 15 59 23 52 47 39 51 60 58 61
44 29 19 26 33 52 30 34 53 22 37 31 51 45 42 32 21 54 38 14 6 62 12 59 63 49 61 11 43 17 40 48 25 41 20 18 2 7 16 4 46 55 24 23 9 10 56 57 47 50 3 39 13 1 0 8 5 60 58 15
37 29 18 44 51 26 21 10 17 34 33 8 9 30 20 19 39 11 3 22 2 12 16 46 23 24 45 38 47 42 4 1 43 31 25 50 40 59 49 48 60 52 0 41 56 14 54 55 6 13 57 7 53 63 32 61 5 58 62 15
37 43 42 29 21 38 45 52 47 39 46 41 31 14 50 51 20 11 32 44 13 12 53 54 2 62 4 40 26 19 49 24 55 10 7 57 9 61 18 5 6 63 58 23 56 59 33 48 60 25 34 0 17 8 16 3 22 15 30 1
44 29 18 52 53 9 21 43 42 20 12 11 30 13 61 38 19 60 6 39 17 49 10 4 1 34 26 25 45 16 37 46 33 5 62 54 63 0 56 51 47 50 57 40 32 2 14 58 41 55 59 7 3 15 31 24 8 23 48 22
37 43 50 29 20 38 26 57 47 22 51 52 44 25 30 45 34 39 16 24 15 33 17 31 32 18 21 12 23 14 19 41 46 54 58 10 2 13 4 5 42 1 55 3 56 11 62 9 7 40 59 61 8 63 49 0 60 53 48 6
44 29 20 45 38 34 26 43 42 17 18 49 37 22 53 52 41 31 39 9 30 51 23 25 24 46 21 50 10 48 40 16 58 60 32 14 54 33 56 61 0 63 62 11 4 19 15 1 55 12 8 57 47 7 13 3 5 59 2 6
19 20 21 12 37 30 13 42 5 18 9 44 29 6 10 26 33 17 16 14 39 2 23 11 7 15 22 8 0 40 34 31 53 51 4 62 45 47 1 46 54 63 43 25 61 38 49 3 52 41 50 48 57 58 60 24 55 32 59 56
37 29 20 43 26 18 44 13 51 34 22 31 33 38 30 32 19 50 46 39 12 58 57 45 6 53 15 49 47 21 59 4 25 54 23 17 42 60 24 41 8 52 56 9 3 5 62 16 10 48 14 2 0 7 1 11 40 55 63 61
44 45 19 52 37 26 54 20 25 18 34 32 21 33 17 29 40 13 6 38 24 10 53 42 41 55 50 14 15 12 39 30 22 31 11 51 47 5 2 4 23 3 59 46 62 43 63 1 60 61 9 8 16 7 0 49 48 58 57 56
26 18 19 20 11 4 9 42 21 10 44 33 34 17 25 32 1 37 46 52 12 22 45 54 40 47 53 41 39 48 63 31 29 2 51 3 43 24 49 58 56 61 5 59 30 16 8 55 38 50 62 0 60 6 57 14 13 7 23 15
19 20 21 18 26 34 43 52 51 29 25 32 44 50 58 22 30 59 60 31 10 53 61 42 62 17 24 41 11 37 45 4 46 8 13 47 23 38 49 57 56 48 12 1 39 6 14 3 54 63 16 15 40 33 5 9 0 55 2 7
26 20 21 34 44 43 12 17 33 40 8 37 46 13 32 22 48 42 52 38 6 18 39 5 51 19 10 60 14 9 53 29 30 2 0 7 11 49 50 62 45 54 15 3 55 56 31 24 1 16 4 25 41 23 57 58 59 47 61 63
26 20 21 22 37 34 12 38 42 4 14 43 3 19 5 17 39 45 23 44 18 9 29 25 10 13 51 47 24 31 55 15 7 1 46 58 2 53 6 16 30 50 8 33 57 49 59 60 62 52 54 56 0 61 41 63 48 32 40 11
37 43 42 45 44 29 54 63 46 51 62 33 19 47 59 10 24 61 21 13 55 50 5 18 41 26 53 57 49 25 40 22 31 52 58 56 39 23 34 60 2 4 48 17 15 7 3 32 20 16 6 14 9 12 11 1 0 38 30 8
44 43 42 51 18 49 26 21 29 22 30 45 54 19 52 17 15 37 13 63 56 61 58 59 53 5 62 31 46 34 50 57 60 55 23 7 14 41 10 1 16 9 20 11 33 32 12 4 38 40 24 6 48 8 2 0 25 3 39 47
26 18 10 34 45 17 42 3 16 50 25 54 33 20 2 41 49 32 51 60 40 57 48 9 13 12 11 6 29 58 19 56 63 37 24 5 4 21 0 1 30 14 15 7 22 31 8 53 59 55 44 52 61 43 39 47 23 46 38 62
37 29 19 43 30 38 44 11 42 20 39 46 3 50 54 34 21 2 33 31 41 13 6 62 53 51 12 52 60 23 15 22 57 14 1 45 5 4 63 61 18 47 26 25 59 32 16 49 9 0 56 58 55 24 17 8 10 7 48 40
37 29 22 42 19 30 21 44 38 39 43 14 52 45 53 59 23 54 50 20 61 60 63 62 12 34 49 55 51 13 58 48 15 4 41 11 31 25 40 32 3 6 33 10 16 26 9 7 17 24 18 0 47 1 56 5 8 46 2 57
44 45 26 18 37 34 53 38 31 39 42 23 17 16 10 19 12 49 24 1 9 5 33 8 11 54 3 43 46 61 41 21 25 32 29 50 0 30 2 52 60 62 51 58 57 48 14 20 63 22 4 56 40 47 13 55 6 7 59 15
44 29 19 26 17 43 42 10 22 37 30 25 21 38 11 9 24 50 8 3 58 1 47 52 34 45 51 39 20 23 31 55 53 57 15 16 63 2 18 41 0 60 46 12 4 54 61 62 40 49 5 13 56 14 48 32 7 33 59 6
26 20 29 38 44 34 18 25 42 9 10 49 22 11 0 41 47 8 24 37 45 32 50 52 59 54 51 17 2 4 48 30 19 43 40 60 16 56 33 57 21 1 31 3 58 15 53 46 12 14 61 5 55 62 63 13 7 23 6 39
26 20 29 34 42 43 44 51 60 17 52 38 8 45 19 33 30 53 62 12 31 37 13 39 46 18 24 54 11 40 63 5 10 21 23 41 25 59 50 2 49 58 1 32 9 22 3 4 47 61 14 7 15 16 6 55 48 0 57 56
37 43 26 21 50 25 19 29 22 51 34 12 20 23 59 44 11 38 30 45 13 33 14 52 53 46 54 47 24 61 60 18 32 6 15 57 55 63 42 2 62 41 40 5 49 16 3 10 4 7 8 17 9 31 58 39 56 48 1 0
19 20 13 42 45 11 2 6 12 21 18 26 34 44 43 54 50 51 14 37 38 30 59 17 33 49 16 32 63 9 52 5 29 4 31 58 25 39 40 46 10 1 53 22 55 61 56 8 60 3 7 62 0 15 24 23 57 41 47 48
19 20 37 44 53 34 33 45 21 38 30 61 46 43 52 25 51 13 16 31 5 47 29 42 18 10 49 23 62 22 12 50 57 9 55 11 1 56 58 63 17 60 54 41 4 3 2 14 32 59 6 39 26 7 15 24 40 0 8 48
44 43 34 29 21 45 20 25 52 59 51 50 46 18 58 38 33 47 60 11 42 57 12 32 16 4 19 14 22 53 2 49 62 10 6 17 24 8 41 61 48 56 54 63 3 23 13 40 9 7 15 1 39 26 37 5 55 30 31 0
44 43 34 41 19 29 30 22 42 45 53 38 31 52 14 18 33 15 13 12 37 26 5 62 46 20 59 55 54 17 4 63 11 23 8 25 51 58 7 6 32 2 21 61 39 9 40 24 50 47 3 49 60 10 16 48 56 1 57 0
19 34 41 21 45 37 43 53 54 42 38 11 18 29 50 25 9 55 4 52 63 20 59 61 26 31 12 0 46 17 30 3 44 47 10 13 5 39 8 16 24 51 22 33 40 32 60 15 2 6 14 49 57 7 58 56 23 48 62 1
44 29 18 43 51 42 45 60 59 37 33 19 30 54 46 52 22 24 61 23 47 55 50 17 63 58 38 53 49 31 9 57 16 13 21 40 15 34 56 48 5 4 39 0 32 41 20 62 6 26 2 7 25 8 14 12 3 10 11 1
26 34 42 33 43 20 37 49 18 19 25 51 21 29 56 17 30 11 50 45 60 31 8 16 12 44 40 3 5 0 10 58 59 13 39 52 57 32 24 47 14 22 61 2 38 23 4 1 9 53 15 46 55 41 54 63 62 7 6 48
26 20 21 22 45 34 42 43 14 41 19 17 25 11 33 6 7 37 12 16 49 10 24 44 23 54 9 2 38 50 52 4 51 56 5 58 48 57 40 53 8 3 63 30 1 55 60 29 31 61 59 18 13 32 62 15 46 39 47 0
44 45 19 34 42 52 54 46 33 26 60 32 40 62 63 48 47 18 43 37 29 53 25 20 61 55 9 51 38 21 14 39 30 0 17 41 31 22 50 49 13 59 10 11 12 15 5 6 4 23 24 16 7 3 56 57 58 2 1 8
26 20 45 44 13 18 19 12 10 34 42 49 43 33 25 53 37 46 41 30 38 14 57 9 4 39 62 21 22 2 54 51 58 5 3 16 1 63 7 17 52 31 23 29 11 56 24 48 0 15 50 32 6 47 55 8 40 61 59 60
19 20 37 44 21 18 17 38 53 10 30 42 34 46 54 26 9 39 33 32 50 16 8 14 7 55 11 58 25 2 0 22 13 3 29 12 4 5 24 62 47 15 61 60 63 43 49 1 6 31 59 41 40 57 23 56 48 45 51 52
19 34 42 20 33 18 21 29 13 14 45 54 11 5 25 32 41 26 6 50 49 16 38 48 63 37 22 4 56 23 51 7 2 30 17 24 44 52 58 12 40 10 3 39 43 1 59 57 8 46 15 9 53 60 55 62 61 31 47 0
19 20 29 38 45 52 22 18 37 34 53 54 33 32 61 21 11 15 47 63 25 12 23 14 59 31 6 51 13 30 39 44 41 4 7 43 46 48 50 49 2 10 42 24 3 55 62 26 5 60 40 17 1 58 9 0 8 16 57 56
37 29 21 43 34 25 51 52 19 20 33 41 26 30 17 10 42 14 16 45 61 60 40 44 3 32 22 48 18 24 31 38 54 49 7 62 23 13 12 47 39 6 59 5 50 46 4 9 15 1 55 58 2 53 57 11 56 0 8 63
44 45 37 29 18 52 21 26 54 13 5 30 20 12 25 38 11 9 34 42 39 63 0 2 53 14 46 55 62 10 33 23 3 4 6 32 43 47 17 16 51 59 61 31 41 40 8 24 50 57 1 58 49 19 7 56 22 15 48 60
44 45 19 43 52 11 50 51 42 53 54 59 18 41 4 21 49 3 33 32 58 29 60 56 20 17 30 46 48 24 34 26 25 37 38 5 9 40 10 61 22 16 62 1 8 12 13 15 31 63 55 47 39 23 14 0 2 6 57 7
37 29 18 26 34 41 30 38 43 20 22 52 46 39 50 17 33 59 19 25 21 44 48 55 40 23 15 32 12 10 57 4 9 1 61 7 5 51 53 14 24 60 49 42 2 58 13 6 16 11 0 8 47 56 31 62 63 45 54 3
19 18 37 20 10 11 3 34 29 43 41 4 50 45 12 51 44 38 26 1 39 49 42 21 30 40 58 33 46 17 24 14 22 13 15 2 48 8 32 56 25 53 60 54 62 31 16 57 9 7 6 52 0 5 61 59 23 63 55 47
37 29 22 46 20 45 55 43 53 15 38 21 13 4 44 54 34 61 62 19 18 52 23 10 7 63 5 33 11 9 25 32 51 60 0 6 59 50 1 42 26 30 49 8 24 17 39 14 2 57 41 40 31 48 47 58 16 56 3 12
19 18 17 43 42 41 49 29 45 56 22 37 50 44 51 58 53 9 26 52 0 11 48 21 40 57 30 25 13 32 33 14 20 8 6 62 61 54 16 38 34 7 15 10 39 23 55 60 31 47 2 5 63 1 59 3 12 4 46 24
19 34 42 50 33 21 58 26 43 40 17 49 32 8 37 24 48 29 14 12 10 11 13 38 22 56 18 3 9 51 45 52 20 25 57 44 60 6 4 0 53 54 39 5 59 1 55 15 16 2 23 46 7 30 41 61 62 63 31 47
44 45 19 34 43 18 29 37 17 21 26 10 25 53 30 20 13 42 11 9 46 22 62 32 50 39 51 49 38 41 33 47 12 6 3 57 40 2 14 23 31 58 52 60 54 55 1 8 15 16 63 7 59 24 48 5 56 61 0 4
44 29 22 43 34 42 50 33 32 49 26 21 48 58 14 15 52 20 30 39 38 41 57 23 25 18 37 46 9 16 31 19 13 6 17 61 59 45 12 10 54 62 63 24 11 53 51 8 40 56 2 1 4 55 60 5 7 3 0 47
26 18 37 43 34 29 30 19 52 38 46 42 10 11 44 21 9 8 20 13 3 61 51 17 14 12 1 47 5 4 49 15 7 31 53 50 0 25 24 33 41 54 58 48 56 6 39 2 22 32 40 16 23 45 59 60 63 55 62 57
37 45 44 29 21 43 26 17 30 23 53 54 51 62 46 58 59 13 5 14 61 50 15 47 57 19 8 33 55 7 18 10 1 2 31 63 40 60 9 38 12 11 3 39 25 22 0 20 42 24 52 49 4 6 16 34 41 56 48 32
37 45 44 29 30 46 20 23 38 31 34 21 22 14 55 54 7 33 43 11 63 51 53 6 19 26 25 42 47 39 15 16 49 10 60 56 24 41 5 18 52 59 48 32 2 61 1 3 4 62 17 50 57 9 58 13 12 8 0 40
26 34 41 20 29 38 45 44 53 18 37 61 12 11 19 13 5 43 62 42 60 4 25 40 49 6 33 16 9 0 24 51 52 48 58 17 39 46 54 55 3 50 8 2 47 32 59 63 56 10 30 22 1 57 7 31 15 21 23 14
19 18 44 45 37 20 12 13 54 52 43 5 11 46 4 53 62 51 61 42 14 60 50 58 39 10 9 29 59 55 21 23 6 3 33 0 38 63 34 26 49 41 2 1 57 25 24 30 47 7 22 32 15 17 48 40 31 16 56 8
19 20 45 26 12 54 33 4 37 29 22 34 53 32 44 43 11 46 41 25 55 62 24 48 51 39 38 31 47 63 5 13 15 2 42 6 21 17 40 16 8 59 56 10 14 7 9 30 60 1 50 3 18 61 52 58 0 23 57 49
26 18 10 34 44 37 45 20 29 30 19 21 22 17 39 53 41 33 61 38 8 42 43 50 46 12 58 51 40 25 49 31 23 9 16 55 47 54 24 2 60 11 13 0 63 15 62 56 14 3 1 48 7 32 52 59 57 5 4 6
26 18 10 43 44 29 45 42 50 51 22 25 17 9 8 52 49 54 46 56 53 2 3 60 62 0 34 57 58 39 24 15 47 33 48 11 31 59 30 20 41 55 14 32 13 40 21 4 63 37 1 7 5 38 19 16 12 6 23 61
44 29 18 26 17 9 19 10 22 42 34 33 21 24 20 37 30 31 16 51 2 15 38 46 25 8 39 3 54 0 50 41 14 43 58 13 32 40 49 62 12 45 1 11 7 57 48 6 5 4 55 56 23 52 53 63 60 47 59 61
37 43 50 29 20 57 21 22 30 31 38 44 52 46 47 61 60 14 62 13 45 53 54 55 39 63 23 59 4 5 51 42 12 3 15 19 18 9 26 10 17 34 25 16 24 6 33 40 2 41 11 7 0 32 48 1 58 56 8 49
19 20 45 18 13 43 9 37 29 21 34 44 50 5 51 42 41 26 10 59 33 52 58 1 11 0 14 2 8 53 25 16 62 7 38 47 17 49 30 31 40 48 54 24 57 56 23 3 32 46 12 55 4 15 61 39 22 60 6 63
19 18 37 43 17 11 50 21 4 44 34 30 20 12 29 10 38 26 25 16 22 52 32 33 3 39 40 57 47 31 42 41 46 13 58 53 15 59 45 9 60 23 1 49 14 62 51 55 63 6 54 5 56 61 0 8 24 2 7 48
37 43 50 38 42 20 21 51 19 49 46 12 3 55 59 4 56 48 45 34 25 26 57 44 33 14 5 41 23 60 39 11 10 30 54 16 17 53 63 7 47 2 52 58 31 61 24 13 1 62 8 32 15 18 22 0 40 29 6 9
37 29 22 46 19 10 11 26 1 12 38 3 18 42 20 25 13 21 24 17 54 30 34 6 9 2 23 41 33 8 51 32 0 15 40 49 4 47 58 55 50 56 7 39 57 62 14 48 44 5 31 52 63 45 43 53 16 59 61 60
37 29 21 45 44 13 14 51 38 26 22 7 25 23 5 12 52 17 9 43 19 39 50 59 58 49 33 8 30 31 53 54 20 40 61 24 34 57 15 42 6 11 3 18 55 10 47 4 56 62 16 2 0 46 1 48 41 32 60 63
26 20 37 42 29 19 34 30 31 46 21 14 38 18 9 45 52 47 39 17 12 53 44 5 33 11 51 1 16 25 8 22 60 55 3 49 54 13 4 58 32 62 23 43 56 40 50 10 41 2 15 6 61 24 48 59 7 57 0 63
44 45 46 34 18 19 10 54 62 9 17 63 43 50 33 32 41 20 12 49 1 47 57 0 8 16 25 42 11 29 22 3 21 30 52 13 6 26 31 56 24 51 48 60 59 37 14 58 55 38 2 39 53 4 40 23 5 61 15 7
26 34 43 50 42 18 37 44 49 38 45 51 25 17 31 32 58 54 33 24 59 29 21 39 41 19 16 60 63 13 61 53 62 57 30 46 5 14 56 48 23 52 40 7 15 20 22 6 55 8 10 11 3 12 0 9 1 2 47 4
19 20 29 34 26 22 13 4 6 17 42 44 18 9 8 49 10 0 38 41 56 57 37 11 1 47 51 16 48 3 12 45 31 43 53 40 24 61 54 63 30 15 33 50 25 59 46 52 60 14 58 2 55 32 21 39 23 62 7 5
26 34 42 33 24 21 29 17 14 50 51 19 10 52 18 25 60 2 43 8 1 30 3 13 22 23 31 49 9 6 41 59 5 39 56 40 7 61 53 11 48 46 44 37 38 16 54 45 62 12 47 32 0 58 20 63 57 55 4 15
26 18 19 20 10 9 8 34 37 2 17 11 25 32 1 0 41 21 24 48 43 38 14 33 12 7 44 45 46 53 42 13 61 47 16 29 5 54 52 49 4 59 60 6 15 23 50 3 63 22 39 31 30 40 57 51 56 55 58 62
26 20 21 18 10 22 44 25 12 43 17 11 42 29 15 13 2 9 19 34 16 38 30 33 3 52 24 14 23 0 1 4 53 41 51 49 6 50 39 60 40 62 46 37 45 32 48 31 8 56 61 47 5 54 55 7 58 59 57 63
26 34 41 19 44 33 20 53 18 12 29 22 42 51 49 57 11 2 24 10 1 32 40 50 13 3 37 6 15 21 9 16 0 48 52 30 46 38 60 55 54 31 43 59 45 25 17 14 23 61 62 39 58 8 7 63 56 5 4 47
44 29 19 26 18 43 51 53 34 25 20 52 30 50 57 37 42 41 59 33 54 9 48 49 56 13 40 32 12 17 8 4 24 22 10 23 5 61 60 0 46 47 6 16 31 62 45 38 11 1 39 2 3 7 55 63 21 14 15 58
26 34 45 37 29 17 42 22 30 38 43 50 33 24 32 44 51 60 53 46 58 20 62 25 39 49 31 61 18 47 8 57 54 59 55 41 21 19 13 40 11 6 56 48 12 14 16 5 10 52 4 2 1 9 7 23 15 0 3 63
37 29 20 13 18 44 19 45 54 26 34 11 53 33 30 61 12 43 14 15 10 25 17 63 3 21 62 9 41 52 51 59 16 31 39 47 4 46 22 8 42 49 57 6 7 50 60 38 24 5 1 0 55 40 58 56 2 32 48 23
19 20 45 26 21 29 33 54 34 10 11 32 38 3 44 37 41 13 46 48 12 43 5 30 23 14 6 52 9 17 53 39 1 2 63 55 22 15 60 31 7 51 42 8 47 18 24 25 16 58 62 61 40 59 57 50 56 0 49 4
44 45 26 52 53 61 62 20 54 38 51 42 29 47 60 34 31 18 33 30 12 11 9 46 10 2 63 40 17 24 8 16 0 25 21 1 13 5 6 49 4 14 19 37 23 41 22 59 56 58 57 7 32 43 39 50 3 15 48 55
26 34 45 18 42 50 41 29 10 9 8 2 59 25 17 24 11 40 48 58 33 54 19 56 30 0 1 16 57 4 44 53 63 43 52 22 20 46 38 49 15 12 51 31 21 60 3 39 5 23 13 55 47 6 62 37 32 61 14 7
44 43 26 29 42 25 20 13 19 50 21 12 4 41 22 23 40 52 45 34 18 10 14 54 59 53 31 39 60 30 37 58 49 15 11 61 51 33 55 56 24 16 2 9 46 48 38 63 57 3 6 32 62 7 1 47 5 0 8 17
26 34 44 37 45 18 33 53 38 21 43 46 20 42 54 47 52 62 51 40 14 19 61 58 10 41 59 30 50 1 31 49 22 7 2 25 63 9 0 13 4 12 57 39 11 23 17 8 60 24 55 32 15 29 3 5 16 56 6 48
44 29 22 45 37 42 54 30 26 15 31 38 49 43 21 63 52 51 50 46 23 14 39 41 55 18 10 13 6 25 34 47 24 17 48 20 19 7 8 33 62 1 3 11 12 40 32 4 53 60 61 56 57 16 5 59 58 0 9 2
37 29 19 43 45 11 18 38 46 20 10 25 26 21 32 9 30 39 31 17 16 34 52 8 0 33 24 55 1 22 12 51 13 14 47 2 6 7 15 4 63 23 50 57 42 49 44 40 3 61 41 53 59 48 60 5 62 54 58 56
44 43 34 41 19 11 42 29 22 37 26 33 3 21 48 10 14 52 25 40 18 24 32 56 17 1 20 8 45 4 59 7 51 53 5 49 30 12 38 60 9 16 13 2 57 23 31 6 58 46 61 50 15 54 0 39 63 62 55 47
26 20 21 22 45 34 42 54 13 33 31 23 24 50 41 17 44 37 51 39 14 29 58 49 57 11 43 48 19 12 46 59 30 7 62 53 10 56 61 9 2 38 18 60 15 55 0 5 63 16 47 32 6 25 8 52 40 1 3 4
44 43 50 45 26 52 61 57 53 19 37 38 30 54 10 59 47 11 46 62 42 39 60 17 31 49 25 18 29 9 58 63 2 24 55 20 8 1 4 51 40 3 41 23 12 48 33 21 13 5 56 14 22 15 34 0 6 32 16 7
26 34 45 20 33 43 42 54 13 19 52 49 11 24 44 59 40 12 37 10 3 18 41 38 1 21 39 4 58 5 60 51 9 17 46 30 47 8 29 61 50 48 2 57 22 55 16 53 32 23 63 62 14 31 0 15 7 6 56 25
26 18 19 20 11 4 17 16 12 42 44 13 49 53 6 21 9 56 29 22 2 43 34 3 25 10 51 50 30 24 5 39 23 0 58 38 37 46 48 59 45 33 47 57 8 41 62 15 32 61 52 54 63 55 14 7 60 40 31 1
26 18 10 9 19 2 0 8 37 34 17 25 42 45 53 54 20 43 16 29 21 44 50 24 51 52 60 46 39 14 22 55 63 23 7 6 12 4 15 41 3 5 13 38 49 11 31 48 59 61 56 30 40 58 32 33 47 57 1 62
26 20 21 34 44 37 30 22 33 38 18 52 39 17 19 41 16 9 10 8 23 40 45 46 55 13 53 11 4 3 60 54 1 5 43 47 42 24 29 63 48 31 6 61 62 50 32 7 51 12 0 25 59 57 49 58 2 14 15 56
26 18 19 34 9 12 43 17 25 20 5 16 37 52 13 29 21 1 24 22 44 53 42 45 11 50 46 32 61 38 47 10 14 62 30 33 0 55 58 2 40 41 8 39 31 6 51 57 48 60 3 4 23 49 7 59 54 15 63 56
26 34 43 52 33 32 41 25 42 50 58 57 61 20 40 48 19 10 21 22 29 44 14 37 12 24 45 30 56 60 51 46 55 5 16 62 3 59 53 54 38 31 39 17 63 47 11 4 6 18 9 2 49 7 1 0 13 23 8 15
26 34 43 52 45 20 51 44 37 18 19 38 13 50 42 21 33 41 17 32 40 29 48 56 49 58 22 12 46 24 3 55 9 4 60 25 30 0 47 31 63 61 5 10 59 57 8 53 23 6 1 54 7 2 39 11 62 16 14 15
37 45 44 43 34 30 50 20 13 12 29 6 53 51 59 46 54 42 52 62 11 19 49 61 31 56 26 21 41 48 55 63 25 58 3 22 38 4 60 24 47 10 15 39 1 33 14 57 18 5 40 9 8 7 32 23 16 2 17 0
44 29 21 45 26 25 20 11 12 43 24 17 52 19 38 37 9 30 42 3 46 60 51 49 34 50 13 22 18 10 41 48 14 23 59 54 63 53 56 16 55 39 47 4 6 62 1 5 57 58 40 8 0 32 61 7 33 2 31 15
37 45 53 34 18 20 42 50 19 21 29 61 33 9 38 31 51 26 39 40 0 43 11 52 57 13 49 10 23 2 59 60 17 54 5 58 56 22 12 6 4 16 7 1 14 47 32 46 25 24 62 15 30 63 8 3 44 41 55 48
44 45 26 43 54 17 25 29 52 19 34 63 8 20 30 51 50 31 46 53 11 60 22 16 21 9 38 42 24 3 18 10 61 14 47 33 13 6 1 39 40 2 0 32 37 12 15 7 58 55 62 4 23 49 57 48 56 41 59 5
26 34 42 18 20 12 10 25 13 49 29 14 43 52 56 41 4 30 33 57 32 45 38 9 22 15 11 17 54 6 8 63 19 16 31 44 59 0 51 1 40 46 58 61 53 48 21 50 23 37 24 3 2 5 7 55 47 60 62 39
44 45 46 54 26 52 62 63 53 38 60 51 42 43 37 61 47 20 39 19 34 31 50 41 11 58 23 30 21 18 59 13 32 49 29 12 4 14 17 25 33 3 48 22 10 16 2 56 24 1 55 9 40 15 57 5 7 6 8 0
19 34 42 50 33 26 51 20 18 10 11 44 1 58 21 12 9 3 43 8 49 40 29 41 53 30 59 52 17 25 57 0 45 60 37 56 61 38 22 24 5 48 32 54 46 13 6 62 16 39 14 15 63 47 7 2 23 31 4 55
26 34 43 52 42 41 51 21 61 20 33 17 18 50 19 49 8 44 13 58 37 6 12 53 22 14 4 45 54 32 59 60 40 23 62 29 7 9 30 15 0 5 25 48 57 55 46 38 39 10 31 56 47 16 63 3 1 2 11 24
37 29 21 43 50 30 39 13 26 45 54 19 18 17 25 24 11 4 16 34 12 8 22 10 33 42 46 5 41 52 59 40 2 15 23 3 44 53 6 20 38 61 48 58 49 57 62 14 51 9 60 47 1 32 55 63 0 31 7 56
26 34 45 17 42 37 18 33 8 51 44 53 38 31 62 19 58 29 50 52 32 43 61 25 30 9 16 40 1 49 24 41 20 11 12 59 2 3 10 4 46 39 60 21 5 55 56 48 22 54 63 14 6 13 23 7 15 47 57 0
26 34 42 33 24 21 37 49 51 44 29 38 56 19 30 52 47 22 14 43 53 41 40 39 46 32 10 12 5 60 25 18 16 55 11 58 62 1 61 8 31 20 9 0 13 7 59 4 57 15 6 48 45 17 3 23 54 2 50 63
37 29 19 43 45 26 22 42 20 12 10 38 34 25 33 53 4 1 61 13 17 30 21 11 46 32 52 14 40 15 51 24 3 47 44 18 9 31 16 59 5 49 6 0 58 55 50 2 60 56 54 39 48 7 41 63 62 8 57 23
37 43 26 21 19 17 34 29 51 50 14 20 8 13 12 46 52 18 45 16 57 7 10 5 24 11 22 53 2 30 55 39 31 42 61 3 44 25 4 1 47 38 33 49 23 59 9 62 6 41 58 56 63 60 48 40 32 0 54 15
37 43 34 41 18 38 46 20 19 9 33 44 17 11 49 16 30 23 10 3 26 32 25 57 13 6 53 52 21 29 22 31 48 39 45 42 0 62 14 1 59 40 61 54 15 7 55 12 63 56 50 60 8 58 5 24 2 4 47 51
19 20 21 12 37 30 23 18 14 39 4 5 10 26 6 45 33 42 17 1 51 34 44 25 2 43 46 8 11 29 16 13 31 41 49 48 0 59 22 15 52 60 53 24 38 47 61 62 55 63 40 57 58 32 56 50 54 3 7 9
26 34 41 17 18 21 29 37 30 22 14 7 43 23 31 50 16 38 52 33 15 48 20 25 6 61 47 39 45 44 46 11 49 8 51 12 19 5 4 55 60 54 53 9 1 32 24 10 2 58 0 13 63 57 40 59 42 3 56 62
44 43 34 41 50 51 42 59 60 61 25 33 18 20 26 29 13 12 11 19 38 16 45 21 30 22 58 49 48 32 62 4 2 46 52 3 24 57 14 63 6 15 7 40 39 17 31 47 56 54 8 23 5 9 55 37 53 0 10 1
37 45 19 20 54 42 43 26 41 12 11 44 5 30 46 47 21 63 34 40 52 13 17 51 55 14 58 60 59 3 38 10 33 29 49 32 61 18 4 57 9 6 48 16 25 2 24 50 8 0 22 56 1 39 53 62 31 15 23 7
19 34 43 50 44 11 42 52 60 29 26 41 30 45 57 37 12 13 25 58 59 20 53 38 33 46 55 24 3 10 31 23 51 62 16 18 22 47 9 8 17 39 54 61 32 1 2 14 21 4 6 56 15 5 0 7 49 40 63 48
26 18 10 34 44 29 21 13 33 43 30 17 45 19 20 1 6 40 52 53 54 5 42 31 16 12 14 15 39 60 4 37 51 8 11 62 38 24 22 63 32 59 61 47 25 3 55 7 23 50 48 56 57 49 58 46 9 41 0 2
19 20 13 26 44 53 52 21 43 51 25 24 61 42 62 11 29 14 34 5 50 59 6 45 46 38 16 12 30 41 32 54 58 47 48 7 22 23 37 60 15 49 3 40 56 2 1 4 39 8 0 57 55 63 33 17 18 9 10 31
37 29 19 43 21 20 45 14 7 34 26 38 44 22 30 46 11 13 33 10 6 12 53 52 2 17 51 31 25 3 8 4 39 18 5 60 23 47 59 50 55 32 16 61 57 9 24 58 41 49 48 0 42 1 54 56 40 62 15 63
44 43 26 45 53 61 42 18 46 50 51 29 30 22 62 31 10 54 60 41 37 25 32 55 23 2 59 58 21 24 47 63 16 38 17 39 34 15 3 33 40 4 14 13 7 52 12 6 5 20 11 8 19 1 0 9 49 57 56 48
37 43 34 25 18 19 42 38 46 55 26 33 45 50 31 11 29 44 41 39 17 16 57 20 9 52 21 14 59 47 2 3 13 61 51 0 7 6 4 54 63 53 62 40 24 15 12 60 48 10 30 58 23 32 22 5 49 1 8 56
44 43 42 51 18 29 60 9 26 59 45 25 20 13 50 53 61 49 33 52 19 62 21 38 47 14 22 11 0 34 57 30 23 41 16 10 31 37 48 8 40 15 5 17 54 56 1 58 4 7 3 46 12 39 63 55 2 6 32 24
26 34 45 20 18 17 25 37 44 53 54 19 33 24 62 63 9 51 55 42 43 47 21 50 52 12 57 30 41 59 58 16 22 56 60 13 46 29 23 40 32 48 11 39 49 31 6 61 15 3 5 7 8 10 2 14 38 1 0 4
19 18 26 20 9 42 21 10 12 11 34 17 25 5 43 29 50 22 4 57 2 49 13 24 58 6 38 51 15 59 30 31 56 41 7 14 37 39 60 8 46 23 40 53 54 47 52 62 44 48 1 33 3 32 61 45 63 16 0 55
44 45 26 52 53 54 60 43 62 20 63 19 50 51 12 29 37 55 38 39 58 13 11 25 31 46 47 22 30 4 33 10 14 21 34 7 42 23 2 57 49 59 18 24 40 17 9 56 41 48 32 61 3 1 5 6 15 0 16 8
44 43 26 29 30 22 14 20 45 19 50 54 12 17 42 41 52 5 18 23 25 58 46 38 49 34 9 16 24 10 47 40 62 63 57 0 31 33 48 61 1 39 6 11 32 8 51 59 53 21 37 55 15 60 3 2 4 13 7 56
26 20 45 25 18 44 43 9 29 54 21 50 19 52 17 8 34 30 33 41 60 12 57 42 31 37 63 46 16 51 3 61 2 4 5 49 11 13 0 24 22 1 40 47 53 10 59 58 56 62 48 39 38 32 14 6 15 23 7 55
26 18 44 45 10 43 53 52 51 20 19 62 54 58 12 42 34 46 37 60 55 30 41 4 13 14 21 38 47 1 59 22 31 50 11 40 6 7 3 5 32 23 57 49 2 9 16 56 29 8 15 48 17 24 63 33 61 25 0 39
44 29 18 52 45 26 22 46 60 10 25 19 54 21 20 43 53 37 9 59 2 12 30 34 3 63 51 5 11 31 58 61 13 15 23 17 42 0 39 4 7 14 16 57 38 24 62 33 6 55 50 1 32 40 56 41 49 48 47 8
37 45 19 29 30 22 54 23 46 26 33 63 44 11 21 52 62 61 3 20 13 25 18 17 43 2 14 6 16 53 34 41 31 51 58 47 60 10 38 59 49 57 12 40 4 8 7 32 0 24 15 50 48 5 42 39 1 56 9 55
19 34 44 53 42 26 41 21 20 50 14 12 59 22 45 6 4 40 30 29 18 49 48 17 10 25 24 37 7 43 32 2 33 31 5 3 13 8 15 11 61 58 23 39 38 52 57 56 46 54 60 55 47 63 9 51 62 1 16 0
26 18 10 29 21 25 30 22 23 34 45 19 20 43 50 31 37 2 1 54 33 11 39 9 12 51 16 42 49 40 32 5 63 46 48 15 3 24 0 58 38 55 44 4 13 8 52 60 53 47 6 62 61 56 7 14 41 59 57 17
26 20 45 25 19 34 17 42 21 9 33 14 18 12 8 40 22 11 50 23 24 49 44 16 3 52 0 51 56 43 60 32 13 58 7 38 37 29 48 4 53 46 5 59 55 47 57 1 54 62 15 30 2 63 10 6 41 31 39 61
37 45 26 34 44 18 33 43 52 21 10 17 54 60 29 9 24 2 20 38 3 19 46 40 14 51 42 41 0 53 1 11 39 50 59 32 4 16 58 7 8 25 13 22 48 30 6 47 12 31 23 15 55 63 61 57 62 5 56 49
26 20 45 42 13 12 44 52 11 6 53 25 37 43 41 49 34 10 19 40 18 46 3 29 55 33 32 62 30 24 17 4 60 9 16 59 50 47 51 2 5 21 48 58 0 57 39 23 38 31 56 1 54 63 14 61 7 15 8 22
44 43 42 45 46 52 61 26 25 50 53 19 12 34 51 21 49 60 30 20 29 16 24 48 56 17 33 4 59 62 8 41 18 37 58 11 2 39 22 14 32 40 38 10 63 0 15 47 23 54 5 9 55 7 6 57 3 13 1 31
26 34 44 37 45 19 29 17 25 16 11 20 21 30 39 3 12 31 42 13 22 33 8 43 24 51 41 38 52 15 60 14 4 32 23 53 46 9 5 49 10 2 56 61 59 6 50 48 7 55 54 0 62 18 1 47 57 58 40 63
37 29 18 45 22 34 54 19 38 17 26 20 44 46 21 53 9 39 30 14 10 2 43 47 11 4 25 15 52 63 23 50 31 32 12 16 42 51 59 60 55 41 7 61 8 0 1 3 57 24 49 13 62 33 40 48 5 58 56 6
44 43 34 41 51 52 60 59 42 45 49 57 53 20 19 26 38 11 58 50 18 46 47 29 37 25 16 54 62 30 12 24 10 61 33 63 22 4 40 17 13 15 21 8 56 23 55 1 2 3 9 14 5 39 7 32 0 48 31 6
19 34 42 50 49 18 33 43 58 25 26 17 29 21 13 11 10 32 3 44 45 37 8 53 16 12 20 1 30 46 41 4 2 59 61 57 47 51 24 55 39 62 5 54 48 23 63 40 60 52 56 14 7 9 38 6 0 22 31 15
44 29 20 45 38 34 26 52 41 31 43 42 49 40 60 22 37 56 51 33 54 58 21 17 48 11 50 30 19 59 24 57 61 12 39 62 13 63 2 3 32 4 8 1 5 6 10 14 7 18 9 0 46 47 55 15 23 16 25 53
19 34 44 37 43 51 38 39 52 11 33 29 21 41 49 48 3 10 25 12 50 26 17 24 20 59 5 57 46 8 16 42 18 2 30 14 23 60 1 45 0 53 54 55 32 40 63 31 22 9 47 4 61 6 58 15 13 62 56 7
37 45 19 34 33 18 44 20 10 29 46 54 13 32 41 21 30 22 63 2 42 38 24 62 43 16 47 50 39 4 31 55 48 40 6 12 3 14 51 53 17 5 60 25 23 11 15 1 0 49 57 59 52 26 58 9 8 56 61 7
44 43 18 21 51 52 61 26 19 12 45 53 29 46 37 60 47 55 20 39 33 10 22 40 34 42 38 13 4 23 25 62 9 17 1 5 24 0 59 8 32 58 11 2 6 31 30 14 41 48 54 50 56 63 16 7 15 49 57 3
44 45 46 34 18 53 42 37 41 21 14 19 62 17 11 51 25 61 43 52 16 7 60 58 38 54 47 31 39 9 23 32 2 4 50 1 29 55 26 20 8 40 63 30 12 22 5 33 10 57 0 6 48 3 24 59 56 49 13 15
44 29 20 45 30 12 43 31 21 52 3 13 14 5 26 23 60 18 46 51 42 49 41 19 9 59 50 57 7 61 6 54 63 40 22 38 11 15 4 62 53 2 39 47 58 0 34 33 25 24 17 16 10 1 32 48 37 8 55 56
44 43 26 19 50 45 29 21 18 42 20 37 14 13 52 59 12 41 46 17 33 34 9 40 57 10 49 47 2 7 16 56 32 3 4 25 60 51 22 61 15 23 55 30 38 24 54 63 62 5 58 31 39 0 1 8 11 53 6 48
26 20 13 25 44 53 18 10 9 8 0 19 52 21 62 17 29 37 16 51 42 11 50 5 3 2 6 24 30 31 23 49 48 15 32 58 45 12 39 7 4 61 38 43 14 63 1 22 60 40 57 46 34 41 54 59 33 56 55 47
26 34 45 21 43 37 41 19 11 10 9 25 20 1 38 17 18 52 32 24 50 44 22 39 29 12 60 59 33 48 61 62 31 42 4 30 23 3 8 40 13 0 47 5 49 14 7 2 15 57 6 58 16 53 56 46 55 54 51 63
19 18 17 43 51 34 25 9 42 11 10 33 16 21 32 49 1 60 37 0 20 2 14 45 56 41 4 26 44 24 8 50 54 38 39 22 52 63 13 3 12 57 46 55 29 53 59 15 58 48 47 30 31 5 62 40 23 61 7 6
44 29 20 13 22 31 11 30 38 43 26 34 6 18 42 47 21 12 33 53 25 51 37 40 23 4 62 52 5 24 16 39 41 10 45 7 60 61 15 8 17 63 54 49 57 14 19 48 46 55 2 32 3 9 0 1 50 59 58 56
37 29 19 43 45 26 21 30 20 53 39 34 42 13 17 18 51 52 11 12 14 22 44 3 60 50 46 5 25 15 41 24 9 61 32 59 10 8 54 48 49 33 6 47 58 31 16 57 63 23 1 7 0 55 4 2 62 38 56 40
26 34 42 20 13 12 11 2 29 14 4 18 6 43 22 21 10 49 45 7 44 38 31 47 37 9 15 23 30 5 41 3 19 33 24 32 25 53 1 51 48 0 8 16 61 62 52 17 54 46 57 59 58 40 60 39 63 56 55 50
44 29 21 13 22 31 15 45 20 34 46 30 26 12 4 23 37 18 19 7 17 38 43 52 39 51 33 3 60 11 10 53 42 50 61 2 58 32 25 6 57 47 55 9 1 62 5 49 16 8 59 41 63 14 24 0 40 56 54 48
37 43 42 41 18 21 20 19 10 38 49 11 39 46 51 44 33 30 4 59 14 29 60 58 57 12 23 52 3 45 55 31 26 34 53 15 13 5 7 25 47 32 6 2 40 50 17 48 1 16 24 22 8 0 9 62 61 56 54
19 18 37 20 11 4 12 45 44 43 26 34 17 38 2 29 33 25 53 10 21 32 31 46 41 39 51 60 9 24 16 22 52 50 23 13 54 0 58 47 57 8 49 3 59 40 14 48 62 63 1 61 30 42 5 6 56 15 55 7
26 34 41 33 42 51 40 32 50 21 43 57 60 18 20 59 29 30 52 61 58 12 19 10 56 25 44 48 24 45 14 22 1 11 31 37 4 9 2 7 53 39 16 46 55 47 5 8 62 3 17 6 54 49 38 63 0 23 15 13
19 18 26 20 11 10 9 42 13 3 43 51 29 21 4 33 37 30 59 60 23 6 61 1 14 31 24 0 2 34 39 52 53 22 44 40 38 50 5 62 16 7 45 17 32 46 25 8 58 57 47 41 49 54 12 48 15 55 63 56
37 45 19 20 29 21 54 53 22 34 44 10 33 13 30 39 1 43 61 42 23 62 50 32 12 26 18 51 5 2 9 8 17 3 4 46 40 11 24 14 47 60 15 55 63 0 41 25 52 6 38 49 16 31 58 56 57 48 7 59
44 45 46 29 20 13 19 34 12 43 41 18 52 21 14 50 42 33 58 60 61 49 22 6 56 5 53 37 9 47 51 30 23 59 54 11 55 38 4 48 39 31 32 26 40 62 57 2 63 25 15 16 3 24 1 10 17 8 7 0
19 18 37 45 44 11 54 63 10 43 34 30 38 46 26 17 50 21 33 3 47 9 29 20 31 40 42 41 49 55 32 56 0 8 25 23 12 58 48 16 53 62 39 5 61 22 1 2 15 60 14 7 52 51 13 24 59 6 57 4
37 29 20 43 44 21 19 53 14 11 51 52 54 22 34 59 12 5 23 33 30 13 58 45 46 50 18 38 57 55 61 10 42 39 3 26 60 31 41 15 25 17 8 49 4 24 62 32 48 56 40 63 1 9 47 2 6 7 16 0
26 34 44 20 12 37 46 38 30 53 42 43 52 41 18 49 33 45 50 21 32 24 40 60 57 55 47 17 62 23 59 39 25 4 14 48 9 16 61 0 19 58 5 63 31 13 56 10 29 3 15 54 51 7 22 6 11 2 1 8
19 34 44 21 20 13 43 37 46 11 26 33 29 38 17 50 6 51 30 23 14 12 2 8 22 10 32 47 58 59 9 15 3 53 42 41 49 57 52 39 16 25 48 1 31 4 0 45 18 5 60 7 24 61 55 40 56 54 63 62
44 43 50 37 42 20 12 45 46 38 18 52 61 34 31 49 30 57 41 53 51 59 62 54 63 26 17 4 33 32 40 10 58 56 13 48 2 14 6 29 21 9 7 47 0 15 3 19 22 8 60 25 23 11 24 16 55 1 5 39
37 29 18 44 30 34 42 26 43 20 17 23 11 12 25 41 53 9 13 45 50 21 38 16 48 40 32 3 46 19 5 6 39 14 4 55 7 10 1 22 54 49 56 8 0 61 24 52 59 57 60 51 58 47 2 33 62 15 63 31
19 18 17 20 37 45 44 43 52 61 34 11 12 29 10 25 30 9 33 1 38 42 16 3 41 21 13 50 54 49 58 5 6 7 14 39 0 46 22 62 56 4 24 59 26 32 55 47 57 51 23 15 31 48 53 8 40 63 2 60
19 20 29 34 43 44 41 48 53 42 26 50 45 38 22 52 49 10 33 61 58 57 47 59 21 18 11 25 51 30 32 14 60 17 1 12 15 46 56 4 2 23 40 13 24 37 55 54 7 5 31 8 39 9 16 0 6 3 62 63
37 29 21 30 23 44 51 13 19 39 31 15 5 38 47 10 45 12 11 53 22 42 34 26 54 52 18 58 7 63 25 14 9 3 49 17 46 8 2 40 1 33 32 0 20 24 62 43 4 55 59 61 56 6 50 48 41 60 57 16
44 29 20 13 19 43 42 50 51 26 17 49 41 59 21 12 37 40 4 45 56 18 11 3 53 25 10 24 30 61 33 38 39 52 60 48 16 32 2 9 22 31 34 5 57 23 0 47 54 1 6 46 15 62 8 14 55 63 58 7
44 29 19 42 37 38 30 52 60 53 49 26 46 23 17 55 45 43 34 21 20 61 13 41 39 11 2 59 51 12 3 25 48 58 33 47 54 56 63 4 5 14 7 31 50 24 40 62 57 9 18 22 0 10 32 16 1 6 8 15
19 20 45 44 13 26 33 10 53 6 12 43 18 21 14 5 30 34 50 4 1 39 42 23 7 41 3 51 58 17 32 49 25 11 52 2 56 0 9 60 59 40 29 22 15 8 38 54 61 31 37 57 63 62 47 55 48 46 24 16
19 20 21 12 5 22 44 18 10 42 34 3 23 2 37 26 1 38 4 51 17 29 43 30 50 33 53 25 45 46 59 60 61 62 55 14 40 11 63 13 9 54 39 24 32 47 15 52 16 7 31 49 41 48 58 0 8 6 56 57
44 45 46 54 62 20 37 63 18 26 53 61 55 52 34 42 29 22 60 33 49 47 24 59 12 38 51 21 23 56 30 32 41 50 48 17 16 9 40 11 10 25 58 57 39 3 13 31 43 6 4 14 0 15 19 1 8 5 7 2
26 18 44 25 9 11 24 32 40 45 10 52 54 38 53 63 12 61 60 59 46 4 62 0 51 42 58 2 31 20 13 29 49 43 30 14 6 22 34 57 37 19 50 21 3 23 7 33 17 48 56 55 47 1 39 15 8 41 5 16
44 29 19 42 43 45 52 60 51 18 46 50 49 47 53 41 37 11 32 54 34 57 10 26 38 30 33 1 12 40 20 21 31 13 55 48 2 62 6 23 59 61 15 17 22 63 16 3 5 24 9 58 56 0 8 4 25 14 7 39
19 20 21 34 43 13 29 44 33 26 5 30 18 14 45 6 31 51 22 15 38 53 23 12 62 42 60 37 3 17 9 11 25 41 52 46 48 59 50 32 54 49 56 1 58 63 7 57 47 55 2 4 61 39 24 16 10 0 40 8
19 20 21 12 5 42 29 38 49 18 17 13 45 16 9 2 37 4 47 6 11 34 3 26 25 44 41 10 1 32 33 43 7 53 54 50 57 8 48 59 61 40 51 58 30 31 24 52 56 63 46 62 22 15 0 39 60 55 23 14
26 20 21 22 14 6 45 34 23 18 33 43 19 32 40 17 42 11 8 48 2 3 41 25 9 49 5 1 50 13 56 52 10 44 16 51 4 46 7 0 61 53 59 60 24 62 37 29 55 12 38 54 57 31 39 15 58 30 47 63
26 18 19 34 17 9 43 44 41 33 0 21 45 12 25 16 10 24 32 42 50 1 8 52 3 46 14 11 20 30 47 54 60 37 2 7 62 57 5 61 40 55 23 38 22 63 59 6 31 4 51 58 53 49 13 48 56 39 29 15
44 43 42 29 19 10 21 26 37 49 17 46 3 13 55 25 5 14 34 45 18 11 51 50 24 58 53 22 31 30 56 47 4 40 38 41 52 33 6 16 32 61 9 39 59 23 12 57 62 63 20 60 48 2 8 15 1 54 0 7
37 45 53 43 34 25 51 54 55 50 33 32 18 11 57 21 29 38 41 61 17 47 52 16 44 59 14 22 49 7 26 42 31 20 39 63 46 24 15 30 8 19 2 56 9 1 10 60 40 58 48 0 13 3 12 4 62 23 5 6
26 34 45 20 33 43 18 37 51 50 52 54 29 21 22 53 11 9 38 4 0 15 63 55 2 31 14 32 44 25 61 30 42 12 46 62 58 49 41 23 16 39 57 60 10 17 47 59 19 5 48 40 7 6 3 13 8 1 24 56
26 20 29 18 43 51 11 25 32 21 22 30 34 12 38 23 13 4 52 24 3 53 5 41 59 44 60 46 47 45 17 42 54 37 14 62 48 63 55 31 16 15 33 61 39 40 50 49 19 6 58 10 57 8 1 9 7 56 0 2
26 18 10 29 30 22 45 31 15 13 25 17 11 33 2 9 34 19 32 12 37 46 54 44 51 41 20 52 42 21 40 5 38 55 6 63 60 23 16 4 7 43 50 48 62 49 56 39 3 0 47 24 1 59 57 14 61 8 53 58
26 20 29 22 44 34 30 43 12 21 41 53 14 15 52 7 54 50 6 17 45 11 51 62 59 60 19 42 38 37 46 47 25 57 10 16 49 56 39 55 33 48 61 32 18 58 63 31 23 13 4 9 2 3 5 1 0 8 24 40
44 43 26 19 18 17 8 33 50 45 10 53 34 29 32 9 62 16 24 2 20 11 22 51 12 30 59 61 46 42 37 60 41 54 25 14 63 58 38 39 57 48 40 5 3 52 31 47 6 7 55 1 56 4 13 0 21 23 15 49
37 45 26 18 44 34 53 38 30 54 42 50 55 29 19 20 39 52 21 63 43 47 61 22 49 31 58 46 12 5 11 56 41 51 10 2 9 16 3 17 59 4 57 40 25 60 14 23 33 32 13 48 62 6 24 8 0 15 7 1
37 45 26 18 53 38 10 52 29 30 23 22 31 46 55 34 21 19 12 9 0 20 59 15 13 5 39 14 33 11 3 17 6 2 4 54 7 16 43 61 44 40 63 41 32 51 50 47 48 42 8 60 49 58 57 25 1 56 24 62
44 29 19 26 37 45 30 21 25 18 38 31 39 20 54 32 10 42 13 53 12 4 61 22 51 47 24 1 33 9 14 52 46 15 43 62 0 59 7 16 23 17 11 2 8 5 50 57 40 60 58 3 63 41 56 6 34 49 48 55
19 18 17 34 43 20 29 10 12 52 1 9 26 37 44 22 45 2 60 51 33 16 25 42 49 61 3 24 62 13 50 4 6 57 59 0 41 46 5 40 15 21 11 56 38 31 53 32 8 39 30 58 47 23 48 14 7 55 54 63
19 20 29 34 11 13 12 10 42 43 51 52 1 9 37 44 17 41 50 60 14 26 61 58 48 3 25 40 32 53 18 30 45 62 4 33 59 49 57 6 22 38 63 15 21 54 2 56 23 24 31 39 16 0 47 7 46 5 8 55
19 18 44 43 42 20 11 4 13 29 21 50 45 54 34 22 63 37 5 30 52 14 58 51 38 6 2 60 23 57 26 3 12 47 10 46 56 15 53 25 24 55 31 17 1 39 16 32 62 41 49 61 7 9 33 59 48 40 0 8
37 45 19 29 44 18 38 20 10 2 22 30 1 51 54 26 12 39 31 5 43 23 4 63 34 14 3 25 21 33 24 9 53 32 15 0 46 62 42 50 60 40 47 41 57 11 13 58 17 56 52 55 49 61 8 16 59 6 7 48
44 45 46 43 42 20 12 13 14 6 18 4 11 52 59 54 37 25 29 47 9 22 32 60 2 58 63 26 61 49 41 10 57 0 51 34 19 38 17 16 30 53 33 55 5 21 3 1 7 23 39 50 15 40 48 56 31 62 24 8
37 45 44 43 51 53 61 59 34 54 52 29 21 38 46 20 22 55 13 42 39 14 60 5 62 63 19 18 10 25 17 9 8 3 1 15 23 12 33 11 7 47 58 57 41 49 56 16 24 2 4 32 6 26 30 50 40 31 48 0
37 43 34 41 19 29 21 18 51 59 33 22 26 32 17 14 42 11 7 38 40 20 12 50 30 24 58 5 2 48 47 3 52 8 4 9 16 15 56 57 49 23 45 46 39 44 31 25 6 60 53 61 0 13 54 1 62 55 10 63
44 29 20 11 12 45 46 43 42 54 19 18 62 63 26 61 17 4 22 51 58 15 30 49 33 59 21 16 3 53 8 39 24 34 5 31 37 57 55 14 13 38 41 25 7 47 48 9 56 40 2 1 60 6 23 52 0 10 32 50
19 18 44 29 9 52 21 34 41 0 37 45 17 30 53 22 60 14 23 46 13 4 5 6 47 20 15 61 62 10 7 16 11 33 38 51 42 31 24 55 39 26 12 50 3 25 43 58 49 32 8 2 40 54 1 57 48 56 63 59
26 34 41 19 42 29 12 33 43 20 37 50 13 25 51 5 17 6 11 60 45 53 57 58 38 40 54 22 44 55 15 56 61 46 52 18 48 59 32 24 62 31 10 47 39 2 3 63 21 4 30 14 23 16 9 0 7 8 49 1
44 45 37 29 54 63 38 31 53 42 34 41 49 57 39 52 23 50 21 14 5 22 59 30 55 60 13 6 33 20 7 24 26 18 4 46 61 62 48 32 56 51 9 11 17 25 10 3 12 43 16 19 2 47 40 1 0 8 58 15
44 29 20 13 30 31 12 11 19 34 26 43 42 25 24 51 37 52 23 33 39 46 58 60 17 16 41 48 21 22 55 45 38 54 59 18 61 50 9 40 57 32 15 10 3 14 63 1 53 2 0 5 6 8 49 7 56 47 4 62
19 20 13 10 37 42 18 44 29 26 9 22 43 12 31 17 11 50 45 3 51 54 25 16 49 6 33 41 40 15 30 0 34 48 56 53 2 52 61 38 59 57 24 62 32 46 47 39 1 8 14 55 63 21 58 60 5 4 7 23
37 29 19 26 18 44 25 45 46 24 51 10 1 38 30 2 34 43 52 0 17 22 20 54 32 58 42 8 63 40 50 11 15 33 12 62 3 21 23 53 14 60 49 57 41 6 13 4 47 55 9 48 61 59 56 7 31 39 16 5
19 18 17 11 3 9 26 16 45 34 41 54 25 20 63 43 24 33 32 44 0 42 51 2 21 58 1 10 12 4 59 52 29 22 37 50 61 30 39 13 60 49 38 31 15 14 23 53 46 8 48 40 57 56 5 47 55 62 7 6
26 34 41 33 43 49 48 19 37 42 32 51 57 25 50 38 12 58 52 29 21 44 18 60 53 20 46 30 45 39 62 56 59 4 31 22 5 24 3 40 17 54 47 16 23 55 11 15 8 2 14 0 10 13 7 6 1 9 61 63
19 34 44 21 20 11 33 45 22 32 18 43 52 25 2 61 60 14 41 23 17 53 54 29 42 3 26 12 13 4 30 1 10 9 62 24 37 39 0 38 16 8 15 48 49 59 58 56 57 50 51 40 6 5 47 46 7 55 63 31
37 45 53 43 18 21 50 19 20 9 26 38 22 23 14 17 12 29 47 57 44 54 16 11 0 39 4 62 51 30 31 13 33 58 15 25 5 8 52 1 61 3 10 46 34 24 2 60 63 6 59 32 56 55 49 7 41 40 42 48
37 43 18 38 45 29 31 54 30 19 20 11 63 47 44 22 13 26 4 14 15 21 51 7 25 58 53 24 23 61 17 2 3 34 59 60 46 39 6 16 32 40 8 10 62 0 12 33 41 55 57 5 42 50 49 56 9 52 1 48
19 18 26 20 11 42 25 10 29 33 44 30 41 13 34 52 12 24 49 57 56 9 14 51 50 2 8 4 37 0 31 15 6 38 40 1 53 60 58 54 45 46 55 39 47 16 17 63 61 22 23 43 5 32 21 48 3 62 7 59
26 18 37 34 19 20 17 45 42 43 44 29 22 50 33 24 41 53 54 40 9 55 52 16 62 61 12 63 32 2 51 60 57 49 59 21 38 39 10 46 13 3 4 58 8 15 47 5 0 56 30 48 14 6 31 25 7 1 23 11
37 45 26 20 29 38 46 34 39 18 12 21 30 13 19 3 53 31 4 11 23 55 5 60 9 14 10 25 6 54 42 1 24 49 62 7 44 33 22 17 8 61 40 47 52 41 32 16 59 48 15 2 50 43 63 0 57 56 51 58
44 43 42 29 21 45 37 41 54 63 52 14 40 53 38 46 61 49 47 51 50 62 57 30 13 59 15 22 39 7 31 48 26 32 55 23 56 5 34 33 25 24 18 17 9 11 58 60 16 8 0 1 20 12 2 19 10 3 6 4
26 20 45 34 18 42 43 52 50 25 59 54 44 60 37 51 53 41 40 49 63 46 61 9 38 30 57 56 48 62 10 32 29 11 16 33 31 47 0 17 55 23 4 21 22 8 39 14 7 58 19 5 15 13 2 24 12 1 6 3
26 18 37 45 44 43 10 38 46 17 34 25 24 29 51 20 19 30 41 42 52 59 54 33 22 53 40 31 39 13 6 55 60 9 23 2 15 21 12 58 57 8 49 14 11 16 47 61 62 3 50 48 4 32 5 7 63 1 56 0
26 18 37 25 9 10 17 34 24 38 3 8 43 42 44 53 33 21 52 1 51 59 58 40 60 19 20 45 32 61 31 39 48 49 0 57 11 2 29 4 14 7 5 16 13 12 54 56 50 55 63 47 15 23 62 46 30 41 6 22
19 34 45 11 10 9 33 41 49 29 18 48 20 43 42 57 1 21 8 17 12 2 30 32 3 14 25 0 22 24 37 4 16 39 31 53 26 23 61 38 44 46 7 13 6 15 55 60 50 59 5 62 56 51 58 52 47 54 40 63
26 34 42 20 13 33 45 6 40 18 9 32 41 49 24 37 51 54 43 50 44 58 60 0 48 52 46 56 59 61 30 16 62 38 29 55 19 63 21 11 53 23 57 25 2 22 39 3 14 15 10 31 47 17 7 4 5 12 8 1
44 45 19 18 26 20 9 33 21 34 43 13 46 51 58 17 16 59 42 41 25 29 40 10 2 32 38 50 12 1 60 3 6 14 4 11 24 5 7 23 52 47 8 37 39 22 15 0 30 31 49 61 62 56 53 54 55 48 57 63
19 34 42 18 37 50 17 9 26 16 49 44 10 11 0 20 25 41 1 32 58 2 45 21 14 38 4 22 3 59 33 48 57 54 39 31 43 7 46 47 63 62 12 40 51 5 60 52 55 30 53 61 56 8 23 29 24 13 6 15
37 43 26 38 44 45 50 18 10 57 52 59 39 31 42 34 23 21 29 20 60 2 12 3 33 13 41 61 54 48 58 63 62 53 17 25 19 49 1 11 16 32 6 9 8 51 4 0 40 24 22 15 30 5 55 7 56 47 46 14
26 20 37 34 42 41 29 38 13 12 48 33 40 6 43 25 22 30 46 47 44 54 18 15 32 50 58 52 45 24 55 63 14 51 39 23 62 9 59 53 61 60 17 16 11 49 21 56 19 7 57 2 1 5 31 8 3 10 4 0
19 18 37 20 12 13 14 5 10 15 17 11 3 9 1 34 33 8 0 29 6 21 30 7 16 38 22 4 46 44 43 50 45 39 31 47 54 32 55 24 51 62 2 42 23 52 60 25 41 63 26 59 61 49 58 53 56 57 40 48
19 34 44 11 42 45 46 54 62 50 26 20 21 14 58 25 17 52 18 16 59 63 13 33 29 37 2 51 38 53 61 12 41 47 10 1 31 43 24 49 6 22 30 9 0 3 5 8 56 7 48 39 4 15 23 60 32 40 55 57
19 34 42 18 37 50 17 9 26 25 24 32 16 45 43 33 29 12 0 38 49 10 8 52 3 1 21 20 30 5 51 22 23 13 54 48 46 31 6 47 56 14 39 11 59 15 4 60 2 58 57 53 41 55 61 44 62 40 7 63
37 45 53 38 39 29 22 42 19 11 26 17 10 3 43 44 8 15 20 34 33 25 1 13 12 46 50 62 14 30 16 41 32 24 52 58 9 6 57 49 54 18 56 63 47 59 40 55 31 4 5 0 7 48 60 61 2 23 51 21
44 43 50 21 34 41 20 42 19 59 25 26 37 24 17 29 48 10 18 9 51 60 49 38 2 12 39 46 14 47 52 33 45 53 31 13 1 32 30 7 58 56 4 3 61 22 5 8 40 23 0 11 15 57 55 62 16 63 54 6
19 20 45 42 34 10 11 41 1 54 21 14 48 40 63 3 22 26 12 5 43 30 33 18 13 32 23 17 7 29 39 37 9 44 4 15 31 46 6 47 49 61 2 50 52 59 60 53 24 56 25 8 16 0 51 58 57 38 62 55
26 18 44 34 19 20 11 12 25 52 5 4 43 10 53 16 3 17 8 42 60 61 45 33 41 38 46 48 21 24 51 29 2 37 54 49 31 58 56 39 59 23 47 50 9 40 15 1 57 62 63 30 22 0 32 55 14 13 7 6
37 43 26 17 34 25 41 44 16 20 19 21 51 10 29 48 1 42 13 59 18 6 11 22 50 33 38 58 49 12 15 30 5 39 60 23 46 53 14 40 7 45 56 61 54 24 52 63 62 9 31 55 47 4 32 2 0 8 3 57
37 43 18 19 50 38 20 9 46 13 29 54 0 10 47 51 52 8 2 34 21 30 6 57 41 59 49 26 39 61 55 31 42 33 16 25 56 58 62 48 53 60 32 17 23 3 11 63 4 15 22 12 14 45 44 1 40 7 24 5
37 45 19 38 54 10 20 34 31 21 41 18 9 33 13 12 11 3 46 48 22 6 26 14 5 39 15 1 7 8 2 25 16 63 29 47 32 30 49 23 62 55 0 61 42 50 43 24 4 44 53 51 59 60 40 58 57 52 17 56
44 45 37 43 52 38 30 22 23 21 12 46 14 59 60 6 47 53 20 3 31 51 58 50 19 34 33 54 55 11 4 32 7 5 42 63 41 61 13 40 18 39 29 15 62 25 24 10 16 57 49 8 17 9 26 1 2 0 56 48
19 20 21 18 17 9 37 22 23 13 0 45 26 29 38 47 53 31 14 34 5 15 46 25 41 8 44 52 42 1 39 54 61 11 33 6 30 48 49 32 51 43 16 4 3 40 55 2 50 12 10 60 7 59 58 63 24 57 56 62
37 29 18 42 43 45 41 50 59 57 30 23 53 54 44 34 46 48 32 22 51 26 33 9 21 20 13 49 55 25 11 60 17 6 56 2 1 47 39 31 19 14 4 16 15 0 40 61 38 3 24 52 12 10 62 5 58 63 8 7
37 45 53 29 19 38 46 52 21 18 39 61 43 31 54 34 51 10 11 26 25 47 2 13 63 1 12 9 5 44 55 30 8 41 23 42 33 17 0 60 24 16 40 20 58 62 22 59 32 15 14 6 4 50 57 49 7 56 48 3
26 18 10 29 45 42 20 21 43 11 41 44 22 37 19 46 55 47 52 9 38 30 31 40 0 34 1 13 14 61 50 23 48 51 59 57 39 53 60 17 54 32 6 49 33 3 58 63 2 12 24 62 56 4 15 8 25 5 16 7
19 34 43 50 33 25 41 49 44 29 42 18 30 45 56 51 16 57 11 20 53 10 48 17 12 4 26 61 2 21 14 5 58 3 52 39 6 7 38 46 54 62 24 8 31 47 0 32 40 59 23 1 60 37 9 22 15 63 55 13
19 34 43 18 33 11 37 45 53 46 38 41 9 26 54 42 40 52 10 25 44 48 24 17 60 3 32 62 51 12 2 29 49 58 16 0 5 21 13 47 61 59 20 1 30 57 8 14 23 6 50 39 22 31 55 15 7 63 56 4
37 43 50 38 44 19 11 51 52 34 45 53 25 49 60 10 42 18 9 0 58 41 32 12 4 16 20 29 48 56 57 40 8 21 46 54 13 3 24 26 61 30 47 59 31 55 2 39 63 33 22 5 14 1 17 62 7 15 6 23
19 20 45 44 13 34 43 26 33 41 25 52 48 12 61 40 4 17 8 54 24 49 11 56 37 6 32 16 21 38 57 60 14 18 9 7 22 58 53 5 46 3 10 39 15 0 59 23 62 29 42 51 55 47 31 30 1 50 63 2
44 43 18 19 26 17 9 29 11 0 8 3 12 21 42 25 14 13 22 53 34 20 16 33 32 38 10 24 37 45 47 31 39 52 51 6 62 4 60 2 23 61 1 63 54 30 5 15 7 41 49 40 48 56 57 50 58 46 55 59
26 18 10 9 44 45 37 2 54 43 42 63 53 29 20 50 51 52 30 33 57 49 60 17 34 19 32 61 56 31 0 46 12 41 8 24 25 11 62 4 21 14 58 13 39 40 48 47 3 38 23 59 22 1 5 6 7 15 55 16
19 34 44 53 43 42 49 11 26 29 37 45 12 18 38 17 50 57 61 62 16 8 52 24 51 58 3 20 22 59 41 30 9 60 25 10 54 2 23 40 13 33 0 1 32 46 56 15 31 5 48 4 6 39 63 14 55 47 7 21
37 43 50 21 18 26 34 51 19 25 24 11 52 45 14 7 29 59 42 16 54 22 32 33 15 44 61 23 60 10 12 41 58 13 48 46 4 63 20 57 47 62 31 40 2 49 30 56 6 9 1 39 5 55 17 8 0 53 38 3
37 45 44 43 18 38 46 47 39 9 53 54 62 30 52 29 22 63 19 20 11 4 50 61 26 21 60 57 51 17 25 32 12 55 8 58 3 10 33 14 42 59 7 24 16 2 49 41 1 13 34 15 31 0 48 23 40 56 6 5
26 20 21 34 12 14 29 22 23 15 5 25 37 4 7 46 24 30 42 38 31 41 54 50 19 6 33 55 51 39 3 18 44 53 48 32 45 16 9 52 58 59 63 2 43 10 47 13 60 62 0 11 17 1 8 61 57 56 49 40
37 45 19 29 44 18 30 20 10 22 46 11 26 34 14 25 43 1 17 51 42 50 24 47 33 15 54 38 53 62 23 41 52 6 12 32 63 9 21 60 49 31 16 8 40 3 2 61 39 57 48 13 4 5 0 59 7 58 55 56
44 29 20 43 30 52 34 21 37 42 12 26 19 11 60 22 10 53 51 18 15 31 49 2 38 59 50 61 25 13 3 39 9 4 47 55 46 48 5 41 58 0 23 7 17 33 54 6 32 24 62 40 16 14 57 8 1 56 45 63
19 34 43 18 17 52 26 11 44 10 42 16 25 33 3 20 53 4 5 49 2 51 60 45 12 37 32 1 9 54 0 8 46 13 58 21 30 24 61 62 29 31 50 22 15 41 57 48 38 14 63 40 6 55 56 47 59 23 39
26 20 29 22 13 34 31 25 38 30 24 16 44 6 12 11 41 43 2 45 52 37 33 19 51 49 32 10 50 61 59 60 62 46 3 14 39 42 47 57 5 55 23 15 58 18 21 40 56 54 17 9 53 48 0 4 7 8 1 63
37 43 18 38 46 19 20 11 2 54 34 17 9 29 25 12 51 10 39 30 31 50 44 8 16 32 1 59 58 22 45 26 14 15 62 57 0 55 33 47 3 42 13 61 63 40 53 6 23 5 24 41 48 52 49 4 21 56 7 60
37 29 22 46 19 42 34 26 49 11 45 44 18 25 24 38 55 17 54 32 10 62 51 53 47 33 3 50 61 20 21 2 52 39 9 1 63 4 8 14 13 31 23 16 7 56 30 60 40 15 0 12 6 5 58 48 43 41 57 59
37 45 19 38 54 10 31 26 20 44 18 12 25 63 29 34 11 39 4 13 53 16 43 62 42 21 2 23 46 17 61 52 50 57 60 51 14 33 30 1 32 22 47 41 9 59 15 55 40 48 58 7 8 3 5 0 6 24 56 49
19 34 42 20 33 11 21 41 12 13 40 50 59 43 18 32 26 57 44 51 6 14 24 10 2 37 52 53 9 1 15 8 38 29 60 3 25 39 49 17 5 7 46 45 54 47 4 63 0 62 55 16 48 61 31 56 22 30 23 58
44 29 20 13 30 43 18 37 12 19 50 45 26 23 54 51 53 10 11 3 4 63 34 5 31 25 2 52 32 39 59 1 55 60 42 41 14 21 22 61 62 47 49 56 9 8 33 6 40 57 46 58 38 16 48 24 7 17 0 15
19 20 13 18 37 43 26 17 34 44 52 38 8 60 9 25 45 10 53 62 29 22 33 54 2 16 11 0 63 4 12 21 61 55 32 3 46 40 30 31 47 39 42 1 6 49 23 15 56 41 48 51 50 58 59 57 14 24 7 5
37 29 18 42 34 26 22 38 50 17 25 19 9 33 24 16 21 41 46 32 49 55 39 51 43 48 40 8 56 44 45 1 47 11 63 57 20 52 2 30 53 23 12 4 10 58 5 13 3 62 14 54 0 31 60 59 61 7 6 15
26 18 10 29 19 9 21 11 12 43 44 34 1 53 25 32 8 37 30 0 42 41 52 2 17 23 46 61 31 24 48 51 39 22 50 59 15 20 58 13 33 16 40 60 6 38 47 54 49 5 4 3 45 14 62 7 56 57 63 55
44 43 50 51 18 53 52 21 42 60 45 26 17 25 19 38 37 33 46 49 62 34 31 29 41 16 56 40 59 55 13 58 54 14 57 20 12 39 9 11 5 10 47 23 2 22 61 30 15 24 63 8 32 6 48 3 0 1 7 4
37 43 34 25 19 20 12 45 41 4 29 38 13 14 6 22 44 18 47 52 46 31 51 59 16 32 42 54 17 33 61 63 39 48 23 9 62 53 5 21 30 55 11 3 2 0 58 15 40 50 60 57 10 1 26 24 49 7 56 8
26 18 19 34 9 29 43 12 45 51 22 30 20 44 42 41 58 17 10 54 25 33 24 49 46 2 5 16 8 47 1 0 40 57 50 59 53 38 62 31 37 15 13 55 52 6 21 63 39 61 60 4 48 11 23 56 32 14 7 3
26 18 37 34 9 29 21 0 17 30 19 20 1 16 42 46 22 12 10 25 4 49 45 43 41 15 57 56 51 5 50 59 23 40 48 33 47 31 32 58 24 55 52 38 8 13 44 54 63 62 14 6 3 60 11 53 7 39 61 2
19 18 17 34 42 11 20 43 45 50 2 29 41 9 25 3 58 13 22 1 6 54 37 38 10 44 8 40 26 33 21 12 32 30 51 49 48 15 52 5 0 60 46 53 24 7 62 16 59 57 31 47 55 23 14 63 4 61 56 39
26 20 21 18 12 4 37 22 19 34 25 33 32 46 11 42 13 6 38 39 50 9 30 2 14 23 44 29 0 17 10 58 54 45 49 62 7 41 59 16 31 52 55 40 56 60 15 47 51 57 48 43 8 1 24 63 5 3 53 61
19 18 44 45 46 54 37 38 47 11 3 4 5 52 63 43 26 33 10 9 39 29 51 42 25 12 59 55 22 53 17 16 20 34 0 21 41 58 30 14 23 13 61 60 57 2 31 62 8 50 1 15 49 40 7 6 32 24 48 56
19 34 42 18 17 50 49 9 58 29 21 16 44 13 33 56 22 23 20 26 14 7 48 30 43 11 25 32 37 38 46 40 15 45 12 10 31 47 1 3 4 51 41 0 55 24 54 52 53 2 8 5 57 63 61 59 60 62 39 6
19 18 26 34 45 37 25 16 42 50 44 21 30 20 9 38 12 22 43 10 24 29 2 51 41 17 39 53 13 14 7 32 59 4 40 48 46 11 33 47 23 52 3 1 55 31 58 15 62 5 6 57 54 60 0 8 61 63 49 56
26 18 19 34 43 29 25 44 22 12 10 41 37 20 11 46 53 2 55 52 4 62 17 15 60 3 21 24 16 32 48 9 8 50 51 61 63 45 40 5 13 0 38 39 57 49 1 30 23 42 7 56 31 47 6 58 33 14 54 59
44 43 42 51 58 49 19 60 41 37 38 11 52 53 50 21 34 25 18 33 48 46 59 17 61 57 54 55 32 62 20 40 14 56 45 7 3 39 9 29 47 13 63 31 26 1 22 2 23 30 16 4 24 12 6 5 10 8 0 15
44 45 46 43 26 47 54 19 18 37 53 62 55 42 12 61 51 50 30 9 52 38 10 34 49 56 0 1 48 33 11 2 24 17 21 58 31 63 39 3 29 32 40 23 16 13 22 60 4 15 14 7 57 5 20 25 6 8 59 41
19 18 44 45 17 52 60 29 37 43 54 61 21 46 42 13 14 41 62 7 22 9 20 51 0 12 55 63 34 31 33 25 5 58 15 38 24 53 48 49 39 26 59 8 10 16 30 50 56 4 57 1 47 6 11 23 32 3 2 40
26 18 37 43 34 41 51 25 9 11 24 0 33 32 17 42 1 2 19 59 10 16 44 3 58 29 4 5 8 45 60 20 49 40 48 56 12 21 57 50 46 61 13 47 55 38 39 22 53 54 23 14 6 15 52 30 62 31 7 63
26 20 37 25 12 13 19 11 6 14 5 43 33 17 42 41 24 44 51 59 23 53 10 40 52 30 46 39 58 38 21 45 55 8 34 47 48 63 18 29 31 50 9 32 61 0 54 56 57 2 60 62 49 3 1 15 7 22 4 16
44 43 50 45 29 37 46 53 51 22 61 38 30 54 47 39 15 19 26 60 55 59 58 57 56 20 18 63 12 25 34 10 32 24 49 17 1 3 9 62 16 8 2 14 4 11 23 42 13 31 33 40 0 6 48 52 21 7 5 41
26 20 37 25 19 12 13 43 42 41 24 29 30 18 34 22 4 16 33 40 48 21 11 38 10 32 52 2 45 59 53 44 47 61 39 49 23 31 17 55 9 3 60 8 50 51 0 58 1 15 62 54 14 6 63 57 46 5 56 7
19 20 45 18 11 10 21 4 1 54 12 34 41 3 42 30 2 0 14 33 43 48 5 37 63 51 39 13 49 23 44 29 32 50 38 46 52 53 22 55 26 15 58 25 7 31 60 62 61 57 17 9 8 59 40 24 6 47 56 16
44 29 21 45 19 13 30 43 5 11 10 22 26 38 3 18 42 2 25 17 33 9 16 14 7 37 1 6 54 41 46 24 51 59 15 63 39 55 20 12 62 4 49 31 60 53 58 40 34 23 50 0 61 8 52 32 48 57 47 56
19 34 42 18 17 29 33 49 43 50 51 32 25 9 22 10 58 59 40 57 21 45 1 15 24 41 23 13 26 16 48 20 4 11 54 5 0 2 30 3 6 37 52 44 7 61 12 14 60 38 8 53 39 47 46 31 55 63 62 56
44 29 18 43 51 52 21 50 30 19 60 53 34 41 46 62 57 59 61 22 15 31 45 14 7 26 10 38 37 6 47 20 33 17 63 49 23 32 5 39 13 2 12 55 25 3 8 54 11 24 58 48 1 0 40 9 56 42 16 4
44 45 26 52 60 59 58 18 46 43 42 34 10 17 25 53 51 38 62 61 9 33 30 19 29 37 32 63 54 16 50 3 11 12 41 0 8 49 48 21 13 2 20 14 55 57 1 31 24 39 5 47 56 40 7 22 23 4 6 15
44 29 21 45 26 20 12 43 54 13 53 34 14 63 46 18 25 16 24 52 61 5 8 23 62 17 9 47 6 51 59 4 39 60 3 0 2 31 38 41 7 30 48 11 37 33 10 49 42 19 57 50 55 22 15 58 1 40 56 32
37 43 18 29 45 53 54 55 46 38 31 39 63 20 51 62 30 50 61 9 47 22 12 4 21 59 57 41 26 19 14 23 3 6 11 34 48 44 13 32 17 5 52 60 15 10 7 8 42 25 33 24 2 1 49 58 40 56 0 16
37 43 18 38 51 50 46 34 49 59 42 58 30 39 45 40 29 53 57 21 22 41 20 14 33 9 19 10 15 12 17 24 4 48 54 3 1 63 7 6 52 13 60 47 5 26 55 32 11 2 31 61 44 62 23 0 16 8 25 56
44 29 22 42 26 21 13 19 20 45 10 43 49 34 51 6 46 25 5 30 16 4 17 24 37 59 18 8 50 53 32 31 38 48 60 41 54 3 12 55 58 62 11 40 14 15 52 23 9 61 63 57 7 39 2 1 56 33 47 0
44 45 19 34 43 50 33 11 52 41 37 51 38 46 54 63 49 31 30 57 42 55 58 23 29 59 22 14 47 53 10 25 26 9 16 20 2 24 56 40 62 39 48 21 15 12 60 61 18 0 7 5 13 17 1 4 32 8 6 3
26 18 44 34 9 10 33 42 11 32 49 51 25 4 58 56 24 21 20 37 41 40 30 19 13 53 17 0 8 39 14 12 45 60 52 15 62 2 50 1 29 54 16 22 7 6 46 43 61 63 3 38 57 5 48 59 55 47 23 31
37 29 22 44 53 46 43 60 26 34 62 52 51 50 45 17 8 15 33 19 20 59 38 31 55 25 10 13 47 41 24 30 42 16 21 39 61 32 58 11 18 12 3 1 48 49 9 0 57 63 4 2 5 40 23 56 54 14 7 6
37 29 19 45 54 34 21 18 33 41 17 30 49 13 22 14 23 31 39 44 51 38 26 32 42 20 12 52 4 11 3 25 16 60 58 57 53 62 6 55 24 43 48 15 40 5 63 8 0 50 59 10 46 2 61 7 47 56 1 9
44 29 19 52 30 22 37 43 53 18 60 45 21 31 9 14 15 46 38 11 54 17 50 51 42 49 13 1 48 56 0 26 25 7 34 24 4 59 32 16 58 3 12 61 62 55 47 5 8 63 6 40 33 41 2 39 10 57 23 20
26 18 19 20 45 33 9 43 12 10 11 54 44 3 63 5 2 8 16 24 13 1 40 42 17 0 34 4 50 52 32 57 51 41 53 21 59 58 29 61 6 38 31 47 56 7 14 15 22 46 39 60 62 37 30 48 25 23 49 55
44 45 46 52 59 43 42 50 19 47 53 34 37 61 60 20 18 11 21 54 26 29 12 10 39 4 22 23 1 31 33 9 5 3 58 57 13 51 63 24 49 6 40 14 17 16 7 2 8 41 32 30 38 15 55 62 25 0 56 48
19 18 44 29 21 45 17 34 46 14 43 54 62 9 22 20 0 30 25 47 13 51 58 6 42 33 11 10 38 61 15 31 3 59 32 49 50 57 56 52 60 53 12 4 55 41 26 7 48 1 2 63 23 37 39 16 24 40 5 8
44 43 42 29 22 45 19 50 57 52 53 10 37 54 1 20 13 26 34 18 60 30 63 14 33 4 9 25 62 40 32 24 15 11 23 41 48 49 12 3 2 46 39 0 17 55 47 16 38 58 59 61 21 31 8 6 7 51 56 5
37 43 50 51 34 41 19 11 33 59 49 46 57 42 60 61 21 45 38 29 54 55 18 56 47 14 22 30 31 53 15 52 44 17 12 39 6 5 4 58 63 20 3 7 26 25 32 24 48 40 23 62 16 9 13 8 10 2 0 1
44 43 34 45 20 33 51 42 54 37 41 21 30 50 25 53 49 39 22 19 61 56 23 58 52 24 57 26 11 14 6 10 17 55 29 13 4 5 12 32 40 7 3 18 47 46 15 59 38 48 31 16 60 1 9 63 62 0 8 2
19 34 44 53 33 26 43 20 62 32 45 10 29 30 18 52 21 54 2 12 63 46 11 1 51 37 9 60 61 0 55 58 42 3 40 24 31 23 13 5 22 25 49 14 16 56 15 59 39 17 41 6 4 38 8 50 48 47 57 7
37 45 53 43 44 46 52 19 47 51 29 60 58 55 26 50 42 49 63 41 40 48 38 34 11 20 56 62 18 33 21 57 54 3 61 22 14 10 12 4 17 13 25 8 59 6 5 39 32 9 31 15 1 30 2 0 23 16 7 24
26 18 19 34 44 12 33 29 22 30 38 43 52 60 61 32 11 50 5 15 37 39 17 62 14 8 40 6 46 20 53 51 10 54 31 21 24 3 13 16 59 25 55 41 23 9 7 47 48 56 45 63 4 58 2 49 57 1 0 42
37 29 19 26 21 45 33 13 30 23 44 11 12 25 38 43 52 54 50 40 10 42 39 14 51 53 24 60 61 17 63 5 9 31 15 7 20 62 59 55 46 4 34 18 2 41 32 1 0 16 8 57 48 6 58 49 22 47 3 56
19 18 26 34 41 42 43 50 45 12 33 32 17 16 51 40 48 59 44 37 57 54 60 56 24 61 5 20 13 49 30 38 39 46 21 52 47 6 7 23 11 55 53 10 22 58 62 31 14 15 29 63 8 0 4 25 1 3 2 9
19 18 37 20 12 21 10 11 14 45 3 34 33 43 50 4 54 30 23 41 49 2 9 38 5 16 42 51 26 52 39 31 59 25 0 48 58 32 13 7 56 17 40 29 15 1 60 44 46 55 24 57 53 47 22 63 8 6 61 62
19 34 44 37 46 11 26 18 33 32 17 52 40 29 30 23 38 39 9 21 41 54 43 50 49 42 45 16 13 12 3 2 14 15 1 4 20 56 47 22 60 53 5 61 58 57 8 59 55 63 6 7 62 51 31 0 25 48 24 10
44 43 26 19 34 37 11 25 20 45 38 3 54 30 46 39 10 63 12 1 22 14 9 5 4 13 6 21 15 7 33 32 53 2 24 61 29 42 55 52 47 23 40 16 31 17 8 18 62 51 50 49 60 59 58 0 41 57 48 56
19 34 41 11 26 18 37 46 10 45 55 38 54 33 12 62 43 5 63 3 31 50 61 20 17 25 42 49 24 53 57 48 58 9 44 39 13 6 4 23 30 51 22 29 60 15 14 52 32 2 8 21 56 1 7 47 0 40 16 59
26 34 45 17 33 44 25 41 16 20 9 8 0 1 49 54 53 52 29 48 37 38 62 32 10 18 39 2 43 51 12 42 55 30 46 63 59 61 11 21 31 22 14 57 47 23 60 7 15 24 13 4 19 6 50 58 5 3 40 56
44 45 37 43 42 26 50 30 52 19 38 54 20 39 17 25 18 59 60 12 31 8 34 46 32 53 47 41 40 24 13 14 10 11 16 9 0 51 22 21 3 4 62 55 58 49 7 48 57 15 61 2 6 63 33 23 5 56 1 29
26 18 19 34 9 11 44 17 10 0 25 16 41 37 3 52 24 2 43 42 60 61 33 59 49 50 46 20 8 30 45 32 23 55 40 53 1 56 54 47 38 31 4 15 29 5 62 13 58 57 6 48 51 22 21 12 14 7 63 39
37 29 19 43 44 26 18 12 22 30 34 46 11 33 50 52 45 38 51 20 25 16 32 2 13 14 6 57 4 17 61 53 8 3 39 42 62 21 58 60 23 47 5 15 55 24 54 41 49 40 48 7 31 63 56 59 10 9 1 0
37 45 26 20 29 21 44 25 19 18 38 43 11 4 22 23 52 30 42 54 34 31 17 9 53 46 39 62 12 13 2 49 60 59 51 50 61 10 14 15 7 41 40 33 5 6 0 55 47 3 56 32 1 48 58 57 8 24 63 16
44 43 34 29 21 45 53 52 19 62 51 20 30 26 12 4 13 25 24 6 5 59 3 11 7 14 61 33 50 42 22 15 41 49 10 2 18 1 37 32 57 23 17 56 31 16 48 38 9 8 58 39 54 40 46 47 55 63 0 60
26 20 37 25 12 29 38 44 51 22 19 52 24 50 42 18 11 9 30 17 43 4 59 31 1 49 14 23 5 34 48 60 2 15 46 0 41 54 10 3 62 8 16 21 53 45 61 57 39 47 58 13 6 7 56 40 33 63 55 32
44 45 46 43 42 52 18 41 40 38 54 62 59 9 37 29 31 51 19 26 63 30 17 53 47 55 0 10 34 58 21 20 3 16 23 39 25 1 60 15 13 2 12 22 11 8 14 6 57 61 5 4 33 50 49 48 32 24 56 7
26 18 37 29 22 43 34 41 42 15 40 25 19 12 21 30 20 46 45 11 50 49 57 54 13 58 2 3 59 52 4 6 33 32 38 5 23 31 14 56 17 8 24 7 10 39 47 48 63 51 60 16 44 1 9 55 61 62 53 0
26 20 13 18 44 25 19 29 38 11 24 34 10 2 33 45 37 6 17 47 4 52 3 8 21 12 9 16 39 42 49 31 5 14 60 32 7 30 0 43 40 61 23 1 51 15 55 22 41 56 53 54 46 62 50 57 58 59 63 48
44 43 34 29 52 33 25 51 37 61 41 45 21 13 20 32 46 48 22 30 49 19 10 14 6 38 42 55 60 56 47 40 63 54 15 53 18 11 31 26 39 59 2 7 17 5 24 3 23 1 4 16 0 62 12 58 50 9 8 57
37 29 18 42 19 26 33 44 45 30 38 10 1 43 41 46 34 32 24 48 55 17 25 47 8 21 49 9 23 39 53 54 20 63 22 16 0 61 40 57 31 13 4 15 50 52 56 5 51 12 60 58 59 2 11 3 6 14 62 7
19 18 17 43 51 9 44 16 0 1 2 20 25 52 45 32 53 26 21 54 33 22 8 40 29 38 41 34 46 50 24 42 48 39 31 23 10 37 13 49 59 57 30 58 11 3 60 5 55 47 12 63 56 61 15 4 14 7 62 6
37 29 20 43 38 39 34 25 50 11 12 26 19 42 22 5 18 30 46 47 24 51 4 15 60 57 58 45 6 49 52 2 44 10 21 31 53 62 17 8 3 7 41 13 48 32 55 61 33 56 54 63 23 9 16 59 40 14 1 0
26 20 21 22 44 52 14 17 13 29 38 12 23 15 19 31 34 10 18 11 42 33 3 37 24 25 7 50 39 5 46 9 16 41 60 45 30 8 58 53 6 59 51 32 1 61 54 49 57 2 43 55 0 47 62 4 40 48 63 56
26 18 44 43 42 45 19 41 37 17 34 12 53 62 40 38 61 51 63 52 9 21 60 25 33 54 47 48 49 8 5 55 14 57 58 20 29 0 10 39 56 22 30 6 31 3 15 46 24 4 16 50 11 32 2 1 13 7 23 59
37 45 53 43 42 34 18 38 46 19 44 50 25 52 10 29 30 9 21 32 17 33 1 55 59 39 51 23 49 11 16 13 26 57 20 12 4 58 60 61 62 2 31 41 5 24 54 6 47 3 8 22 40 0 48 56 15 63 14 7
37 45 26 34 42 18 20 29 10 25 16 50 54 44 30 13 49 23 12 53 43 63 52 9 2 33 46 61 6 39 59 22 17 32 47 48 62 55 58 38 41 60 51 57 21 0 14 4 56 40 19 1 3 5 8 15 7 24 11 31
37 43 18 38 44 21 50 26 39 10 19 12 17 42 2 53 62 51 41 46 34 9 14 33 3 5 49 52 29 30 8 48 32 1 11 45 59 7 56 61 55 54 63 58 0 47 13 31 15 22 40 24 60 57 25 6 23 20 4 16
44 29 21 43 30 53 42 41 49 34 40 22 45 56 62 38 31 51 14 20 11 54 26 33 48 37 52 46 32 24 50 13 4 19 63 57 18 15 47 23 7 61 59 5 12 6 25 9 10 58 60 39 0 55 16 3 2 8 17 1
37 43 50 45 19 20 54 34 33 51 13 57 52 38 49 59 61 26 29 53 47 39 25 41 46 16 44 30 60 11 17 42 40 9 22 62 21 14 2 55 15 6 24 32 8 3 58 1 5 48 18 10 0 4 63 12 7 23 31 56
19 20 45 42 37 38 21 14 31 10 18 39 44 26 7 22 29 52 47 46 49 43 30 41 17 8 33 24 25 13 34 15 53 62 59 51 11 56 5 12 9 48 61 23 60 55 57 0 4 50 2 32 54 16 1 63 58 3 6 40
19 20 13 18 37 29 22 46 34 26 45 12 17 44 51 43 53 54 10 1 47 24 61 21 2 5 42 31 4 3 14 11 23 9 39 25 16 55 30 15 32 38 7 50 58 60 62 33 41 52 8 40 48 63 49 57 59 6 56 0
26 18 10 43 42 29 44 52 37 17 51 53 22 38 21 58 39 45 61 34 33 50 57 2 49 20 59 30 12 47 46 15 23 40 9 8 16 11 32 4 7 60 19 13 3 25 41 1 14 55 48 54 5 24 0 62 63 6 31 56
44 45 37 43 50 42 49 30 53 57 26 34 54 41 56 19 40 32 29 33 11 22 31 12 13 3 10 52 17 46 39 55 24 18 62 2 9 20 25 14 51 1 5 48 59 38 0 61 16 8 15 58 63 6 23 21 7 60 4 47
19 18 37 45 44 29 20 13 46 43 26 25 21 38 6 54 42 5 34 41 55 30 12 47 39 7 51 31 22 10 14 53 16 33 9 11 61 63 48 17 24 52 1 0 23 3 2 4 60 40 15 8 32 59 50 62 58 57 49 56
44 29 20 43 42 13 26 34 22 38 25 37 6 11 39 45 12 14 52 41 2 21 46 31 18 47 51 60 33 32 50 10 58 16 55 17 5 19 8 49 15 7 23 54 61 30 56 63 59 57 40 9 1 48 53 62 24 0 4 3
26 18 44 43 42 34 17 50 57 16 9 19 10 20 49 29 33 25 21 52 11 1 24 32 30 31 45 13 59 56 2 51 0 4 58 46 40 3 6 5 14 41 47 22 38 48 8 12 37 39 23 60 53 54 62 55 61 7 63 15
26 18 10 29 45 44 21 46 53 20 13 12 39 43 51 22 14 30 4 42 31 58 52 19 11 23 34 9 41 6 37 2 7 61 5 17 3 59 16 38 47 25 24 48 62 33 15 1 50 49 56 57 0 54 60 8 32 55 40 63
26 34 42 20 45 49 44 25 17 41 12 43 18 53 24 16 52 46 8 51 50 29 47 10 61 37 32 4 60 40 21 55 13 39 38 11 22 62 2 30 56 9 31 0 14 59 54 5 33 23 7 6 3 48 57 19 15 63 1 58
37 29 18 42 20 26 19 43 44 12 34 11 49 45 53 51 4 17 21 22 58 3 13 30 52 59 25 24 10 5 38 50 16 60 31 54 57 2 9 0 41 47 15 56 48 8 33 23 55 7 6 1 39 32 46 62 63 40 14 61
44 43 18 53 34 20 37 19 52 46 30 45 12 5 26 17 51 59 9 10 62 33 39 1 25 13 0 16 54 11 4 8 2 29 22 61 41 63 50 38 58 57 47 3 6 14 23 21 42 49 55 15 24 32 40 31 56 48 60 7
44 45 46 52 60 43 34 54 38 29 22 41 20 61 59 15 63 12 4 47 18 26 42 49 30 9 62 33 56 13 14 25 17 6 0 50 58 19 10 57 53 2 11 16 1 48 40 21 8 51 24 31 23 37 5 39 7 55 3 32
26 20 45 42 13 12 34 44 43 50 52 25 41 6 29 22 59 49 4 54 31 33 30 15 46 51 24 47 40 19 56 17 16 37 21 11 10 8 58 53 14 1 3 7 0 9 62 61 38 55 63 60 2 57 5 18 32 39 23 48
19 20 21 12 37 22 23 30 38 18 14 34 11 2 41 43 10 39 51 6 4 1 26 33 3 17 46 44 25 58 5 49 53 60 0 42 50 59 45 29 54 13 57 31 7 9 16 56 32 8 61 15 52 63 47 48 40 62 55 24
19 34 41 20 13 18 44 33 42 43 25 6 50 21 9 26 37 11 22 51 5 4 3 45 60 57 49 30 23 59 7 14 52 61 38 12 29 15 31 2 10 16 32 47 1 24 39 48 17 40 58 53 54 46 55 0 62 63 56 8
19 34 41 11 10 21 20 9 3 33 43 26 25 48 14 52 17 13 49 50 6 32 40 8 37 42 44 24 1 53 60 38 18 4 54 51 2 55 5 12 57 30 61 16 47 56 0 7 22 39 45 59 46 58 31 29 23 63 62 15
26 18 37 34 17 16 33 25 24 42 51 40 11 19 43 29 22 4 41 52 44 53 12 13 60 10 1 49 46 61 32 21 48 56 50 45 38 47 3 9 54 62 20 23 63 58 0 8 2 55 39 30 31 57 59 14 7 6 15 5
19 34 42 20 26 25 13 43 51 49 24 44 33 16 41 32 52 59 56 50 40 53 45 38 57 11 58 18 46 39 10 6 62 54 60 29 47 37 63 55 4 2 12 9 22 14 17 21 8 31 7 48 5 0 30 23 3 61 15 1
26 34 41 19 42 48 12 11 44 43 40 53 20 5 18 13 4 3 62 45 49 21 56 37 51 9 10 52 38 30 6 33 46 31 14 57 50 23 32 22 15 29 61 17 59 54 39 47 2 7 58 1 16 60 8 25 24 63 55 0
44 29 22 30 18 42 26 43 38 34 41 47 21 14 45 50 39 19 37 49 12 32 56 9 15 48 6 20 11 52 40 2 13 25 59 33 51 7 31 23 3 10 0 61 5 17 24 53 58 46 62 63 60 1 4 16 54 55 8 57
19 20 29 34 44 52 43 10 21 37 41 33 45 22 26 38 60 25 30 51 1 49 58 59 42 53 54 61 32 23 14 57 39 13 62 15 12 5 18 16 3 47 63 50 48 11 9 8 56 31 2 40 7 24 6 17 46 55 4 0
37 43 26 19 42 41 51 60 59 58 40 33 25 44 50 46 21 24 34 29 16 49 38 8 30 17 56 22 12 13 31 57 54 62 15 18 4 10 47 5 20 23 9 3 52 39 14 55 63 7 61 0 48 32 2 1 6 11 45 53
44 43 42 45 29 51 60 37 26 22 38 41 30 19 34 59 10 46 31 18 58 11 15 21 20 53 12 13 33 50 17 32 4 2 39 5 6 24 25 23 8 52 49 47 1 48 3 16 40 9 0 57 14 62 56 61 55 54 63
37 45 44 43 18 19 53 54 42 38 20 26 34 12 63 10 51 58 13 14 11 61 2 25 5 1 23 21 16 24 17 4 59 7 3 49 6 55 57 9 33 50 0 32 15 29 47 52 60 8 56 22 46 41 62 48 31 39 30 40
37 29 20 13 21 43 42 38 5 44 19 34 39 50 45 12 30 54 57 52 51 26 17 6 25 49 4 41 46 23 7 8 31 47 61 22 33 48 58 10 11 3 60 53 9 18 2 32 16 24 59 1 56 40 55 62 15 14 0 63
44 29 18 26 17 25 21 9 24 34 33 13 1 0 10 43 14 2 12 20 37 7 15 4 50 42 49 58 11 6 8 40 57 22 5 45 56 38 32 19 54 46 48 41 53 62 39 30 31 47 59 16 63 23 61 52 51 60 55 3
26 34 43 52 37 38 42 20 51 41 39 45 33 31 13 18 10 12 61 59 60 50 53 49 48 25 19 9 5 11 8 32 58 44 23 56 40 4 29 54 24 21 22 2 57 6 63 62 17 55 46 15 1 14 47 0 3 30 7 16
44 45 46 34 18 19 42 37 26 53 20 33 40 11 12 17 3 9 62 51 25 49 16 24 58 29 21 22 43 5 4 41 60 38 48 61 47 13 1 63 31 52 14 23 59 2 54 55 30 0 10 57 32 8 50 56 15 7 6 39
37 29 22 44 19 26 45 30 20 53 54 11 38 55 61 23 42 43 31 47 17 21 12 34 41 52 2 4 15 39 14 48 40 13 60 10 5 6 50 33 24 58 9 62 25 46 18 0 1 32 51 8 16 7 49 3 56 57 59 63
19 20 29 18 26 38 44 37 39 45 21 25 17 34 54 9 33 13 16 47 2 24 5 52 32 30 60 8 23 41 46 53 61 10 43 62 42 31 3 15 22 50 63 1 40 55 0 4 14 6 7 12 11 49 58 56 57 59 51 48
19 18 26 20 45 34 12 44 42 43 33 46 9 0 51 50 52 21 49 58 14 53 57 41 32 37 13 40 59 24 48 22 11 4 54 61 16 10 8 55 17 1 62 2 63 5 6 7 15 25 23 30 29 38 31 39 47 56 60 3
37 29 18 44 51 42 33 53 19 11 34 20 21 9 26 38 10 13 0 8 52 43 1 17 14 61 62 59 58 41 60 15 16 40 7 45 49 25 5 6 12 2 48 50 3 54 63 55 31 56 23 4 47 30 57 32 22 39 24 46
37 43 42 29 19 11 21 20 26 49 45 14 13 44 3 38 50 53 61 2 34 18 10 6 51 17 7 22 15 23 12 58 33 54 1 62 46 5 47 30 57 56 24 32 59 8 4 52 41 25 9 48 40 0 39 31 63 55 16 60
26 34 44 20 19 52 37 17 51 50 41 33 43 32 25 53 49 29 18 57 30 22 45 23 8 12 10 9 4 54 62 1 16 21 42 5 61 3 47 60 56 46 31 48 15 24 0 39 11 55 59 58 2 13 14 7 63 38 6 40
19 20 21 34 41 14 29 18 7 48 11 22 26 3 30 23 9 6 12 37 2 4 44 51 15 17 31 1 42 33 25 38 32 10 53 24 50 49 0 8 59 13 45 43 46 58 5 60 57 40 16 52 61 54 63 55 39 47 62 56
19 20 37 34 26 18 25 33 41 40 11 48 49 44 43 50 29 9 59 13 53 30 17 57 12 51 46 42 52 10 1 8 22 31 15 38 3 55 54 21 5 60 32 47 56 61 39 45 23 16 24 58 6 14 62 63 0 7 4 2
37 43 18 29 44 19 20 38 47 21 26 10 30 39 50 17 13 53 16 8 1 12 34 6 24 42 22 25 52 58 41 15 62 32 45 2 3 49 9 11 31 61 57 33 23 56 0 55 40 14 7 63 4 46 54 48 5 51 59 60
44 29 20 43 30 52 60 22 42 11 14 15 26 50 13 12 6 25 4 49 10 31 34 61 38 19 51 53 41 9 5 59 21 47 7 48 3 33 40 32 1 18 8 23 46 0 37 16 17 45 39 2 55 24 57 54 62 63 56 58
37 29 18 26 21 45 25 13 54 42 44 43 51 50 38 24 41 59 22 49 4 40 32 10 11 46 57 12 47 30 17 52 34 15 2 53 33 56 16 58 19 55 48 14 62 61 3 39 23 9 31 5 20 1 6 7 0 8 60 63
26 20 37 25 18 10 24 45 29 38 12 34 47 22 41 4 13 11 30 48 52 39 14 23 46 31 33 59 15 43 9 32 2 44 21 19 50 55 42 1 49 5 3 57 40 16 58 51 61 60 6 62 54 17 0 8 56 7 63 53
19 20 45 34 33 54 13 26 37 43 63 11 18 38 42 25 46 29 41 62 55 40 52 12 9 61 21 30 49 53 22 23 10 51 48 47 39 4 2 1 50 8 44 57 32 17 16 14 0 24 5 3 15 31 6 60 56 59 58 7
19 18 37 11 3 45 26 38 25 34 42 10 21 17 54 32 39 29 2 43 33 63 30 4 9 1 44 40 12 51 59 53 24 14 46 55 61 23 48 20 5 52 7 47 60 58 50 0 8 22 62 6 15 41 57 49 16 13 31 56
37 45 26 34 53 18 25 17 9 20 42 33 32 54 55 38 21 61 19 63 46 12 60 0 1 24 5 14 30 49 43 29 10 16 44 47 11 2 41 40 4 31 48 3 7 22 56 51 52 58 15 62 57 13 8 6 23 39 59 50
26 20 13 42 45 44 29 18 49 6 53 30 19 54 63 25 12 21 31 11 3 37 22 61 5 51 33 24 52 23 10 60 43 38 41 40 17 47 50 56 34 4 55 32 7 59 39 9 2 1 14 46 0 8 62 15 58 57 16 48
19 20 21 34 43 13 37 44 5 14 22 51 7 38 52 53 42 41 26 6 33 11 50 29 60 59 57 17 3 2 40 24 30 48 4 61 32 23 46 18 56 54 45 49 16 25 15 58 39 31 62 55 8 9 10 1 12 47 63 0
19 34 41 33 45 20 42 54 32 43 51 18 10 2 44 48 40 52 26 49 21 17 50 24 46 53 56 12 62 30 37 47 11 60 23 3 16 25 13 39 1 9 61 38 4 58 59 57 0 55 14 5 29 7 63 6 8 22 15 31
26 20 21 18 10 25 45 11 13 29 12 2 17 14 24 54 37 34 63 42 9 30 4 3 44 5 33 32 50 41 40 53 6 58 61 38 59 16 57 52 1 19 49 56 15 8 43 62 46 55 47 22 60 51 48 7 0 39 31 23
26 20 45 25 17 54 37 44 21 38 24 19 53 51 18 62 29 11 61 46 58 22 47 8 31 32 23 60 30 12 34 41 52 13 40 39 33 14 50 63 3 49 7 42 6 55 43 15 56 48 5 10 9 1 16 4 2 59 57 0
19 18 37 29 21 30 39 31 9 44 38 14 53 45 54 42 12 47 20 61 63 52 34 43 7 55 50 3 23 0 4 10 60 49 26 5 2 1 51 59 62 11 58 41 46 33 56 57 8 16 24 40 22 13 25 15 48 32 6 17
26 20 21 34 42 29 37 41 40 14 13 12 5 22 4 3 7 43 23 19 38 30 11 15 44 51 53 25 2 47 46 62 52 10 16 55 45 31 39 6 54 63 50 60 61 48 33 57 56 32 58 17 24 1 49 8 9 18 59 0
37 43 34 29 52 38 19 26 21 13 33 32 30 10 12 18 42 20 17 22 25 49 40 14 51 24 44 48 9 60 31 3 11 45 5 2 53 23 15 61 58 46 39 16 56 47 50 41 59 57 0 8 62 4 54 55 1 6 63 7
26 20 13 25 21 34 41 29 16 6 5 48 43 33 30 51 42 38 60 4 12 59 40 61 37 45 56 24 22 11 17 14 54 53 31 32 44 18 10 49 50 8 15 2 58 7 52 39 47 19 9 62 0 46 55 3 63 23 57 1
19 34 45 21 20 18 11 54 26 2 22 17 33 12 5 14 8 16 29 0 13 23 15 4 44 37 3 25 32 53 46 6 31 38 47 7 9 24 55 41 61 30 40 42 48 56 52 49 50 60 57 58 59 63 62 39 43 10 51 1
26 20 37 34 12 43 44 29 21 22 19 18 10 3 4 53 38 39 46 45 42 54 62 13 30 33 23 11 32 47 6 60 2 41 48 5 50 1 52 9 0 59 17 40 61 24 49 63 16 15 7 56 55 51 31 25 58 8 14 57
37 29 18 26 20 43 34 19 52 25 21 9 0 10 11 61 50 4 16 2 17 14 3 42 44 45 49 24 5 41 33 12 32 56 1 8 46 38 23 53 13 15 6 31 47 58 60 40 30 51 57 48 7 54 62 22 63 55 59 39
26 20 45 42 13 12 44 14 21 30 6 52 59 25 19 46 29 34 49 60 18 43 22 33 31 17 50 37 3 57 24 16 38 47 61 15 23 5 55 32 53 56 58 63 9 1 39 7 10 11 48 40 2 41 51 4 8 62 0 54
19 34 43 50 37 29 33 38 30 22 52 10 45 51 39 44 20 46 1 61 15 25 54 47 62 55 42 13 11 31 14 26 18 32 41 4 59 2 12 0 21 17 3 63 16 24 9 40 53 6 49 5 48 57 58 60 23 8 7 56
19 20 45 34 37 54 44 11 46 52 18 38 41 48 21 13 4 2 22 6 63 26 59 9 30 10 51 31 14 60 5 29 1 0 23 12 25 24 33 3 49 55 16 39 61 17 8 50 58 42 53 43 57 62 32 56 47 15 7 40
37 29 19 45 30 18 26 21 46 47 13 34 41 12 10 1 38 33 52 44 32 14 54 61 63 20 3 43 51 42 55 23 6 58 17 9 39 16 25 11 60 22 2 49 4 31 62 53 24 40 0 5 15 8 57 59 50 56 48 7
44 45 46 29 18 52 37 42 51 26 33 53 21 50 58 13 62 24 60 9 54 19 22 34 5 63 20 14 32 47 11 23 15 40 25 59 38 17 10 55 0 41 48 57 43 56 31 7 16 2 1 8 4 61 12 3 30 49 6 39
44 45 37 29 30 46 22 23 47 42 34 52 26 33 38 18 59 53 32 60 50 20 17 41 62 54 40 55 21 31 61 15 19 9 63 51 43 12 10 1 11 57 58 39 4 24 8 49 13 14 48 5 6 25 16 2 7 3 56 0
26 34 42 33 43 51 37 21 25 24 20 29 18 46 59 52 40 11 45 19 13 60 55 53 2 17 32 39 49 3 47 63 61 10 4 44 16 62 12 6 50 9 14 56 1 0 58 22 30 23 54 5 8 41 7 48 15 57 31 38
26 18 37 25 9 10 11 44 51 19 32 3 42 1 2 8 17 45 53 52 0 58 59 16 60 29 21 34 20 54 41 61 24 30 63 22 4 46 23 38 43 12 13 50 55 39 62 5 49 57 47 48 40 15 33 31 7 6 56 14
19 34 45 20 42 11 10 29 18 49 33 1 22 25 51 44 9 46 21 32 43 38 30 59 56 15 52 26 12 17 14 41 54 63 40 37 53 61 58 5 3 62 0 31 60 23 55 2 50 8 16 48 4 47 13 57 39 6 24 7
37 29 18 26 19 45 25 10 12 43 1 42 54 11 21 24 4 14 50 63 41 49 57 46 20 58 51 40 55 3 48 2 62 59 17 0 44 30 31 56 52 9 8 53 34 33 7 38 13 61 47 16 60 22 39 6 15 23 5 32
44 45 46 20 18 26 17 43 12 37 30 4 19 33 42 29 24 49 10 53 25 31 21 51 56 40 11 41 54 14 59 2 52 60 1 34 50 0 7 8 5 16 23 9 39 58 3 13 48 32 6 63 62 15 22 47 55 57 38 61
26 20 45 34 29 44 43 25 17 42 19 18 11 10 49 3 16 12 13 54 21 52 4 6 9 2 60 38 46 59 62 32 5 53 33 14 7 15 30 8 23 51 50 56 48 24 1 31 47 63 61 22 40 37 39 55 41 57 0 58
44 29 21 45 26 13 46 52 14 25 12 5 30 31 17 11 10 42 43 9 20 7 39 50 60 53 23 61 15 47 8 6 19 3 22 1 34 59 18 41 32 16 0 33 24 37 40 4 38 62 54 51 63 55 49 2 58 48 57
37 29 22 43 26 38 47 19 34 30 50 45 12 11 31 57 44 15 52 53 3 20 14 2 10 18 13 17 9 60 33 21 61 40 32 24 25 7 51 42 49 56 6 46 59 16 48 58 39 54 63 5 0 1 41 55 4 23 8 62
19 20 37 44 45 30 12 46 52 59 38 10 54 51 43 42 41 55 58 39 31 57 61 49 18 33 34 11 2 25 50 3 16 62 48 4 23 21 5 56 26 53 13 60 29 9 47 22 14 15 32 17 6 40 63 24 7 8 0 1
26 18 44 25 19 53 52 12 10 51 33 20 37 41 17 38 45 8 61 21 24 9 34 43 59 46 4 13 14 42 30 60 58 50 54 6 57 5 29 23 32 63 47 31 1 22 7 11 3 49 15 56 39 62 40 2 0 48 16 55
19 20 45 34 21 29 18 42 43 37 49 12 46 9 26 53 22 13 6 44 14 47 17 50 1 0 52 51 61 54 3 25 24 7 55 62 16 15 38 56 33 59 23 5 4 30 31 40 32 58 2 8 10 60 41 11 57 48 39 63
26 18 10 43 44 9 50 2 19 34 0 29 25 45 33 11 3 16 37 4 30 46 38 20 54 55 13 51 12 17 52 47 31 39 1 60 63 23 21 57 42 59 15 62 5 14 7 8 53 41 24 32 6 22 49 40 61 56 58 48
26 20 21 22 13 18 10 19 12 3 31 33 45 43 50 2 34 37 17 57 41 53 5 8 52 23 54 11 4 61 40 39 9 63 29 59 24 38 1 25 46 14 42 32 60 48 49 16 47 55 62 0 30 6 51 44 7 15 58 56
26 18 44 29 20 25 30 13 19 52 21 22 14 43 37 46 11 12 50 34 17 45 60 39 38 9 54 23 51 6 8 16 7 63 24 10 3 53 2 42 62 58 31 15 47 4 57 56 5 32 40 61 59 49 33 1 0 55 48 41
37 29 19 26 21 43 33 14 44 42 51 46 20 34 30 17 7 50 57 38 47 39 54 58 52 10 49 61 12 56 60 55 25 22 9 41 48 24 11 40 32 13 8 5 16 2 4 3 62 18 15 59 6 23 1 45 53 63 31 0
19 34 43 50 41 25 44 37 51 32 38 29 30 11 33 39 42 45 57 23 46 47 10 20 3 58 22 21 16 1 52 18 14 61 54 13 40 59 17 2 26 31 12 56 53 55 49 24 8 15 5 0 63 62 7 48 9 6 60 4
44 45 37 29 19 42 26 52 54 43 53 51 41 61 22 18 21 40 62 20 46 33 17 13 30 15 5 11 59 38 3 34 60 47 49 16 9 12 25 8 14 32 4 55 39 1 24 48 10 2 0 57 63 58 50 7 6 31 56 23
37 45 53 34 33 41 26 25 48 38 43 52 40 18 51 59 17 16 19 21 20 12 46 47 44 10 24 49 32 56 9 54 39 0 14 31 61 50 42 7 2 60 5 29 8 11 58 57 30 22 63 4 23 15 62 13 6 55 3 1
37 43 42 45 19 34 54 20 26 49 21 11 56 33 52 38 2 53 10 29 24 40 25 50 18 44 58 12 51 59 39 1 61 3 22 55 60 13 62 47 17 48 63 32 31 15 5 14 7 41 23 46 16 8 6 30 4 9 57 0
19 18 44 20 10 45 21 29 37 43 9 13 38 0 22 39 52 2 26 15 6 5 47 42 34 33 50 30 40 57 58 7 56 32 54 60 1 55 31 53 63 23 59 46 24 61 14 62 41 12 51 48 49 17 3 11 4 16 8 25
44 45 19 20 13 34 41 53 54 26 18 37 29 33 61 17 52 49 43 10 40 21 2 6 14 51 8 63 5 59 47 16 25 38 9 32 30 60 11 55 57 0 46 62 7 12 3 42 1 48 50 23 31 22 39 58 15 24 56 4
37 29 19 45 46 26 20 11 3 47 13 10 17 42 22 1 43 51 59 25 54 60 33 24 21 58 18 30 9 34 44 50 32 15 39 52 61 40 14 4 16 12 7 38 53 55 63 0 2 62 57 31 6 49 41 5 48 56 23 8
37 29 20 45 44 43 34 26 38 46 21 33 32 13 51 50 11 58 53 25 42 62 17 8 57 19 47 40 61 22 5 3 60 4 24 39 15 31 10 59 30 55 63 12 52 6 48 41 18 9 23 49 54 1 0 14 56 2 16 7
26 20 45 44 53 34 29 52 11 38 60 61 42 51 46 54 31 43 50 17 55 33 24 63 18 49 39 19 48 13 10 32 41 30 25 2 62 8 9 47 12 16 21 14 6 5 3 37 0 1 22 4 40 15 7 57 59 58 23 56
19 20 21 18 37 13 17 11 5 6 26 44 4 38 29 3 45 30 39 8 2 34 25 32 43 52 51 47 31 23 9 46 42 49 53 50 7 61 33 41 60 0 62 16 56 48 57 40 1 54 24 22 12 10 15 14 63 55 59 58
19 18 26 20 13 21 14 33 11 12 3 44 9 10 43 50 53 6 29 30 51 0 5 7 15 59 40 62 42 49 52 2 41 25 37 22 56 60 45 57 61 38 31 34 8 46 32 1 39 4 63 17 55 16 54 47 58 23 24 48
37 29 20 43 42 45 26 25 51 59 44 41 22 12 24 17 52 60 54 15 40 38 10 53 30 34 18 48 62 2 11 33 31 9 49 32 58 63 3 46 39 19 14 56 47 1 13 16 8 50 61 21 57 55 0 7 6 23 4 5
37 29 22 30 20 14 23 11 21 31 19 12 38 26 7 45 43 15 47 39 25 55 18 6 46 32 63 54 13 44 53 10 17 9 34 51 4 42 8 3 50 16 33 62 2 60 24 1 58 49 0 52 5 41 57 48 61 59 40 56
37 45 19 34 42 18 17 20 53 9 33 32 21 29 0 44 38 46 41 39 52 10 54 49 31 43 26 59 56 22 60 23 40 25 51 62 2 48 47 58 55 61 15 11 12 50 24 3 14 16 5 6 30 8 7 1 4 13 57 63
44 45 46 43 42 34 18 19 10 54 29 9 63 53 60 37 17 49 1 0 41 50 52 48 38 47 33 30 26 8 55 24 21 14 16 59 20 61 40 51 13 2 3 6 5 39 57 58 56 11 31 4 7 25 62 23 12 22 15 32
44 45 46 54 37 47 26 19 21 18 30 43 55 17 53 29 34 61 10 31 60 59 63 25 16 13 14 12 24 20 39 7 3 42 51 52 33 8 0 49 23 4 56 2 5 11 9 1 50 58 38 15 6 41 32 22 48 40 62 57
37 43 42 45 53 54 51 34 19 20 21 61 41 12 29 26 11 50 49 58 17 33 3 48 25 52 56 9 8 57 24 22 38 18 10 31 30 4 63 16 13 44 47 32 5 23 40 0 1 2 60 55 14 39 15 59 62 7 6 46
19 20 21 18 17 12 37 45 4 29 54 14 46 43 7 13 22 5 51 34 30 26 11 9 41 63 62 31 0 6 39 8 38 1 2 42 15 52 25 16 33 49 53 23 50 58 10 40 57 3 24 55 44 59 60 61 47 56 48 32
44 45 26 34 41 43 42 25 51 17 16 19 11 50 54 33 9 12 5 40 57 8 32 1 48 58 2 56 49 10 0 24 59 29 37 30 18 3 21 38 31 63 4 22 14 20 53 47 52 7 46 23 55 61 62 39 60 13 6 15
37 43 26 17 25 33 8 38 42 29 39 44 41 47 30 18 55 24 50 51 46 20 19 9 40 11 34 45 12 58 57 21 52 61 1 32 53 23 3 56 10 2 13 16 49 22 14 31 15 0 59 4 5 60 6 7 62 54 63 48
19 20 45 18 9 17 11 4 13 44 3 10 53 52 37 43 25 16 60 8 0 62 5 34 46 21 29 12 24 6 7 14 41 47 50 42 2 59 54 26 55 48 23 38 58 30 31 63 49 22 39 15 33 40 51 1 32 61 56 57
19 34 45 20 26 44 41 18 9 46 29 17 42 0 54 38 25 52 30 47 60 63 11 31 16 33 8 51 58 49 22 37 12 4 55 24 21 10 53 15 3 62 48 43 32 50 56 2 23 39 57 13 1 40 59 61 14 7 5 6
37 45 44 43 50 29 38 47 22 20 18 42 51 34 54 57 49 15 31 9 33 56 11 59 52 39 25 41 40 58 60 32 24 12 19 2 30 16 5 10 48 61 3 26 21 53 17 14 55 1 8 4 23 7 6 46 13 63 0 62
26 20 29 38 37 34 46 54 44 45 12 4 39 31 55 25 18 11 24 43 42 33 23 16 62 51 13 53 10 63 52 32 22 15 50 61 60 41 40 47 8 21 30 19 17 49 59 48 57 58 14 0 6 5 2 9 1 3 56 7
19 34 45 21 33 26 17 44 29 20 14 32 41 46 11 7 37 30 54 25 16 49 18 8 43 13 31 23 48 12 22 52 40 42 55 56 61 51 0 3 6 60 57 39 58 5 38 9 4 47 53 24 15 62 1 59 10 63 2 50
37 29 18 46 38 47 39 44 21 31 52 19 11 10 2 60 53 45 55 13 5 43 23 22 42 26 20 12 3 62 51 30 34 58 15 1 59 33 54 61 32 4 50 14 6 49 41 40 24 57 17 9 25 7 48 8 0 16 56 63
19 20 45 44 29 46 12 26 42 5 17 21 11 37 52 33 13 34 25 3 53 61 43 60 40 16 55 18 24 41 38 39 62 54 22 30 6 15 4 32 47 14 51 58 23 48 7 63 59 50 49 31 57 56 9 2 10 1 0 8
37 29 19 43 45 26 20 11 30 44 51 46 25 38 55 17 12 59 47 22 9 23 10 4 53 3 5 62 34 13 58 33 40 42 6 8 61 32 2 39 63 24 14 54 16 60 50 48 1 49 18 31 21 7 15 52 41 57 56 0
37 45 53 54 26 38 46 29 21 20 19 25 30 42 18 52 43 31 63 12 34 41 10 44 62 47 14 11 17 8 50 60 3 1 48 57 24 5 39 9 58 61 51 40 49 32 2 56 13 7 33 16 22 15 59 23 0 4 6 55
44 45 46 54 62 34 26 63 33 47 37 18 10 61 53 25 16 38 17 52 60 24 39 31 55 8 32 19 9 11 3 41 23 2 29 15 50 59 51 21 30 42 43 49 20 12 13 14 40 4 7 48 57 5 1 0 58 22 6 56
44 43 50 37 30 57 42 38 19 52 53 20 12 22 23 29 14 11 46 55 58 49 40 47 56 45 54 61 60 62 34 5 51 6 21 26 3 15 18 2 31 13 1 25 4 10 63 48 16 41 39 32 33 0 24 17 8 59 7 9
26 18 10 20 37 25 21 22 19 29 17 11 30 31 13 2 12 43 3 46 33 14 1 34 55 16 39 40 23 38 15 7 47 6 51 42 44 63 8 52 60 0 9 54 24 53 45 58 41 5 4 32 61 59 57 50 49 62 48 56
44 45 37 29 46 42 26 51 21 54 58 22 33 38 47 19 63 55 30 53 23 34 11 14 15 32 41 39 40 18 61 10 31 12 24 52 5 3 13 20 9 2 43 8 0 59 50 17 62 57 16 25 4 6 1 7 60 56 49 48
44 29 20 45 19 52 53 18 37 11 22 30 10 54 60 15 55 43 21 61 12 4 23 47 13 2 50 34 1 63 9 17 24 0 41 46 39 59 38 31 3 62 51 42 26 40 8 14 5 6 7 16 49 32 58 57 48 56 25 33
26 20 29 22 45 34 18 44 30 38 42 46 31 41 11 50 48 12 15 14 59 17 16 2 47 40 43 54 4 9 1 8 10 52 32 57 37 33 25 19 13 3 53 0 60 51 61 62 58 5 23 24 21 6 56 49 55 63 39 7
26 34 45 20 12 18 25 13 33 43 6 17 9 16 50 40 41 10 11 24 42 1 8 52 51 2 0 44 3 37 48 4 38 60 29 49 21 30 32 22 14 15 56 54 46 31 59 19 63 58 47 39 61 62 55 53 23 7 5 57
26 20 13 18 29 22 45 54 10 25 37 4 53 52 24 11 15 34 43 44 63 46 62 31 21 51 60 17 12 16 30 3 23 59 32 14 19 38 55 2 7 5 8 33 41 48 1 6 58 61 42 49 56 57 50 0 39 40 47 9
19 20 37 44 13 12 5 6 52 34 14 22 7 45 21 4 23 11 10 38 26 60 3 17 46 54 41 2 18 30 8 48 62 1 59 58 43 63 0 55 33 25 40 15 42 49 29 24 32 50 9 53 57 61 16 47 56 31 39 51
19 20 13 12 45 44 5 4 37 26 43 34 11 22 41 2 18 6 14 25 10 42 9 17 29 16 24 23 15 54 1 50 53 40 51 32 49 57 55 52 33 31 3 21 30 38 47 63 7 61 62 46 56 48 58 60 39 59 8 0
37 45 53 29 21 22 30 31 39 46 26 34 42 44 38 20 43 61 47 55 15 41 62 23 52 54 33 60 13 5 6 17 14 4 59 11 18 24 49 12 2 57 8 51 32 9 10 3 56 25 63 7 58 0 19 50 16 48 1 40
26 20 29 18 37 38 22 44 53 34 47 39 11 62 43 52 45 4 41 55 9 10 61 59 25 21 13 24 63 48 17 30 23 6 12 16 51 14 33 0 8 54 46 42 19 5 40 60 58 50 49 32 56 57 7 15 31 2 1 3
19 18 37 29 21 20 10 43 12 11 26 38 45 14 4 30 31 34 50 3 44 17 8 51 7 23 9 22 59 24 42 47 2 25 39 52 33 1 53 58 55 63 15 0 41 46 13 54 16 49 56 48 32 6 60 61 5 40 57 62
26 34 42 33 24 50 58 18 20 12 13 14 44 45 6 41 48 52 22 15 4 30 31 11 2 10 9 29 60 0 46 54 37 43 38 40 51 32 63 61 16 53 59 39 55 49 57 25 56 23 17 5 3 7 21 8 1 47 19 62
26 20 13 25 21 12 34 33 29 19 44 45 24 37 5 52 40 6 43 18 60 30 46 11 31 53 4 23 7 32 15 39 22 10 9 50 54 1 42 48 58 62 55 38 47 17 0 16 8 3 2 61 63 49 56 57 51 59 14 41
26 18 10 29 37 44 21 38 19 22 52 34 46 9 8 2 39 11 20 30 1 51 41 42 17 53 12 40 49 57 62 43 14 7 59 0 56 16 45 5 4 13 3 15 24 25 32 47 33 60 23 48 61 50 58 54 31 63 55 6
26 34 44 18 25 20 19 52 33 10 13 43 60 41 48 16 24 32 50 53 46 42 2 58 49 37 17 3 51 57 45 29 40 6 59 56 30 47 1 23 11 54 62 0 38 12 22 31 9 21 5 14 39 8 15 55 61 4 63 7
19 20 21 34 45 13 43 18 25 54 11 50 52 22 23 31 5 33 41 14 37 42 29 44 15 9 57 30 46 2 17 24 3 60 62 49 0 47 61 58 53 7 32 26 48 38 6 16 12 56 59 63 10 51 1 4 39 8 55 40
19 18 44 29 22 20 11 45 21 12 13 23 43 30 25 5 15 51 50 49 38 26 4 24 52 10 59 39 57 7 33 14 42 40 2 53 17 41 56 58 32 3 6 16 60 34 8 47 48 9 0 46 1 37 62 61 31 63 54 55
26 18 19 34 43 44 45 53 61 29 52 10 17 24 8 16 25 41 42 46 38 30 31 60 59 51 54 47 49 50 57 21 13 33 62 0 2 22 39 3 20 58 9 6 23 11 4 15 1 63 55 32 7 14 37 56 40 12 5 48
19 18 37 11 3 20 10 44 29 12 51 22 30 4 45 43 5 53 52 1 14 58 26 13 50 25 33 23 38 39 24 17 9 21 62 7 46 42 15 59 49 16 54 6 34 56 48 63 31 61 47 41 32 2 55 57 40 60 8 0
37 43 26 19 34 45 51 33 29 30 21 38 53 12 10 20 23 1 11 31 32 2 18 44 39 41 14 61 52 9 46 54 50 59 3 57 60 48 25 24 62 40 0 5 17 4 58 55 63 8 22 42 6 47 56 15 7 13 16 49
19 18 44 20 9 52 29 0 60 37 26 51 53 45 11 21 50 34 25 59 58 2 42 17 13 12 3 14 43 46 22 24 30 5 61 23 32 62 1 40 7 49 39 55 57 56 48 8 16 6 4 33 31 15 41 47 38 54 63 10
37 29 22 46 38 30 20 15 34 45 47 43 54 26 52 51 50 13 11 55 18 62 44 25 63 61 31 49 6 9 33 41 32 39 59 60 0 16 19 48 24 2 3 17 21 42 12 4 56 40 8 58 57 53 1 23 5 14 7 10
26 34 41 20 29 21 43 25 17 48 42 30 22 14 24 37 31 50 44 49 13 38 40 32 58 19 12 16 45 3 18 53 54 47 56 61 15 7 6 57 39 33 11 8 52 10 55 63 2 4 0 1 9 51 62 46 60 59 5 23
44 43 26 45 52 29 46 54 37 19 63 33 25 24 18 61 10 47 53 1 55 17 42 62 21 51 49 20 59 14 39 58 60 38 22 50 31 23 57 48 12 4 8 16 7 0 56 6 2 13 41 3 40 34 15 30 5 32 9 11
19 18 17 20 37 43 42 16 51 44 10 38 52 29 26 49 24 9 8 59 39 30 46 11 21 14 2 0 53 32 12 23 25 61 7 45 41 31 54 5 22 1 58 33 40 56 60 55 6 48 34 63 4 13 15 57 3 50 47 62
19 34 44 20 21 14 37 13 18 17 43 42 26 25 12 46 49 50 30 51 6 56 8 16 57 33 24 11 7 52 4 29 10 15 60 53 40 58 61 2 3 45 62 41 1 5 38 22 31 54 32 9 23 47 48 39 59 63 55 0
26 34 45 21 41 25 20 37 44 53 43 42 22 13 19 12 50 52 60 51 38 57 33 59 54 49 58 29 62 63 48 15 30 31 6 14 5 4 17 9 46 61 8 39 47 18 24 55 23 16 3 40 56 0 32 11 1 10 7 2
37 45 19 20 53 42 34 41 12 29 49 4 26 33 13 14 32 44 43 52 50 57 60 48 40 24 22 21 25 23 11 18 7 15 17 30 16 9 3 62 58 10 39 54 61 51 59 5 0 2 55 1 6 31 63 8 56 46 47 38
44 29 22 45 37 30 46 15 20 43 31 13 42 38 23 39 21 51 52 14 60 61 59 58 7 19 34 26 12 41 48 3 4 6 2 5 47 1 49 33 18 9 0 54 32 53 50 25 55 56 24 17 8 62 11 10 40 57 63 16
44 29 21 45 37 13 18 43 53 42 26 34 51 9 41 48 25 61 62 52 46 55 20 11 12 16 24 58 6 3 4 38 39 31 0 32 54 19 59 33 17 2 49 63 50 47 10 5 8 56 14 1 22 23 40 57 7 30 15 60
19 20 29 22 45 18 12 37 38 30 26 4 14 31 5 46 13 52 47 34 9 6 42 49 21 17 11 0 39 10 7 23 3 55 56 44 59 53 33 50 2 40 25 48 15 51 8 1 24 16 32 41 61 60 54 58 43 57 63 62
37 29 18 42 20 26 21 30 23 10 19 12 4 14 34 45 44 11 50 58 33 25 46 55 9 24 47 53 13 5 38 43 60 22 41 31 16 52 32 8 0 15 61 59 54 17 1 62 57 40 48 3 2 49 6 56 7 51 63 39
19 20 13 26 21 43 33 11 34 18 10 14 45 1 50 51 15 29 44 32 4 46 38 30 52 57 49 41 54 53 9 3 12 55 59 60 25 5 61 7 31 23 6 8 22 39 63 24 17 16 0 58 48 2 56 62 47 37 42 40
19 18 44 45 17 9 1 11 46 34 20 12 43 25 13 14 21 22 41 42 37 51 10 54 4 38 31 53 59 52 32 60 49 23 30 56 58 40 48 16 62 0 6 29 33 47 39 2 3 15 5 63 55 26 50 8 7 57 61 24
26 34 45 18 33 44 42 29 10 9 52 43 21 13 20 32 51 54 24 2 0 41 11 60 38 12 59 47 50 16 6 46 37 25 55 61 31 22 23 30 14 63 19 53 4 58 39 1 8 3 49 17 62 48 56 5 40 15 57 7
37 29 22 30 19 45 31 21 38 47 20 14 39 42 13 26 55 6 43 12 53 61 25 15 41 23 4 46 52 44 10 5 54 49 7 62 51 17 33 24 56 1 34 57 48 11 50 40 32 60 3 2 59 18 9 16 8 0 58 63
19 20 29 18 44 43 9 52 11 3 60 17 42 37 38 21 14 46 2 1 26 4 30 33 24 47 22 45 12 31 8 59 53 41 39 7 50 62 55 23 61 63 13 58 40 49 15 16 34 5 56 51 0 10 6 54 25 48 57 32
19 18 37 20 9 17 25 46 29 45 53 32 21 44 54 30 52 26 38 1 34 51 43 60 8 47 39 63 33 24 50 61 62 55 42 31 0 58 2 49 56 41 22 13 40 57 23 15 6 5 14 10 59 11 4 48 3 12 16 7
26 18 37 25 9 11 24 34 33 42 41 45 50 58 49 32 51 59 17 16 53 48 56 40 8 43 44 0 60 61 10 46 57 2 3 1 62 19 29 54 47 4 12 63 20 21 14 38 30 55 5 52 13 31 39 23 15 22 6 7
26 20 45 34 29 38 13 37 47 19 42 21 14 54 44 51 52 22 30 5 50 25 18 41 11 23 24 9 4 58 15 16 17 39 31 6 43 2 49 46 61 60 0 12 10 48 32 40 55 62 33 1 56 3 8 7 63 57 53 59
37 29 22 44 26 30 52 51 38 17 58 53 42 60 62 33 8 54 49 23 46 20 40 56 13 24 43 12 45 10 59 21 31 34 4 15 50 63 61 41 47 55 19 11 3 18 57 39 2 1 14 7 48 9 32 6 0 25 5 16
26 20 21 18 44 22 14 6 9 42 13 52 60 34 50 41 32 37 7 53 19 48 62 12 29 30 46 43 23 10 11 61 40 57 58 3 5 45 33 15 2 24 4 0 51 17 56 63 16 31 39 49 54 38 47 1 25 55 59 8
44 45 46 34 18 21 33 52 43 50 37 29 19 54 62 47 13 10 57 32 53 38 2 55 11 20 30 9 42 22 8 49 51 4 26 12 6 25 56 59 17 16 40 63 58 48 5 1 3 31 14 0 60 7 15 23 39 24 41 61
26 18 10 43 45 19 50 51 52 17 11 20 9 1 0 3 8 44 4 42 34 12 2 54 13 41 38 16 63 46 24 21 22 30 33 49 31 57 56 48 47 60 61 58 39 53 59 14 29 32 15 5 62 6 7 37 40 25 55 23
19 20 29 22 45 44 13 34 52 26 31 43 33 54 41 60 50 51 63 49 42 10 11 25 40 38 9 37 58 57 56 2 3 1 59 16 8 39 21 30 48 17 18 15 53 12 23 62 5 4 61 32 24 14 7 6 0 46 47 55
44 29 22 30 38 45 21 34 46 54 42 47 26 52 53 31 55 60 39 62 61 13 37 49 63 18 43 50 5 59 51 20 17 4 15 16 25 23 58 6 14 7 41 40 11 57 48 56 8 9 10 32 2 12 24 33 19 0 3 1
44 43 34 41 51 52 50 49 60 29 25 33 59 53 45 61 19 42 62 46 20 11 18 9 40 32 47 54 10 39 22 37 56 57 2 15 21 12 17 14 58 30 0 38 23 13 26 55 5 8 3 16 48 4 31 6 24 1 7 63
37 29 20 11 22 45 44 21 38 43 51 47 26 42 13 5 41 12 19 59 3 52 14 23 15 10 18 25 32 40 49 34 60 2 4 16 54 17 31 56 6 39 58 61 9 57 30 7 48 0 8 33 53 62 50 46 55 63 24 1
44 45 46 29 21 54 19 13 37 43 53 42 34 52 59 60 63 11 20 38 3 10 31 12 61 33 4 47 22 18 39 23 17 14 30 2 6 62 5 7 1 9 41 0 26 40 49 50 48 51 25 24 55 58 57 56 8 16 32 15
26 18 19 20 11 42 44 2 45 54 29 43 10 21 4 17 25 9 13 38 51 58 8 24 63 12 32 22 34 5 41 48 30 37 15 31 53 16 33 49 23 61 50 55 47 3 56 39 46 7 0 52 6 1 59 60 14 57 40 62
26 34 44 18 41 45 17 42 46 48 49 16 40 20 12 50 59 33 8 29 19 25 58 51 43 5 57 53 56 47 38 13 52 37 21 9 62 30 10 11 39 2 22 23 4 60 32 3 54 55 6 0 63 24 1 31 14 7 15 61
19 20 45 26 21 12 34 44 29 54 37 18 52 38 63 43 9 61 11 10 22 25 51 53 33 30 2 59 16 17 13 40 46 32 24 5 6 15 62 31 42 3 47 55 60 49 41 7 56 58 48 1 0 50 14 23 4 39 8 57
26 20 29 34 42 38 44 45 19 41 40 11 37 48 30 46 12 23 39 25 53 51 21 32 43 52 3 10 17 14 58 49 22 59 60 47 18 62 16 9 50 1 2 15 55 13 56 24 6 61 54 31 63 4 5 8 33 57 7 0
19 34 41 21 29 37 46 20 30 48 22 13 5 23 11 38 44 6 15 53 39 47 55 14 31 2 18 43 60 54 12 10 62 17 50 42 3 58 57 7 59 4 40 49 16 63 25 51 1 24 56 61 32 0 33 45 52 9 8 26
37 43 18 19 50 38 46 29 39 47 11 9 30 51 26 3 42 57 58 34 56 33 52 45 44 61 17 59 53 20 31 16 55 62 24 23 21 13 10 63 60 25 12 5 8 0 6 7 32 1 2 22 41 40 49 54 15 14 4 48
26 18 44 25 9 10 17 45 11 2 46 54 62 4 19 43 32 16 42 37 0 55 30 49 20 29 8 38 22 23 12 14 31 1 15 24 13 53 3 40 51 59 34 6 50 57 61 21 56 48 52 5 63 60 58 33 41 47 39 7
26 20 29 22 37 45 46 34 21 44 19 18 12 13 25 47 15 33 10 17 30 5 52 31 53 54 24 62 51 8 39 14 55 3 11 4 42 38 16 32 41 43 2 40 23 7 6 1 63 59 50 57 58 9 48 60 56 49 61 0
19 34 43 18 37 38 46 29 25 41 39 20 11 30 23 10 9 45 44 52 21 1 61 26 48 8 2 55 53 42 16 47 50 24 51 17 54 22 63 59 60 40 14 7 33 3 6 62 49 5 12 13 58 32 0 15 4 31 56 57
19 18 26 20 12 42 21 10 11 4 49 30 14 33 39 29 3 31 13 44 24 47 9 25 52 43 2 61 38 1 60 17 0 15 7 59 51 45 23 37 54 40 32 8 34 56 6 22 16 58 46 55 48 62 63 41 5 57 50 53
44 29 18 52 30 34 41 22 14 26 25 17 37 42 51 60 16 20 19 24 49 31 43 38 12 13 59 6 61 40 53 10 48 58 39 5 32 62 56 45 8 47 2 9 11 3 0 33 46 55 15 54 23 7 63 50 57 4 21 1
26 20 45 25 19 10 17 9 13 44 18 12 11 46 34 41 37 30 2 6 52 4 29 60 55 21 38 31 48 1 16 32 33 3 39 40 43 0 5 8 7 50 49 24 23 47 51 59 61 56 58 14 42 22 15 63 54 53 57 62
19 20 13 42 44 37 45 53 52 43 46 60 49 26 61 21 17 41 14 29 33 62 38 31 50 54 34 11 47 32 40 10 63 57 12 39 22 7 9 30 58 1 6 8 24 55 25 3 4 18 56 16 0 48 59 23 51 15 5 2
19 34 41 21 45 10 29 37 13 54 63 30 31 46 44 26 42 50 1 53 43 20 52 38 59 14 33 57 39 5 12 61 7 23 58 60 18 4 15 55 3 47 6 17 25 40 22 51 9 2 32 16 24 48 62 0 56 49 11 8
37 43 18 21 51 44 45 46 30 52 29 38 14 58 39 31 60 47 50 23 59 9 53 5 55 20 22 54 19 34 25 63 26 11 57 33 13 16 24 42 3 6 17 12 0 10 15 32 40 1 41 2 62 61 8 7 48 49 4 56
37 43 50 51 26 29 44 30 53 57 46 25 22 62 20 15 58 13 34 52 56 55 21 33 5 14 41 11 38 12 54 48 49 61 32 42 7 19 17 18 9 16 40 39 10 45 47 4 6 2 0 31 1 3 8 63 24 59 60 23
37 45 19 18 53 43 17 11 34 41 26 46 21 20 50 61 10 59 38 25 12 29 44 22 62 31 54 4 3 63 42 16 55 1 48 49 24 8 47 52 9 40 32 39 5 2 30 23 15 33 13 6 51 58 14 57 56 7 60 0
19 20 13 18 44 45 26 12 5 10 2 17 21 6 14 37 16 43 52 61 42 1 30 3 54 46 29 39 23 38 55 62 63 7 15 53 47 4 31 34 22 51 11 41 60 25 33 58 50 8 40 48 56 49 0 59 57 32 9 24
37 29 21 43 42 22 19 26 33 46 30 23 39 20 44 38 55 50 12 25 47 51 17 41 31 63 34 45 53 10 1 14 60 61 58 16 15 11 3 52 49 40 48 24 62 2 6 57 13 56 54 59 32 18 9 4 5 8 0 7
19 20 29 38 45 18 10 26 17 25 22 44 34 1 13 52 53 30 33 24 47 21 12 14 15 37 16 40 60 51 39 5 54 43 50 9 6 61 32 23 7 4 8 0 59 63 11 57 62 46 31 3 2 58 42 41 55 49 48
37 43 18 38 45 53 46 9 60 29 44 62 19 39 0 20 31 23 30 10 50 21 61 17 34 57 54 41 22 15 63 55 12 47 7 5 13 14 3 4 1 42 25 52 49 48 59 26 51 2 40 33 11 32 6 16 58 8 24 56
37 45 53 29 18 26 21 54 25 9 10 20 63 30 31 22 12 38 39 19 11 61 44 17 15 55 1 8 47 3 2 4 34 0 13 43 52 41 24 51 48 5 58 50 46 23 60 32 59 7 14 42 40 57 49 6 16 33 62 56
19 18 37 45 26 20 53 54 21 33 11 52 44 34 61 2 32 41 50 43 9 12 59 57 55 17 42 63 3 22 16 0 23 8 1 38 39 48 49 62 47 24 10 46 58 51 60 14 29 15 5 7 13 25 31 30 56 4 6 40
44 45 46 43 42 52 53 20 37 38 54 49 19 47 51 62 55 21 12 60 30 14 39 10 26 18 58 50 40 56 48 22 7 61 29 34 25 6 11 9 23 31 41 15 63 4 59 13 3 57 17 1 5 16 24 8 33 2 0 32
26 18 10 43 42 25 32 24 37 45 54 40 44 53 51 49 33 29 52 60 61 11 9 62 20 50 30 22 41 31 46 0 17 3 34 63 57 19 15 38 59 56 48 21 14 16 12 58 1 23 4 5 55 7 39 8 6 13 2 47
37 29 20 13 30 45 12 22 6 38 39 4 23 46 14 34 33 19 53 5 10 54 62 43 42 21 44 26 18 52 61 25 17 24 3 11 16 63 55 8 9 51 2 31 50 57 41 58 59 0 1 48 15 47 49 7 56 40 32 60
19 20 21 34 44 14 43 37 22 11 29 52 41 26 2 23 50 38 18 51 47 12 13 39 60 3 15 30 58 33 42 49 48 59 32 56 57 6 5 45 53 61 31 54 62 17 16 24 7 4 55 40 46 63 25 8 9 1 10 0
44 29 20 45 46 13 30 52 43 34 18 19 33 47 51 25 54 58 17 22 53 16 10 32 42 63 61 11 39 50 41 59 57 56 26 38 12 3 55 9 1 0 31 62 8 60 14 40 4 15 24 21 49 23 2 37 48 6 7 5
26 18 37 34 19 44 43 38 41 11 25 50 3 33 53 16 45 49 39 20 29 46 42 51 40 13 47 2 58 56 6 62 60 24 9 52 10 31 12 4 21 17 32 48 57 59 23 0 8 5 30 1 22 55 54 7 63 61 14 15
26 18 10 20 37 42 29 44 34 46 53 51 12 17 25 2 55 62 60 21 43 30 11 3 59 58 31 61 8 33 9 22 52 13 19 38 39 50 45 54 6 14 63 1 0 47 57 49 23 15 41 24 16 48 4 5 32 40 56 7
26 18 19 34 43 29 37 38 44 50 33 52 53 25 60 61 30 41 62 12 42 54 58 45 32 22 49 46 20 59 10 63 16 40 39 21 4 17 55 11 51 5 8 47 23 3 2 31 6 15 13 9 24 48 57 14 7 56 1 0
19 34 44 20 12 11 42 37 41 33 30 46 25 13 21 43 52 49 6 29 3 26 45 16 24 22 47 2 8 60 15 5 53 17 10 31 51 9 18 58 4 61 50 55 40 57 63 32 48 56 0 7 23 14 54 62 38 1 59 39
19 34 44 20 33 18 9 37 38 26 10 45 12 42 51 40 53 0 41 4 5 43 29 22 8 16 3 60 17 30 11 13 31 6 50 2 46 49 24 25 59 23 61 54 47 15 7 58 48 56 21 63 1 14 55 39 57 62 52 32
19 34 43 52 33 18 26 11 12 42 25 13 49 50 44 16 58 29 61 40 3 10 24 51 20 21 8 53 2 56 4 32 48 0 59 60 62 37 6 57 46 9 41 17 45 63 1 30 14 54 55 15 5 38 39 31 22 47 23 7
37 43 26 29 42 19 21 17 44 53 25 14 34 30 52 50 20 49 11 61 8 10 60 16 57 45 38 12 41 46 39 24 22 56 32 48 62 59 6 54 47 31 58 33 1 51 23 7 9 55 5 3 4 15 2 13 18 63 40 0
19 20 29 18 44 37 45 52 26 17 9 21 59 0 11 53 25 13 43 42 46 34 51 39 8 60 10 38 6 50 49 48 62 2 55 32 22 12 57 33 24 14 30 31 7 47 15 63 54 58 4 56 41 61 3 40 1 23 5 16
44 29 22 30 20 13 19 15 6 26 33 25 38 46 34 41 37 11 12 14 39 53 55 42 5 45 48 54 62 4 10 47 32 23 52 9 21 24 40 7 49 51 8 43 16 2 50 63 31 56 57 3 58 59 0 18 17 61 1 60
19 18 44 43 9 53 50 51 52 37 42 20 13 12 21 10 11 58 45 4 5 6 29 3 54 33 41 46 34 17 47 30 16 55 25 38 60 8 31 39 2 40 62 1 24 61 59 23 22 63 26 57 48 14 32 49 15 7 0 56
19 34 41 21 45 44 29 33 52 20 25 30 22 53 54 13 42 37 38 47 18 14 51 60 23 26 39 24 49 48 59 50 32 11 3 58 6 62 55 31 16 46 61 2 57 63 12 4 17 15 5 7 10 43 9 1 40 56 0 8
37 29 20 11 19 45 22 38 21 15 30 18 14 34 10 13 17 39 42 31 44 51 23 9 5 6 58 16 3 49 1 4 25 0 12 60 54 26 7 53 46 33 56 55 63 50 24 32 61 43 41 48 57 52 8 62 59 2 47 40
44 45 26 52 60 43 34 20 54 17 12 46 38 51 25 16 59 29 21 42 30 63 49 22 41 3 14 40 8 0 39 33 47 7 48 19 18 31 37 61 55 11 24 32 5 50 10 58 53 4 9 6 2 62 15 1 13 56 57 23
37 29 20 13 26 44 53 52 51 42 43 38 12 60 41 4 30 33 11 54 59 17 24 21 46 10 61 19 5 23 39 58 22 40 3 25 47 62 18 9 1 34 50 45 2 14 7 6 32 16 55 57 31 49 56 48 8 63 0 15
19 18 26 34 41 11 44 45 10 25 17 29 12 1 24 16 3 52 8 4 5 13 30 2 20 37 22 32 53 21 33 43 61 31 0 23 15 7 40 38 47 14 39 48 42 46 55 63 56 51 9 62 50 60 59 58 54 57 49 6
44 43 42 51 34 37 19 25 41 20 52 53 62 18 16 49 13 50 38 46 48 12 29 6 9 21 11 56 26 60 57 10 45 30 33 32 14 40 61 58 22 4 54 31 5 47 39 55 23 15 59 8 17 24 0 63 1 2 7 3
44 43 50 29 26 52 19 10 22 42 12 25 51 58 24 11 9 5 20 33 57 1 49 3 18 48 2 8 17 37 45 15 59 60 16 32 38 54 21 56 13 39 63 14 40 53 46 55 0 30 41 34 4 7 23 31 6 62 47 61
26 20 29 18 37 43 9 34 12 0 42 41 51 59 49 25 17 33 19 5 1 38 45 21 50 53 24 2 48 32 57 44 13 6 52 56 4 60 30 16 8 14 40 31 47 58 61 11 10 46 62 3 15 63 54 23 39 55 7 22
37 45 44 43 54 30 34 63 20 12 51 26 19 42 29 58 21 13 31 11 25 33 46 55 2 24 6 10 4 14 41 39 38 18 22 40 47 7 15 5 16 23 62 8 9 32 49 3 50 53 60 59 52 48 61 1 57 56 17 0
44 43 26 29 37 45 51 50 30 59 46 34 57 19 42 23 38 33 18 58 60 20 31 22 32 39 53 52 15 13 41 40 49 62 6 56 61 54 63 10 2 11 47 21 48 5 24 1 14 7 9 17 4 12 0 8 3 25 16 55
19 20 45 44 37 46 53 18 11 54 55 4 3 38 30 47 26 10 5 33 12 62 42 31 9 17 25 22 24 43 52 59 14 41 51 13 6 0 29 16 8 2 39 15 21 34 48 63 23 61 7 60 1 40 50 32 49 56 58 57
19 34 45 11 42 54 44 29 3 43 21 41 49 57 52 59 37 14 63 53 33 20 51 61 62 10 30 2 46 25 40 60 18 39 26 38 22 4 17 15 6 13 50 23 58 32 7 31 47 9 0 55 56 16 8 24 12 5 1 48
26 34 41 21 43 33 44 52 25 16 42 32 14 49 53 20 40 48 56 45 24 17 37 30 39 50 13 54 10 8 61 57 29 60 51 6 63 15 11 38 19 1 47 18 2 46 62 22 9 58 55 0 59 12 31 23 4 5 7 3
37 29 19 43 45 11 50 38 18 21 3 51 59 53 30 34 25 10 12 22 9 20 15 33 61 23 41 52 13 54 31 39 63 1 46 14 44 17 16 24 26 62 55 42 40 7 8 48 56 47 32 57 49 58 2 60 6 0 4 5
37 29 19 26 20 11 3 18 30 43 42 2 9 17 1 31 50 51 34 45 10 0 12 4 22 58 33 21 54 13 59 40 46 55 38 63 8 39 5 53 14 52 41 15 32 24 23 7 44 16 61 6 47 49 56 25 60 62 48 57
26 20 29 34 42 30 19 25 33 11 24 32 41 16 21 43 12 14 39 13 6 49 22 18 5 15 51 52 48 38 50 57 4 44 40 60 46 17 59 7 2 3 37 53 54 58 10 55 8 47 61 62 56 45 63 31 23 9 0 1
26 20 13 12 37 25 11 4 19 29 18 43 17 3 32 16 9 24 34 0 21 10 1 40 8 30 2 46 51 44 5 42 23 31 48 52 41 6 53 15 22 33 45 59 49 38 54 57 60 63 58 62 61 56 55 39 47 14 50 7
44 29 21 13 19 43 51 50 37 26 17 42 57 46 34 58 59 41 20 45 33 18 32 8 47 55 25 53 30 38 62 61 6 40 49 39 23 52 22 11 54 12 4 10 9 60 31 3 5 16 14 1 2 24 0 63 48 7 15 56
37 29 21 30 20 44 19 13 22 34 31 10 45 53 26 23 42 39 38 47 52 60 61 25 11 2 18 46 24 33 55 17 54 50 51 58 41 43 9 32 3 4 15 62 16 8 49 12 63 40 59 57 0 1 14 7 6 5 56 48
19 34 43 52 44 20 51 50 59 11 53 60 57 42 26 41 61 37 21 17 49 22 8 48 58 54 40 29 38 18 14 33 56 13 3 30 55 4 2 15 6 31 12 39 23 45 5 63 7 16 46 0 62 47 24 32 9 1 25 10
44 29 18 43 37 45 54 53 30 19 20 55 52 61 26 23 31 21 38 51 60 39 22 59 63 25 50 42 46 57 49 11 24 48 62 33 56 15 17 13 2 9 58 34 0 3 12 41 16 10 14 1 32 7 47 6 8 4 5 40
37 45 53 38 29 52 47 22 59 43 20 54 61 63 50 57 44 62 51 13 42 34 21 14 26 18 5 39 12 4 31 46 33 58 10 24 23 30 41 6 56 55 40 15 7 19 3 32 16 48 11 9 8 60 17 1 2 49 0 25
37 45 44 29 54 43 30 52 26 19 59 21 51 60 61 22 11 50 14 38 34 13 4 31 39 20 53 2 41 6 58 25 18 48 23 63 55 47 7 49 42 9 10 33 12 3 56 5 24 17 8 46 40 32 1 16 62 15 57 0
26 20 21 34 42 29 13 25 18 5 38 37 14 43 24 12 52 15 3 47 7 50 45 59 51 16 57 41 6 11 49 32 53 54 39 56 40 22 44 33 2 61 30 19 48 58 55 46 9 17 8 31 23 0 10 1 4 63 62 60
26 18 44 34 9 53 25 17 33 10 62 42 43 40 32 0 49 58 2 3 56 45 11 1 37 54 19 20 55 29 12 51 22 30 8 50 38 47 39 21 57 15 13 52 14 4 60 24 59 7 6 5 46 41 16 23 48 61 63 31
37 29 18 44 19 45 52 9 17 51 53 34 50 61 62 21 60 43 26 58 13 38 46 22 1 59 54 8 41 4 5 49 33 55 39 31 23 32 57 15 48 12 47 20 7 42 11 10 25 6 3 40 24 0 30 16 14 56 63 2
37 43 34 45 44 41 42 51 18 50 46 20 26 47 59 38 25 58 32 33 55 49 30 63 54 16 40 24 53 60 17 10 56 29 19 11 21 22 1 52 62 9 39 48 4 12 31 23 57 61 13 14 6 5 3 7 15 2 0 8
26 20 21 34 19 17 41 14 25 12 29 38 42 18 11 49 43 9 57 3 5 24 30 50 46 4 44 39 37 45 13 10 8 40 16 6 15 22 52 55 32 47 51 58 59 54 31 33 23 7 62 1 2 0 48 60 61 63 53 56
37 43 18 29 42 38 51 19 30 20 46 49 34 47 41 44 45 53 54 50 21 52 48 25 39 26 24 31 33 23 22 16 32 57 58 61 56 40 60 59 63 15 14 11 62 5 17 55 3 8 9 0 6 12 7 2 4 13 10 1
19 20 37 18 10 45 44 29 38 11 2 52 17 3 54 25 59 30 31 21 12 26 42 5 4 43 46 23 34 50 58 63 15 39 62 9 53 47 55 1 16 7 22 24 8 13 32 33 51 41 40 61 14 6 60 48 0 49 56 57
44 43 26 19 42 33 18 53 45 10 62 49 1 46 34 61 50 51 52 21 58 60 59 2 37 11 32 54 14 7 3 40 38 24 17 9 29 55 47 39 48 12 16 0 5 8 20 4 23 22 30 6 41 63 25 15 13 31 57 56
19 34 44 53 33 20 45 10 52 42 43 26 54 51 12 37 18 13 21 32 50 61 62 63 5 49 57 4 30 29 3 11 41 40 25 14 38 56 6 46 17 23 22 2 48 15 31 47 7 24 16 9 55 58 0 8 1 39 60 59
37 43 42 45 26 18 51 59 10 9 44 30 0 41 54 21 52 53 29 22 62 25 13 2 15 16 58 46 19 12 14 5 55 61 33 50 4 20 6 39 31 47 49 56 3 57 48 23 34 7 60 38 24 17 32 63 1 11 8 40
37 29 22 42 20 30 21 44 38 15 23 31 52 43 41 13 11 50 45 32 6 51 26 25 58 39 18 59 57 56 46 19 53 47 34 4 40 17 5 48 3 10 8 54 33 12 14 16 9 24 63 49 55 1 7 61 60 2 0 62
26 34 42 18 44 50 19 45 33 41 10 24 40 32 37 11 4 2 49 51 58 53 25 60 52 59 16 3 48 38 30 20 61 9 12 22 1 21 43 54 46 56 13 62 31 14 63 8 29 17 57 0 15 5 7 39 47 23 6 55
37 29 21 30 23 13 26 39 31 45 47 34 14 18 5 7 44 53 25 20 12 46 15 6 19 4 42 55 51 49 3 38 54 11 43 41 33 10 1 22 9 32 52 2 24 60 62 8 59 17 57 58 40 0 61 56 50 48 63 16
19 20 45 42 21 37 46 18 43 12 29 30 23 53 17 31 14 15 44 16 11 50 62 52 60 47 22 13 55 61 9 0 5 6 57 10 34 38 1 2 54 25 39 4 33 59 58 26 7 32 24 63 51 56 40 49 41 48 3 8
44 45 37 43 52 61 26 18 60 34 38 59 42 31 19 53 25 51 9 21 39 0 23 49 10 30 62 46 29 16 24 17 1 11 55 2 14 47 33 22 8 32 58 20 40 56 54 48 50 7 41 15 3 63 6 57 12 13 5 4
26 34 43 50 45 18 51 29 17 42 9 52 41 32 48 38 59 57 31 47 37 25 49 1 8 33 44 46 54 19 30 39 55 58 56 61 10 20 53 60 22 2 3 63 62 14 13 0 23 11 24 4 6 40 12 15 21 5 7 16
26 18 37 25 17 34 24 32 42 45 20 38 16 12 13 14 11 41 54 50 29 44 39 47 55 4 58 59 51 57 30 63 19 10 43 22 23 31 46 53 1 15 40 2 49 0 48 8 5 56 33 21 6 52 61 3 60 7 9 62
37 45 53 38 46 34 26 20 18 10 39 55 33 44 29 47 63 52 11 22 9 0 51 62 25 24 43 41 32 60 61 50 49 48 17 40 21 12 2 4 19 57 1 42 56 3 5 30 23 13 14 15 59 6 58 31 7 54 8 16
37 43 26 21 34 19 10 45 53 41 44 38 42 61 40 52 62 33 14 11 12 5 17 49 56 3 39 20 29 54 13 4 59 46 24 7 15 23 48 47 63 55 31 8 18 6 22 25 9 1 60 50 57 51 2 0 16 58 32 30
37 45 44 43 51 59 58 57 53 62 50 29 49 40 48 42 33 34 19 20 32 52 46 26 25 41 61 47 60 21 54 55 12 16 30 10 11 13 17 9 18 38 0 2 22 24 1 14 63 56 39 3 15 31 6 7 23 5 4 8
37 45 19 18 26 20 10 34 21 29 41 25 43 50 16 24 44 13 6 8 30 42 22 46 17 40 33 23 38 32 47 53 58 51 9 4 59 31 60 61 15 0 48 1 2 56 54 52 12 5 39 55 62 7 49 57 11 14 63 3
19 34 43 52 44 45 33 20 37 29 21 12 3 25 60 11 50 4 53 22 14 62 15 46 16 51 2 13 30 57 54 63 38 26 5 7 61 23 17 6 18 8 39 1 49 10 47 55 9 42 41 24 32 40 48 58 59 31 0 56
19 34 41 11 42 43 52 48 3 61 26 18 20 21 10 9 25 16 44 51 24 49 50 32 8 37 60 17 56 1 29 4 46 57 40 13 62 55 14 22 5 45 58 15 47 54 6 12 63 33 38 53 31 39 0 59 2 23 30 7
19 34 41 21 37 42 29 33 25 24 13 11 43 14 26 5 7 49 12 18 32 17 56 15 4 20 22 2 3 23 30 57 1 16 50 38 45 53 8 10 31 44 52 51 61 40 59 60 46 55 6 0 47 62 9 39 58 54 48 63
26 20 37 44 21 17 19 14 45 38 43 34 41 33 31 51 22 12 3 18 40 11 8 46 53 30 39 48 50 32 10 16 24 5 58 59 23 62 13 47 25 29 57 4 6 42 60 2 49 52 54 0 1 63 55 15 9 7 56 61
44 29 21 43 30 31 39 13 26 18 51 25 19 52 37 42 17 47 5 12 20 11 49 58 33 38 60 50 14 16 9 48 45 7 3 61 53 34 41 32 40 4 59 46 62 63 55 6 24 2 57 56 23 8 1 0 10 54 15 22
26 20 45 34 42 54 29 18 12 43 44 25 24 50 46 53 63 13 9 38 41 52 14 19 11 10 57 0 17 58 1 55 21 2 3 56 47 7 37 33 60 4 62 30 31 39 15 16 8 61 23 48 49 6 59 32 5 51 40 22
19 34 44 11 10 9 1 21 20 13 18 53 42 49 33 25 62 26 12 5 6 52 50 51 60 41 8 58 4 45 37 30 46 55 32 3 39 54 56 48 59 0 29 40 63 16 47 61 17 24 43 14 38 7 23 31 15 22 57 2
44 45 19 20 21 34 46 14 37 53 22 39 51 38 61 10 47 55 43 12 29 42 13 23 50 57 41 60 1 48 30 18 59 31 58 4 26 52 32 49 54 33 25 17 16 3 11 2 40 62 56 0 7 24 63 6 15 8 5 9
19 20 45 26 37 18 17 33 11 54 29 3 44 46 38 21 30 22 39 52 12 23 62 34 14 13 9 31 4 47 42 63 55 0 2 15 51 25 6 53 43 50 41 7 59 10 1 32 49 48 40 16 5 24 8 61 58 60 56 57
19 18 44 29 21 11 37 46 38 14 54 42 9 26 34 30 12 43 41 25 3 47 16 53 13 61 51 50 7 55 59 20 62 5 4 45 31 60 49 57 17 58 33 40 22 1 32 6 8 2 0 24 15 63 23 10 39 52 48 56
37 43 18 21 34 42 51 46 38 44 45 26 54 10 41 53 9 30 22 47 20 40 48 59 55 12 61 29 39 13 17 0 5 52 19 11 4 6 32 14 7 25 1 15 23 31 60 2 50 62 24 16 3 8 49 58 63 56 33 57
19 20 45 44 21 54 63 46 52 59 38 47 60 43 51 58 57 18 9 12 29 17 16 53 61 62 55 42 41 37 3 10 50 56 11 13 39 8 6 32 2 14 15 34 22 31 30 24 49 33 40 4 0 7 5 48 23 26 25 1
19 20 21 18 34 12 29 33 45 26 4 37 44 14 17 52 32 22 43 10 15 3 38 42 61 40 13 23 41 7 2 51 59 6 50 53 5 49 48 16 9 56 58 47 24 62 8 57 30 11 54 25 63 0 31 39 1 60 46 55
26 18 10 9 19 34 25 11 2 32 8 37 12 0 42 13 17 33 41 48 45 43 52 24 38 44 3 54 14 15 20 53 55 31 21 30 40 22 29 59 50 49 57 51 60 62 58 56 23 5 16 39 47 1 61 4 6 46 7 63
19 34 44 20 21 37 30 12 3 38 42 51 26 4 5 33 43 22 29 11 14 17 23 13 46 7 59 18 41 10 25 48 53 45 49 61 6 58 60 56 57 31 8 24 16 40 50 15 1 62 54 52 39 2 9 47 63 0 55 32
44 45 46 54 62 47 19 20 37 63 53 61 39 26 33 29 42 18 52 38 22 25 9 59 24 31 11 21 60 10 58 3 2 51 55 57 14 15 30 6 50 49 23 43 4 1 41 34 48 40 32 16 8 5 56 12 7 13 0 17
44 43 42 45 37 41 49 30 33 34 38 20 13 12 51 14 52 58 59 48 29 54 19 46 63 60 25 16 53 11 17 40 2 50 18 32 26 10 3 62 55 61 47 21 24 9 6 5 8 39 0 1 7 23 22 31 57 15 4 56
44 45 46 20 37 54 12 43 53 21 34 18 52 51 26 47 59 42 33 50 29 40 61 13 60 62 9 10 55 4 6 38 63 22 14 7 39 19 41 49 30 5 3 11 1 23 25 24 16 32 58 2 15 0 31 8 17 56 48 57
26 20 37 25 18 46 24 44 45 42 38 19 52 33 17 9 54 55 47 51 0 34 53 63 11 4 29 60 21 1 2 30 61 22 59 43 12 3 49 50 57 13 5 58 31 6 41 23 14 39 7 56 10 40 48 16 8 62 32 15
19 18 37 11 10 45 12 43 44 4 26 9 3 34 42 50 25 29 17 21 8 0 1 52 5 24 54 2 30 31 46 20 59 60 32 55 51 16 53 22 15 6 61 13 14 40 23 39 41 38 47 58 57 49 56 33 63 7 62 48
44 45 26 52 37 29 54 46 22 62 38 19 59 42 43 60 49 21 53 58 30 23 12 39 14 18 61 3 9 20 31 41 57 5 7 56 47 34 11 15 63 17 10 55 33 0 8 40 32 16 48 1 51 24 13 6 25 4 50 2
26 34 41 33 42 51 32 18 25 16 17 24 50 40 10 29 19 1 20 12 30 8 52 59 58 60 37 53 54 31 49 46 22 56 48 55 45 44 11 4 2 9 61 15 21 62 43 13 0 57 23 14 3 38 7 6 39 5 47 63
37 43 50 51 34 29 59 45 19 10 11 57 9 3 41 1 38 44 20 21 22 58 14 48 25 47 52 60 12 17 26 42 8 33 40 24 56 4 49 15 13 2 31 23 16 0 53 46 62 30 54 39 18 63 61 32 55 6 7 5
19 34 44 11 33 41 10 29 20 25 18 43 42 21 40 51 26 1 22 49 30 9 37 15 24 17 59 50 16 52 60 31 48 13 14 12 6 7 3 2 0 56 38 53 61 5 58 57 62 39 23 63 47 55 45 54 32 46 4 8
26 18 44 25 24 34 9 53 52 21 17 16 32 10 43 61 62 29 42 20 37 1 14 51 50 49 30 63 2 40 11 3 48 59 58 31 60 45 46 33 0 12 23 7 5 39 13 4 19 57 47 54 41 6 8 56 15 38 22 55
37 43 42 41 51 21 19 60 59 44 52 45 50 58 57 11 14 49 10 53 33 24 61 30 38 7 22 46 25 56 20 12 26 54 34 62 39 31 29 18 13 5 3 32 48 47 9 4 23 15 16 8 55 2 1 63 0 17 6 40
44 29 21 13 19 42 43 45 37 18 5 20 10 30 26 14 53 51 34 54 15 17 38 31 39 1 55 61 11 47 63 7 50 49 16 46 12 23 33 24 56 48 40 25 9 41 52 59 0 3 22 60 57 58 4 6 8 62 2 32
19 34 45 37 43 10 33 54 29 32 44 51 63 20 50 21 52 53 12 58 18 17 22 5 13 49 57 42 16 24 61 56 1 26 48 62 4 41 40 6 8 31 7 11 14 0 15 46 47 55 30 39 25 9 38 2 23 60 59 3
37 29 21 43 42 22 51 20 19 26 14 13 5 38 12 4 33 6 23 40 39 45 17 59 7 25 50 44 18 30 15 41 54 8 16 9 57 24 31 53 32 58 60 55 0 34 3 11 48 1 61 49 2 62 63 52 46 10 47 56
37 29 19 43 51 20 21 22 23 18 38 59 34 15 7 11 50 14 42 41 40 52 9 46 3 39 13 12 55 26 47 32 58 57 31 48 25 30 33 45 61 49 5 4 2 54 53 17 24 63 56 6 44 62 16 10 60 1 0 8
44 43 50 29 19 42 20 11 34 41 32 52 21 37 3 49 13 58 51 12 45 10 60 38 57 40 33 18 48 61 26 46 22 14 47 30 9 17 15 55 8 0 62 6 5 53 31 56 39 16 54 24 63 2 7 25 1 23 59 4
26 18 10 29 19 34 45 11 33 1 20 42 2 24 41 54 50 51 52 49 48 40 25 12 38 44 9 3 43 60 37 57 56 17 0 8 53 61 63 31 4 5 13 21 22 62 16 30 58 46 59 15 6 14 32 55 47 39 23 7
19 34 42 18 17 29 45 20 21 50 49 54 38 48 43 22 44 13 33 41 52 32 63 9 30 47 14 61 26 11 40 23 59 5 46 51 24 60 10 1 6 15 31 8 16 58 25 7 62 37 12 39 2 0 56 4 53 55 3 57
44 45 19 18 26 20 21 34 12 37 33 17 30 38 41 40 54 4 8 51 25 24 3 43 31 39 58 22 50 2 9 23 29 59 15 16 13 63 52 49 11 5 0 14 32 60 53 48 55 42 10 47 61 1 56 57 46 7 6 62
44 43 34 45 52 51 42 59 20 37 61 41 46 25 49 19 54 56 48 12 13 21 57 40 10 38 33 26 60 53 58 1 4 55 31 5 24 39 30 32 3 29 22 23 63 62 17 50 11 6 7 9 18 16 0 8 14 15 47 2
44 29 19 43 45 52 37 26 51 42 59 10 30 60 49 46 11 34 1 18 61 2 25 0 38 3 54 21 13 17 50 53 4 31 23 33 32 24 22 5 20 47 8 63 39 15 16 9 14 40 62 12 6 56 41 57 48 7 55 58
26 34 41 33 25 21 43 18 20 32 45 13 10 48 29 38 42 11 12 51 31 9 22 44 5 30 53 6 37 52 59 4 0 47 24 49 46 15 40 58 19 50 60 17 23 62 3 1 61 14 56 39 8 54 7 57 2 16 63 55
26 18 19 34 45 20 10 12 9 29 22 0 42 1 44 43 21 50 4 53 51 5 62 15 37 3 11 60 17 54 41 24 8 2 59 33 63 14 58 46 38 57 61 40 52 16 49 47 55 39 13 30 23 56 32 25 6 31 48 7
26 20 13 25 21 29 34 14 7 33 41 18 44 11 24 17 22 23 30 49 32 43 2 53 42 37 45 5 19 31 56 4 54 51 60 55 46 61 3 10 40 47 15 50 62 59 63 1 8 48 39 38 12 9 16 6 57 58 52 0
37 45 53 34 18 21 19 11 33 54 63 17 9 42 25 24 43 51 32 10 50 49 57 26 16 46 20 58 22 40 48 60 12 3 44 23 4 41 47 39 38 0 30 1 31 56 62 5 29 8 13 61 59 15 14 6 7 2 52 55
44 43 42 45 19 18 37 29 46 54 53 51 21 52 59 30 61 26 63 49 33 58 60 13 57 50 40 25 34 55 9 10 11 32 22 12 14 38 39 0 47 62 17 5 24 2 8 6 23 16 1 3 4 48 20 15 41 31 7 56
37 45 53 54 44 43 63 29 18 26 17 9 19 25 34 46 51 11 22 60 21 52 33 41 24 30 1 8 32 55 31 58 49 23 12 57 16 14 62 13 7 5 38 42 6 0 4 15 56 47 61 2 59 3 10 20 50 39 40 48
19 20 29 18 37 46 11 45 55 13 21 38 53 61 26 54 14 12 39 25 22 30 32 44 4 7 6 5 34 17 9 16 42 50 60 23 3 24 62 31 8 1 10 33 52 2 49 0 41 59 43 47 51 48 58 57 40 56 15 63
26 34 41 19 42 37 12 10 11 18 46 50 43 13 59 51 1 38 30 49 57 29 17 23 52 25 44 2 16 48 31 61 60 45 32 53 62 54 56 33 24 39 3 8 63 21 9 20 58 0 55 4 5 14 47 40 15 7 22 6
44 43 34 41 42 37 26 19 11 49 48 52 53 45 54 18 29 20 9 30 51 2 22 16 21 33 31 60 50 13 25 40 3 15 32 58 12 24 57 17 4 39 38 56 8 23 14 46 61 63 10 1 55 7 6 59 47 0 5 62
44 29 22 42 20 45 46 13 49 52 26 31 53 18 60 25 19 34 12 62 14 4 21 39 43 15 17 33 41 16 9 2 10 37 55 50 59 47 5 6 7 51 54 61 0 57 38 23 11 3 1 40 48 32 30 58 24 63 8 56
37 45 53 38 18 34 43 52 46 61 51 29 41 55 44 9 39 19 30 42 33 47 22 49 50 48 0 32 60 58 10 20 57 1 2 62 24 23 31 14 25 16 54 56 6 15 21 12 5 11 40 63 3 13 4 8 26 17 7 59
44 43 26 29 37 25 19 11 42 45 3 18 24 52 10 17 30 1 34 22 16 49 9 51 12 33 8 31 54 5 21 4 40 63 15 2 60 58 23 39 56 32 20 41 38 13 59 47 55 53 46 14 57 61 62 50 48 0 6 7
26 18 19 34 45 29 22 20 25 33 41 24 11 54 10 43 32 17 63 48 16 37 52 13 50 3 4 21 46 51 14 8 59 9 2 57 42 53 58 60 12 44 30 6 0 5 7 39 38 47 62 49 56 23 15 31 55 1 40 61
44 29 22 43 20 21 18 45 34 25 52 61 54 46 14 13 19 31 30 62 32 15 41 42 63 12 37 23 59 26 47 16 60 53 4 55 7 51 17 9 39 48 24 11 38 6 3 40 58 33 49 5 50 57 10 1 8 0 56 2
44 45 37 43 34 20 19 33 53 54 32 41 26 18 49 30 10 29 17 42 51 52 23 40 12 31 38 8 24 39 61 13 63 15 47 22 14 60 58 4 50 25 5 48 59 11 7 16 6 55 62 46 3 9 57 56 2 21 0 1
19 18 37 45 53 54 55 20 21 63 12 5 26 38 17 10 3 47 44 22 11 16 46 33 13 1 40 52 29 34 8 14 9 2 61 43 41 30 6 4 0 42 51 49 50 62 56 25 39 57 7 60 24 31 48 23 32 15 59 58
37 29 18 42 21 19 34 17 20 45 10 14 53 30 16 1 13 26 41 22 3 38 50 58 11 52 15 48 9 12 46 25 49 5 6 7 51 31 32 23 33 47 54 4 2 57 56 40 0 59 60 43 55 63 24 61 44 8 62 39
37 43 42 29 19 38 30 11 26 49 50 17 48 44 45 52 47 56 34 25 10 58 3 40 8 31 23 1 24 22 54 21 12 16 57 0 53 55 60 59 39 51 13 61 63 20 62 46 33 2 9 18 41 32 14 4 5 6 7 15
26 18 19 20 9 25 17 11 10 42 29 38 3 34 45 44 43 46 54 37 32 2 13 4 41 21 31 33 30 52 60 39 23 63 47 50 49 6 61 55 24 8 5 56 12 53 62 48 57 22 1 58 59 16 14 15 51 40 7 0
26 34 45 17 42 44 25 16 8 49 33 24 32 18 41 29 19 10 21 37 57 20 12 11 38 56 2 30 51 39 23 40 46 1 9 31 48 53 62 3 13 14 5 6 50 22 7 43 55 0 52 4 47 58 15 54 60 59 61 63
37 45 26 34 33 29 30 23 31 21 14 25 54 63 44 5 15 32 42 49 46 39 24 17 41 22 51 53 20 40 47 19 6 50 61 62 4 60 58 16 55 13 12 11 18 52 38 9 48 59 8 57 1 3 2 7 56 0 43 10
37 43 34 41 50 29 33 42 51 44 19 59 48 52 60 45 38 25 30 40 54 11 3 31 49 61 32 24 58 22 15 21 16 53 20 17 18 26 39 8 0 55 9 47 46 12 14 10 5 6 7 57 2 13 23 1 4 56 63 62
37 45 44 29 21 34 26 18 17 16 8 20 24 52 42 22 38 50 53 39 31 62 33 23 12 46 10 9 54 43 30 2 11 3 14 55 63 41 61 4 13 5 15 19 49 32 48 40 58 57 60 59 56 7 47 0 51 1 25 6
44 29 21 45 30 31 37 13 20 19 54 42 5 38 34 18 39 53 46 6 61 26 25 63 33 23 7 51 55 17 10 22 12 24 50 62 16 58 14 4 60 2 3 59 15 32 40 52 11 9 49 43 0 47 41 57 1 48 56 8
44 45 37 29 30 31 18 46 23 52 39 42 51 9 26 22 47 53 33 43 10 17 13 49 25 19 50 41 61 59 48 3 21 38 24 14 5 12 11 4 16 56 57 20 0 54 55 60 2 15 34 8 58 63 6 40 32 7 1 62
44 43 42 51 26 37 52 19 58 45 20 49 50 17 38 54 46 13 25 59 62 53 40 56 34 41 57 16 18 10 12 30 60 29 32 5 4 55 48 47 31 61 9 63 11 1 22 3 33 21 8 24 6 0 14 23 7 39 15 2
26 20 37 44 53 34 29 18 42 38 33 51 30 50 39 62 19 47 58 31 21 12 13 45 17 11 54 22 3 41 14 63 40 6 7 48 56 8 43 9 16 59 2 57 52 60 46 24 4 5 32 23 10 1 15 0 61 25 49 55
26 18 37 29 22 43 9 17 20 19 50 30 21 46 38 13 16 12 11 31 33 57 51 42 45 3 39 0 2 53 52 44 60 59 49 61 15 24 34 1 14 10 54 8 25 58 41 4 5 40 23 7 56 62 48 47 63 55 32 6
44 43 50 21 34 41 20 45 25 29 22 51 46 54 32 49 57 38 52 59 53 62 37 11 61 13 63 15 47 16 18 60 2 55 30 9 0 48 23 14 5 31 19 4 58 10 6 8 40 17 42 24 56 7 26 1 12 33 3 39
44 29 22 30 19 43 50 52 37 42 60 11 10 58 34 41 3 14 23 45 51 53 59 26 21 38 33 49 39 25 48 57 62 61 54 55 32 24 63 12 18 46 20 47 31 2 7 13 6 16 56 40 17 15 1 8 4 9 5 0
37 43 26 38 46 21 30 19 44 33 20 45 25 12 13 55 51 22 47 18 14 59 17 54 52 31 63 7 39 8 4 29 40 11 58 15 2 41 3 9 42 5 10 49 6 34 0 53 24 57 60 1 56 50 32 62 61 16 23 48
37 45 53 38 26 34 43 50 51 18 31 54 49 57 29 41 25 22 13 59 20 52 33 15 63 16 30 21 24 42 61 39 9 2 0 4 5 55 47 14 8 10 60 23 3 62 12 46 19 44 48 58 7 40 56 6 17 32 11 1
26 18 37 25 19 20 10 34 24 45 12 32 42 21 13 29 16 2 38 6 52 8 11 53 9 33 46 4 44 50 54 55 17 62 41 3 63 48 30 40 61 60 59 31 58 43 39 51 14 22 47 57 23 0 15 5 49 1 56
37 29 22 30 18 15 31 43 14 34 21 38 41 33 50 52 42 40 32 25 48 20 17 44 49 56 57 13 6 58 60 5 46 61 51 16 4 7 12 39 26 45 62 11 19 23 8 9 54 59 53 0 1 3 10 55 47 24 2 63
26 20 45 34 42 44 29 38 13 54 37 17 63 33 30 22 31 19 25 21 11 3 14 12 5 10 9 23 39 1 8 47 46 2 43 62 55 16 53 41 48 24 50 61 51 57 58 40 15 18 56 59 0 52 4 6 7 60 32 49
37 29 18 46 20 19 38 42 54 26 25 17 49 32 24 55 16 39 40 53 47 10 12 44 3 21 14 9 63 4 11 22 5 2 31 1 30 13 6 15 62 7 0 33 45 52 51 34 43 60 59 50 23 48 56 58 57 61 8 41
44 43 26 29 37 25 22 46 21 15 23 34 17 20 24 51 59 13 53 60 7 8 45 33 42 54 14 41 32 58 55 39 49 40 4 6 18 19 10 12 56 38 5 9 61 50 16 57 47 63 11 2 0 62 30 3 1 31 48 52
37 29 20 43 34 45 51 11 30 33 13 22 38 12 25 18 41 59 10 48 15 23 52 46 50 7 49 21 39 14 9 57 19 54 44 16 55 0 32 17 53 2 26 5 3 58 40 63 6 4 1 62 60 31 56 42 47 24 61 8
37 29 18 42 20 45 54 11 34 25 12 63 10 33 30 4 44 21 3 52 51 14 24 9 13 43 8 46 50 22 60 57 7 19 49 58 59 5 53 0 23 41 39 55 17 15 16 1 47 2 40 32 61 48 56 31 38 26 6 62
19 20 29 34 42 18 44 37 12 21 38 49 22 47 9 15 30 46 54 31 45 17 26 3 4 11 2 51 10 1 53 63 50 43 24 33 62 61 48 57 58 59 60 13 39 52 0 55 32 5 56 41 14 6 23 16 40 25 8 7
44 29 20 45 30 43 52 13 50 38 22 31 18 26 19 53 25 37 54 24 46 17 23 47 34 59 10 51 55 9 39 3 14 15 60 42 12 5 1 49 21 63 48 57 8 61 4 33 11 56 32 58 62 0 41 16 6 7 40 2
37 29 22 45 53 43 26 19 12 17 34 54 25 20 13 52 51 18 11 44 60 6 61 3 4 46 63 41 16 30 47 50 31 15 10 2 14 24 57 55 38 59 9 39 58 23 49 8 21 5 42 33 48 40 32 62 1 0 7 56
26 18 19 34 41 42 44 45 17 40 50 33 24 52 32 58 48 11 51 49 57 60 10 25 53 9 59 37 61 43 30 56 38 16 2 54 3 20 55 62 12 4 21 13 29 39 1 22 15 63 6 0 5 47 46 23 14 8 31 7
19 34 41 18 20 11 17 33 44 53 2 29 25 48 52 12 54 37 21 32 45 10 43 30 3 46 13 1 0 14 47 60 51 59 26 55 63 8 49 16 42 50 4 62 9 38 5 6 61 22 58 40 39 31 24 57 56 7 15 23
19 20 13 18 17 12 11 9 44 21 0 4 22 26 34 23 14 5 31 10 6 25 16 32 33 45 46 40 41 42 37 55 29 15 43 1 47 50 2 3 48 53 24 39 7 8 62 60 51 58 61 56 30 38 63 54 52 49 57 59
19 18 37 20 12 5 9 46 29 44 43 42 4 22 38 30 45 3 26 10 31 34 17 21 2 23 54 11 25 62 47 16 6 1 8 53 63 24 61 0 41 48 33 39 15 52 13 7 40 50 51 60 57 32 58 59 49 14 55 56
44 43 50 29 26 42 30 45 54 20 53 58 13 34 51 6 49 57 33 37 11 31 19 46 47 18 22 55 60 48 56 40 10 21 59 12 17 9 14 25 38 63 41 62 4 23 24 7 3 52 1 5 15 2 32 39 61 8 0 16
19 20 45 18 13 54 44 29 21 43 26 37 17 5 6 7 46 16 12 33 34 47 38 39 52 11 51 61 53 59 10 30 50 42 40 1 22 14 2 41 31 9 3 24 32 58 49 62 63 48 8 4 55 23 57 0 25 56 15 60
44 29 20 13 19 43 6 34 51 18 25 41 22 59 26 15 11 52 60 3 38 24 50 37 32 21 30 9 14 61 2 39 12 5 46 40 53 62 16 10 33 42 54 49 58 47 57 23 4 31 63 1 55 17 48 56 0 45 7 8
19 18 44 11 3 45 17 52 37 29 38 31 54 26 21 63 47 39 43 10 23 12 46 24 8 55 59 13 53 33 1 16 61 42 14 51 40 34 62 15 22 60 32 5 4 20 25 58 6 7 9 0 50 48 30 57 49 41 56 2
37 45 26 34 42 20 19 41 53 43 51 44 21 54 33 11 48 13 18 52 5 50 2 24 58 57 55 32 56 9 38 3 17 6 0 60 59 14 61 30 4 12 7 8 49 15 22 10 40 62 63 46 16 23 47 25 29 39 31 1
19 18 44 11 3 4 9 43 10 29 5 1 51 34 45 12 2 26 21 50 0 8 16 54 63 25 24 59 22 52 17 32 57 46 53 14 33 30 31 61 6 47 38 40 42 7 20 58 49 56 37 15 23 39 41 60 55 13 48 62
26 18 37 25 17 45 33 16 11 38 9 19 8 32 12 20 54 3 29 52 13 14 47 0 5 39 2 21 7 41 44 51 24 1 60 22 23 63 53 10 49 34 31 30 6 46 40 57 48 15 61 59 4 56 55 43 58 42 50 62
19 20 29 38 12 34 45 52 54 13 18 17 10 2 21 14 16 4 6 24 30 5 43 26 9 7 42 8 11 25 1 22 3 44 59 50 0 46 31 63 57 58 32 37 49 47 39 48 23 61 60 41 53 33 62 15 40 56 51 55
44 29 21 13 30 31 14 43 42 52 19 20 37 45 38 7 46 47 12 49 41 11 4 55 59 51 57 60 18 10 6 26 25 53 9 58 50 5 22 3 54 1 15 61 63 34 62 56 17 48 33 39 23 16 8 0 24 40 2 32
44 29 18 43 45 52 42 50 21 46 51 34 41 40 61 9 38 33 30 53 60 37 55 14 32 47 48 63 49 23 31 59 13 56 39 54 57 12 19 24 7 11 25 15 58 20 10 22 17 1 26 62 6 8 16 5 3 4 0 2
44 43 50 53 42 45 37 26 54 51 18 20 61 62 29 21 59 60 52 63 30 33 11 38 22 12 17 25 34 13 24 8 9 10 4 49 1 19 39 40 57 47 48 56 58 3 46 31 32 6 23 41 5 15 55 16 7 14 2 0
37 45 53 34 26 19 42 54 10 41 44 29 21 25 55 11 33 1 40 63 20 47 43 38 24 32 30 22 3 18 14 52 60 16 17 8 0 12 46 39 4 5 13 49 2 59 31 62 51 7 58 50 9 56 48 15 57 61 6 23
26 20 45 34 29 37 43 53 38 52 42 47 12 25 17 50 21 14 58 41 39 31 54 19 51 57 13 63 15 8 18 46 16 6 32 10 5 49 11 2 59 22 0 3 61 4 56 33 23 48 55 7 1 9 24 62 60 40 44 30
37 43 42 29 44 50 19 45 53 10 58 57 54 46 39 41 49 18 21 22 9 34 30 26 52 62 60 20 12 63 2 0 8 56 15 61 48 40 32 16 17 33 51 47 24 1 25 3 11 14 13 7 38 31 6 23 55 59 4 5
37 29 18 26 22 45 43 44 51 59 53 30 38 10 25 19 11 12 2 61 62 34 33 21 54 15 60 9 3 31 42 14 16 52 13 50 7 0 58 63 23 4 55 41 46 24 32 5 8 49 20 6 48 47 17 39 1 56 40 57
26 20 13 18 21 43 44 25 34 19 10 29 37 11 3 30 22 14 9 51 23 2 5 33 32 4 41 7 59 12 45 16 31 42 17 24 8 39 1 49 47 0 50 54 53 58 52 38 57 62 55 15 46 6 40 63 60 56 48 61
44 45 19 52 53 61 62 63 54 46 47 18 17 38 39 43 29 11 60 59 42 34 51 9 3 4 1 37 33 50 58 26 10 20 55 24 5 2 25 16 13 22 21 6 41 0 12 32 40 48 57 14 15 56 8 7 30 23 49 31
19 20 45 34 33 44 43 11 18 42 12 21 3 37 41 26 46 51 59 54 14 38 13 32 25 10 63 5 2 4 39 53 61 22 29 40 9 23 6 17 24 16 31 30 15 50 8 62 49 48 55 0 1 7 47 60 58 57 56 52
19 18 26 20 9 43 12 4 45 10 50 25 2 17 24 54 33 8 5 51 63 44 52 37 42 11 29 32 16 30 40 46 47 41 31 38 39 1 3 13 22 34 48 60 53 57 49 14 0 56 21 55 6 23 59 7 15 61 62 58
19 34 41 18 37 20 10 45 44 2 1 11 13 0 12 5 46 14 25 55 29 38 15 6 31 4 30 43 51 23 21 9 26 47 54 61 17 53 62 16 52 32 3 58 22 42 33 24 59 39 49 57 7 60 63 8 48 50 40 56
19 34 43 18 33 32 17 50 26 8 44 10 51 37 41 59 52 42 30 60 45 40 61 38 46 54 47 53 57 58 48 23 2 63 62 55 12 39 20 1 0 21 14 22 29 7 16 3 5 4 24 6 13 9 31 56 25 15 49 11
37 43 18 38 51 34 42 52 33 20 53 9 39 41 50 59 57 45 19 49 60 61 0 24 21 13 12 14 29 11 48 26 22 46 7 10 56 23 1 31 5 30 58 32 25 6 3 2 54 40 62 47 4 44 17 8 15 63 55 16
26 18 37 43 50 25 19 20 11 4 24 34 9 44 21 12 41 38 29 10 45 46 30 48 47 22 14 7 3 2 1 39 13 52 51 53 32 58 5 8 55 57 54 23 17 63 60 62 33 0 59 42 31 61 15 16 49 6 40 56
37 43 34 41 51 59 33 25 32 45 44 30 48 29 53 49 16 42 52 54 26 17 20 12 38 50 63 31 57 46 24 55 18 8 9 58 40 19 5 10 0 4 61 56 62 1 39 60 2 3 47 11 22 6 21 15 14 23 7 13
26 18 10 25 19 9 17 43 1 8 32 12 42 3 16 20 21 41 45 37 46 24 5 29 33 13 11 54 62 47 44 40 14 7 53 6 38 39 49 22 51 59 31 4 2 0 60 57 58 34 23 30 15 63 52 55 48 50 56 61
44 45 26 43 37 30 38 19 34 25 10 29 52 11 3 60 46 18 24 47 33 17 53 32 59 1 8 12 21 54 23 9 62 20 16 63 61 58 41 51 42 13 14 4 39 2 22 15 55 48 5 0 7 50 57 31 49 56 6 40
26 18 19 34 9 20 43 42 37 12 10 51 13 6 25 2 33 29 44 0 22 24 32 52 59 46 5 17 55 16 14 4 60 21 49 30 8 41 15 40 23 45 11 47 53 61 39 62 54 31 1 3 7 38 63 56 50 48 57 58
19 20 13 26 17 34 29 21 37 22 41 45 31 12 54 11 44 52 14 8 60 63 30 48 3 5 43 42 49 10 2 39 46 56 38 15 18 53 33 25 55 50 51 59 32 61 9 16 6 47 24 1 0 4 58 57 40 23 62 7
37 29 21 30 19 43 45 11 50 44 39 31 34 12 23 42 13 25 26 22 15 52 59 49 5 17 10 14 20 6 56 46 38 9 18 41 3 2 4 58 32 54 47 61 63 62 53 24 51 60 7 48 40 55 16 8 1 0 33 57
26 34 44 37 46 18 25 21 33 52 11 42 43 30 38 54 51 32 40 24 45 48 19 20 47 2 60 17 9 50 58 0 62 41 3 12 16 55 13 59 61 39 22 4 56 29 31 14 57 15 1 49 7 6 63 23 53 8 5 10
19 18 17 34 45 20 21 54 44 29 43 37 46 13 63 9 5 50 11 52 1 30 41 16 60 32 38 4 51 58 31 42 57 2 53 61 48 22 59 55 0 49 47 56 10 23 15 26 33 14 3 24 40 39 12 25 62 6 8 7
19 20 13 34 43 10 21 12 18 50 3 6 5 14 41 32 23 42 45 33 30 11 9 37 26 0 40 1 51 7 58 57 29 4 48 54 59 39 52 56 38 2 8 49 63 53 17 22 60 44 62 24 15 55 46 25 16 31 47 61
44 43 42 45 19 34 25 50 26 33 24 52 53 32 51 61 40 18 11 12 20 13 58 16 29 48 41 37 62 49 46 54 4 22 31 10 17 47 3 38 59 39 30 6 21 23 57 5 60 2 14 7 9 8 1 56 15 55 63 0
37 29 21 30 22 44 53 42 38 31 49 47 26 25 46 56 24 13 34 54 15 23 5 4 50 43 45 14 52 58 20 61 12 19 41 60 57 33 39 17 32 40 8 6 55 59 62 63 11 9 7 18 51 16 2 0 1 10 48 3
44 45 37 29 19 10 22 21 11 42 20 13 4 26 43 51 49 56 52 59 30 46 12 31 9 50 53 38 48 14 47 61 25 40 18 3 23 58 57 55 2 41 5 1 54 24 63 62 39 34 32 8 16 7 17 6 60 15 0 33
37 45 19 38 54 10 31 34 41 39 29 46 11 3 30 53 26 62 55 22 13 44 63 52 51 17 25 18 47 15 14 60 59 61 20 43 16 24 9 23 42 0 32 33 4 40 50 5 7 57 49 8 21 6 1 2 12 48 58 56
26 18 19 34 9 12 20 13 4 5 45 29 6 10 22 21 41 14 11 23 33 43 15 25 31 7 17 24 42 2 3 16 32 1 38 30 8 54 50 40 44 46 63 51 58 0 52 62 37 49 48 53 47 59 57 56 55 39 61 60
44 43 18 21 20 45 22 14 54 26 6 63 34 17 16 9 10 7 53 25 2 11 33 42 52 32 50 12 41 57 13 62 15 40 48 5 24 0 29 59 49 23 61 37 58 4 60 8 30 39 19 38 55 1 46 47 56 3 31 51
19 34 43 52 33 25 45 20 59 32 18 29 16 54 44 41 22 17 26 30 38 50 8 47 31 46 53 9 55 14 24 61 12 21 51 60 57 0 7 58 39 6 5 13 40 62 37 11 15 56 42 49 3 2 10 1 4 23 48 63
37 45 19 38 39 18 17 9 52 20 1 46 11 2 3 44 13 42 55 12 25 31 21 29 30 5 23 16 6 4 43 50 10 47 34 63 24 0 26 14 57 58 51 41 22 53 61 54 59 33 62 60 8 7 32 15 49 56 48 40
37 45 26 34 54 17 25 18 11 10 42 4 9 29 30 16 2 38 32 19 31 33 24 0 12 39 44 22 43 51 60 58 1 23 46 3 52 62 47 41 14 53 59 20 8 40 13 15 55 63 57 49 21 61 50 56 48 5 6 7
44 43 34 29 20 25 33 26 38 12 18 41 4 19 24 13 22 47 50 51 21 16 40 6 42 31 23 37 59 17 46 57 39 15 5 30 14 45 7 49 53 32 9 2 11 54 56 3 58 52 8 60 1 0 61 62 55 63 48 10
37 43 42 45 44 51 60 59 18 19 34 25 26 33 49 38 32 17 30 50 58 46 8 9 12 11 47 5 0 10 4 52 2 48 29 1 54 21 61 55 20 13 40 62 16 22 56 41 31 57 3 15 6 53 24 14 63 23 7 39
37 29 22 45 21 38 46 34 53 15 39 47 33 43 30 25 26 32 40 44 42 48 16 60 23 31 61 62 50 24 51 59 17 49 54 20 13 19 56 55 52 5 11 58 63 8 0 41 12 2 3 14 18 10 57 9 7 4 6 1
19 20 13 34 44 53 42 12 5 4 41 33 11 10 43 6 62 48 40 51 56 49 26 37 58 2 3 25 9 16 46 21 59 18 24 32 8 38 14 22 15 29 7 57 47 55 31 1 50 23 0 39 45 17 63 30 54 60 52 61
26 34 42 33 40 18 44 50 17 43 49 32 51 58 19 60 41 48 56 57 24 20 52 61 21 12 29 16 37 46 30 38 13 6 54 59 4 5 53 47 8 3 39 11 62 14 25 55 10 22 7 45 15 9 31 63 2 0 1 23
44 29 19 10 20 21 11 42 13 43 1 18 37 4 17 6 3 53 51 34 45 22 25 26 49 56 5 2 15 46 55 32 52 31 61 30 9 14 33 0 12 38 41 50 57 59 54 23 48 58 39 40 7 8 16 47 60 62 63 24
26 20 29 18 43 30 22 42 31 37 10 21 45 53 54 34 38 44 50 49 48 17 14 19 51 63 61 41 40 15 24 59 23 57 12 1 7 39 2 4 13 3 58 56 5 32 60 25 0 6 47 9 16 46 52 33 55 8 11 62
26 20 29 22 45 25 21 13 24 42 15 31 5 4 3 44 43 46 6 19 50 51 18 9 53 49 10 61 59 38 56 17 47 52 57 48 41 34 54 58 32 1 14 60 40 39 30 33 23 7 11 12 0 16 8 62 55 2 63 37
19 34 41 33 45 11 25 29 20 32 2 43 52 18 22 54 17 50 49 59 37 21 14 9 26 48 0 13 42 31 61 4 6 7 56 57 3 12 47 5 24 44 46 63 38 16 23 39 30 53 62 55 15 60 51 1 10 40 58 8
26 34 45 18 42 29 10 43 30 17 52 22 14 3 37 44 51 19 2 31 20 15 23 38 7 12 13 11 21 54 8 50 57 59 4 5 58 41 63 16 33 56 49 32 6 48 46 39 40 62 47 1 0 25 61 60 9 53 24 55
19 20 29 38 45 18 30 43 47 44 26 33 25 34 52 41 10 37 40 21 9 24 12 1 48 8 16 23 11 14 17 51 31 42 46 22 53 13 4 61 60 62 15 59 50 7 58 57 2 54 63 5 55 0 39 49 32 56 6 3
19 18 44 20 10 45 21 2 17 12 4 43 50 37 26 42 52 9 46 47 53 22 41 25 11 62 55 54 60 5 6 51 29 57 34 40 15 3 1 63 24 38 8 32 39 16 61 30 48 14 7 33 31 13 58 23 56 59 49 0
19 18 37 43 9 21 51 42 34 46 41 44 53 49 45 10 11 33 30 60 61 39 32 52 55 20 56 54 62 29 50 57 12 58 38 47 23 24 25 59 13 31 16 40 22 1 2 15 48 17 26 63 14 3 4 5 6 7 8 0
26 20 45 44 13 25 37 30 18 53 29 21 32 12 38 31 19 14 33 9 7 22 61 42 11 62 52 60 51 17 46 41 40 34 10 4 5 3 1 15 6 23 54 48 50 49 58 55 47 8 63 43 0 39 59 57 56 16 2 24
44 43 34 25 50 37 26 52 42 17 18 9 46 30 38 29 53 39 31 45 60 21 10 3 54 47 51 59 55 63 32 61 22 23 16 8 14 5 1 20 19 11 12 13 15 49 6 24 4 33 62 40 41 7 48 0 58 56 2 57
19 18 17 43 45 29 51 54 44 9 26 16 22 42 0 59 49 15 46 52 61 2 30 20 14 13 8 34 1 31 25 47 12 50 41 60 3 40 24 21 37 11 6 57 23 39 7 62 4 5 55 38 63 33 53 10 56 58 48 32
26 34 43 50 42 19 58 37 29 51 59 33 46 57 32 22 18 40 41 17 15 45 48 30 56 60 61 14 8 38 20 9 24 54 31 21 52 39 47 16 13 63 0 6 44 1 2 4 5 25 7 10 11 53 23 3 12 49 55 62
44 43 34 41 50 51 52 61 42 37 32 53 19 48 25 26 45 58 40 10 29 38 1 20 56 49 21 11 60 59 57 14 13 18 22 6 47 30 3 12 39 5 46 54 23 31 7 55 4 15 33 16 17 8 9 2 63 0 62 24
19 34 45 37 29 54 43 38 46 51 62 18 30 39 9 21 59 20 25 0 31 63 44 55 47 10 61 52 13 16 41 22 1 50 12 60 58 33 23 5 26 49 42 11 53 2 24 14 15 32 8 6 17 7 40 48 56 4 3 57
26 34 43 18 19 12 33 37 29 51 9 10 45 38 59 30 2 1 11 54 5 25 21 20 39 42 63 31 49 44 0 14 23 50 13 3 41 52 17 58 4 8 60 24 32 56 57 16 22 15 6 7 48 40 53 46 55 47 61 62
19 34 41 21 29 33 43 52 13 20 25 6 5 18 12 45 37 48 51 22 26 44 30 10 17 9 53 62 54 61 31 23 59 63 39 50 38 60 58 47 40 3 7 32 55 57 16 8 0 24 15 1 49 42 4 11 2 56 14 46
44 29 18 43 45 26 21 54 17 20 12 11 30 52 50 25 9 4 3 0 19 8 53 62 33 31 37 22 63 5 13 40 15 14 60 2 23 46 34 10 6 7 16 32 55 39 38 41 49 24 61 57 42 47 56 58 1 51 48 59
26 20 21 22 12 34 30 18 44 38 23 37 42 51 17 19 11 4 29 43 10 8 50 41 16 9 45 54 58 24 53 52 47 14 6 31 33 59 2 7 48 1 60 49 39 5 55 63 0 13 3 25 32 15 56 62 61 40 57 46
44 45 37 29 20 19 30 21 26 18 43 42 10 38 51 52 61 34 54 53 12 9 50 55 39 58 59 31 23 13 0 22 25 17 33 11 14 5 49 32 24 48 47 40 15 4 63 1 41 16 3 46 2 62 8 7 56 60 57 6
37 43 50 51 52 45 34 59 54 25 53 29 21 30 16 61 19 41 22 26 20 18 31 23 12 13 49 4 9 44 38 57 14 58 6 15 5 39 62 42 3 17 47 24 11 10 40 63 2 32 60 1 56 55 46 7 0 8 33 48
44 45 46 54 26 38 37 34 55 17 62 18 42 29 30 39 21 47 31 20 10 25 19 2 16 9 3 22 11 33 41 50 0 4 12 14 40 1 24 43 51 13 57 52 5 59 7 32 58 60 53 61 48 8 49 6 15 56 63 23
19 34 41 33 25 16 37 49 48 38 42 50 17 20 39 46 56 43 58 10 26 29 13 21 53 6 45 32 11 59 3 22 52 9 60 54 51 30 31 12 55 61 62 63 14 47 1 18 8 40 4 7 15 0 24 5 44 23 2 57
37 29 18 44 45 53 21 26 61 38 31 14 13 5 17 34 42 49 30 39 7 10 3 19 56 52 46 8 47 23 33 54 15 2 12 43 1 22 20 6 16 11 62 63 59 9 51 58 0 41 4 55 57 24 25 48 40 50 60 32
19 20 29 34 42 30 26 25 18 9 24 33 31 51 21 17 45 54 40 11 49 50 8 32 2 48 10 16 44 1 58 0 46 53 60 22 62 52 15 12 56 39 59 47 43 41 3 63 5 23 38 37 14 4 57 7 13 6 55 61
26 34 45 21 44 42 41 25 17 40 49 56 50 53 48 43 33 57 61 58 20 24 51 10 52 46 54 59 38 19 18 37 29 39 8 63 2 16 32 1 0 47 13 62 12 11 60 5 30 23 9 22 4 3 14 7 15 31 6 55
26 18 44 34 25 37 41 20 45 51 52 60 43 16 33 54 38 42 19 31 63 53 49 17 50 40 9 56 48 21 29 30 32 2 23 15 13 58 47 59 61 10 46 14 0 8 57 12 4 5 22 24 1 3 11 39 7 62 55 6
19 20 37 18 11 34 25 44 33 17 51 43 52 53 12 29 9 59 42 45 60 21 13 58 14 26 30 61 46 16 50 40 10 5 24 3 6 7 2 8 54 62 38 63 0 23 4 47 15 22 1 41 49 32 31 57 48 39 55 56
44 45 37 29 38 47 21 20 54 13 19 52 53 26 17 61 60 10 3 34 55 33 62 59 51 1 12 63 39 5 18 46 11 31 40 58 30 14 2 9 4 23 0 43 25 24 41 22 16 48 42 50 32 8 6 49 57 56 15 7
44 29 18 43 21 34 51 13 25 9 11 50 0 42 41 49 45 52 57 58 61 26 59 48 32 24 33 4 14 60 20 62 17 19 5 16 30 7 23 31 2 15 37 6 53 22 8 1 63 54 38 40 10 12 56 47 55 46 39 3
44 45 46 52 43 29 37 51 34 42 41 55 38 33 18 47 39 53 63 20 13 30 54 11 21 19 58 49 4 17 40 59 10 48 16 14 26 56 61 62 15 9 50 2 0 24 8 31 12 32 60 25 23 6 22 5 57 7 3 1
37 45 44 43 42 20 46 51 60 53 21 39 52 50 19 10 59 41 30 14 49 18 7 38 32 26 25 48 9 22 56 34 31 0 12 13 40 33 24 29 11 61 23 58 1 15 55 17 62 5 8 54 57 3 4 16 47 63 6 2
37 45 19 29 30 10 38 31 11 43 54 12 23 46 21 22 14 20 5 13 9 62 63 42 34 18 39 2 52 41 3 44 25 6 4 33 48 15 49 59 17 16 0 57 61 50 53 26 32 55 7 40 51 56 1 47 8 60 58 24
37 45 19 18 17 20 54 26 21 63 44 43 52 10 3 38 42 59 30 41 25 32 9 8 39 11 51 22 60 61 49 2 1 50 33 46 34 0 14 58 13 16 12 4 23 15 5 56 29 31 55 7 47 48 53 24 57 6 62 40
37 45 19 29 38 47 54 26 33 42 34 24 50 12 39 58 55 46 11 44 53 61 5 18 43 20 9 17 62 3 2 13 21 0 16 52 40 63 49 30 22 25 57 6 14 56 48 4 41 1 8 10 51 15 31 23 59 32 7 60
37 43 42 45 26 19 53 25 44 46 29 38 11 21 24 61 54 52 14 62 22 10 39 51 12 41 63 3 50 30 32 57 31 40 59 18 2 33 34 58 5 7 6 9 20 13 16 1 47 23 48 55 17 0 56 15 60 49 8 4
19 20 13 42 44 11 49 6 3 2 1 52 37 18 53 34 9 50 41 54 58 26 25 33 60 24 32 43 29 16 55 10 17 0 51 45 38 61 59 57 8 30 48 63 31 47 40 62 46 23 22 4 12 15 14 5 7 56 21 39
37 29 21 43 50 51 18 57 42 22 59 9 15 45 19 13 49 56 20 58 17 44 38 39 54 34 26 31 47 55 53 14 11 10 25 62 1 52 60 33 6 0 61 16 8 2 48 46 7 5 41 23 4 32 12 24 30 3 40 63
37 29 18 46 20 11 4 2 55 45 54 26 22 43 34 44 53 51 19 47 13 63 39 61 58 25 10 1 21 52 24 31 41 9 17 8 3 5 14 50 0 15 33 49 6 12 59 30 7 42 32 16 62 60 57 56 23 40 38 48
44 45 37 43 42 20 21 22 19 34 14 30 46 52 12 11 60 47 51 29 26 59 58 6 7 41 10 13 38 23 15 39 33 17 24 3 4 50 57 9 54 55 1 32 31 8 63 62 18 49 16 5 61 53 56 48 2 0 25 40
37 29 22 30 23 46 20 19 18 42 34 43 51 31 50 10 38 44 45 14 55 58 47 57 6 9 53 26 25 21 11 12 33 32 16 15 41 24 2 7 13 40 49 48 56 5 52 54 59 60 17 0 8 1 62 4 63 3 39 61
37 45 19 38 46 47 39 10 55 42 53 61 60 18 52 54 29 51 43 44 41 21 14 30 50 13 26 49 34 63 12 22 56 4 1 11 9 31 15 0 20 6 8 40 23 33 62 16 17 57 3 5 7 58 32 24 48 25 59 2
19 20 37 34 26 44 53 25 33 42 13 24 40 17 45 46 8 12 4 29 49 5 11 50 47 43 6 54 41 18 32 2 16 62 21 48 59 51 61 9 56 38 55 60 63 52 31 22 3 39 14 57 23 10 30 7 58 15 0 1
19 20 13 18 17 34 37 9 44 25 42 29 16 10 0 12 33 52 3 43 11 30 60 32 31 53 45 49 46 21 22 61 50 58 57 1 2 6 41 51 14 54 63 5 62 59 26 24 48 23 38 40 4 47 7 56 15 55 39 8
44 29 19 52 53 18 60 42 26 43 37 61 17 9 41 62 1 50 30 0 51 16 58 59 10 32 57 33 40 48 8 22 15 45 54 31 20 34 21 63 38 46 24 12 47 23 5 4 3 13 39 56 14 55 49 25 2 11 7 6
44 43 50 29 20 51 34 26 18 25 22 53 52 49 60 9 48 45 37 46 62 30 47 12 0 15 42 57 4 21 16 54 59 3 2 11 31 19 61 23 13 32 5 38 58 6 10 1 39 14 7 63 24 41 17 33 56 8 40 55
44 45 46 29 18 52 43 9 19 20 22 51 59 37 10 47 38 11 54 60 61 21 3 34 1 63 62 4 0 50 41 48 33 53 12 13 49 8 5 17 58 25 2 30 32 26 23 16 42 57 40 6 56 55 14 7 24 31 39 15
19 18 17 29 21 13 45 43 14 34 5 20 41 25 38 9 0 1 50 10 11 44 8 30 31 57 59 12 3 54 16 48 33 32 37 7 49 4 51 42 63 60 58 40 26 52 23 15 61 22 6 2 24 62 56 47 46 53 39 55
26 18 19 34 25 16 24 32 17 29 44 20 10 33 42 51 12 21 58 3 8 0 9 45 37 43 40 41 49 48 22 14 1 56 6 11 13 23 5 38 50 4 53 52 61 2 57 46 55 30 39 15 31 62 59 60 7 47 54 63
19 20 37 34 12 29 38 44 53 10 18 13 2 22 33 11 14 6 21 30 23 43 15 52 50 1 51 26 42 3 17 24 16 47 39 8 55 45 4 31 9 32 40 61 62 63 60 59 46 5 0 25 7 58 41 49 48 56 57 54
26 18 44 34 25 32 10 11 12 45 42 29 37 2 21 13 9 16 22 23 46 43 33 49 52 19 24 61 4 38 51 40 39 17 5 30 31 60 58 55 47 3 53 62 8 6 63 0 59 54 50 57 48 20 56 14 7 1 15 41
26 20 21 22 44 52 13 18 29 17 60 45 25 32 43 42 54 4 10 14 8 9 50 46 23 62 24 30 40 12 41 11 7 15 1 59 2 61 37 19 6 0 55 47 53 33 16 39 51 48 5 63 34 31 3 57 38 49 58 56
19 20 21 12 45 26 4 44 33 46 54 62 18 37 43 50 55 38 51 52 59 34 53 32 49 13 5 11 30 25 41 39 16 42 24 14 7 61 17 47 29 63 3 2 1 23 60 10 9 48 40 58 22 6 15 8 56 0 31 57
44 29 21 43 42 50 37 34 57 45 33 30 49 26 53 38 19 20 52 46 22 32 12 5 47 23 24 16 15 39 14 13 17 59 18 60 25 9 54 58 51 10 31 55 41 48 2 3 8 0 4 11 61 62 1 7 40 6 63 56
26 18 19 20 13 25 37 43 9 10 50 45 17 11 33 21 1 57 4 3 29 22 54 8 51 59 16 32 23 14 0 46 5 34 52 44 40 12 53 30 2 60 49 7 47 55 63 41 6 48 42 62 39 24 38 15 56 61 31 58
19 18 37 45 17 43 44 21 42 11 46 53 34 30 4 41 33 16 62 55 48 61 25 9 1 52 51 50 58 40 23 56 14 26 20 29 54 22 8 32 38 7 15 63 13 12 5 59 57 10 49 47 3 2 0 6 24 60 31 39
19 20 29 34 21 22 44 37 30 53 43 42 52 11 41 49 3 45 46 18 61 60 25 31 14 13 57 6 15 40 23 7 5 58 50 54 62 4 48 2 32 17 59 63 10 9 16 26 33 47 38 24 0 51 39 55 12 1 8 56
37 45 53 38 44 52 30 29 46 39 31 47 55 42 18 62 21 13 51 60 43 22 59 26 25 23 14 5 33 50 41 34 6 10 2 15 4 9 11 32 61 24 63 54 19 58 49 20 40 12 1 57 3 48 56 17 8 0 7 16
44 43 18 21 20 19 12 5 26 37 29 42 30 46 41 49 13 22 45 14 10 11 15 1 2 53 55 31 39 17 34 47 8 63 54 4 51 25 50 52 57 61 33 24 62 23 38 40 32 7 58 9 16 56 59 3 60 48 6 0
26 20 37 42 43 44 21 19 12 30 39 14 29 17 46 11 34 45 22 13 6 31 3 47 55 2 51 52 61 15 25 18 1 23 49 56 33 16 7 50 41 40 32 60 9 59 4 54 57 24 63 48 38 8 10 58 5 0 62 53
44 45 46 34 18 21 41 37 38 26 20 29 13 9 19 53 42 5 54 47 25 10 52 33 22 43 11 31 51 60 17 49 59 62 6 8 48 58 15 4 50 40 23 14 12 16 32 30 39 7 56 3 0 1 61 57 63 55 24 2
37 45 26 34 42 29 46 47 30 18 44 31 21 13 19 10 22 50 41 52 54 32 38 63 12 14 55 43 5 4 1 20 61 2 62 33 23 51 49 57 39 7 53 15 25 60 40 16 48 6 3 11 17 59 58 56 0 9 24 8
44 29 21 45 26 52 54 38 53 20 51 14 30 59 47 22 60 18 12 34 42 62 25 13 11 31 39 17 23 33 5 46 32 16 37 40 58 43 61 6 50 63 48 2 55 41 49 15 10 57 24 3 8 9 19 4 0 1 56 7
37 45 44 29 18 52 30 21 54 39 43 38 60 50 31 9 51 59 57 41 12 3 46 62 63 20 61 53 19 26 0 34 42 17 10 58 49 33 55 2 47 16 11 4 32 13 25 40 8 22 24 56 15 14 48 7 6 5 23 1
44 29 21 45 46 43 42 20 37 30 19 50 23 41 51 60 49 48 59 47 54 61 55 53 32 12 13 57 5 31 63 14 22 10 15 4 38 7 1 26 18 52 58 34 62 11 40 2 17 6 25 9 0 8 16 33 24 56 39 3
26 34 44 20 18 52 53 25 19 62 33 11 29 22 12 13 43 40 45 54 37 50 46 38 39 30 23 31 17 8 51 15 60 61 7 59 10 9 1 47 5 21 57 2 58 49 4 6 3 56 41 16 14 0 24 32 48 42 55 63
26 20 21 18 37 34 17 29 42 44 10 13 30 9 14 8 43 7 19 3 53 50 16 24 25 45 58 61 12 57 1 4 5 11 52 39 22 38 2 60 56 33 46 54 63 41 49 48 51 62 40 32 47 0 6 23 15 59 55 31
26 34 44 18 9 29 21 10 19 43 30 12 42 31 25 32 16 8 17 50 37 22 0 38 52 53 58 41 20 33 4 61 15 14 62 45 24 59 13 5 49 11 2 3 54 46 1 23 7 40 55 6 48 57 39 63 60 47 51 56
26 18 44 45 46 20 12 13 19 34 33 43 42 51 60 4 50 41 21 52 32 25 17 40 59 54 24 30 48 10 53 38 55 16 22 47 5 56 37 62 39 6 14 11 1 15 7 57 61 23 3 2 29 49 31 63 8 0 58 9
26 34 43 50 33 20 21 19 18 9 52 32 40 14 41 42 45 51 24 10 22 23 13 48 29 53 17 30 3 25 39 38 31 37 47 46 16 11 0 15 2 6 54 62 57 8 12 1 56 4 44 55 61 5 49 60 59 58 63 7
44 43 42 51 26 45 52 41 46 37 50 21 38 39 32 40 31 60 59 23 61 47 33 49 30 57 34 22 56 25 16 58 19 62 17 53 63 8 24 10 12 5 20 18 0 29 9 11 3 4 54 2 15 1 6 14 13 7 55 48
19 18 44 29 21 13 14 20 10 22 30 43 11 53 9 39 50 7 38 31 15 12 4 42 51 57 37 52 5 46 60 8 54 26 17 25 41 34 59 40 23 58 33 45 16 24 49 61 55 48 2 3 62 63 56 6 0 1 47 32
44 43 26 45 54 20 42 50 58 19 12 13 34 57 14 29 56 46 53 18 9 60 11 37 30 21 25 31 61 17 33 62 16 4 23 5 3 2 6 24 41 8 1 15 55 40 52 32 22 7 38 39 47 59 63 0 48 51 49 10
44 45 46 29 19 34 20 37 26 52 30 13 51 22 42 41 21 50 59 12 15 23 53 33 10 18 32 55 4 62 61 58 43 48 63 60 57 5 47 3 6 2 40 39 1 54 11 24 17 25 14 9 16 0 8 49 56 7 38 31
19 20 29 38 12 26 17 42 34 18 43 44 51 16 33 10 2 40 37 3 1 21 9 45 39 41 11 58 22 15 59 50 24 0 46 47 8 60 5 30 14 25 23 4 52 6 54 63 13 53 48 32 57 56 55 61 7 62 49 31
19 18 44 20 26 34 12 29 9 13 14 42 50 0 30 37 43 33 17 6 10 21 22 58 41 5 1 39 24 7 38 48 25 52 45 47 11 32 61 59 3 2 49 53 51 57 46 16 40 4 54 23 8 55 31 63 62 60 56 15
37 29 21 43 34 45 20 13 22 26 5 33 53 54 19 11 25 6 44 24 2 30 55 14 46 52 18 62 61 3 32 40 7 10 42 41 4 12 9 17 39 0 23 60 59 49 8 50 56 51 48 15 31 38 47 1 16 63 57 58
44 45 37 43 26 17 52 21 42 51 46 49 59 60 53 50 20 29 18 19 11 34 61 62 16 30 12 5 33 54 47 41 25 40 13 10 1 14 31 58 57 63 38 24 22 39 6 56 32 2 3 23 9 0 8 48 4 7 15 55
37 29 18 44 30 34 41 33 51 52 42 22 60 20 32 48 15 45 49 43 26 38 12 21 39 3 46 11 19 13 5 31 10 14 50 54 55 17 62 63 47 40 8 4 6 24 9 57 23 59 61 2 53 25 1 7 58 0 56 16
44 29 22 45 37 42 26 18 43 21 9 50 20 17 53 1 41 15 25 52 23 11 0 46 13 19 16 60 2 3 7 5 4 33 38 6 62 51 54 39 40 34 12 24 57 58 59 8 30 49 32 56 10 48 61 63 55 31 14 47
26 20 13 34 44 37 46 17 42 53 41 38 39 30 62 55 18 51 22 33 45 6 54 48 50 21 24 43 12 32 60 25 4 11 8 52 10 2 63 47 49 14 40 19 7 29 61 31 3 15 9 57 1 58 5 0 23 59 16 56
19 34 43 20 21 11 18 29 33 22 3 50 45 17 12 25 38 13 5 41 23 54 26 31 63 30 47 52 16 9 8 44 61 4 39 6 40 2 53 37 1 24 48 51 10 62 46 32 60 59 58 0 14 55 49 15 7 56 42 57
26 34 43 50 51 18 57 29 22 30 38 42 20 37 44 13 19 52 6 58 49 23 33 21 45 4 10 17 15 53 24 8 46 14 12 5 54 3 11 40 1 61 48 47 32 25 39 7 62 31 41 9 2 0 59 63 16 55 60 56
26 20 45 25 17 42 12 8 49 13 18 29 22 30 32 4 9 10 38 33 19 31 34 50 16 47 37 46 11 40 55 21 44 51 15 23 0 63 58 54 41 53 39 2 3 56 62 5 1 7 52 61 57 24 43 59 48 60 14 6
37 29 19 45 54 43 38 53 20 18 17 12 5 9 26 10 44 21 14 4 42 55 30 6 52 16 63 23 47 34 33 51 61 50 59 22 8 60 46 58 3 0 25 62 13 40 7 1 31 15 49 56 24 32 41 48 57 39 2 11
37 45 53 34 42 29 26 49 20 33 21 46 56 18 39 22 32 43 30 25 41 38 11 24 14 15 52 10 9 19 17 8 23 13 4 54 12 2 31 0 6 5 44 40 50 3 48 61 60 51 59 58 57 7 62 47 1 55 63 16
26 18 44 29 20 25 30 13 17 45 33 38 11 22 37 2 46 34 4 9 14 52 43 32 59 8 42 54 10 53 19 50 24 6 41 49 48 21 12 1 55 58 0 57 5 60 51 56 15 63 16 23 39 61 62 40 3 7 31 47
44 45 46 52 19 47 37 26 55 11 39 38 29 30 22 15 59 23 21 20 10 53 33 60 62 18 2 40 13 58 17 5 6 1 14 34 4 8 16 24 43 51 9 54 0 31 63 7 50 3 12 57 41 32 49 42 48 61 56 25
37 29 19 43 51 38 46 20 22 10 30 42 1 60 13 11 12 6 18 2 49 31 26 17 14 34 59 33 50 54 47 57 41 4 24 0 15 48 61 25 21 45 58 63 55 8 62 7 40 56 23 5 16 44 3 32 9 52 39 53
26 18 10 9 8 2 11 34 45 21 41 19 20 37 22 29 12 14 43 44 25 53 38 47 54 52 51 48 33 50 46 17 32 23 24 1 59 63 7 62 30 6 13 42 0 16 31 49 57 3 55 61 60 15 56 4 39 40 5 58
37 29 20 43 26 19 30 13 44 22 10 52 14 31 51 11 21 59 60 25 5 46 34 7 23 1 3 4 12 53 45 33 47 50 61 6 9 15 17 55 18 62 57 41 58 2 38 39 24 16 0 32 49 48 42 40 63 54 56 8
26 20 21 22 13 18 44 29 14 6 15 37 46 43 42 38 4 55 7 34 10 25 5 23 24 17 16 51 53 45 47 52 11 50 60 9 30 54 2 32 62 0 57 8 58 59 12 63 1 31 39 61 19 49 56 48 41 33 40 3
44 29 18 26 34 25 21 42 49 37 46 52 51 45 60 10 2 43 53 54 63 59 24 50 57 56 48 55 41 14 61 19 12 47 30 32 38 62 40 22 20 4 31 13 39 17 7 33 15 23 5 58 11 3 8 16 9 1 0 6
19 18 44 43 42 45 17 41 37 11 10 29 49 34 54 50 40 25 59 48 26 53 62 1 30 20 46 47 12 13 24 57 38 31 23 61 5 15 58 9 33 60 52 16 2 55 56 22 39 51 21 3 63 6 14 4 8 32 7 0
37 29 21 30 19 26 22 45 17 14 15 43 23 10 44 38 5 52 50 51 46 57 3 7 20 31 39 47 54 8 58 55 11 62 61 12 6 2 1 18 56 9 42 13 25 32 4 53 33 34 40 0 63 49 41 16 24 48 59 60
26 20 29 34 42 43 11 41 48 17 49 40 51 13 33 2 12 59 6 22 52 58 57 53 32 24 38 44 61 30 21 14 8 10 4 46 9 18 60 25 47 0 31 50 7 16 39 62 54 56 37 15 23 45 3 63 5 19 55 1
26 20 37 34 33 43 12 13 44 41 19 29 14 52 45 46 30 11 54 31 23 5 48 32 55 17 10 50 21 15 60 22 8 25 38 1 18 24 57 42 40 62 16 53 3 2 63 4 39 49 51 61 56 9 0 58 7 59 6 47
26 18 10 43 44 45 52 29 46 60 30 47 53 61 51 42 54 62 50 34 63 17 24 38 33 9 1 58 25 0 19 41 8 21 59 37 31 39 40 23 14 2 22 12 49 13 3 55 5 4 57 20 16 32 6 48 11 7 56 15
19 34 45 37 44 11 29 54 10 9 1 52 12 20 43 13 46 18 21 22 3 26 5 30 39 6 17 51 41 33 53 49 55 63 48 61 57 8 24 16 4 38 7 25 58 59 2 32 42 50 47 31 40 56 14 15 60 23 0 62
26 18 44 43 34 25 42 50 57 52 49 20 53 62 29 41 24 32 9 56 33 16 45 48 12 4 21 0 11 30 60 59 58 51 13 2 22 23 19 6 40 37 31 17 15 5 3 10 61 14 8 1 7 54 55 63 47 46 39 38
26 20 21 34 19 11 10 29 3 22 42 17 13 2 1 33 18 12 45 14 16 51 50 58 6 4 25 43 41 0 15 40 37 5 52 53 54 7 57 56 49 44 60 55 59 24 61 46 48 8 39 9 47 62 63 32 38 23 30 31
37 29 21 30 19 44 45 46 23 20 11 13 54 2 52 43 38 39 12 53 51 3 18 62 26 10 5 59 63 31 4 6 47 34 42 55 58 57 33 25 1 40 9 8 0 17 7 50 14 22 41 32 60 16 48 15 24 61 49 56
19 34 41 33 43 48 29 37 25 10 38 51 20 13 12 22 1 47 21 16 44 45 52 61 32 11 17 9 60 59 46 55 3 53 42 50 6 26 8 14 62 54 58 0 5 4 18 57 31 7 56 39 30 49 23 63 40 2 15 24
44 29 19 10 20 26 11 12 25 43 42 49 3 18 21 51 41 37 2 9 30 34 17 48 56 33 50 22 13 38 39 52 58 59 40 45 31 6 8 16 60 4 53 54 5 14 23 32 57 15 62 47 61 0 1 24 7 63 55 46
26 18 37 34 17 38 46 25 19 29 32 54 42 11 30 8 20 12 2 49 55 10 4 5 9 1 39 16 43 51 52 13 22 21 41 23 3 31 56 33 53 47 59 48 24 63 40 57 50 61 44 45 15 60 62 58 0 14 7 6
37 29 21 43 26 22 30 38 45 44 39 23 53 51 52 19 14 17 34 54 18 42 12 15 46 33 41 25 9 20 13 5 4 32 10 0 62 61 7 47 8 63 31 11 59 24 55 49 40 6 58 50 57 48 56 3 16 1 2 60
26 34 43 20 42 41 19 49 44 50 40 48 29 52 51 58 11 25 56 33 21 22 16 57 60 18 24 59 15 61 12 17 13 4 3 30 53 46 5 45 39 2 54 62 55 63 38 10 37 23 8 9 31 6 14 47 0 1 32 7
26 20 21 34 19 29 42 33 24 11 30 50 51 40 44 60 10 9 3 18 0 31 37 2 58 8 23 14 4 38 1 41 32 15 12 25 22 49 7 52 56 45 43 17 16 6 39 57 59 46 61 53 55 54 62 63 5 47 13 48
44 45 19 52 37 29 46 47 22 26 53 62 60 12 17 33 25 8 41 40 61 30 63 14 20 54 39 55 34 59 10 3 1 18 43 11 38 50 24 32 51 9 5 21 15 23 0 58 48 42 31 7 4 13 16 6 2 49 56 57
26 18 37 45 53 29 30 34 41 33 9 0 20 21 25 39 13 22 38 44 14 32 51 17 42 60 8 31 23 62 58 5 43 59 61 50 4 16 10 54 52 11 12 7 6 49 63 15 40 47 57 3 2 48 24 19 46 1 56 55
44 43 50 53 42 26 52 51 60 59 17 25 62 54 46 8 24 19 58 57 9 49 45 21 29 47 33 61 38 40 14 41 10 22 37 55 23 18 34 1 16 7 20 32 30 31 2 15 56 13 63 3 39 11 5 4 12 6 48 0
37 29 18 43 19 26 45 11 22 54 25 21 30 9 13 20 10 14 0 24 4 2 63 38 34 6 51 17 7 15 33 52 53 32 46 8 42 59 23 31 39 50 49 61 1 55 16 57 44 47 60 56 48 58 5 62 41 40 12 3
37 29 20 43 38 12 19 39 5 30 46 11 22 45 34 4 21 47 51 59 26 25 24 3 41 18 42 49 17 16 53 10 1 14 31 60 54 61 6 2 55 7 52 15 9 13 44 62 58 32 40 57 23 33 56 63 8 0 48 50
19 18 26 20 9 43 29 0 44 22 30 25 50 51 42 33 14 38 59 21 12 13 49 6 17 37 15 58 1 16 34 5 41 56 53 40 23 39 32 2 47 48 4 45 10 7 46 61 54 24 31 60 8 57 52 55 62 3 11 63
19 34 44 11 26 18 17 45 20 25 2 12 37 4 53 62 10 9 0 46 54 1 33 43 16 41 50 24 29 51 59 21 42 55 52 61 13 5 47 3 6 58 60 8 57 56 63 39 31 14 40 48 7 38 30 15 22 23 32 49
37 43 18 19 20 11 42 13 21 45 4 34 5 50 26 29 30 6 58 2 46 41 7 38 51 25 53 60 47 49 33 54 57 61 10 22 52 9 3 32 24 48 14 12 23 17 59 31 62 16 44 39 1 63 55 56 8 0 40 15
37 29 21 45 26 22 54 20 12 3 14 43 30 34 33 15 51 18 9 39 13 50 23 11 57 31 10 44 19 5 7 0 47 46 17 25 52 62 38 61 63 49 41 32 55 42 24 6 1 48 58 4 59 53 40 56 2 8 60 16
26 20 37 34 18 25 32 45 54 10 11 42 19 17 29 38 44 2 1 3 49 53 22 12 52 59 13 24 41 43 51 40 4 62 8 5 47 55 21 57 56 61 60 6 7 33 16 30 48 14 15 9 58 23 46 50 0 39 31 63
37 45 26 29 46 20 21 47 55 38 12 25 53 42 49 63 19 5 10 1 44 51 52 13 30 43 31 41 18 62 22 57 59 39 23 11 4 34 9 0 8 60 33 17 48 54 14 24 50 16 6 3 58 40 61 7 2 15 32 56
37 29 19 26 21 12 11 44 33 30 46 45 52 53 38 39 42 25 54 63 5 51 55 49 43 47 23 40 14 7 61 10 41 18 31 50 34 13 16 60 58 24 17 15 62 57 1 9 59 8 32 20 6 4 3 2 22 48 56 0
44 45 26 43 37 30 53 34 29 18 33 51 31 23 17 54 50 20 55 22 21 63 13 62 15 14 61 49 10 38 59 58 57 60 46 5 52 42 19 11 7 56 3 9 12 32 25 24 40 39 8 48 41 16 47 4 2 0 6 1
44 45 37 29 18 26 46 10 17 55 22 25 3 21 20 51 24 2 47 39 38 32 1 19 11 12 54 33 4 13 52 43 50 59 5 61 53 57 40 15 34 42 58 30 16 49 62 9 60 14 6 7 8 0 56 31 23 48 63 41
44 43 26 45 50 17 54 37 29 38 31 21 34 42 51 20 11 53 22 13 12 63 41 2 46 33 62 59 19 48 30 39 58 57 10 60 4 18 25 9 8 61 47 52 40 6 56 0 1 14 5 49 15 32 16 7 23 55 3 24
26 20 45 42 34 44 43 33 41 19 29 37 11 30 18 53 31 49 56 12 24 23 46 47 25 39 62 40 52 58 13 6 14 9 38 59 0 61 54 22 21 16 51 17 60 3 15 4 48 7 32 2 5 63 10 50 55 8 1 57
44 45 26 43 53 52 54 20 37 19 42 46 29 60 51 38 11 62 22 49 34 17 50 30 55 3 39 63 13 47 8 31 10 25 12 33 32 21 58 9 56 48 2 5 14 41 24 18 61 6 16 59 23 4 57 0 1 40 15 7
19 20 21 34 45 37 44 14 22 51 33 26 7 54 43 10 59 40 52 23 13 58 32 4 57 5 1 41 30 29 6 15 49 38 3 60 17 8 53 46 24 11 55 62 25 12 31 9 47 39 18 63 48 2 16 0 61 56 42 50
19 18 37 43 26 29 42 34 51 20 22 38 21 44 11 10 17 50 52 15 45 61 58 59 3 16 47 57 60 33 14 4 8 13 24 30 39 41 46 32 12 5 6 23 9 55 63 1 2 31 62 7 48 25 49 40 53 0 56 54
37 43 18 29 34 25 51 45 41 50 59 20 38 47 52 61 22 48 21 44 39 57 55 15 54 46 42 49 16 31 30 14 58 9 53 32 12 60 26 4 7 63 3 17 13 62 24 19 5 11 2 10 40 8 56 23 0 33 1 6
19 20 45 44 43 42 13 12 5 46 29 11 49 6 26 4 3 18 47 2 10 34 1 53 52 9 17 33 61 0 21 54 32 24 37 51 40 14 7 23 60 48 50 56 55 62 63 41 57 25 8 30 31 16 15 58 59 39 22 38
37 45 53 29 19 54 44 52 46 26 18 55 60 43 63 61 20 38 22 9 39 12 11 30 42 21 25 15 3 31 23 24 33 2 10 13 51 41 62 4 34 47 0 50 1 17 16 32 58 49 7 8 56 14 6 5 57 48 59 40
19 34 43 20 21 50 41 11 52 22 44 60 45 53 61 54 29 42 63 26 33 37 3 2 1 46 58 49 25 16 17 57 59 24 38 30 14 47 40 18 56 48 39 23 10 9 55 5 15 32 8 4 12 51 7 0 31 13 6 62
44 29 20 11 22 52 21 15 12 26 42 34 30 49 10 19 13 4 43 39 25 16 60 3 31 38 56 41 5 61 47 37 46 53 23 17 33 45 62 57 2 54 51 58 32 14 55 50 6 24 7 40 18 9 48 63 8 59 1 0
26 34 44 37 42 18 38 50 19 45 17 39 49 25 58 53 46 29 21 10 11 54 30 20 62 8 12 51 52 3 9 43 22 1 41 60 59 15 32 23 31 56 57 47 13 33 4 5 6 48 0 7 55 14 2 63 61 24 16 40
37 29 21 43 34 45 51 38 26 19 54 53 61 20 30 22 31 42 50 41 32 63 52 39 14 13 25 24 16 58 44 46 47 48 40 8 18 7 6 49 57 10 2 1 59 11 3 5 9 60 4 0 12 33 17 62 23 56 15 55
26 34 45 17 42 29 20 44 41 37 43 12 21 48 11 51 33 46 13 5 14 25 47 2 30 38 8 55 16 31 32 19 50 24 22 23 49 0 60 10 15 39 4 56 9 18 57 7 54 62 1 6 3 58 52 53 59 40 63 61
37 29 22 30 21 45 26 15 23 13 44 31 54 43 51 34 41 63 5 12 19 52 53 20 11 18 39 33 14 38 47 49 48 4 17 59 55 61 6 7 60 16 62 25 58 57 10 1 46 3 2 42 32 24 9 8 0 40 56 50
44 29 18 52 37 30 53 42 43 26 38 10 41 50 59 39 60 49 22 20 57 40 9 45 21 14 51 62 54 58 15 8 23 33 46 31 2 47 5 61 16 6 25 7 63 56 34 17 48 19 11 13 55 24 12 0 32 4 1 3
26 20 29 34 42 25 16 22 37 50 15 30 33 24 58 43 38 47 19 12 32 31 5 57 44 4 18 10 3 46 23 53 54 61 62 52 21 40 56 13 11 17 39 45 14 6 60 63 7 8 9 59 49 1 55 51 0 48 2 41
26 18 37 29 9 45 30 21 46 31 23 43 12 13 53 34 41 15 42 20 6 4 51 54 63 25 16 5 3 0 14 7 17 44 19 33 1 47 55 2 39 48 52 32 49 11 22 58 59 38 24 57 8 62 10 50 60 61 56 40
37 43 42 41 19 29 49 18 44 20 33 52 53 45 61 40 51 62 54 50 38 47 11 56 63 59 58 55 9 10 57 12 21 14 1 25 26 46 39 8 17 60 3 24 34 4 2 16 7 22 5 31 32 0 13 48 15 23 30 6
26 20 45 25 12 54 34 33 43 44 52 61 50 37 60 29 19 57 17 13 24 9 30 59 41 48 42 11 40 18 8 51 5 49 46 53 14 38 58 31 62 6 39 16 10 0 21 47 1 32 7 4 2 15 22 63 23 56 3 55
26 34 44 18 17 20 9 37 46 10 42 38 11 4 30 8 2 39 13 33 43 23 45 54 47 3 25 12 22 41 5 19 49 53 61 51 59 21 0 32 14 60 31 50 58 55 62 16 40 57 29 7 56 48 15 1 24 63 52 6
26 18 44 25 19 45 33 43 52 53 54 61 34 41 59 17 8 37 51 58 40 55 49 9 57 32 38 60 10 42 50 20 62 46 24 30 47 0 23 1 12 16 3 39 31 29 11 22 21 15 14 13 4 48 6 7 2 63 56 5
26 20 37 42 19 38 45 34 39 17 33 43 13 11 51 46 21 53 50 31 12 6 14 10 29 32 47 49 55 52 56 22 40 3 60 63 24 5 7 41 48 61 2 18 25 23 54 44 9 0 57 16 4 30 8 62 15 58 59 1
19 20 45 26 37 43 21 11 18 29 51 50 34 33 4 25 42 3 12 52 10 17 59 41 40 54 57 30 2 49 48 46 9 58 14 13 5 53 55 47 44 56 6 0 31 8 22 15 39 63 7 61 38 60 23 16 62 24 32 1
37 45 26 18 44 25 17 9 53 34 24 62 0 29 10 2 11 20 52 8 3 32 22 43 40 51 54 63 4 12 1 15 13 14 21 33 60 19 38 5 31 46 39 6 16 55 47 30 58 61 41 42 23 48 56 50 59 49 7 57
19 20 29 18 11 34 44 37 9 12 5 17 25 52 41 16 26 21 8 3 45 0 13 54 10 4 2 38 43 24 39 48 1 22 59 60 32 40 53 14 61 47 7 30 33 6 31 62 42 51 50 57 63 23 46 49 58 55 15 56
44 45 37 43 42 41 51 60 58 21 20 29 19 11 30 18 2 39 31 50 57 4 40 59 14 12 61 7 3 23 25 52 5 34 53 38 47 10 17 55 22 49 46 54 56 48 32 26 15 16 24 1 9 0 62 13 63 6 8 33
37 29 18 26 19 44 21 14 25 38 45 17 9 30 46 54 34 24 43 8 63 51 55 47 22 10 7 33 16 15 0 12 41 61 58 48 52 31 20 59 4 11 13 53 42 32 62 57 2 49 50 6 60 5 39 23 3 1 40 56
19 18 26 34 33 17 37 20 9 1 10 12 5 45 16 41 49 29 30 4 54 32 38 44 11 6 53 25 2 8 21 50 42 31 3 14 51 57 39 46 56 62 7 23 40 58 47 22 61 60 43 24 15 59 63 52 13 55 48 0
26 20 13 42 45 17 43 44 29 22 41 11 12 53 2 21 30 38 25 24 37 6 39 40 50 58 51 31 18 46 54 10 5 19 23 14 33 60 57 4 59 62 63 55 3 34 49 1 15 56 48 7 9 8 47 32 16 52 0 61
37 45 19 34 44 29 22 10 53 38 47 15 21 18 23 62 33 26 9 32 42 13 1 43 7 20 24 31 30 0 52 17 46 11 39 51 12 16 60 41 8 59 48 40 6 61 58 25 14 56 63 50 57 5 3 54 49 2 4 55
37 29 20 11 22 45 12 13 2 34 44 43 51 21 46 58 14 47 42 33 49 41 19 40 32 18 30 4 59 15 6 39 31 24 50 38 10 3 17 9 56 60 26 48 57 23 16 25 55 0 5 53 1 8 62 7 61 63 52 54
44 29 22 42 20 37 43 19 45 52 34 21 41 40 13 15 30 14 31 33 48 12 5 54 63 23 51 25 4 60 50 39 46 56 49 57 38 11 32 24 16 18 3 26 17 55 58 53 59 9 6 2 10 1 47 7 0 8 62 61
44 29 18 26 20 53 34 43 30 25 50 11 10 12 2 52 4 31 32 13 51 24 14 6 42 49 61 41 22 37 40 38 21 48 59 19 16 1 45 23 57 7 15 33 56 5 39 60 3 17 8 9 0 62 63 54 47 58 46 55
44 29 21 13 19 43 45 11 10 37 42 54 46 9 3 52 60 53 26 38 31 39 17 23 30 12 63 8 33 49 62 61 5 25 47 50 18 51 59 24 2 34 48 20 14 58 41 15 6 1 32 55 16 57 0 22 56 4 40 7
19 18 17 43 42 29 21 11 3 9 30 22 1 13 26 0 51 38 31 34 12 16 10 59 60 61 24 41 49 2 46 4 48 39 8 54 50 25 14 20 45 7 23 58 33 5 57 47 63 56 55 44 6 32 52 53 40 37 62 15
26 18 19 20 29 33 25 37 12 5 43 24 4 34 44 51 42 30 32 50 9 21 52 11 31 39 17 45 3 2 13 14 49 57 7 8 38 47 23 16 6 41 53 22 48 56 15 62 10 61 60 46 63 40 0 1 54 55 59 58
44 43 50 45 19 42 54 26 51 21 29 59 33 37 34 10 53 52 13 38 11 63 47 39 1 49 48 61 30 17 46 24 20 25 8 12 22 15 41 14 4 9 7 18 62 60 0 31 55 16 3 57 23 2 40 32 58 56 6 5
37 45 26 18 10 25 24 20 13 29 30 34 54 19 43 31 11 1 9 3 2 21 46 5 38 44 4 55 6 53 63 12 62 41 14 52 47 33 22 16 32 0 48 7 17 39 8 23 51 40 15 56 60 59 58 50 49 57 42 61
37 45 26 20 54 42 12 38 49 53 52 59 29 34 41 55 63 56 47 4 19 21 57 17 18 48 30 22 50 39 40 51 8 16 24 25 9 33 44 10 31 43 13 0 62 15 23 32 60 58 3 11 7 46 2 1 61 5 6 14
19 20 13 18 37 45 53 43 26 34 17 6 33 41 12 38 39 29 14 25 44 10 48 24 42 11 2 5 9 8 1 47 22 30 55 16 15 21 23 52 46 40 60 0 3 49 32 4 56 62 51 7 50 58 59 61 54 63 31 57
44 43 34 45 53 52 20 19 51 59 10 13 61 29 12 41 22 54 42 4 21 15 46 37 38 30 26 49 47 55 40 33 18 17 60 31 50 3 14 7 23 39 58 56 2 1 62 63 24 57 48 32 8 25 5 9 16 6 0 11
19 20 21 18 34 12 29 30 13 14 44 42 50 45 5 53 31 22 37 23 17 10 52 6 11 24 2 3 62 4 15 9 26 1 0 33 54 25 8 61 38 51 7 58 32 39 47 16 60 49 46 41 40 48 43 63 55 59 57 56
44 29 22 52 37 26 20 12 51 15 17 45 53 61 62 60 59 58 4 63 54 38 18 43 46 39 55 47 30 8 25 23 42 34 31 13 11 2 9 0 10 24 33 19 7 50 21 32 1 3 14 16 40 6 5 48 41 49 57 56
19 20 37 44 29 26 13 12 11 4 43 10 1 6 52 30 14 45 17 3 22 15 53 38 31 33 2 50 18 46 39 9 21 34 42 16 40 32 58 62 5 0 61 55 47 23 8 41 24 48 7 57 51 25 56 54 49 60 63 59
26 34 45 21 20 17 33 29 14 41 25 18 49 13 30 44 37 48 12 50 51 38 19 10 39 7 9 3 1 40 11 31 32 2 15 54 56 5 42 46 53 16 6 57 47 22 43 60 59 62 61 63 23 0 8 55 24 4 52 58
26 18 19 20 29 33 9 10 45 34 17 16 8 37 21 12 25 38 3 0 44 52 39 46 11 1 54 14 30 13 60 55 4 47 15 5 2 24 41 51 50 59 63 32 58 62 43 7 48 53 31 49 40 23 57 42 61 56 22 6
19 34 43 50 33 25 44 29 42 18 16 20 22 30 13 32 38 15 45 21 31 54 37 52 53 39 59 46 55 63 41 60 10 5 62 48 26 58 47 17 49 51 12 23 6 4 61 3 24 40 8 0 57 56 9 2 14 7 11 1
44 43 34 25 42 29 19 37 46 38 16 54 30 20 13 49 39 51 41 23 21 50 53 22 59 12 3 31 56 47 15 18 26 4 10 17 11 32 8 52 55 62 6 61 2 48 5 33 57 40 60 45 14 24 63 7 9 0 58 1
44 29 18 43 21 19 10 53 51 13 37 26 22 11 52 17 9 8 25 32 1 59 62 31 12 34 24 33 58 20 42 61 15 50 14 4 16 2 57 40 5 38 23 6 48 41 45 46 49 30 3 0 54 56 55 63 7 47 39 60
19 34 43 18 29 37 42 51 45 22 21 54 15 38 50 20 33 13 46 23 10 24 59 2 14 58 32 60 57 6 7 47 41 49 26 25 56 44 31 30 39 11 12 4 9 40 61 0 52 5 48 1 16 17 55 53 63 62 3 8
37 45 44 29 19 10 11 34 54 26 30 12 22 52 59 31 51 38 17 58 43 61 3 53 41 42 13 50 47 18 20 16 25 14 23 4 24 63 62 40 32 49 48 57 39 9 6 56 46 60 21 5 0 33 1 8 2 7 15 55
26 20 45 25 17 43 12 21 44 19 30 33 40 14 7 54 42 51 24 41 58 11 18 60 46 47 34 4 5 22 23 13 53 16 50 37 52 31 29 57 8 9 10 32 3 0 63 38 1 2 49 15 56 6 39 59 48 61 55 62
44 29 20 11 12 43 30 13 4 21 14 7 2 39 22 3 50 51 26 42 6 17 52 53 49 58 45 19 8 23 10 54 55 60 38 48 59 33 57 18 37 46 9 34 25 31 56 24 41 40 47 63 1 15 32 0 62 16 61 5
26 34 42 33 24 18 44 45 17 20 21 43 52 53 25 22 62 61 10 29 15 59 14 9 54 41 51 60 19 1 0 37 46 38 32 7 40 11 39 49 50 63 16 58 2 23 55 12 13 31 47 6 57 56 48 8 4 5 3 30
19 18 17 9 44 16 0 2 45 46 29 37 43 26 11 42 51 34 33 22 15 50 55 38 52 21 30 60 20 10 59 32 54 53 58 3 24 63 12 31 4 14 6 49 13 23 56 7 61 5 62 39 57 48 47 25 41 1 8 40
37 29 20 11 22 38 19 45 54 10 39 44 1 53 21 18 46 30 52 61 26 9 62 14 2 47 17 34 42 49 13 63 31 12 56 25 4 5 16 41 48 0 60 43 15 59 8 55 33 32 6 50 24 3 58 23 51 7 40 57
37 29 19 45 22 34 44 51 46 11 26 17 25 38 42 18 47 32 24 20 53 41 33 54 49 39 2 55 40 43 8 50 59 16 21 14 7 12 10 52 62 1 5 0 63 30 3 9 13 6 15 57 58 61 56 4 23 48 60 31
26 18 10 9 19 34 0 12 11 2 25 3 4 8 42 43 44 24 20 50 17 13 33 52 61 51 5 60 21 29 45 38 22 14 58 6 37 46 54 30 39 16 23 53 32 62 1 59 7 57 55 15 31 47 41 40 49 63 48 56
19 20 45 10 29 38 31 34 26 47 30 18 13 54 43 11 63 52 22 14 1 12 50 57 9 17 59 44 41 42 25 60 4 0 6 3 8 5 37 24 2 21 53 15 7 58 51 46 61 48 56 62 33 16 39 40 23 55 49 32
44 45 46 43 18 53 60 19 34 41 20 54 42 38 37 10 31 12 47 55 2 61 33 17 11 59 25 52 9 16 51 4 13 22 49 58 14 57 62 21 30 23 15 7 26 50 48 0 6 39 24 8 29 1 3 32 56 5 40 63
26 34 42 20 29 22 13 18 31 43 52 6 10 17 4 49 24 8 45 19 41 15 9 50 58 54 51 57 12 21 11 60 40 48 44 32 37 14 16 59 33 53 63 30 25 39 46 23 7 5 2 1 47 38 0 3 56 62 61 55
44 45 26 43 54 19 10 17 50 11 34 20 13 12 37 42 51 9 1 46 24 30 53 25 21 6 29 3 5 59 41 32 8 4 40 61 52 18 22 55 38 23 33 47 62 39 31 48 14 60 15 16 56 63 58 2 7 57 49 0
37 29 21 30 22 14 13 43 7 45 38 39 46 15 31 53 23 47 44 12 42 20 54 5 18 49 19 26 55 11 3 17 60 2 8 4 10 16 56 1 25 50 51 34 24 61 41 52 62 57 9 40 59 48 32 6 33 63 0 58
26 18 19 20 9 34 12 25 37 5 21 0 44 45 43 42 51 52 33 41 10 58 60 11 49 13 53 57 40 61 3 50 48 54 14 30 8 23 39 4 38 6 55 22 62 2 7 46 59 24 56 16 29 63 15 47 17 32 1 31
44 29 20 11 26 25 12 13 4 43 2 53 38 10 6 21 9 5 22 37 34 23 51 19 16 3 15 42 41 50 49 1 62 30 14 59 33 57 0 18 31 40 58 46 54 39 52 60 56 17 45 55 47 48 8 7 63 61 24 32
26 20 13 18 44 25 19 12 24 32 40 43 42 21 10 33 34 41 14 37 30 39 50 11 2 52 29 3 16 45 51 58 4 9 60 6 5 53 46 62 31 54 8 48 59 7 55 0 57 22 23 49 38 15 1 47 17 61 63 56
26 34 41 21 29 22 37 25 16 43 52 38 18 17 20 19 11 33 47 12 9 40 32 51 48 0 50 46 4 42 45 3 23 30 13 8 49 44 10 5 2 39 31 54 24 1 62 58 59 14 53 63 15 55 61 7 57 56 6 60
37 43 42 41 18 19 50 29 11 58 40 49 22 3 4 5 20 33 56 9 24 57 26 25 0 34 51 10 59 52 17 38 46 32 45 16 2 48 31 12 6 53 21 14 8 30 44 54 62 7 23 61 60 47 55 39 13 15 1 63
19 20 29 34 26 18 10 21 11 22 25 16 33 1 17 32 44 9 24 43 38 12 5 52 60 37 2 3 45 54 41 40 51 47 31 58 53 49 55 63 42 39 57 59 30 62 15 56 50 14 0 23 8 46 4 13 61 7 6 48
37 43 50 21 19 42 41 49 57 56 48 40 33 34 14 32 24 7 26 59 58 16 60 46 44 25 18 52 38 11 20 51 9 39 55 10 22 13 3 2 5 30 61 53 62 12 23 45 8 1 17 6 31 15 54 63 29 47 4 0
19 34 44 20 33 43 50 52 13 25 51 32 21 49 61 18 48 12 17 58 5 10 29 40 11 56 59 30 37 53 31 9 62 46 45 42 16 22 38 60 2 23 41 0 1 26 57 63 39 6 14 54 7 3 15 47 4 8 55 24
26 34 42 18 20 12 45 25 17 44 16 41 19 50 58 46 54 24 37 29 22 30 55 9 53 43 23 11 8 38 33 32 10 2 21 39 1 3 13 51 48 4 40 0 60 63 31 52 62 56 61 15 5 47 14 59 57 6 49 7
26 20 21 22 37 42 44 46 49 52 13 4 23 31 53 56 5 6 39 51 29 55 45 30 50 58 47 62 61 60 15 34 19 25 17 9 33 12 38 7 18 54 59 10 57 40 43 14 32 24 0 8 1 2 63 41 16 11 3 48
26 20 21 18 19 22 37 44 13 34 52 38 42 51 9 50 39 60 17 16 23 46 29 2 11 12 54 4 10 15 58 6 53 14 5 41 3 47 1 59 49 33 32 56 30 31 0 25 24 55 62 7 61 45 48 40 43 57 8 63
19 34 43 18 29 30 9 37 22 14 33 50 31 25 38 32 51 52 41 39 57 21 47 11 59 49 3 0 15 44 16 4 53 26 40 23 58 10 45 24 42 7 6 8 13 61 12 55 2 46 5 62 54 63 17 48 56 20 1 60
19 20 29 22 37 44 45 18 10 2 30 26 1 21 3 31 13 46 38 43 55 54 39 14 12 5 53 23 17 61 42 52 51 34 59 16 15 60 11 62 63 25 32 24 8 7 6 33 4 47 40 50 58 41 48 0 49 57 56 9
26 34 43 20 37 25 17 45 42 46 21 51 19 29 24 41 30 13 14 23 50 59 53 54 39 16 57 44 11 55 48 33 47 61 31 40 32 3 2 12 52 60 63 15 49 38 6 18 9 10 4 22 8 5 62 1 58 7 56 0
37 43 34 45 44 25 50 29 21 19 53 42 33 24 26 30 41 49 10 57 16 13 56 62 5 22 58 11 20 59 31 1 61 12 9 18 52 15 38 54 40 32 46 14 55 60 48 3 17 63 4 6 7 51 23 0 8 2 39 47
19 34 42 20 26 43 51 50 37 11 13 33 25 38 45 60 3 29 47 6 57 44 53 18 58 59 61 21 30 23 14 39 31 16 46 15 7 54 41 48 10 22 5 2 40 12 52 32 17 4 62 9 0 49 56 24 8 55 63 1
19 20 45 34 37 29 22 10 18 30 12 17 41 11 26 42 3 48 23 4 1 15 16 9 0 31 2 38 33 8 13 24 50 21 5 53 54 14 44 43 51 60 49 52 46 55 47 57 40 25 56 39 58 59 6 32 7 62 61 63
26 18 19 20 37 43 29 38 44 33 13 21 9 6 12 42 17 34 50 4 22 14 5 25 30 41 47 10 11 45 53 39 46 62 61 15 31 1 3 59 7 54 58 60 23 55 63 57 52 2 32 49 48 56 8 16 0 51 24 40
37 43 34 29 19 26 51 44 45 46 21 52 59 11 47 50 49 14 18 60 13 17 15 22 53 62 3 7 9 4 5 12 54 63 20 61 38 58 23 41 42 2 6 16 8 31 39 10 0 40 1 55 33 30 24 32 57 25 48 56
37 29 20 43 21 12 19 11 26 14 18 38 46 9 3 54 13 22 23 17 5 45 33 34 51 32 40 44 0 48 53 15 41 30 8 42 62 7 49 58 52 55 57 56 60 59 63 16 24 1 10 47 31 4 61 50 2 6 39 25
19 18 37 45 26 20 21 22 53 38 13 43 31 25 24 23 17 54 15 12 46 14 52 33 42 30 5 34 55 6 29 16 8 11 4 41 9 61 47 39 32 0 49 60 50 63 62 57 58 51 40 3 59 7 2 56 10 44 48 1
26 34 44 18 17 45 46 43 19 25 32 21 37 12 10 47 55 38 51 29 22 9 39 20 11 8 33 23 54 63 13 2 16 6 0 31 5 3 62 30 14 40 7 4 41 50 53 59 57 15 48 52 61 24 58 42 49 56 1 60
26 34 41 17 42 50 33 20 59 18 43 44 45 53 61 46 39 62 13 58 52 32 48 60 54 19 49 40 57 21 11 51 24 63 29 3 16 12 55 9 25 22 10 47 30 38 23 2 1 14 31 0 5 4 8 37 6 56 15 7
19 18 37 20 9 43 26 46 44 29 45 17 47 25 42 1 12 5 34 21 16 24 2 52 13 53 22 15 61 30 32 50 6 33 49 54 38 55 57 3 23 0 10 58 62 51 63 48 31 39 41 7 14 8 59 4 11 60 40 56
19 20 13 10 37 26 21 44 25 38 46 33 51 22 39 6 14 34 42 53 1 50 5 52 12 11 18 9 60 55 54 7 24 32 58 4 0 16 23 2 30 31 29 49 62 47 43 61 15 45 8 3 41 63 17 59 40 57 56 48
37 29 22 44 53 42 19 11 10 30 12 45 23 15 43 61 54 26 51 1 20 2 14 47 41 4 34 13 21 38 17 59 31 48 5 50 58 6 60 52 3 57 18 49 33 32 63 39 7 46 24 55 40 16 0 9 25 8 56 62
19 34 43 20 21 51 26 12 3 10 44 13 5 4 41 22 50 6 11 42 58 37 38 33 29 40 32 24 18 17 8 39 45 48 47 46 25 60 53 52 55 63 59 62 23 9 0 31 16 15 56 1 54 49 57 2 14 7 30 61
19 18 37 45 53 54 26 61 63 20 52 33 12 47 25 43 9 21 51 59 44 4 10 17 58 46 29 0 13 2 8 5 40 57 62 50 1 42 41 24 6 3 34 32 55 22 11 16 39 7 48 30 38 49 60 56 14 23 31 15
26 34 44 37 30 53 33 17 42 29 22 31 20 14 8 45 62 43 54 11 46 41 49 47 23 63 13 38 39 4 5 61 12 18 21 16 2 0 55 50 57 52 59 40 60 51 24 32 3 58 48 6 7 25 15 19 9 56 10 1
44 29 20 45 19 43 53 34 54 11 18 46 4 61 52 17 38 3 33 21 12 42 25 22 50 32 9 60 15 39 26 8 14 24 40 37 30 49 58 23 31 47 13 51 2 56 16 7 55 57 41 1 6 10 0 5 48 62 63 59
37 29 18 46 38 42 20 39 43 44 49 11 51 50 13 12 4 9 52 2 25 58 22 15 47 21 54 41 59 55 53 5 0 19 57 3 34 32 45 16 40 56 23 48 33 62 6 14 17 26 1 31 61 30 7 10 24 8 63 60
26 34 45 19 10 11 44 1 42 29 20 21 3 52 53 25 59 33 17 9 18 37 22 23 40 2 0 8 14 13 4 5 30 61 46 49 16 55 32 43 54 62 15 31 63 7 50 38 60 51 39 12 47 24 57 58 48 56 6 41
19 18 26 34 42 20 33 43 12 4 13 32 41 22 17 11 21 16 52 51 5 48 59 60 37 6 23 29 10 3 30 53 50 45 14 25 44 15 2 31 24 58 61 62 40 57 8 46 39 47 38 0 49 9 56 1 54 63 7 55
26 18 10 29 45 44 53 34 20 2 42 54 46 11 30 22 63 62 9 39 4 19 47 16 31 3 0 5 52 50 33 43 41 25 12 13 6 21 24 38 57 1 37 51 14 23 8 32 40 7 59 48 60 55 56 58 49 61 17 15
19 34 41 33 42 49 40 50 58 48 43 32 26 51 56 57 24 25 18 59 44 12 52 53 37 38 10 2 29 20 60 21 9 17 46 45 31 55 22 61 62 0 13 30 3 1 14 23 54 47 16 5 39 63 11 4 7 6 8 15
26 34 44 18 25 16 9 29 32 24 33 40 17 43 45 10 8 0 30 22 3 38 19 46 54 2 51 62 37 42 55 11 31 59 14 23 20 5 63 12 41 50 49 15 60 57 13 61 58 4 48 47 21 39 7 56 1 6 52 53
19 20 45 18 29 38 30 37 39 34 11 26 25 10 43 42 1 21 13 2 17 6 33 53 12 3 52 14 5 16 51 31 22 47 23 50 55 0 4 15 59 40 49 63 8 60 41 24 44 46 32 61 7 58 9 48 56 57 54 62
26 18 37 29 30 34 41 42 43 44 25 40 50 17 45 21 10 20 33 49 32 3 57 46 16 38 54 19 11 12 51 58 24 22 23 47 56 9 59 8 2 4 55 62 5 48 52 13 39 1 0 15 63 61 7 53 14 31 60 6
19 34 43 20 21 29 38 22 44 50 51 12 11 10 25 14 57 42 15 52 60 13 5 47 33 59 4 41 37 45 26 6 61 32 1 17 58 3 24 18 2 16 8 9 49 0 53 62 7 40 46 31 39 30 55 54 63 23 48 56
44 29 18 42 20 21 34 52 30 39 14 12 11 10 50 37 31 22 51 38 53 26 13 58 9 6 49 60 25 54 43 57 7 15 4 19 61 3 5 56 59 41 46 8 2 24 45 47 17 1 32 16 0 23 55 63 48 33 40 62
19 34 43 50 33 18 17 11 51 9 20 59 44 13 4 29 38 16 57 45 58 31 47 12 60 22 37 42 15 46 52 24 41 49 40 48 0 61 54 53 56 10 6 21 32 23 8 25 1 63 5 7 30 3 14 39 55 26 62 2
44 29 19 26 22 43 20 11 50 53 18 51 25 38 12 37 30 32 10 23 62 57 39 45 31 47 54 52 24 9 60 14 46 63 17 4 13 1 40 2 34 59 8 42 33 21 58 16 15 3 41 5 7 6 56 48 55 49 0 61
26 34 43 20 42 33 29 37 40 21 25 51 45 49 38 46 58 44 53 41 14 24 32 31 60 57 39 50 30 13 52 47 56 23 22 7 11 62 16 12 61 15 18 17 19 54 8 2 63 55 4 10 3 1 59 9 6 48 0 5
44 45 37 43 50 38 42 51 46 52 30 29 58 47 53 57 49 22 55 61 54 59 15 14 6 31 60 13 34 41 20 4 25 21 18 19 12 63 11 33 24 2 48 3 26 16 62 5 17 10 56 23 39 8 7 40 0 32 1 9
37 43 50 45 26 38 46 47 55 21 30 19 44 34 33 42 39 41 10 20 51 32 24 22 12 1 54 58 48 29 52 31 23 13 11 15 60 25 9 53 16 49 14 63 62 3 5 17 40 7 61 4 6 18 59 57 56 2 8 0
26 34 44 18 17 16 9 10 25 2 33 41 8 43 49 19 3 24 0 32 11 29 42 48 30 53 62 50 1 20 51 59 45 4 5 46 37 21 22 60 12 31 47 38 39 52 40 54 56 23 15 57 61 63 13 14 58 55 7 6
19 18 26 20 11 42 17 16 12 34 25 10 9 0 50 8 13 2 45 43 33 44 29 5 4 38 52 41 1 21 30 59 37 51 3 53 32 31 61 62 54 46 49 58 47 22 60 24 6 39 14 15 23 55 63 7 57 56 48 40
26 34 43 50 51 20 49 59 29 48 13 18 57 41 25 32 33 42 16 22 9 6 45 21 19 44 52 54 12 37 46 4 23 17 3 1 40 15 56 10 62 11 5 55 47 61 2 8 0 58 31 38 53 39 7 60 24 63 14 30
19 34 45 20 33 18 13 21 10 44 9 26 29 40 42 12 37 17 51 1 0 30 11 43 16 53 61 54 23 41 32 24 63 6 2 5 25 38 47 46 3 58 50 59 39 31 60 4 14 15 7 22 57 49 52 8 48 55 56 62
19 18 44 45 37 11 3 20 29 21 12 43 14 13 42 26 25 41 46 30 10 7 40 1 17 8 31 4 5 33 15 6 34 2 32 22 16 53 0 48 51 49 60 9 50 52 56 62 23 38 58 24 54 63 39 47 55 57 59 61
19 18 37 45 17 43 26 11 44 29 20 9 22 15 34 16 51 25 38 21 54 59 8 46 13 0 10 31 53 62 50 5 3 42 39 57 52 1 24 32 55 12 30 14 41 33 23 48 7 63 40 6 56 49 47 4 2 60 58 61
19 18 17 11 44 37 38 52 51 42 60 39 20 53 34 10 54 25 3 1 30 21 29 4 33 16 5 41 32 45 23 12 31 61 46 47 14 15 9 2 50 58 0 13 55 43 62 24 22 6 7 26 49 48 8 63 40 59 57 56
26 34 43 50 41 25 44 32 51 20 18 11 16 52 4 19 13 9 2 24 59 42 45 46 38 3 40 21 14 48 57 54 62 5 17 29 56 1 8 63 30 7 33 47 0 39 49 61 37 10 31 22 55 53 15 58 6 12 60 23
44 43 18 53 34 25 33 26 24 20 52 42 37 29 45 46 21 9 61 22 14 13 30 23 15 32 41 31 10 2 11 19 40 50 38 3 1 12 59 5 0 60 39 57 47 58 17 48 62 54 56 8 51 49 55 63 16 7 6 4
37 43 50 21 20 51 14 29 42 38 19 13 6 12 59 34 26 57 11 52 22 15 44 3 2 4 58 18 60 49 45 30 41 40 53 61 47 7 23 31 10 33 46 5 25 39 48 24 32 56 55 1 54 9 17 63 0 16 62 8
37 45 44 29 22 21 30 23 54 39 20 51 46 43 38 47 18 19 14 15 42 12 10 33 49 50 26 56 40 53 62 13 6 63 60 52 11 31 58 4 59 2 3 48 57 61 5 17 34 7 24 25 55 16 9 0 8 41 1 32
19 34 41 21 45 11 18 44 4 33 43 48 14 3 25 5 29 32 9 37 30 53 20 23 61 13 26 52 31 54 38 42 22 15 63 55 50 57 62 39 16 10 47 24 2 12 59 51 49 1 40 17 56 46 58 60 8 7 6 0
37 45 26 18 19 34 33 42 17 9 1 16 49 43 10 41 51 50 53 3 8 54 55 21 44 20 29 62 14 57 61 7 63 40 11 52 25 60 24 38 32 2 30 31 48 0 39 47 46 58 12 5 22 56 59 15 4 13 6 23
44 43 18 45 52 59 26 29 54 20 13 19 12 46 30 62 42 17 34 4 8 41 37 22 21 10 50 24 48 31 15 25 63 38 49 23 61 32 60 56 39 53 58 51 16 11 9 55 57 0 47 14 6 7 33 40 1 3 5 2
44 45 46 29 37 55 38 52 21 39 31 54 59 19 11 10 63 26 9 14 25 18 47 33 43 4 13 22 23 34 5 61 51 12 60 50 40 58 57 53 62 1 20 8 42 16 2 30 41 15 6 7 0 49 32 17 3 56 48 24
26 18 19 20 9 43 21 12 29 14 44 52 13 33 7 42 60 10 49 37 38 45 46 39 3 8 30 51 41 54 53 57 62 63 50 55 34 59 56 23 40 32 48 5 2 61 0 31 6 25 11 1 47 17 15 4 22 16 24 58
26 34 41 21 44 33 43 25 37 52 51 46 17 48 29 42 60 20 49 50 45 40 57 18 55 53 62 54 58 59 14 22 9 7 30 0 1 47 39 32 13 8 12 23 10 56 15 2 24 4 63 61 3 38 19 31 6 16 5 11
26 20 29 18 43 44 37 25 19 38 45 53 22 10 9 21 11 34 54 1 2 55 46 50 31 3 14 0 17 8 62 12 52 13 51 63 24 60 59 30 41 49 57 42 32 23 4 16 33 58 61 39 47 40 48 5 6 7 15 56
44 45 37 43 26 38 51 19 54 53 30 55 20 46 39 18 52 34 11 22 31 58 13 21 33 2 25 23 14 6 9 40 17 60 41 47 3 48 49 50 12 4 29 16 15 7 32 10 57 42 61 24 5 56 8 1 0 62 59 63
26 34 41 20 29 21 37 30 12 25 19 44 14 5 11 7 38 45 4 18 39 48 24 22 6 31 52 3 46 33 23 60 2 55 17 54 42 1 53 9 40 47 43 50 62 63 61 49 8 15 51 10 58 32 59 16 13 56 57 0
19 20 29 38 44 26 17 52 37 34 21 10 45 24 18 13 5 14 11 12 16 25 33 43 9 8 47 39 50 51 22 41 40 32 53 48 7 15 23 31 0 1 4 6 56 55 30 62 2 54 61 57 59 3 58 49 60 46 42 63
37 45 44 29 18 34 54 52 59 46 41 19 38 60 21 17 61 30 10 26 31 63 62 14 25 22 7 33 9 32 51 39 43 24 15 42 16 58 53 48 47 1 0 11 50 49 57 55 3 6 20 40 13 12 2 8 56 5 4 23
44 45 26 43 53 52 60 19 42 59 37 20 11 46 58 17 55 18 38 41 40 51 50 61 9 49 16 62 12 5 25 29 4 39 6 21 31 3 48 30 63 7 34 8 10 54 22 0 13 24 33 14 2 56 47 23 15 57 32 1
37 29 22 42 26 19 10 45 44 30 46 1 23 54 49 15 7 43 53 47 39 25 55 62 14 34 50 21 20 57 38 48 60 12 17 63 5 51 56 52 58 4 11 8 40 41 59 31 13 3 16 6 32 24 33 61 9 2 18 0
19 34 43 52 45 37 46 54 62 47 53 20 55 11 39 38 33 61 50 29 60 31 44 57 23 25 18 41 4 59 22 42 10 15 12 13 58 3 16 32 2 51 17 9 1 30 5 63 40 48 21 26 8 6 24 14 7 0 49
19 20 45 42 12 37 43 18 26 54 10 1 44 5 63 21 41 53 13 34 22 14 46 39 2 48 25 52 0 51 61 33 55 38 59 29 30 50 32 47 49 31 6 15 4 16 17 57 58 56 40 24 7 62 23 11 60 9 8 3
26 18 37 29 30 45 10 9 8 31 23 38 21 25 39 13 34 42 54 0 5 41 19 16 24 32 49 11 2 43 44 56 20 6 51 60 33 17 58 59 57 53 1 4 50 3 61 63 47 62 12 40 46 14 52 55 48 15 22 7
37 43 18 29 45 19 21 54 34 25 10 22 44 13 63 42 41 53 46 9 17 49 62 52 32 16 59 38 57 1 2 51 0 47 11 56 39 4 3 31 15 40 26 55 24 23 30 61 33 50 12 48 20 58 6 60 5 7 8 14
44 29 19 26 33 25 37 12 5 43 30 21 17 10 20 40 42 51 3 1 34 16 50 24 59 52 60 57 41 58 56 61 53 48 49 45 9 39 18 2 14 13 54 4 46 32 62 47 38 15 7 63 22 23 0 11 55 31 8 6
19 20 37 34 18 44 33 46 53 52 13 42 50 26 21 29 39 5 45 40 59 55 43 60 32 38 61 58 6 24 49 7 22 11 57 9 62 23 15 30 10 12 54 56 48 51 41 17 3 1 8 14 31 25 16 47 0 4 63 2
19 20 21 18 34 33 41 49 32 11 57 48 10 22 42 29 50 58 37 44 3 45 38 13 23 39 43 40 25 1 4 24 51 14 47 26 31 60 2 17 16 6 12 30 7 5 0 56 46 59 15 55 54 9 8 62 53 61 52 63
26 20 29 18 10 43 12 25 44 11 9 19 17 13 33 52 3 1 5 4 51 16 21 22 6 59 60 61 38 40 23 34 50 49 8 0 32 53 45 15 48 14 42 54 2 31 24 7 37 41 30 56 62 46 39 63 57 47 58 55
19 20 21 12 29 18 11 30 31 37 5 34 14 23 44 45 41 3 38 42 2 1 50 46 25 52 22 49 60 39 13 40 56 4 6 57 0 51 54 63 43 7 58 10 26 59 9 53 48 16 15 61 47 55 33 24 62 32 8 17
44 29 21 43 26 20 19 11 18 17 16 8 42 52 37 38 30 41 49 25 33 34 3 22 61 24 47 60 13 48 46 50 31 6 59 14 57 58 32 39 0 15 7 10 1 55 4 2 9 54 51 45 63 12 23 5 53 62 40 56
19 20 37 18 12 21 14 34 33 44 53 38 17 4 30 39 23 32 22 52 60 29 26 10 40 11 46 16 24 47 1 13 3 62 5 45 31 7 15 51 9 6 58 43 50 59 61 54 63 57 49 8 0 42 2 55 56 48 25 41
26 20 29 38 37 43 39 45 44 25 11 22 19 52 24 17 30 23 21 13 6 4 54 31 9 2 53 18 14 15 42 12 7 0 3 63 51 60 1 10 5 16 47 50 46 34 59 8 58 32 62 57 33 41 48 55 49 40 61 56
44 43 18 53 51 20 29 42 49 34 52 61 33 22 60 41 62 59 45 19 50 46 11 37 38 12 48 2 4 26 25 24 15 47 30 13 21 10 9 57 3 31 23 17 56 1 54 14 5 7 40 32 6 63 8 0 16 55 58 39
26 18 10 29 37 45 19 1 2 43 0 33 20 12 46 47 34 41 30 17 32 31 11 40 25 44 38 22 4 42 53 52 55 3 54 24 60 62 39 9 14 5 61 23 21 59 7 15 48 6 16 63 50 51 58 49 56 57 13 8
44 29 18 42 20 53 43 26 19 50 30 11 57 45 3 22 54 2 41 31 1 34 52 17 9 10 24 8 38 12 0 61 13 47 59 48 15 21 14 58 63 62 32 56 33 37 25 55 49 51 60 5 6 23 7 40 16 46 39 4
44 45 37 43 51 21 42 29 26 49 33 25 19 50 30 59 12 41 24 38 53 23 31 46 15 14 13 18 60 32 54 20 56 6 52 16 40 39 57 17 9 3 34 55 8 61 11 22 47 58 63 4 62 0 5 2 1 10 7 48
19 34 45 21 33 10 14 37 20 22 12 43 46 32 23 5 26 13 11 6 4 25 29 15 7 53 40 39 3 2 30 17 1 48 55 18 41 49 51 31 24 52 57 50 61 60 44 62 58 59 42 54 47 38 63 8 9 16 56 0
37 29 22 46 45 42 26 38 47 18 44 54 61 20 30 25 52 31 49 34 19 14 43 39 12 51 16 33 21 56 17 4 6 13 5 3 59 53 32 58 23 50 41 10 11 9 2 0 60 63 8 1 55 57 24 40 48 7 15 62
37 29 18 45 30 19 20 21 14 9 26 25 46 12 44 43 0 53 3 22 23 15 24 13 54 39 42 4 7 52 31 41 59 60 5 62 47 55 40 34 11 50 63 38 61 17 49 56 8 32 16 51 33 6 48 57 10 1 58 2
19 34 42 18 44 29 37 20 12 38 30 50 10 4 46 39 43 52 57 2 11 31 21 13 41 51 53 55 14 48 1 22 33 15 23 59 25 17 49 45 60 26 16 61 5 8 54 24 3 6 40 62 47 9 56 58 63 0 7 32
19 18 17 29 21 34 37 38 43 13 39 42 22 52 51 20 12 59 14 30 50 58 41 26 44 40 61 3 11 60 33 6 15 25 49 32 53 47 55 24 16 8 48 7 9 57 46 54 31 1 0 62 10 23 56 4 5 2 63 45
44 29 19 43 42 26 33 10 20 21 22 30 38 45 52 40 17 24 12 37 8 13 3 15 14 34 25 1 18 7 6 53 2 50 61 9 16 39 46 54 57 5 63 11 4 58 32 60 41 62 0 31 59 49 56 48 47 55 23 51
44 43 18 53 34 19 20 21 22 25 50 52 41 37 38 29 62 15 30 12 16 17 3 4 42 33 51 57 45 54 46 14 6 31 39 2 49 13 9 5 10 11 26 1 48 56 40 61 8 55 60 24 23 0 32 59 58 47 7 63
44 45 26 52 54 46 38 47 59 30 43 42 53 62 37 34 49 60 61 17 29 41 23 31 19 56 39 11 40 20 3 10 9 18 25 2 1 32 63 16 13 50 8 22 24 15 33 12 51 14 21 4 57 48 6 55 7 58 5 0
26 34 42 20 13 12 11 6 37 41 19 43 33 21 14 25 48 5 52 7 24 46 4 51 15 49 18 61 44 29 32 45 30 23 53 16 60 22 56 54 50 57 55 3 10 9 40 38 31 63 2 62 17 1 59 47 8 39 58 0
44 45 26 52 37 29 30 19 21 18 53 34 43 20 33 22 10 38 60 41 14 6 7 42 50 11 15 51 54 17 48 59 47 2 5 32 40 46 24 13 49 58 12 25 57 55 9 56 61 8 16 1 23 31 39 63 0 3 4 62
26 18 19 34 43 20 21 52 12 22 14 6 23 29 17 9 5 4 50 51 59 42 25 45 13 32 54 41 33 40 49 56 61 30 11 16 15 44 0 2 39 38 37 57 1 31 7 58 60 3 10 46 53 55 62 8 48 24 47 63
19 18 17 9 37 11 10 2 26 20 3 16 1 45 24 4 21 32 8 13 54 25 12 0 6 43 50 51 33 5 52 61 53 47 44 40 63 59 58 29 22 60 41 49 62 30 42 14 38 31 15 7 34 46 55 23 39 57 48 56
44 43 34 45 26 25 52 19 50 37 24 33 29 51 53 18 58 17 9 38 20 57 32 60 40 21 39 54 61 0 8 41 22 47 30 42 46 15 56 16 55 62 31 23 13 63 48 4 10 49 6 11 2 14 59 5 12 7 1 3
19 18 26 34 42 20 11 10 45 12 3 44 37 29 5 4 43 54 21 2 33 46 1 25 38 53 61 41 47 13 22 30 17 63 52 60 51 50 59 9 0 8 58 55 48 49 24 32 39 15 23 6 56 31 57 14 62 16 7 40
37 45 26 29 44 19 20 43 38 17 34 31 8 18 12 21 11 42 13 6 53 16 25 62 9 5 50 33 52 0 30 3 41 22 10 57 46 51 59 40 60 61 4 1 23 24 7 47 48 49 55 56 39 15 14 2 54 63 58 32
37 45 53 54 26 18 10 20 29 21 63 34 30 38 14 7 44 42 31 52 12 4 33 22 19 2 60 32 41 47 1 49 13 62 43 61 17 9 48 16 39 5 8 25 59 11 6 40 57 15 55 56 50 0 23 51 3 46 58 24
37 43 42 45 51 20 29 59 53 54 34 44 50 46 55 49 12 60 47 41 62 19 26 18 17 61 25 9 48 21 22 63 38 4 56 24 32 40 58 15 5 11 2 31 23 13 14 8 30 3 52 39 7 1 10 6 33 57 16 0
37 45 44 43 34 30 38 46 20 12 23 22 21 14 39 31 19 25 55 11 6 29 53 15 51 52 42 58 33 50 3 61 62 13 54 32 41 10 7 48 49 47 18 63 1 40 5 60 56 9 8 2 17 59 4 0 24 57 26 16
26 18 44 34 19 12 17 43 9 53 5 37 42 8 45 51 38 20 60 49 61 1 0 33 25 59 32 41 50 11 58 62 48 54 13 14 52 21 24 29 3 56 4 10 46 47 31 16 22 23 63 57 30 40 15 7 6 55 39 2
26 20 45 44 37 17 43 34 8 52 59 25 33 30 53 24 19 11 12 41 2 21 32 3 5 1 48 10 38 54 46 42 9 16 51 4 13 60 39 49 55 0 29 47 57 40 61 56 50 23 31 14 6 63 22 7 15 18 62 58
44 45 19 20 54 10 21 43 12 53 26 14 34 4 52 42 29 62 49 55 61 41 1 60 11 3 33 56 63 24 59 48 51 13 25 17 37 46 5 38 50 58 2 30 22 31 40 47 15 7 57 18 32 6 9 0 16 23 39 8
26 20 29 38 45 34 12 11 10 4 19 2 33 41 31 32 5 25 22 30 21 54 52 6 40 14 42 43 18 47 15 17 39 13 24 49 50 58 46 16 51 53 7 37 57 55 62 63 44 23 8 9 3 60 61 1 59 48 56 0
26 18 19 20 9 42 45 34 12 0 17 21 41 54 22 48 44 14 50 13 40 49 43 33 4 5 11 31 29 59 1 32 24 53 23 51 56 3 7 25 58 38 52 15 39 37 46 47 61 60 16 30 55 2 6 8 10 62 63 57
26 18 10 25 19 34 45 12 43 17 9 3 42 33 2 52 50 29 20 44 4 58 59 1 16 46 0 8 38 51 24 41 21 53 61 30 39 31 40 62 63 49 56 47 37 32 57 5 11 54 6 22 23 15 60 48 55 7 14 13
26 20 21 22 13 5 23 12 29 34 3 31 19 18 14 38 10 15 25 2 41 7 11 42 45 37 46 54 55 32 30 39 6 40 9 53 1 4 47 0 17 24 49 63 52 51 16 33 48 57 59 43 60 8 44 61 62 56 50 58
19 34 42 18 37 43 26 45 44 20 54 50 41 52 33 40 11 46 9 10 61 63 57 59 58 49 25 3 38 24 32 29 60 39 21 51 31 23 12 2 16 0 30 22 13 4 5 14 47 53 1 56 55 17 6 8 15 7 48 62
26 18 44 45 46 43 9 19 50 54 29 30 11 10 63 57 51 3 20 37 21 52 1 22 60 53 2 17 12 55 42 58 34 49 38 4 47 31 56 8 14 40 25 32 62 16 33 0 61 13 23 39 48 15 24 59 5 6 7 41
19 34 43 20 37 11 33 29 21 38 10 50 30 31 3 13 5 46 55 18 57 1 26 4 23 40 17 6 32 41 39 25 24 59 49 9 48 45 7 42 51 52 53 47 0 56 12 22 58 14 15 2 44 63 60 8 16 54 62 61
19 34 45 11 26 20 33 25 18 41 40 54 63 17 8 37 10 53 4 32 13 55 48 16 47 21 29 14 9 3 46 39 42 24 44 43 61 49 7 5 2 6 57 15 52 30 12 22 31 1 51 60 58 50 59 38 0 62 23 56
19 34 44 21 26 20 18 42 37 52 13 46 55 5 51 53 50 58 43 25 6 9 59 7 17 49 61 10 1 8 24 60 45 2 57 47 3 0 41 29 11 48 22 62 33 63 16 4 30 31 39 40 32 38 56 54 23 14 15 12
26 20 21 22 13 34 44 37 14 6 30 29 19 38 46 25 43 51 33 41 45 10 32 53 58 17 9 8 15 39 49 23 11 12 4 40 62 48 50 59 60 3 18 2 47 55 16 57 1 52 0 61 56 31 63 24 54 42 7 5
37 29 22 42 19 21 26 38 14 13 46 15 34 33 30 17 44 39 23 45 40 47 50 53 52 18 62 11 54 51 60 20 8 31 7 59 9 61 12 58 3 43 63 4 55 6 5 10 41 24 32 25 16 2 1 49 57 56 48 0
26 20 45 44 29 34 43 37 19 50 21 18 51 58 25 53 46 13 9 0 30 31 10 41 60 24 5 47 54 62 39 52 8 6 61 11 57 59 2 55 16 1 42 4 40 23 12 33 15 7 17 56 38 48 22 14 49 32 63 3
44 29 21 13 14 45 12 20 19 42 43 18 38 4 26 6 5 22 11 31 17 16 15 50 25 3 7 23 9 34 30 39 24 8 54 10 52 59 60 33 51 63 47 53 41 40 46 37 0 55 61 62 58 49 32 57 56 48 2 1
26 20 21 18 10 34 45 17 13 14 15 37 24 12 11 19 41 54 43 4 63 16 8 48 9 53 25 44 62 6 30 39 5 61 3 46 29 55 60 51 52 22 42 1 2 58 59 49 47 50 0 33 32 40 23 57 38 31 7 56
37 43 26 29 51 34 33 45 54 53 30 23 52 59 38 50 61 63 47 19 42 22 49 41 58 31 20 12 11 44 60 25 13 62 14 39 15 10 40 2 46 55 16 57 21 4 9 6 5 48 56 3 7 18 1 32 24 0 17 8
26 18 44 45 46 52 43 25 17 50 19 38 32 11 20 29 12 54 57 53 62 51 47 49 48 24 61 30 37 40 34 56 4 42 41 59 31 58 16 13 33 3 10 22 14 21 5 23 60 8 39 6 15 55 63 7 9 0 1 2
44 43 42 29 18 26 17 9 30 45 37 41 1 34 33 25 24 0 10 23 48 2 3 32 49 22 54 19 20 51 46 63 50 12 15 47 40 8 52 7 53 14 55 58 13 56 5 11 16 60 57 4 31 38 39 61 62 6 59 21
37 45 53 38 44 29 19 51 20 11 31 18 2 34 25 3 42 16 26 1 32 61 62 33 17 47 49 50 41 52 59 56 48 8 60 58 46 40 57 63 13 30 4 55 12 54 22 14 15 21 10 9 43 7 0 5 39 24 6 23
37 43 18 38 51 9 26 20 29 19 10 30 11 12 39 25 22 47 1 15 21 34 33 50 24 46 8 45 4 31 23 2 54 55 63 17 16 52 44 32 40 14 53 41 61 5 59 49 57 42 7 3 13 0 58 60 6 56 48 62
37 45 26 34 41 19 10 17 43 29 33 44 22 30 46 32 40 18 9 52 42 51 60 14 31 48 25 1 3 38 15 16 8 0 23 24 39 50 5 47 57 61 21 7 54 11 12 59 58 63 6 13 20 49 4 2 56 55 53 62
44 43 26 45 50 17 52 53 54 37 29 19 42 62 11 12 25 55 13 41 10 18 34 3 48 30 22 59 46 24 1 39 47 51 16 32 9 38 57 5 60 20 21 61 4 8 2 14 31 6 7 49 63 33 56 23 58 15 0 40
37 45 26 38 44 51 39 29 22 21 20 18 34 17 9 0 52 54 30 59 42 50 19 13 11 4 8 25 58 47 60 31 3 43 16 41 49 32 5 10 40 48 46 57 23 55 24 14 12 2 63 53 6 61 56 15 7 33 62 1
19 20 29 22 13 26 31 34 33 11 37 15 12 43 3 41 38 6 14 18 48 39 42 21 44 45 30 50 51 32 57 60 58 4 47 23 46 52 10 25 24 9 7 53 17 8 49 2 54 56 40 59 16 63 55 5 1 61 0 62
26 20 29 34 44 25 33 38 19 18 12 43 41 45 10 17 42 5 53 11 8 16 37 9 21 62 2 40 51 46 54 63 32 30 1 0 4 59 31 39 55 13 48 24 50 56 60 58 47 23 57 52 14 49 61 15 7 3 22 6
44 45 37 29 18 42 26 52 53 25 21 14 60 30 17 43 32 46 13 8 23 24 41 38 39 20 34 55 54 61 7 48 59 11 16 33 12 40 62 47 31 22 49 4 51 15 5 50 3 6 56 2 58 19 9 57 1 10 0 63
44 45 46 20 19 10 12 43 42 21 1 54 37 3 4 18 2 38 55 29 9 0 14 41 40 52 17 11 39 31 62 30 60 59 26 51 47 16 22 25 24 13 34 8 15 33 53 5 6 63 49 56 58 57 48 50 61 32 7 23
37 45 19 20 13 42 43 18 41 21 11 46 17 34 25 3 38 48 33 49 55 16 54 52 29 47 39 63 9 31 4 53 61 14 50 32 7 1 0 51 12 5 44 10 60 8 6 22 58 26 30 23 24 40 2 59 62 57 56 15
37 43 50 29 22 38 45 46 26 52 44 20 30 34 12 17 54 55 51 4 11 57 41 59 13 63 60 23 42 53 39 62 31 32 48 40 58 6 33 49 56 47 19 15 24 2 21 14 8 10 1 18 9 3 7 5 25 16 0 61
44 29 19 52 53 18 21 13 37 45 60 61 17 34 26 43 62 20 46 16 11 2 22 54 38 31 33 25 3 39 8 12 30 0 42 40 9 41 24 55 23 47 32 10 49 48 1 56 50 15 6 51 58 14 7 59 63 4 57 5
44 29 22 52 37 45 19 38 47 34 53 54 60 18 17 51 62 20 26 21 41 33 11 8 59 30 25 3 50 32 23 15 16 46 40 31 43 58 55 12 4 57 0 48 2 9 13 5 1 61 6 49 39 24 14 10 7 63 56 42
19 34 44 53 52 37 62 21 29 51 45 46 42 61 26 59 55 39 60 17 25 30 58 20 31 49 13 24 18 10 43 5 6 12 40 7 8 9 11 0 47 3 2 56 38 33 41 54 16 48 22 15 23 14 57 50 63 1 32 4
19 18 44 11 3 20 10 34 29 13 21 2 25 45 26 43 37 17 54 16 50 42 32 53 33 24 49 63 62 58 8 40 30 4 6 22 52 38 48 41 55 59 23 15 51 46 14 31 5 56 12 60 1 9 39 7 47 0 57 61
37 43 34 41 19 20 51 29 25 44 21 33 45 38 26 10 40 52 47 58 11 13 53 3 14 18 1 39 60 59 17 61 54 16 62 15 9 42 30 22 12 46 31 4 55 2 23 8 57 32 49 0 5 63 50 56 24 6 7 48
37 45 19 20 54 10 21 43 34 46 38 63 1 41 44 30 23 18 39 22 9 52 29 26 42 17 51 50 53 47 58 3 25 62 48 59 15 14 7 49 60 0 57 12 4 5 2 40 13 6 31 16 24 11 8 61 33 56 55 32
26 20 37 25 18 46 32 10 29 30 21 22 15 23 19 42 45 7 33 44 9 8 13 4 31 24 43 12 41 11 52 49 6 5 40 48 17 38 2 3 55 50 47 60 53 62 16 39 59 34 57 54 56 0 14 58 61 1 51 63
37 45 19 38 46 47 44 29 54 62 31 43 55 34 33 63 52 53 30 18 17 39 61 22 26 51 13 25 42 15 20 8 21 24 49 50 23 6 5 9 41 11 12 3 1 40 57 16 58 2 59 14 32 56 7 0 48 60 10 4
44 43 50 51 18 37 42 41 29 26 34 21 32 17 16 57 25 20 60 10 33 58 11 48 19 2 46 30 45 55 31 22 12 53 14 7 52 13 38 47 39 49 63 24 56 54 15 8 3 40 0 23 1 4 5 6 9 59 61 62
19 20 45 26 17 25 33 11 18 42 34 10 12 37 9 53 29 1 43 24 8 3 2 16 54 63 50 30 38 5 61 13 47 39 31 0 32 41 21 4 6 52 48 7 59 51 44 22 15 23 40 46 55 60 58 57 14 49 56 62
26 34 45 19 42 25 16 37 17 49 50 41 38 39 40 54 29 18 57 22 44 48 12 20 15 59 33 43 21 24 46 8 47 5 56 9 11 4 62 53 58 51 2 32 13 3 61 14 60 23 1 7 6 63 55 10 52 0 31 30
37 29 21 43 42 22 44 51 30 41 40 49 57 50 14 7 34 52 12 56 53 23 19 3 59 26 33 15 5 54 58 32 61 11 55 25 45 62 20 46 63 60 31 4 47 18 2 39 24 10 13 48 1 16 38 6 17 9 0 8
44 43 50 51 58 21 42 53 19 41 37 45 34 59 62 25 60 52 48 54 16 18 17 30 61 40 38 29 32 9 49 56 46 63 22 39 14 20 1 6 23 33 10 24 5 47 57 7 26 15 55 11 13 3 8 31 12 4 2 0
37 45 26 20 19 29 30 21 38 44 13 14 7 18 43 11 53 31 39 61 22 51 2 34 52 59 41 42 60 40 33 12 9 17 47 10 54 46 48 49 4 63 56 6 23 1 50 5 32 15 3 58 24 62 16 25 55 57 8 0
19 20 13 26 17 10 18 43 29 34 44 24 51 6 11 4 2 9 16 0 33 21 5 52 1 41 25 14 3 38 15 42 12 60 7 8 40 32 59 50 49 57 37 22 31 30 45 47 56 48 39 58 55 53 46 23 61 54 62 63
37 43 42 41 49 57 26 21 19 11 14 7 10 38 56 25 58 9 46 12 3 55 29 34 8 22 45 1 18 33 44 4 5 0 47 50 63 20 23 16 15 51 17 13 53 52 2 39 30 31 61 54 6 60 59 40 32 24 62 48
19 18 26 20 11 25 17 3 37 43 24 32 29 30 10 21 40 2 13 16 1 48 31 12 50 22 14 51 42 46 59 49 41 34 9 8 33 15 7 38 56 58 4 5 6 44 53 23 54 39 45 55 0 52 63 62 47 60 61 57
44 29 19 43 51 34 22 37 20 10 26 52 60 33 11 45 9 61 54 59 38 47 25 39 41 46 42 12 21 30 4 23 55 16 13 24 49 3 2 50 5 63 53 1 17 6 31 58 15 18 14 40 62 0 32 7 57 48 8 56
37 43 26 17 42 41 49 57 40 21 19 33 44 12 58 53 51 38 24 18 56 20 8 34 30 46 3 14 13 11 4 23 39 59 9 50 54 10 7 52 6 48 1 22 25 0 45 2 31 29 60 5 15 55 62 63 61 16 32 47
19 20 13 12 21 26 10 29 11 5 6 42 4 1 37 3 2 22 34 14 0 41 15 45 33 24 32 40 51 18 25 60 50 9 7 23 16 59 46 47 48 43 44 30 53 49 58 38 17 62 39 54 61 31 55 8 63 56 52 57
26 20 45 42 44 34 12 54 33 52 49 41 19 18 17 10 3 16 53 5 4 1 37 43 63 56 6 25 8 24 59 29 50 58 11 46 21 38 47 14 32 55 57 51 9 39 30 60 7 13 31 2 22 0 62 23 61 40 48 15
44 45 37 29 19 51 46 47 54 20 43 42 58 34 38 52 11 60 33 26 41 12 13 5 10 49 25 18 9 39 17 40 48 62 63 14 55 16 61 3 30 22 2 1 21 23 50 53 31 56 6 4 24 32 57 59 8 15 7 0
44 29 21 45 46 52 59 60 43 34 42 50 19 14 26 47 41 18 51 11 38 58 20 22 17 9 37 54 62 31 53 39 7 40 0 13 15 30 12 55 4 10 57 49 25 6 5 16 56 48 33 24 1 61 23 2 8 32 63 3
19 20 13 12 29 22 37 26 15 6 11 44 43 42 50 30 38 34 18 39 14 4 21 41 47 2 53 55 46 7 45 17 10 1 32 57 54 25 24 16 51 60 59 40 33 62 3 23 49 5 52 61 9 8 63 31 0 58 48 56
44 43 42 45 26 41 53 19 46 52 12 38 40 54 62 61 47 21 20 11 14 51 10 7 22 1 18 3 2 23 0 5 50 34 59 37 29 33 55 17 24 30 60 63 9 57 16 8 25 39 15 58 31 49 13 32 4 48 6 56
37 43 26 29 21 14 19 38 51 50 46 54 49 11 47 39 12 3 42 41 31 60 13 25 55 20 61 62 15 44 5 22 53 58 2 30 24 45 33 1 63 10 23 48 56 4 59 17 52 7 8 57 0 32 6 16 9 34 40 18
19 34 45 21 29 37 44 53 41 10 52 59 62 18 38 47 54 55 22 23 31 43 20 46 61 33 39 48 17 26 3 11 13 8 32 42 50 1 30 14 2 9 0 57 63 6 51 58 5 24 40 49 12 4 7 25 15 60 16 56
44 29 19 10 11 42 9 3 12 53 52 51 43 21 30 45 5 17 62 22 25 54 49 33 46 24 14 34 1 38 26 7 58 47 8 15 23 39 40 55 37 6 60 31 41 56 20 50 57 48 63 16 61 32 59 18 13 2 0 4
37 29 21 45 19 13 54 34 5 20 43 26 12 51 41 14 59 3 7 15 17 53 22 30 6 50 4 52 2 55 31 39 46 10 57 44 60 42 18 58 61 62 63 25 33 49 56 32 38 48 40 16 47 23 8 9 0 1 11 24
44 29 19 10 22 42 26 33 17 52 45 46 3 18 20 9 21 2 1 25 41 24 40 23 49 43 14 38 37 16 12 11 47 0 30 39 31 56 8 51 59 54 15 58 53 6 7 60 61 34 32 48 50 13 57 55 4 62 63 5
19 18 17 11 44 37 21 29 20 25 22 23 38 45 46 55 47 16 3 53 54 10 30 43 34 51 31 12 60 61 1 26 50 39 14 41 4 52 2 7 9 49 57 13 33 8 5 63 59 48 62 42 24 6 40 32 58 0 56 15
19 34 41 11 44 48 26 43 50 45 32 52 60 53 46 29 20 61 42 39 12 59 47 13 3 51 14 18 38 21 30 7 10 54 55 5 31 1 2 37 6 4 22 62 0 33 40 58 25 23 49 16 24 9 17 57 56 8 15 63
44 29 21 13 19 43 30 18 5 20 12 31 22 4 11 52 51 6 23 26 3 58 60 10 37 38 45 39 34 53 42 15 7 50 61 54 62 46 49 59 2 14 57 33 41 40 47 25 48 9 17 1 32 56 8 16 24 63 55 0
44 29 20 43 26 19 30 53 62 12 21 52 11 54 5 3 2 22 10 25 4 31 42 18 33 49 51 1 61 60 47 13 56 6 24 63 15 50 38 55 9 17 0 41 14 23 40 45 7 32 16 34 48 39 46 37 58 8 59 57
19 18 17 11 26 37 3 42 29 20 44 25 30 31 21 8 45 53 43 10 33 54 46 14 34 47 52 60 9 0 1 13 62 32 23 22 12 61 6 5 41 7 55 40 4 2 63 15 59 16 49 50 48 51 58 57 56 39 38 24
37 43 34 25 33 41 19 29 51 52 45 38 48 26 20 49 44 42 50 58 61 56 39 40 46 11 3 60 24 30 59 55 31 21 47 23 53 54 22 15 32 2 12 13 1 10 57 17 14 16 63 6 8 9 7 0 4 5 62 18
44 43 42 45 26 41 52 19 18 21 12 11 29 22 38 53 62 9 3 47 0 34 49 10 30 31 2 61 59 25 51 54 20 4 24 1 46 8 60 32 17 57 15 37 56 23 40 33 39 50 5 55 13 7 16 6 58 14 63 48
44 43 42 45 19 50 51 34 33 11 26 40 54 53 25 20 12 5 21 22 29 58 3 41 23 46 48 32 18 15 62 10 24 14 52 31 17 55 7 13 37 9 39 30 60 47 59 49 4 16 38 63 2 56 0 8 61 1 57 6
26 18 10 9 19 2 37 34 1 29 8 43 42 11 44 52 51 33 20 49 60 45 50 0 3 17 40 57 53 59 56 41 30 16 58 46 39 13 61 32 21 25 5 6 24 4 12 22 15 62 48 55 63 23 31 38 54 14 7 47
26 34 42 20 45 25 21 43 44 51 33 50 57 40 24 17 19 58 41 56 59 12 10 29 49 1 16 30 3 60 4 53 18 2 9 8 22 14 15 32 7 5 38 46 62 13 0 11 54 47 52 63 37 23 48 61 6 39 31 55
19 18 44 29 17 10 22 43 42 51 60 53 3 37 11 30 21 1 62 9 23 50 25 49 45 38 31 15 56 34 14 58 59 52 46 7 20 16 8 13 32 0 12 48 26 54 39 4 61 55 40 2 5 6 33 41 57 47 24 63
19 20 45 34 12 43 18 21 51 10 26 44 41 3 22 14 37 30 7 6 5 58 52 17 39 54 1 11 13 42 16 29 46 9 63 60 33 53 2 8 25 38 62 48 40 61 31 4 56 0 15 32 50 24 59 23 57 55 47 49
44 29 20 11 19 34 30 52 3 10 17 2 26 37 51 43 50 53 62 18 21 38 25 31 46 57 61 55 45 58 47 33 42 41 63 32 1 16 24 54 22 13 59 9 15 39 8 23 49 0 5 60 56 6 12 40 4 14 7 48
26 18 19 34 45 12 41 33 42 44 10 46 24 17 25 9 5 2 37 20 55 29 11 48 30 38 3 32 0 1 21 23 54 53 62 51 47 31 16 13 39 63 58 61 14 52 59 4 40 22 50 8 56 7 6 60 43 57 15 49
44 29 18 52 21 34 60 26 42 45 30 9 20 12 38 49 19 25 17 43 0 54 33 16 41 32 37 59 5 1 53 13 11 48 14 7 63 39 61 6 46 22 8 2 56 10 15 55 31 47 3 23 24 51 40 50 62 4 58 57
26 34 42 20 29 38 45 25 31 49 18 41 22 30 33 47 50 51 16 14 12 17 19 44 15 37 52 10 6 59 58 21 56 43 54 57 60 23 9 48 2 40 39 61 24 7 53 3 13 32 4 11 55 5 46 8 0 63 1 62
26 18 44 29 10 9 0 42 34 43 20 2 25 8 50 11 30 45 13 32 16 12 4 38 54 52 60 63 46 31 22 59 61 47 62 58 33 15 17 14 51 41 40 53 6 19 37 23 24 49 3 39 48 57 5 7 21 1 56 55
26 20 37 44 19 34 33 17 18 21 52 60 8 30 45 11 13 29 31 53 61 6 10 9 3 2 51 62 5 32 41 23 12 49 7 50 0 25 59 46 15 42 39 58 24 43 55 47 56 63 54 22 48 1 16 38 40 57 14 4
26 18 37 45 53 34 33 40 10 29 21 9 8 19 25 0 12 2 17 16 1 54 43 44 11 42 55 13 5 62 61 46 39 52 63 24 20 6 3 22 50 4 51 47 15 59 14 7 38 57 58 49 41 30 56 32 48 31 60 23
19 34 42 50 37 21 29 11 10 30 12 45 46 20 23 55 38 4 5 47 43 1 9 51 54 2 52 63 33 26 59 3 53 24 14 13 62 15 22 6 17 31 58 18 40 57 49 60 7 41 48 8 44 25 16 61 39 32 0 56
37 29 21 45 43 51 26 17 42 44 46 49 34 53 59 39 55 20 41 58 61 54 56 14 60 47 19 18 13 50 31 38 7 62 52 63 10 40 48 33 16 6 12 11 30 32 3 8 25 23 5 1 24 9 22 15 0 57 4 2
19 20 37 18 12 46 26 4 10 1 38 33 17 44 13 16 9 8 53 22 6 52 39 62 5 7 21 29 23 15 30 55 11 42 54 14 60 3 0 51 25 43 24 58 2 47 34 49 59 32 41 50 40 45 61 31 48 56 57 63
37 45 19 34 41 21 53 33 43 20 29 49 25 51 13 30 22 26 18 11 4 24 48 9 32 44 0 46 16 60 52 40 59 10 38 17 61 23 2 6 47 31 50 57 12 5 42 54 58 3 56 1 55 62 7 8 14 15 39 63
37 43 42 41 51 45 49 44 33 40 53 56 26 54 57 20 21 38 12 24 29 59 47 22 25 13 60 3 58 61 4 52 46 34 62 5 30 31 18 19 50 16 11 32 48 55 8 10 2 17 6 63 23 14 15 0 1 7 39 9
26 34 42 20 29 22 13 4 45 41 12 50 38 43 49 57 14 21 48 5 56 33 37 6 32 11 51 53 40 39 7 44 3 15 10 17 46 25 58 55 47 60 24 9 61 52 18 59 23 19 2 31 0 54 63 8 1 62 16 30
19 18 37 20 9 46 38 30 39 42 13 26 54 62 55 44 22 23 21 0 49 29 53 12 3 5 11 52 43 34 17 2 33 25 8 10 1 4 60 45 51 32 16 31 24 47 6 40 41 58 56 61 15 57 59 14 48 50 7 63
19 34 42 50 44 20 21 13 26 18 6 37 30 53 10 38 52 51 58 22 60 12 39 11 46 49 4 33 31 3 25 1 40 56 2 23 43 9 16 29 15 59 17 32 48 62 41 47 5 54 45 24 0 57 61 14 63 8 55
19 20 21 34 45 11 41 14 22 30 29 33 23 13 37 49 42 31 40 38 44 54 12 5 53 15 26 43 3 25 58 56 17 51 46 61 57 32 52 16 47 50 48 4 7 55 24 8 62 2 6 63 1 18 10 39 0 9 59 60
37 29 19 43 21 38 44 34 42 20 30 46 22 10 45 23 39 53 11 18 60 50 51 58 49 48 52 3 2 61 62 47 55 31 15 54 4 26 12 41 40 14 25 5 17 33 32 24 56 13 6 9 0 1 63 57 16 8 59 7
37 29 18 45 20 43 54 53 38 31 51 9 44 63 19 26 0 58 47 11 42 41 34 30 10 25 52 61 46 2 62 39 12 3 17 16 1 55 50 21 40 57 23 22 24 15 13 33 59 48 60 4 56 49 32 14 6 7 5 8
19 34 43 52 51 50 33 25 44 32 42 11 24 41 10 37 46 38 26 17 45 20 31 1 3 8 40 39 57 48 47 59 58 54 55 53 61 60 29 21 2 62 63 18 12 16 22 49 56 5 4 30 0 23 9 6 14 13 15 7
44 45 19 34 41 11 20 52 18 33 4 49 42 26 24 50 25 21 37 9 17 38 0 29 54 16 12 46 56 2 51 10 14 22 40 48 30 63 57 55 13 47 58 6 8 3 39 31 60 32 5 53 62 43 7 1 23 61 15 59
37 43 42 41 19 11 26 29 51 33 49 60 59 38 39 45 25 56 57 24 21 50 61 31 22 34 53 52 44 30 20 58 18 15 2 17 16 4 3 12 47 62 10 9 14 1 40 55 32 13 46 23 0 8 6 5 7 54 63 48
44 29 20 13 22 52 37 43 50 51 12 21 58 11 34 26 18 25 5 46 38 59 42 41 17 14 2 23 40 33 60 48 32 45 19 10 54 47 31 53 9 62 30 8 63 24 1 3 6 15 7 57 4 49 39 0 61 55 16 56
26 34 41 18 37 29 9 42 30 19 12 33 44 25 32 5 43 53 11 31 23 0 45 15 62 10 2 46 22 52 16 8 3 49 1 61 21 50 55 4 60 38 39 47 59 63 57 17 54 24 51 14 13 20 6 40 48 58 56 7
37 29 22 42 26 19 12 11 10 21 30 45 49 34 33 3 18 5 13 39 14 23 15 40 53 50 31 61 25 20 32 17 4 44 51 24 54 46 6 2 16 9 8 55 38 41 63 7 48 0 52 47 43 58 62 59 57 1 60 56
26 20 37 34 12 29 30 13 18 38 41 17 44 42 43 52 16 19 6 33 32 5 46 10 4 25 1 45 11 9 59 55 51 31 0 2 54 63 21 3 22 15 53 61 14 48 60 23 50 57 49 40 24 58 56 39 47 7 62 8
44 43 34 25 42 52 50 45 60 61 33 57 17 29 20 12 53 41 40 32 26 9 16 48 4 37 21 51 1 18 62 0 24 8 58 59 10 2 56 54 49 19 38 39 46 22 13 5 11 6 14 63 30 47 31 15 23 3 7 55
37 29 22 43 26 21 19 45 38 17 34 31 8 18 50 30 20 42 10 44 52 15 39 25 14 2 23 16 33 46 9 60 55 24 53 1 11 58 7 40 49 54 41 47 51 59 32 61 48 56 57 0 62 3 4 63 12 5 13 6
26 18 19 20 10 42 44 43 37 17 24 29 41 51 34 46 60 58 52 25 30 23 11 12 45 16 13 5 50 1 2 33 0 9 47 49 48 53 21 57 3 54 55 14 22 38 8 31 39 61 32 63 6 59 4 40 56 15 62 7
44 43 26 45 50 17 34 18 46 54 29 30 8 42 9 58 52 47 22 15 41 33 24 10 57 59 31 56 3 20 63 49 25 62 51 32 48 53 55 37 11 1 13 60 39 16 19 38 61 14 40 0 23 4 2 21 6 7 5 12
37 45 19 38 39 29 20 10 53 43 18 26 1 30 22 46 54 12 4 31 33 15 51 63 17 47 55 62 23 11 61 34 3 60 41 32 52 9 21 14 42 25 13 48 50 6 0 44 24 57 58 59 7 8 49 16 2 40 56 5
19 18 26 20 37 44 21 17 10 34 25 30 16 8 12 14 0 3 4 9 53 32 1 52 7 11 2 22 29 6 31 62 38 39 5 13 33 24 60 40 45 51 15 23 59 43 61 58 47 54 42 41 63 55 50 46 57 49 48 56
26 18 19 34 42 50 33 24 58 51 52 21 32 20 45 40 12 37 11 60 22 3 29 4 49 15 10 25 9 30 16 2 41 53 44 8 13 5 46 54 6 43 14 7 17 48 59 38 47 31 23 55 0 57 1 39 63 62 61 56
44 45 26 52 60 59 58 43 53 54 46 38 63 55 61 29 42 34 25 41 39 51 37 18 30 31 9 10 50 8 17 24 21 20 47 23 16 14 40 48 32 33 1 57 0 62 13 5 56 19 3 2 15 4 11 22 49 12 6 7
19 20 21 12 5 26 33 25 44 53 18 41 24 17 42 40 10 9 62 3 32 43 1 30 34 16 48 52 49 0 11 57 14 22 4 2 56 54 45 46 38 39 59 61 60 58 8 6 50 55 7 37 47 51 23 13 63 15 31 29
44 29 22 30 18 52 53 9 37 42 19 20 43 38 46 47 45 34 31 23 11 61 33 25 15 54 62 55 63 13 51 4 12 21 2 58 60 49 0 32 41 59 56 14 57 26 5 10 50 8 24 6 7 3 1 17 39 40 16 48
44 45 46 20 21 54 12 43 62 63 52 29 38 14 42 3 19 49 13 10 56 61 7 51 60 22 37 39 31 23 11 15 1 53 47 17 55 50 2 48 58 34 4 41 33 59 24 18 57 32 9 8 0 16 40 25 26 30 6 5
37 29 18 42 19 11 20 25 26 21 30 44 34 39 52 60 51 41 50 22 23 31 40 45 24 43 14 12 38 49 56 48 46 32 59 16 4 55 2 47 8 53 58 17 54 5 33 13 10 15 61 9 6 7 3 57 0 62 63 1
19 34 41 33 25 20 43 32 29 21 37 52 13 17 42 49 40 22 30 4 56 50 44 18 59 39 45 53 15 26 12 48 14 11 31 58 57 3 2 6 16 10 38 24 51 54 62 1 55 23 46 47 7 5 0 61 8 9 63 60
19 34 44 37 30 53 33 23 62 10 21 12 14 5 39 43 7 41 26 32 40 20 4 29 6 13 11 18 48 45 52 51 50 3 9 60 25 57 61 54 22 0 58 46 8 42 63 38 56 24 47 55 59 17 2 31 16 49 15 1
37 43 34 29 20 26 18 9 21 41 19 38 0 13 30 42 50 59 11 2 39 45 14 23 57 44 32 16 5 25 46 12 17 55 54 48 1 63 10 31 15 49 53 61 24 6 22 3 40 8 56 52 51 7 62 47 4 58 33 60
37 43 42 29 44 50 58 38 19 57 20 45 51 52 46 53 30 31 62 11 18 23 60 21 12 49 47 5 54 26 34 61 48 25 17 8 2 55 4 39 63 10 59 13 15 41 33 3 22 32 16 24 1 14 40 9 56 0 7 6
19 18 44 29 21 13 22 37 9 43 20 31 30 34 23 0 42 51 5 4 33 25 58 32 14 38 12 49 39 15 17 16 7 59 3 57 50 41 10 6 45 54 46 11 63 2 1 52 48 40 60 62 55 61 8 56 53 26 24 47
37 43 34 41 26 38 51 18 33 42 44 58 59 29 30 60 25 23 11 21 53 50 52 9 14 20 47 4 57 17 61 54 49 5 10 46 12 13 31 48 15 39 1 22 19 56 40 16 6 55 63 62 3 0 24 8 45 2 7 32
44 29 22 42 26 21 13 19 20 14 12 37 45 53 51 60 61 52 50 25 24 38 15 59 43 46 54 5 49 57 58 23 56 34 18 10 33 3 2 62 31 9 11 40 55 41 63 16 4 47 30 39 32 48 8 7 6 17 0 1
44 45 26 52 53 18 10 25 32 9 17 34 43 21 51 61 20 19 13 5 6 8 22 3 0 24 11 37 62 58 29 54 42 38 16 50 60 59 41 12 63 2 46 7 47 15 23 55 30 33 57 1 39 49 40 56 48 31 4 14
19 20 13 34 45 12 5 18 33 4 11 42 29 3 26 54 51 49 50 14 6 41 23 7 40 58 59 30 31 15 37 44 63 24 25 43 9 46 53 16 48 32 10 52 38 47 8 57 39 60 21 22 55 61 62 0 2 56 17 1
19 20 45 10 12 37 11 42 38 39 44 3 30 13 46 21 23 52 18 26 4 31 9 1 14 8 43 7 61 5 6 17 47 59 53 51 25 55 58 57 2 29 60 24 54 50 34 62 41 49 16 22 15 33 56 48 32 40 63 0
19 20 13 12 5 42 29 18 44 52 34 33 26 17 45 11 43 14 8 16 9 2 3 4 6 22 10 50 15 38 31 7 40 0 21 30 25 24 54 53 37 55 60 46 41 1 61 62 59 51 58 57 63 48 39 47 23 32 56 49
37 43 50 29 21 51 52 38 42 61 39 30 20 49 57 12 18 44 11 9 13 33 48 56 26 14 15 40 53 45 22 19 54 31 25 3 47 24 23 63 34 41 17 8 0 59 60 46 4 6 62 32 16 5 58 1 7 2 55 10
37 29 18 43 21 34 41 14 52 45 54 19 13 63 7 59 11 9 20 42 49 5 25 23 22 30 39 56 44 46 26 12 55 2 3 40 15 17 1 0 61 16 62 38 8 24 32 33 48 10 50 57 58 6 47 4 53 31 51 60
26 34 41 21 43 18 19 50 37 32 52 20 57 46 38 45 29 30 13 12 9 0 25 44 22 15 3 17 53 14 16 54 33 60 63 4 55 40 47 51 5 24 7 42 49 59 62 58 11 31 23 56 61 10 8 39 48 1 2 6
44 43 50 51 34 57 19 29 37 25 41 45 16 26 59 42 18 9 21 24 30 48 17 31 33 46 23 52 40 32 56 49 60 15 1 13 14 38 55 22 53 58 39 10 11 5 7 62 20 3 4 12 2 6 61 54 63 0 47 8
44 45 26 43 53 34 37 38 31 46 33 30 29 52 47 19 54 22 59 41 49 17 18 39 8 20 11 51 21 10 58 16 13 63 50 6 4 14 25 55 1 3 9 57 56 12 23 60 15 7 24 5 62 32 2 61 40 42 48 0
26 18 37 43 9 38 46 0 42 54 55 25 51 20 17 49 41 33 56 44 1 19 53 60 59 50 39 52 12 5 61 2 45 16 29 34 40 62 32 57 58 21 10 47 22 63 8 11 24 15 13 6 31 4 30 23 3 48 7 14
19 18 44 20 11 2 17 34 12 37 3 53 43 42 33 24 52 26 25 51 62 21 41 8 29 4 61 22 14 9 23 13 6 32 50 48 38 5 0 49 56 10 16 58 59 47 57 7 1 15 39 60 45 30 46 63 40 54 31 55
44 29 20 11 26 52 21 25 17 42 24 8 49 43 12 56 10 13 60 9 1 53 54 45 34 41 4 51 6 59 19 18 22 0 2 55 46 32 48 33 38 40 57 16 63 50 58 3 37 61 47 31 30 39 62 23 15 14 7 5
26 20 29 38 37 25 17 44 24 8 21 14 39 30 22 31 11 47 6 33 45 7 43 46 13 52 34 50 57 18 54 51 59 23 10 19 15 53 16 2 42 41 62 58 3 5 61 12 32 40 48 49 4 60 56 55 0 9 63 1
37 45 44 29 46 54 20 55 38 21 14 13 26 30 6 18 19 10 23 34 12 31 1 2 53 7 25 62 15 4 61 60 5 24 43 3 22 11 41 51 50 49 58 59 16 8 57 0 47 56 52 32 9 42 48 40 63 39 33 17
19 18 37 20 11 45 17 29 46 3 21 38 44 22 23 10 34 16 31 13 2 26 6 43 51 55 30 1 47 42 12 4 63 39 9 15 33 52 54 41 40 59 8 49 7 24 57 62 25 32 53 56 14 0 60 50 48 61 58 5
26 20 37 25 12 13 14 45 34 18 17 16 44 6 10 53 24 43 42 19 52 38 31 60 8 11 21 15 4 33 32 49 41 40 48 29 46 54 30 9 2 0 50 51 7 3 58 47 59 39 1 57 61 62 5 23 55 22 56 63
19 20 37 18 10 2 12 46 29 43 17 13 21 9 3 25 38 1 16 44 33 39 52 26 30 11 42 45 4 22 8 53 34 49 41 50 47 51 5 24 56 31 57 58 60 48 32 62 54 61 63 40 0 59 14 23 15 7 6 55
44 43 50 21 19 52 61 57 34 60 14 42 37 30 58 59 39 29 22 15 56 13 45 33 7 31 26 20 6 5 23 54 4 18 40 11 17 12 46 24 47 55 53 25 63 16 9 10 49 1 32 48 41 51 8 3 2 0 38
37 45 19 29 30 10 21 43 46 20 1 22 42 47 53 31 44 49 26 11 55 54 62 38 23 34 33 40 12 50 41 4 24 15 56 63 58 52 5 13 39 57 7 2 60 18 6 61 51 3 17 9 14 0 59 25 32 16 8 48
19 18 26 34 44 21 29 37 17 52 46 20 53 16 33 32 51 25 12 5 8 45 22 0 40 43 30 59 58 61 50 55 4 57 42 9 11 15 38 41 47 10 54 62 63 13 39 48 6 31 14 7 1 3 60 2 24 49 56 23
19 20 29 18 44 43 26 22 42 34 25 52 15 49 60 45 13 17 10 11 9 33 38 12 37 54 63 6 21 8 0 32 51 47 3 59 14 50 16 2 24 61 48 5 30 41 1 23 39 31 4 57 46 53 55 40 7 56 58 62
37 29 20 13 22 30 21 23 19 18 11 4 9 34 2 17 25 45 44 51 15 32 46 47 38 31 53 52 3 10 55 63 41 43 33 48 12 62 58 5 61 54 49 16 6 26 42 40 50 24 39 8 1 7 0 60 59 14 57
37 45 44 29 46 51 20 11 21 47 26 34 2 12 33 22 58 25 53 52 39 55 63 10 16 61 19 40 41 18 5 43 30 4 23 50 60 14 59 38 13 57 31 32 9 62 15 42 49 0 56 54 17 8 1 48 3 7 24 6
44 43 26 29 30 22 45 19 12 11 15 25 33 46 24 13 42 41 51 17 18 31 37 9 34 38 47 21 40 50 3 53 16 54 58 32 55 59 0 48 23 20 49 4 57 7 62 56 52 14 6 60 5 2 10 1 61 63 8 39
19 34 44 11 26 20 12 37 3 21 22 4 13 52 43 25 46 51 60 61 18 17 41 2 42 50 24 29 10 14 57 1 9 53 54 62 33 31 45 30 23 16 6 49 40 7 5 63 58 56 0 15 32 47 55 59 8 38 39 48
19 20 13 34 44 6 26 37 30 11 10 25 24 17 8 16 12 32 42 38 39 41 40 43 14 9 29 53 18 22 33 2 0 4 62 50 57 51 5 45 49 23 52 46 55 48 31 59 21 61 3 56 60 58 7 1 15 47 54 63
26 18 10 25 32 20 29 38 44 34 19 17 11 33 40 2 30 43 42 50 3 45 52 60 49 48 9 31 1 8 58 51 54 41 59 37 22 53 21 4 16 63 12 57 62 14 7 24 55 61 46 15 23 39 5 13 6 47 56 0
44 29 18 26 17 43 45 37 42 50 21 20 57 49 12 19 48 14 7 33 34 5 40 23 3 51 10 22 58 16 30 59 9 4 15 52 61 60 13 46 47 56 53 62 6 32 24 1 11 54 8 38 63 31 55 0 39 41 25 2
44 45 19 52 54 20 43 50 42 34 21 10 59 61 60 22 41 51 26 49 12 29 37 53 48 25 24 13 14 57 46 16 1 11 15 6 33 63 4 32 17 18 3 62 55 47 58 56 38 5 39 9 7 30 2 23 31 40 0 8
44 29 21 13 22 31 19 42 43 10 15 52 5 4 61 18 45 46 51 59 23 30 39 14 34 26 53 47 41 50 55 40 25 6 57 54 49 17 11 48 9 8 16 33 58 38 63 32 3 2 20 62 24 1 37 60 0 12 7 56
44 45 46 29 19 34 37 53 41 21 60 33 25 11 20 12 10 18 4 3 30 61 52 17 62 5 22 23 1 2 14 26 8 39 13 40 54 55 31 42 38 32 49 16 47 43 15 56 48 24 51 0 50 58 57 6 63 7 9 59
37 45 44 43 34 30 20 25 41 18 46 12 21 33 23 49 26 29 3 55 52 53 42 60 19 22 13 6 14 51 11 38 50 59 48 4 31 10 47 32 58 57 7 15 16 17 56 40 61 54 5 39 24 2 62 9 63 8 1 0
44 43 34 41 26 18 33 53 19 17 50 29 37 45 42 59 40 12 22 15 62 20 4 11 3 48 10 9 13 51 54 6 30 32 14 5 21 1 38 61 57 47 8 39 25 31 7 2 24 0 56 58 60 52 46 55 23 49 63 16
37 29 20 11 26 43 21 34 42 38 45 52 12 4 47 13 51 41 22 30 33 39 40 23 54 48 61 55 56 25 32 59 16 44 31 19 50 49 15 63 5 10 2 24 60 18 58 14 9 3 17 57 46 62 8 1 6 0 53 7
44 43 18 29 26 25 21 34 32 45 37 9 53 16 17 38 10 13 30 61 54 51 8 11 62 20 42 49 19 33 12 22 50 2 31 41 5 4 52 58 57 59 23 46 55 39 24 6 1 14 15 47 40 7 56 48 60 3 63 0
44 29 21 13 26 25 20 11 22 43 12 23 5 53 42 38 34 4 19 33 3 50 31 10 40 18 45 14 15 54 9 0 30 6 32 2 57 46 63 16 52 62 41 61 59 37 17 48 55 60 1 8 51 58 7 24 49 39 47 56
44 29 20 45 37 43 38 30 52 51 42 19 23 53 61 21 50 49 58 34 33 32 54 60 59 47 13 22 18 46 25 12 40 11 3 14 16 56 17 63 57 62 5 7 26 24 6 4 41 2 39 9 8 0 31 48 1 15 55 10
44 45 46 29 20 11 30 54 37 43 50 38 26 57 52 51 55 17 63 34 39 23 31 21 19 47 18 22 15 9 2 13 42 4 59 58 16 62 33 0 14 12 61 40 41 8 3 10 32 60 6 5 56 1 48 53 25 7 24 49
44 45 37 29 38 52 53 54 62 42 55 43 18 26 50 31 51 9 17 60 49 41 10 48 56 61 21 34 57 13 59 20 12 25 30 63 5 58 8 1 33 47 32 22 39 40 15 11 0 16 24 4 46 19 3 23 2 7 14 6
37 43 50 45 19 34 41 21 54 10 29 46 13 5 22 33 11 48 32 20 18 17 38 31 14 4 9 6 15 25 2 12 16 55 7 23 47 53 1 8 39 57 49 30 51 52 3 24 59 61 62 40 0 26 42 63 60 58 56 44
44 43 34 25 51 45 16 42 19 21 29 33 49 22 30 17 32 56 37 38 13 5 31 24 54 39 41 60 18 8 0 40 59 26 14 53 15 63 46 10 1 47 12 9 50 6 62 3 52 23 57 48 61 58 11 4 55 2 20 7
37 43 34 41 33 45 20 12 54 29 13 19 49 46 21 32 11 30 18 3 10 6 47 53 38 55 39 9 42 51 26 50 17 48 44 22 23 31 1 25 59 60 56 57 16 58 62 24 40 14 52 8 2 15 63 4 5 0 7 61
26 20 45 44 13 12 37 34 52 6 4 38 31 39 42 33 29 54 40 32 24 53 55 21 30 59 51 19 22 50 47 14 46 18 9 60 17 16 11 23 58 0 61 3 15 48 25 43 10 5 41 49 56 1 2 57 8 7 62 63
26 20 13 42 43 25 44 21 34 12 14 30 49 29 16 51 50 41 40 56 59 33 18 53 45 19 62 58 22 60 5 15 38 54 52 37 48 61 55 4 57 10 3 47 11 9 24 63 1 17 32 46 2 0 8 31 39 7 6 23
37 45 26 20 13 12 53 14 6 18 9 44 21 34 3 4 7 2 33 15 51 25 5 41 48 16 23 22 24 49 11 17 31 30 10 54 50 32 1 42 38 58 29 43 57 61 63 55 19 0 8 56 46 40 62 60 47 39 59 52
19 20 29 34 42 18 10 22 33 11 12 37 38 21 25 49 43 2 3 30 14 41 57 16 32 40 51 17 1 15 26 52 8 0 23 47 44 58 59 7 53 4 50 39 31 9 48 46 45 54 24 62 5 13 6 61 60 56 55 63
19 34 45 11 42 43 26 33 32 25 44 29 3 49 16 24 30 40 48 12 13 37 38 52 17 23 51 59 56 46 61 41 31 57 53 21 60 18 14 22 55 39 9 7 50 1 8 20 15 62 2 10 0 54 47 63 58 6 5 4
26 20 29 18 10 22 44 25 34 11 12 43 30 45 50 52 24 37 60 4 46 32 15 9 40 21 19 47 51 61 8 38 17 57 54 2 3 0 39 63 13 23 49 14 6 16 42 55 1 48 59 41 62 58 33 31 56 53 5 7
44 29 19 52 37 26 51 10 60 53 18 50 58 17 22 45 42 46 8 49 20 34 9 30 3 2 40 56 55 39 21 16 33 23 47 54 24 41 57 32 61 0 43 4 25 48 15 14 12 5 13 1 38 7 6 63 62 31 11 59
19 18 17 43 26 21 51 50 45 52 37 42 57 11 61 53 4 25 34 16 54 49 44 58 41 30 12 29 8 60 9 10 24 48 40 38 2 62 13 5 14 56 22 46 39 15 20 23 59 33 55 0 6 32 3 47 1 7 63 31
37 43 26 29 30 38 46 17 34 25 51 44 33 31 53 40 21 54 55 62 52 42 8 58 24 20 32 41 50 19 12 22 15 3 10 9 47 1 4 5 39 59 60 57 16 49 48 45 11 13 18 56 14 23 7 63 61 2 0 6
37 29 22 45 21 13 4 20 53 38 18 26 34 43 39 14 19 47 52 23 7 25 16 5 6 50 33 31 15 41 48 24 30 9 12 59 51 46 44 54 58 57 61 11 55 32 3 10 8 42 49 0 40 62 17 1 63 56 2 60
26 20 45 44 53 34 42 54 37 52 62 33 19 38 51 50 49 29 46 39 32 55 18 41 21 11 30 57 2 10 9 12 13 6 40 5 3 0 25 43 60 48 31 24 8 63 16 4 17 59 47 1 61 23 22 14 56 15 7 58
44 29 22 30 18 42 34 52 21 26 45 38 43 12 25 14 61 10 15 59 11 16 31 39 49 4 46 50 41 23 57 53 24 7 6 56 8 40 9 58 48 13 5 32 2 0 47 51 62 37 3 1 60 33 20 55 54 19 17 63
44 29 19 42 43 50 20 26 33 11 3 2 21 45 22 14 37 4 7 12 5 34 58 57 56 18 1 30 17 25 39 16 53 46 41 10 9 40 32 23 55 47 59 6 52 61 49 63 62 8 48 54 13 0 38 51 60 31 15 24
44 43 18 45 34 26 25 19 20 33 40 32 54 21 50 24 16 46 41 37 22 14 29 12 6 30 47 17 5 3 8 15 42 48 31 10 1 13 56 49 23 52 60 59 11 2 58 63 7 9 4 53 61 62 0 38 55 57 51 39
19 20 21 34 43 52 45 11 26 22 42 37 12 18 3 41 23 54 46 29 38 25 59 5 51 55 17 30 13 4 48 53 6 14 31 10 15 24 32 60 47 58 63 33 50 39 61 44 1 2 40 0 57 56 16 7 9 62 49 8
44 29 20 45 34 33 26 12 21 19 3 22 32 4 46 53 13 37 5 39 38 43 61 60 51 52 31 25 50 23 15 10 62 63 11 18 55 41 30 7 24 57 1 54 40 16 49 17 8 47 9 0 2 14 42 6 58 59 48 56
37 29 19 43 45 11 18 53 4 21 38 46 52 30 51 50 59 42 22 26 47 60 31 44 12 58 10 13 34 15 5 14 23 55 57 17 49 9 6 33 8 40 24 3 63 16 62 56 61 25 20 2 1 32 48 41 54 39 7 0
37 45 19 20 29 22 21 18 10 38 12 2 30 34 15 31 43 14 13 6 9 8 54 4 1 17 16 53 47 52 0 44 11 3 33 7 50 25 62 55 60 59 5 41 58 26 39 23 51 42 61 46 32 40 48 57 49 56 63 24
37 43 34 25 19 38 42 10 26 33 18 50 24 32 51 52 21 16 12 20 39 40 2 29 61 5 57 47 13 30 59 60 22 11 3 53 17 49 41 15 55 46 54 56 14 31 45 9 23 63 7 58 6 44 62 4 8 0 48 1
19 18 44 29 37 20 22 43 26 52 53 54 60 45 61 30 34 17 21 38 12 51 39 4 25 15 9 13 10 31 6 8 42 24 32 11 1 59 5 16 41 2 3 33 63 48 49 56 23 40 57 50 62 47 58 0 46 14 7 55
37 45 19 38 44 10 46 26 29 42 18 17 9 20 22 8 0 55 47 39 11 52 25 12 16 15 1 34 50 53 43 33 41 58 51 40 54 61 48 2 59 60 4 32 30 21 63 3 49 62 24 5 6 57 23 31 13 14 7 56
19 20 37 34 12 29 38 43 51 13 33 59 21 46 50 4 26 32 40 18 3 52 6 44 9 39 5 0 45 54 24 30 10 14 42 57 61 60 55 17 62 2 25 16 22 53 58 23 1 8 56 63 47 11 41 49 31 48 15 7
44 45 26 52 53 54 46 38 47 18 9 17 25 21 59 39 20 55 14 0 34 51 43 32 31 37 19 8 42 50 49 11 2 23 60 48 62 4 58 57 29 61 41 22 56 33 12 13 15 7 63 30 16 10 1 40 24 3 5 6
26 34 43 50 45 29 51 52 37 38 30 17 59 22 25 44 23 18 14 20 9 8 61 24 39 42 33 58 21 13 12 31 41 47 60 5 10 2 57 32 3 15 49 19 4 40 16 1 11 56 48 62 0 7 6 53 46 55 54 63
26 34 41 20 43 42 37 44 19 11 50 21 12 57 14 38 3 48 58 18 29 2 30 4 53 23 46 5 40 45 56 47 7 62 25 13 9 32 39 31 22 59 16 0 60 49 61 15 33 52 63 17 8 24 10 51 6 54 1 55
37 45 44 29 22 43 50 30 20 51 52 14 42 34 46 11 21 61 7 58 15 38 26 6 39 18 49 33 59 19 5 23 17 47 3 56 60 10 31 4 2 53 62 12 48 57 41 1 13 54 63 24 40 32 16 8 55 25 9 0
44 29 22 45 26 18 46 52 19 17 60 11 25 33 10 37 8 16 12 51 43 30 32 54 23 5 21 47 3 2 53 13 39 15 14 55 59 4 41 62 20 40 6 58 57 34 9 31 63 24 42 7 38 48 61 0 49 56 1 50
37 43 34 29 19 20 51 33 41 10 11 50 49 26 18 57 52 25 13 9 2 45 22 15 54 61 38 30 8 3 24 1 48 31 53 12 5 14 4 59 23 63 0 17 32 16 55 46 42 6 39 44 58 56 7 40 60 62 47 21
44 45 46 29 37 53 18 39 21 26 52 14 62 61 30 10 47 38 25 63 9 0 31 23 22 19 43 51 34 42 20 16 50 13 15 55 1 58 6 54 59 60 11 2 32 17 12 7 33 5 57 3 49 40 24 41 48 56 8 4
26 20 21 18 44 43 19 11 12 45 53 34 51 13 17 33 32 9 10 25 16 2 4 62 6 24 37 14 3 22 8 40 31 1 30 38 15 0 29 58 54 5 39 23 41 52 42 47 60 59 7 63 61 49 46 55 50 57 56 48
37 43 26 38 44 19 12 29 46 11 30 17 8 13 10 39 5 45 21 9 53 47 54 61 62 60 50 20 18 63 3 22 55 25 32 4 24 1 23 34 6 31 33 16 2 51 52 15 14 42 49 0 59 58 7 56 48 40 41 57
26 20 13 42 29 17 43 21 25 51 59 5 9 12 6 19 49 34 11 30 22 3 14 15 33 31 39 41 4 24 23 40 7 10 1 37 45 56 32 60 57 44 2 8 18 46 52 53 0 58 47 55 16 38 50 62 61 48 63 54
37 43 42 29 21 41 19 14 34 10 7 46 50 51 52 49 48 26 33 32 45 61 24 56 47 55 53 25 20 22 63 18 40 58 59 54 2 1 16 60 12 11 4 17 9 6 23 5 44 8 38 3 57 30 13 62 31 39 15 0
26 18 37 43 42 25 44 29 19 20 11 45 38 51 50 49 57 39 33 21 12 53 56 3 24 41 22 15 2 30 34 48 9 13 14 0 47 5 10 16 60 58 4 40 46 6 31 1 7 55 54 62 32 17 59 23 52 61 8 63
44 29 22 42 20 53 52 51 49 45 58 13 11 26 4 50 25 48 60 19 18 59 34 61 40 33 46 57 62 56 41 24 32 30 37 54 16 21 31 39 47 12 3 17 43 5 9 63 14 15 23 6 38 10 7 1 2 55 0 8
44 29 19 42 37 38 45 51 39 20 13 11 43 54 12 14 2 30 49 50 53 46 59 58 21 10 47 22 5 48 55 41 1 34 15 62 4 6 56 57 52 61 23 3 26 25 31 0 18 60 40 33 63 7 24 17 9 8 16 32
37 43 18 21 19 29 45 26 22 12 10 30 38 9 5 39 17 1 0 14 23 53 54 24 33 20 61 3 8 44 46 15 11 63 51 16 52 50 7 40 25 55 60 31 34 2 59 58 62 42 4 13 49 47 32 41 57 56 48 6
37 45 44 29 22 42 34 30 20 14 46 26 18 11 23 10 13 38 31 54 52 4 41 39 17 43 21 19 12 60 2 48 63 3 6 9 53 25 24 7 59 51 61 1 55 47 5 33 16 8 58 15 50 32 40 62 0 49 57 56
19 20 45 34 12 13 33 11 26 40 4 44 6 29 18 17 22 54 10 3 32 21 2 24 16 25 52 1 9 41 43 5 49 60 61 8 53 62 55 38 37 7 39 57 48 50 42 15 23 30 31 46 63 47 58 56 0 59 14 51
44 29 21 45 26 18 30 34 43 52 33 31 17 41 37 32 54 12 13 42 9 38 39 47 3 0 19 63 49 51 50 5 25 59 48 16 11 20 58 53 46 57 6 2 4 40 56 60 62 61 1 14 23 8 24 55 10 7 22 15
26 34 45 19 33 54 37 43 44 46 47 25 42 50 62 51 57 41 29 58 52 56 18 22 21 38 30 17 8 61 12 23 60 10 14 9 59 5 32 15 20 13 6 63 53 31 49 4 11 0 55 2 1 3 39 48 40 16 24 7
19 20 29 38 30 18 26 33 9 37 34 21 11 25 13 44 12 4 5 6 32 22 10 1 45 52 60 53 2 17 16 8 3 24 15 51 47 42 40 23 0 39 43 50 61 59 46 54 63 62 49 55 58 56 14 57 41 31 48 7
26 20 45 25 17 43 18 29 13 12 11 6 14 22 44 2 30 19 33 31 42 50 4 8 34 54 46 52 61 10 63 32 57 58 41 49 38 59 37 55 24 16 9 21 23 62 1 48 60 51 39 0 47 40 53 15 7 3 56 5
37 43 50 38 44 51 46 21 39 30 52 55 19 58 20 60 61 26 53 42 59 62 57 56 17 10 23 29 41 33 14 13 22 32 1 15 7 47 40 31 5 54 45 48 63 34 49 4 24 25 16 6 3 18 11 12 9 0 8 2
44 29 18 43 42 52 30 26 60 19 11 10 17 12 4 33 2 3 34 5 32 51 6 37 13 21 20 53 50 8 59 39 14 1 16 57 0 41 23 25 62 15 7 54 22 38 46 47 58 55 61 63 40 31 45 9 24 48 49 56
44 29 21 13 14 43 30 7 50 39 26 25 17 52 31 23 33 42 53 34 37 24 61 58 18 46 5 19 57 51 15 11 10 3 32 12 60 9 20 62 0 38 55 1 8 56 45 16 22 4 2 49 48 41 40 59 54 47 6 63
44 29 22 45 26 18 19 43 54 34 53 63 42 15 33 11 10 41 37 17 24 21 40 49 50 8 16 51 60 25 55 46 39 2 9 12 20 0 52 58 23 30 14 7 57 61 4 56 31 13 38 62 47 59 5 32 1 6 3 48
19 34 41 11 44 45 42 33 26 51 50 18 60 29 24 25 12 58 21 53 17 14 37 13 54 8 61 20 59 62 49 47 5 6 23 46 55 43 16 30 31 57 7 22 3 2 63 40 0 38 56 9 1 4 10 32 48 15 52 39
26 20 37 46 21 19 29 43 45 22 14 7 12 11 18 38 3 52 44 25 42 2 34 17 8 33 15 49 16 9 61 13 31 53 30 5 50 47 6 51 4 23 1 39 0 10 55 63 32 54 60 41 24 58 40 59 57 48 62 56
26 34 43 50 51 20 19 25 29 11 2 3 33 22 49 57 4 32 38 41 44 30 48 21 17 9 18 37 12 45 53 62 46 59 31 39 42 10 13 5 16 24 54 55 6 15 52 14 40 58 63 61 60 0 47 56 8 23 7 1
37 43 34 25 18 29 44 19 50 21 32 53 13 42 26 30 52 24 45 14 20 51 31 39 59 58 47 5 46 40 7 11 16 23 17 54 61 22 6 12 41 33 3 55 48 49 4 2 10 8 38 9 62 56 57 60 1 0 15 63
19 20 21 18 44 13 17 9 12 29 1 0 30 52 38 11 2 22 25 16 26 3 53 47 60 62 4 33 10 51 45 34 43 37 15 39 32 14 46 61 59 42 41 5 31 40 48 24 8 58 54 23 6 49 50 57 55 56 63 7
19 18 37 43 26 17 42 44 33 38 51 58 45 54 39 24 59 60 52 20 12 10 11 50 49 46 55 47 62 34 25 3 9 4 41 30 21 56 57 16 13 14 22 1 32 31 23 48 0 5 29 15 8 40 2 63 53 61 6 7
44 29 20 45 38 13 37 21 54 43 14 46 26 31 6 25 34 12 42 15 7 22 16 33 30 41 4 63 50 5 52 11 32 53 18 59 23 51 58 47 60 40 39 9 62 19 48 57 3 24 10 56 17 2 49 8 55 61 1 0
19 18 17 29 21 20 45 14 30 34 26 10 9 44 13 11 42 24 52 37 38 0 12 43 51 46 3 53 33 60 2 39 8 23 7 5 31 25 6 16 49 22 15 56 32 4 61 62 59 50 47 58 41 55 54 48 57 63 1 40
37 43 50 29 20 38 44 53 42 13 39 45 30 41 61 34 49 47 21 31 23 22 19 15 48 26 17 18 12 54 55 63 46 56 51 52 58 33 9 25 5 1 24 11 57 32 10 6 60 62 16 4 14 2 3 8 7 59 0 40
19 34 43 52 51 18 17 20 45 37 25 16 13 12 11 4 9 54 5 50 63 10 3 2 57 53 0 44 21 55 41 42 60 61 26 58 46 30 47 40 29 6 8 33 32 62 39 22 14 24 49 15 7 31 38 23 48 56 1 59
37 43 34 25 50 45 29 30 23 46 33 42 17 41 49 40 44 52 21 32 47 58 57 56 59 20 48 31 39 18 12 16 19 54 51 26 24 53 22 38 11 10 2 3 8 5 63 60 61 0 4 1 9 14 13 62 7 6 15 55
44 45 46 34 18 21 33 52 59 54 62 63 53 61 14 60 43 38 37 25 47 26 41 58 16 20 42 40 30 31 32 50 48 10 12 7 51 19 29 24 13 22 39 8 6 55 17 11 3 5 2 1 4 15 0 9 23 49 57 56
37 45 26 29 38 43 44 25 42 49 19 18 46 50 41 33 57 47 22 21 32 11 39 23 17 51 9 10 3 2 54 30 59 12 53 8 24 4 31 40 48 16 1 20 34 58 5 63 0 62 55 13 61 56 52 60 15 14 7 6
44 29 19 52 45 26 60 10 18 17 30 21 25 53 46 54 12 32 20 61 43 22 62 38 2 37 31 47 23 42 49 34 39 63 33 9 8 51 55 41 40 24 16 59 50 14 11 3 13 0 4 48 57 15 58 6 5 1 7 56
37 45 26 34 44 18 17 16 19 52 10 20 51 29 42 1 11 33 12 4 13 49 2 25 24 22 53 9 6 60 56 58 5 62 30 38 3 41 31 7 32 23 40 48 47 57 43 14 21 39 46 8 15 54 61 55 59 50 63 0
44 43 18 53 42 19 26 41 20 17 51 58 25 33 59 12 37 11 21 34 32 60 49 50 16 52 61 24 4 40 48 62 54 3 10 5 13 46 30 39 23 45 29 57 47 6 31 14 63 1 22 38 15 7 2 55 56 8 0 9
37 45 26 38 44 19 12 25 46 34 24 21 30 39 20 18 29 13 5 4 43 31 17 9 22 41 10 16 8 23 14 2 1 15 42 33 49 51 60 56 7 52 50 58 53 6 59 47 11 54 55 0 3 61 57 48 40 32 63 62
26 20 13 25 17 43 29 21 22 8 50 37 44 53 24 14 45 38 9 5 62 12 6 11 30 39 31 7 3 4 2 23 42 49 15 10 48 1 19 61 54 56 46 52 51 57 41 55 63 34 58 59 18 47 60 33 16 32 0 40
37 43 26 19 10 29 51 25 33 46 24 11 38 45 55 31 53 52 61 34 21 59 47 9 42 16 17 13 8 50 49 18 20 40 5 41 44 6 7 56 1 32 3 0 30 54 12 2 62 22 48 63 15 14 4 57 39 60 23 58
37 29 22 30 38 46 54 55 44 53 62 47 20 45 43 19 26 23 12 18 39 42 63 25 52 5 51 60 59 15 11 10 24 33 9 21 3 14 13 58 31 4 6 8 41 40 50 17 34 49 2 1 0 57 7 61 16 32 56 48
19 34 42 18 33 29 20 21 9 32 22 14 6 11 26 23 13 51 3 12 45 37 49 4 46 43 5 56 52 53 61 38 47 50 31 7 48 59 15 58 30 10 25 17 57 44 41 8 0 54 60 55 63 2 39 1 16 62 24 40
37 29 19 26 18 10 20 21 1 42 22 45 25 14 54 17 9 2 3 53 38 63 52 8 33 11 43 41 16 51 61 24 47 4 12 55 49 56 57 44 6 7 5 31 58 34 13 0 62 40 60 46 30 15 48 50 59 39 23 32
44 29 22 52 26 17 25 18 60 33 8 9 42 43 34 19 20 37 24 13 21 16 30 32 12 51 14 0 10 53 50 4 54 58 40 3 1 38 5 55 46 39 11 2 49 7 62 15 31 59 45 56 6 57 41 47 63 23 48 61
19 18 26 20 37 46 29 33 13 43 42 51 9 30 17 34 50 49 38 39 41 11 58 40 31 25 55 57 32 53 52 24 21 61 45 12 48 5 54 62 44 22 2 23 59 1 14 4 8 6 3 56 15 10 63 47 60 7 16 0
26 20 45 44 29 17 13 22 30 19 42 46 15 6 37 23 54 31 25 43 55 47 21 7 8 63 53 24 12 62 34 41 61 52 14 38 60 5 16 10 32 33 3 51 39 9 50 1 49 56 11 40 57 2 18 0 4 59 48 58
26 20 29 22 12 34 41 21 23 14 6 17 44 3 42 53 4 5 2 33 38 30 24 11 37 46 52 13 54 50 19 7 8 47 15 31 18 40 39 55 63 43 57 61 45 16 10 0 51 60 59 62 48 32 25 58 49 56 1 9
44 29 21 43 37 22 23 15 26 20 51 52 53 46 13 11 19 18 17 50 3 10 2 5 38 31 12 1 57 33 54 16 0 59 40 4 30 25 42 62 6 45 32 34 24 48 47 8 9 49 58 55 39 14 60 41 63 61 7 56
26 20 37 42 12 21 44 3 14 30 4 19 23 5 13 33 11 53 25 17 29 31 49 51 62 18 39 52 40 7 9 10 1 38 50 16 46 22 6 43 45 15 2 34 32 58 60 54 55 59 61 48 24 0 47 8 57 63 56 41
19 34 45 21 20 18 12 54 26 13 44 52 42 49 10 2 37 4 22 14 33 25 7 24 60 59 53 62 40 15 43 23 6 5 16 61 63 17 50 55 30 51 11 46 3 39 1 8 31 29 41 9 57 48 0 32 47 38 58 56
26 34 43 20 29 37 42 21 13 50 58 49 30 5 40 12 6 39 51 57 38 33 47 19 4 52 14 15 22 59 44 53 24 45 60 32 25 48 54 7 41 3 56 46 11 10 2 17 23 18 55 61 1 62 63 0 31 9 16 8
37 43 18 21 50 26 34 25 19 10 14 46 2 17 38 7 20 45 55 29 16 51 30 23 44 33 58 1 32 54 0 11 3 24 52 41 22 9 39 8 48 4 6 61 53 59 12 49 60 62 42 31 63 13 5 57 40 15 56 47
37 29 21 43 50 51 26 14 34 49 57 45 38 25 18 44 20 42 53 61 48 56 54 46 16 55 62 9 11 31 2 12 13 63 39 47 58 24 7 22 30 59 19 4 33 17 10 6 52 23 8 3 15 5 41 0 60 40 32 1
19 18 37 20 9 44 11 17 25 0 10 26 53 24 12 2 8 29 33 52 21 34 43 4 3 5 61 51 50 40 45 62 42 32 41 16 6 58 49 57 56 46 38 30 31 47 13 48 23 1 39 14 7 15 22 54 55 60 59 63
37 29 21 30 22 42 19 44 43 20 13 18 49 12 45 51 50 41 26 53 46 38 59 5 31 47 9 10 40 15 2 33 55 0 23 39 62 60 61 57 17 63 58 54 56 34 6 4 16 1 3 11 48 14 7 32 24 8 52 25
19 20 29 34 42 38 26 33 40 49 58 11 30 21 14 25 18 9 10 43 45 54 24 32 2 12 3 56 16 48 63 5 51 59 46 7 4 41 6 17 13 57 50 37 44 53 22 1 52 31 23 15 8 60 39 61 62 0 47 55
26 20 45 25 19 44 33 10 13 40 43 51 17 37 38 54 41 34 52 48 11 53 42 8 9 1 60 46 55 12 50 62 24 32 21 58 47 30 31 16 63 14 3 2 39 22 49 4 29 59 18 23 57 61 5 6 7 56 15 0
19 18 17 29 45 42 34 44 49 26 37 30 43 54 25 52 60 59 63 10 11 12 22 14 23 33 3 2 58 32 40 48 15 16 61 31 38 46 8 4 5 20 21 13 47 6 1 41 7 9 24 62 0 57 55 51 56 53 39 50
37 29 21 45 53 22 30 43 26 14 34 39 13 19 10 38 23 11 44 31 47 46 6 7 52 15 3 5 55 25 24 63 12 42 54 51 61 60 59 9 41 49 17 1 57 20 4 58 50 33 8 48 18 56 40 2 62 32 16 0
37 43 42 29 51 49 22 44 34 46 52 41 40 50 56 60 21 26 61 32 19 18 53 13 14 58 38 20 59 62 33 24 4 15 55 39 11 10 25 45 12 5 31 9 57 23 17 3 2 1 0 16 30 48 47 63 6 7 54 8
26 18 37 25 24 45 10 9 44 32 46 43 50 54 40 57 34 42 11 12 62 47 41 63 59 51 20 30 60 16 23 53 33 58 56 19 38 48 2 29 8 22 13 61 15 17 31 21 52 39 49 5 55 1 3 14 0 4 6 7
37 45 53 20 19 34 21 29 43 61 25 14 44 33 62 13 26 42 41 24 60 12 50 51 6 11 59 48 38 47 7 5 18 23 54 49 31 46 2 30 15 63 55 17 10 57 8 52 40 58 32 39 4 3 56 16 1 0 22 9
26 18 10 25 24 9 11 29 19 1 45 34 8 2 33 16 17 41 20 44 38 43 0 13 50 37 53 32 49 12 4 3 40 30 21 46 42 57 6 61 47 59 48 54 23 22 63 62 60 51 15 14 52 56 58 5 7 55 39 31
37 29 22 44 21 15 26 20 13 25 34 19 17 45 38 9 11 30 31 23 24 46 52 43 54 42 10 33 16 4 5 60 2 39 14 7 50 6 18 3 41 40 49 12 51 48 57 47 58 62 55 59 53 61 63 32 56 8 1 0
37 43 42 41 19 11 26 29 51 20 3 44 33 10 45 25 18 49 12 46 40 24 50 5 54 52 47 53 4 34 32 48 58 17 16 59 21 14 2 39 61 1 60 62 13 55 63 22 56 38 7 23 30 31 15 9 8 57 6 0
26 34 45 21 43 44 53 50 29 22 51 20 15 23 42 49 11 30 58 25 14 5 48 19 16 41 40 52 59 56 33 24 37 2 32 62 10 12 4 54 57 1 3 7 61 18 55 46 38 60 63 47 0 8 6 13 31 39 9 17
44 43 42 51 58 45 26 19 12 29 46 25 17 50 33 11 3 54 37 18 49 38 10 20 30 52 63 16 8 32 21 22 31 1 14 62 13 5 55 23 6 34 4 57 56 47 41 7 59 39 9 0 53 24 61 2 15 48 40 60
44 29 20 13 30 45 12 52 26 17 42 34 43 21 19 11 5 14 61 60 3 50 7 62 54 38 53 10 6 47 49 15 41 39 59 18 22 48 55 37 4 56 9 23 25 46 32 51 31 58 63 2 33 16 0 24 57 1 40 8
26 18 19 20 10 42 37 21 43 25 17 1 33 44 2 38 45 24 52 53 34 9 13 59 0 51 8 3 29 30 39 41 22 15 49 4 12 31 14 46 62 61 11 56 50 16 48 32 54 5 60 55 23 57 7 40 47 58 6 63
37 45 44 29 20 43 46 21 51 11 42 55 30 50 58 52 19 10 54 57 12 13 56 31 6 53 49 48 40 34 41 33 14 18 22 4 15 26 2 23 61 5 47 7 24 25 59 9 0 62 63 60 1 38 17 16 3 39 32 8
19 20 37 18 9 44 29 26 45 38 12 21 43 52 11 17 22 42 51 3 14 0 25 50 13 15 23 33 53 61 24 34 46 30 49 54 31 39 2 56 57 32 59 60 48 16 55 4 10 62 7 40 47 1 8 6 5 41 63 58
26 20 21 34 42 29 19 12 45 44 5 49 37 46 55 18 33 47 13 22 14 30 56 25 23 40 38 41 53 57 9 17 48 7 15 60 61 63 10 4 3 52 24 31 51 6 39 62 11 54 32 58 50 0 1 8 59 2 16 43
44 43 26 19 18 33 34 17 52 53 9 21 20 51 25 8 16 29 45 24 38 1 59 61 54 12 13 42 50 37 4 55 0 60 40 41 2 49 11 31 63 5 32 3 30 58 10 23 48 56 39 47 57 46 22 14 15 7 6 62
44 43 42 45 37 29 38 41 19 11 54 21 10 46 50 58 3 39 14 51 53 30 40 61 47 13 60 15 49 34 33 63 62 56 57 48 7 52 23 59 5 32 18 26 25 12 17 1 20 9 31 8 24 16 4 55 22 6 2 0
44 29 21 43 26 52 60 13 34 50 14 61 62 19 37 30 20 46 51 22 49 15 53 57 42 58 38 54 59 56 47 41 11 12 6 33 55 10 1 5 2 23 48 9 32 24 3 39 40 7 8 63 4 25 18 0 45 16 31 17
37 43 26 17 42 44 50 21 45 51 14 49 57 19 60 53 48 30 18 46 38 12 39 20 8 56 5 11 4 62 41 3 23 40 34 29 10 16 25 0 52 61 24 32 54 55 2 22 47 13 6 9 1 31 58 15 63 59 7 33
26 20 29 18 10 25 37 2 11 45 34 21 30 43 14 19 42 23 9 22 46 38 44 16 24 55 8 52 31 41 47 17 13 1 63 5 49 57 59 32 53 60 40 12 0 50 56 58 4 15 3 48 51 54 6 39 33 7 61 62
44 29 21 43 42 50 26 34 37 18 49 52 60 41 17 16 10 22 33 38 59 32 45 14 25 51 58 56 8 61 40 57 13 46 20 2 54 24 23 5 6 12 4 53 62 9 19 0 1 48 11 3 39 63 55 7 30 31 47 15
26 18 37 43 44 29 20 11 22 38 50 45 10 52 30 34 12 19 47 21 54 2 25 57 60 33 9 23 31 4 32 46 51 62 13 17 49 16 39 3 0 41 40 61 1 6 14 5 58 48 56 55 42 8 24 59 63 53 15 7
19 34 45 11 26 33 25 18 42 51 9 20 32 21 4 37 22 53 29 0 46 23 60 47 10 1 12 61 14 5 62 41 39 55 44 24 38 30 15 7 49 58 17 48 6 8 54 13 52 57 2 50 43 40 16 63 3 59 56 31
44 45 26 43 53 61 62 18 19 34 51 12 60 29 22 37 46 55 25 20 10 41 39 58 21 13 59 50 30 15 57 54 52 17 49 24 4 1 23 38 7 48 14 5 3 2 16 9 32 8 6 42 11 31 47 33 0 63 56 40
44 45 46 43 18 53 60 19 10 62 26 47 42 20 29 9 12 4 5 49 8 38 21 1 54 34 31 17 41 30 11 55 24 50 25 3 59 40 22 2 32 33 56 52 37 16 0 13 61 57 58 51 48 15 23 14 39 7 6 63
44 29 18 42 26 43 41 25 17 49 45 8 34 10 33 54 9 40 21 53 22 20 57 14 51 32 63 48 3 1 12 30 38 2 24 50 0 4 52 46 37 60 16 55 56 19 5 11 39 13 7 23 15 59 62 61 47 6 31 58
19 34 43 52 45 38 50 18 29 20 11 44 30 26 21 14 46 31 22 42 60 58 54 37 51 63 62 12 49 10 33 41 2 15 13 61 40 39 7 47 53 25 17 48 55 24 56 16 9 8 57 23 4 32 5 6 59 3 0 1
26 18 37 45 19 20 53 54 10 52 63 38 51 9 21 13 0 34 42 29 6 33 43 50 22 2 39 11 32 44 49 57 30 61 12 15 60 48 23 41 58 14 40 55 62 8 1 24 47 46 59 17 25 16 7 3 31 56 4 5
44 29 22 52 53 43 26 34 41 62 42 17 60 61 46 15 8 59 30 40 48 20 32 19 13 31 51 39 50 25 21 37 23 14 55 57 33 6 18 10 47 16 7 45 49 38 11 9 54 24 12 3 1 58 2 63 5 0 56 4
44 43 18 53 51 58 52 37 54 62 50 55 38 20 45 42 13 9 46 29 33 11 57 6 26 31 10 34 8 24 49 40 19 21 4 56 25 12 61 17 14 22 48 60 16 3 2 0 7 39 1 5 41 15 63 30 32 47 23 59
44 45 19 34 46 21 43 54 63 26 25 53 60 12 20 24 4 47 30 62 52 33 41 42 61 59 16 22 37 51 17 10 40 48 11 3 38 8 14 29 50 23 32 31 58 5 15 55 39 49 1 18 13 2 9 7 6 0 57 56
26 20 13 25 17 43 44 9 50 6 18 53 16 10 3 42 49 11 62 45 12 8 46 52 19 38 29 54 34 4 30 32 59 41 21 51 14 48 40 63 56 22 57 24 39 58 15 31 2 7 0 1 55 60 47 5 37 23 61 33
37 43 34 29 51 45 21 19 11 33 54 52 46 38 42 18 17 47 30 41 24 32 26 31 50 25 39 57 22 59 20 9 58 61 10 2 63 16 60 14 40 3 23 62 55 15 0 48 8 49 1 12 44 53 5 13 4 6 56 7
19 34 45 37 43 10 25 50 21 16 1 11 42 29 3 53 30 20 57 38 54 14 39 47 7 51 55 63 22 31 52 49 56 6 59 12 33 18 13 41 5 4 32 46 23 2 61 48 26 0 60 15 40 44 24 17 58 62 9 8
37 45 26 38 44 43 50 17 52 51 59 58 31 42 49 20 12 60 8 33 34 18 41 48 24 32 25 39 40 54 10 21 30 22 13 46 63 23 57 19 55 9 0 5 61 3 4 16 2 62 56 53 47 11 6 1 29 7 15 14
37 45 26 38 44 18 39 34 33 41 19 25 54 63 53 52 42 12 59 51 17 16 60 29 10 2 46 62 20 30 22 21 3 14 32 5 15 4 43 58 61 24 48 23 55 50 47 31 7 49 8 6 13 9 40 11 56 57 0 1
26 18 19 20 10 42 12 9 37 17 25 4 0 3 16 21 29 8 1 34 50 49 48 38 39 24 5 43 14 58 45 56 22 2 51 11 13 7 23 47 30 52 46 57 33 59 32 40 53 41 60 55 44 54 62 61 63 15 6 31
37 43 18 19 42 45 44 46 54 51 52 61 58 50 20 34 26 33 40 57 30 10 60 63 29 13 53 31 21 38 17 12 4 25 39 41 2 59 47 62 49 16 24 9 22 5 56 15 3 1 11 48 32 14 0 23 8 55 7 6
37 43 42 29 21 34 33 41 49 30 51 14 25 44 7 59 45 38 60 20 26 61 39 13 22 47 31 50 52 23 58 16 17 5 12 11 53 40 18 56 19 54 57 9 6 48 4 32 1 2 10 3 0 46 63 55 62 8 15 24
37 43 42 45 53 34 33 25 19 29 51 50 49 59 21 24 32 22 30 14 12 10 7 41 57 5 3 23 48 58 60 26 44 31 1 46 39 47 54 13 52 56 18 11 55 63 4 2 15 40 38 61 62 9 8 17 20 6 16 0
26 34 45 20 42 41 12 29 48 44 43 11 37 4 22 52 2 18 10 51 59 30 31 54 46 50 13 32 40 25 49 15 63 58 21 14 9 8 5 39 0 38 3 60 19 47 24 61 16 23 7 6 53 1 33 56 55 57 62 17
37 29 21 43 50 38 46 30 34 55 45 44 20 11 53 18 13 12 4 42 10 57 47 39 9 2 58 62 61 14 26 33 22 59 23 19 17 41 7 6 5 60 3 1 54 16 25 51 24 8 49 48 52 32 0 15 56 31 40 63
44 45 19 43 52 29 30 18 37 11 10 9 50 21 26 20 2 34 46 38 42 54 3 51 14 57 60 1 31 49 41 17 56 13 5 7 12 48 47 22 16 8 24 25 32 40 63 62 55 59 15 6 58 23 0 33 4 53 39 61
26 20 45 42 43 44 53 46 37 60 50 30 49 56 34 33 61 17 39 41 18 54 38 55 21 9 13 62 40 23 63 57 22 32 52 6 25 24 48 14 1 16 51 47 31 29 15 2 7 0 59 19 10 3 5 11 8 12 4 58
37 43 42 29 44 45 22 52 53 38 46 50 57 55 21 30 59 13 39 23 20 19 5 6 54 34 14 7 12 61 60 58 4 47 41 40 63 26 51 56 48 32 17 11 33 3 18 16 24 25 9 2 49 31 1 10 8 62 15 0
26 20 21 18 10 25 19 34 33 17 16 29 41 14 30 9 8 2 1 49 40 11 37 0 24 31 4 42 22 3 51 44 52 43 50 53 39 12 62 32 6 23 57 59 13 38 61 56 15 48 46 47 55 7 5 54 45 58 63 60
37 29 19 43 44 45 50 10 20 26 11 12 52 34 3 57 41 25 13 42 1 2 21 59 24 48 40 5 38 47 61 16 56 4 6 60 22 30 31 49 14 15 18 33 46 39 51 17 58 55 7 32 63 54 23 9 62 53 0 8
19 20 45 44 13 46 53 61 62 42 29 18 37 54 38 52 60 30 17 59 34 31 50 51 43 26 23 9 22 55 63 33 24 49 57 10 2 16 12 32 21 5 4 1 41 40 39 3 25 11 0 6 7 8 14 47 58 15 48 56
26 18 44 45 10 52 54 17 34 38 8 9 53 20 0 42 50 33 21 51 60 19 49 22 25 1 41 11 12 56 37 29 48 55 47 58 43 46 14 2 61 7 32 24 59 3 30 39 4 40 6 23 16 63 15 62 13 5 31 57
19 34 43 18 44 20 12 13 11 52 41 42 9 26 51 40 53 60 25 46 62 54 6 45 37 0 10 21 58 24 50 1 17 57 29 22 63 59 14 8 48 2 55 39 15 56 47 33 61 38 32 5 49 31 23 30 4 7 16 3
26 20 29 22 45 34 30 43 44 46 19 11 10 18 15 37 12 5 51 52 21 38 9 3 13 0 33 23 25 50 42 6 58 4 8 40 39 57 32 24 61 60 14 2 54 63 56 47 16 7 1 17 59 41 48 31 49 53 62 55
44 29 18 42 26 25 49 43 17 34 21 50 58 20 51 22 12 52 41 19 32 4 60 45 54 16 53 61 30 56 9 11 57 46 5 37 47 48 13 0 3 6 33 59 14 40 1 55 63 62 38 23 39 2 10 8 15 24 31 7
37 29 19 45 22 21 30 39 20 18 31 34 44 11 54 63 47 46 17 53 51 15 61 9 38 52 2 62 23 25 60 59 41 43 42 13 0 1 58 33 16 40 49 50 4 24 32 8 57 10 14 55 48 5 7 6 26 3 12 56
37 45 19 34 54 38 44 52 46 53 41 21 43 29 14 33 60 61 62 13 25 47 30 22 42 63 12 18 23 50 11 3 10 32 55 9 26 5 49 20 59 24 8 0 6 58 4 31 17 40 1 39 51 7 57 15 16 2 56 48
44 45 26 18 10 34 42 9 37 25 0 50 41 29 54 51 52 32 16 33 43 53 49 59 21 11 60 55 58 48 40 24 62 20 57 56 13 2 19 22 63 46 3 12 61 6 1 30 17 8 4 5 14 23 31 38 7 39 15 47
26 18 10 43 45 29 30 20 11 19 12 25 50 37 24 21 22 53 54 4 3 14 44 23 52 57 5 2 7 63 38 51 42 34 61 62 1 47 17 46 33 41 31 32 15 8 58 9 56 49 48 60 59 39 13 16 0 40 55 6
19 20 29 22 30 34 21 18 15 39 12 23 13 3 4 7 42 5 26 25 16 24 38 8 10 43 50 11 33 2 14 51 44 49 17 45 40 9 37 46 6 47 52 31 41 60 56 57 59 58 32 48 0 54 55 61 1 53 62 63
44 29 20 13 18 52 30 26 6 21 60 39 25 17 14 24 8 9 31 45 47 12 4 59 34 61 46 42 10 38 41 1 54 19 0 62 53 22 50 43 55 40 16 57 58 5 32 63 2 49 48 15 23 7 51 3 33 56 37 11
44 45 26 20 46 25 37 42 12 21 17 43 41 51 58 52 60 8 22 13 18 49 33 11 50 29 56 38 31 39 14 40 4 23 10 3 2 55 30 19 32 53 9 7 34 57 48 0 59 16 62 61 24 5 47 63 15 1 54 6
26 20 45 25 17 9 18 34 8 37 1 10 44 51 43 0 19 42 24 52 41 33 46 12 16 48 61 21 49 32 14 22 11 2 40 60 23 57 4 55 29 7 59 54 56 3 6 13 47 53 58 50 38 5 62 30 15 39 31 63
19 20 37 34 18 17 33 41 11 4 49 38 21 29 9 0 30 23 46 14 43 52 13 22 51 42 10 45 39 48 12 60 8 56 6 50 57 24 32 2 53 5 26 54 62 7 1 16 3 15 58 44 61 59 25 63 55 40 31 47
44 43 34 29 51 52 19 26 20 12 18 58 30 42 10 17 61 1 45 38 46 60 9 8 22 41 2 31 0 37 50 25 24 16 33 11 32 15 4 55 21 3 53 40 59 14 23 54 62 57 7 39 13 63 47 5 49 48 56 6
19 20 37 34 33 11 12 29 22 4 21 23 3 2 5 42 1 45 38 32 43 13 26 44 31 6 49 25 18 41 53 56 51 52 59 54 55 39 30 63 40 10 24 60 57 16 61 14 15 46 8 17 58 62 50 48 9 47 7 0
37 29 22 30 18 46 21 12 38 23 20 43 3 4 14 31 50 13 11 19 55 51 10 45 42 49 53 54 59 7 48 34 15 6 63 52 39 47 41 40 32 57 61 25 58 44 16 1 5 2 56 60 26 17 9 62 33 8 0 24
44 29 19 52 45 46 53 42 22 10 54 26 18 37 11 38 39 47 51 58 20 30 50 9 17 3 21 60 62 16 2 13 31 1 0 63 5 61 8 25 24 14 43 33 55 6 59 23 15 12 41 49 4 7 34 48 40 32 57 56
19 34 43 18 37 29 33 51 17 32 50 46 22 21 59 44 30 15 26 42 40 24 13 31 23 53 55 52 39 14 41 8 45 11 6 25 60 48 3 10 7 47 1 2 20 63 54 49 16 38 9 5 56 12 57 4 62 61 58 0
37 45 44 43 53 46 26 60 62 19 54 33 39 63 42 41 29 38 30 22 17 52 18 31 11 12 14 3 51 47 34 15 32 50 40 55 58 49 4 13 5 10 59 16 20 48 25 9 2 61 1 0 21 6 56 8 23 24 7 57
26 18 44 45 37 34 54 53 42 43 52 21 33 25 17 24 10 49 19 2 51 8 41 63 9 11 38 32 14 59 50 48 20 39 31 46 57 60 29 58 61 40 55 7 4 47 3 30 22 23 6 1 0 56 16 13 15 62 12 5
37 29 19 45 38 18 20 31 39 21 14 13 46 15 5 43 42 30 52 41 22 55 9 34 33 25 47 53 60 6 23 7 32 44 26 59 58 4 10 54 48 40 62 61 50 49 11 24 57 51 12 56 63 8 0 17 1 2 16 3
37 43 26 21 20 38 51 42 41 12 14 30 44 19 29 59 10 17 13 45 34 49 4 1 52 11 46 5 58 48 60 7 25 33 39 55 18 47 31 61 32 3 8 22 62 40 2 16 56 50 63 57 15 53 23 0 6 9 24 54
26 34 44 18 17 37 30 20 42 49 13 8 19 53 50 11 52 6 12 5 25 60 51 32 45 58 48 38 9 43 54 56 41 1 21 61 39 23 22 10 59 55 24 46 4 33 47 14 29 16 15 3 31 7 2 40 0 57 62 63
44 29 20 13 18 34 30 38 19 22 41 52 45 10 21 46 5 37 11 12 9 6 15 42 4 17 50 49 24 3 57 33 60 1 32 26 47 14 7 16 39 8 2 51 43 31 23 56 59 58 0 40 48 54 63 55 53 62 25 61
37 43 34 25 19 11 26 29 33 45 17 41 42 24 38 49 52 39 40 54 56 61 18 48 12 51 44 50 63 5 4 3 58 59 30 57 32 16 9 20 31 2 0 46 21 8 60 10 53 14 47 22 1 55 13 6 62 23 7 15
26 34 43 18 25 50 37 45 44 16 54 29 21 46 42 41 55 63 33 20 48 22 10 49 40 32 19 51 23 56 24 53 60 17 38 14 6 11 3 62 9 1 8 31 57 39 13 59 61 2 58 47 4 5 52 15 30 12 0 7
19 20 37 44 51 42 12 53 49 4 29 18 26 30 46 34 23 55 45 50 33 56 48 31 47 41 39 54 61 58 63 40 17 25 9 8 13 10 16 11 2 38 3 52 0 1 59 60 5 14 32 24 6 43 57 62 22 15 21 7
44 45 46 54 26 52 63 20 53 55 62 25 18 11 21 38 30 43 19 47 24 22 13 5 17 8 60 33 34 59 37 51 6 61 42 12 4 41 10 9 49 56 3 16 48 14 0 40 57 1 7 50 31 23 2 15 29 32 58 39
19 34 42 50 41 18 17 48 49 11 51 58 45 56 10 52 33 20 4 37 43 53 44 9 62 1 29 32 25 21 12 22 26 3 14 7 60 5 30 16 0 8 15 61 59 63 38 54 6 46 24 39 23 31 40 13 57 47 55 2
37 43 42 41 50 21 34 49 32 51 19 40 14 24 58 38 29 59 56 33 52 13 39 47 55 11 5 61 60 45 31 7 23 30 12 53 22 57 26 25 54 17 16 20 48 15 46 44 3 2 9 62 1 8 63 10 0 18 4 6
19 18 17 20 37 29 12 11 22 4 26 33 2 44 13 9 51 21 10 23 8 30 43 52 31 0 45 39 14 58 38 47 59 53 16 6 54 46 34 50 41 42 57 62 25 40 49 48 55 32 5 63 61 24 56 1 15 3 7 60
44 45 19 43 53 52 60 61 51 20 13 34 41 12 46 18 42 49 59 58 4 48 25 26 10 5 6 14 9 39 21 50 15 2 57 0 17 37 32 56 62 22 54 38 23 30 11 29 8 3 47 63 31 7 33 1 16 24 55 40
26 34 45 18 41 54 25 33 11 48 44 17 24 53 16 8 52 20 43 32 9 37 12 10 42 59 62 61 2 13 4 19 29 5 40 49 14 30 46 55 23 3 58 6 38 63 0 39 47 57 31 21 50 15 22 1 60 51 56 7
26 34 41 20 43 42 44 25 37 48 40 46 21 50 56 19 16 24 30 29 12 22 57 5 18 31 32 17 15 38 23 45 51 59 58 14 11 33 9 8 7 1 2 6 3 4 39 0 53 10 49 62 13 54 55 47 61 60 52 63
26 34 42 33 41 20 29 49 37 21 19 11 2 18 56 4 48 46 3 50 25 44 22 14 55 9 13 43 59 57 58 38 39 23 10 5 15 12 53 47 0 31 52 17 7 40 8 32 24 30 6 60 61 16 1 51 45 63 54 62
19 18 26 34 9 10 44 21 41 0 25 52 2 33 29 22 8 12 42 24 37 30 31 23 16 51 53 39 32 11 3 43 45 62 5 54 38 13 61 20 47 50 49 59 14 58 17 6 7 55 60 4 46 15 57 48 56 1 63 40
44 43 42 29 20 50 37 45 46 52 26 25 61 55 17 8 34 49 21 54 18 51 57 13 24 19 38 32 40 53 63 33 16 47 5 58 59 14 23 7 39 48 10 62 12 41 56 11 9 0 6 30 1 4 2 3 15 31 60 22
26 18 19 34 41 11 20 37 2 21 45 3 9 53 25 33 42 32 40 48 38 43 49 58 17 46 13 29 4 10 61 14 55 39 31 5 51 60 57 0 7 62 6 30 1 44 50 12 47 56 59 52 22 15 23 54 63 24 16 8
26 18 44 34 19 29 9 42 22 10 41 33 11 3 43 8 25 53 12 32 0 50 4 5 57 59 20 37 24 13 16 31 62 51 2 30 52 17 48 49 60 1 23 40 38 45 6 15 21 14 61 63 39 54 46 55 7 56 58 47
37 29 18 43 30 20 19 9 17 25 11 21 10 39 50 3 26 33 24 45 38 44 4 5 16 8 52 53 54 2 31 23 14 51 41 63 55 32 46 60 61 12 22 59 34 42 57 49 56 6 0 47 7 62 58 1 40 13 15 48
37 45 44 43 42 20 19 38 53 52 60 29 13 34 47 39 51 10 30 22 18 46 54 59 26 61 2 63 62 33 50 4 24 25 23 21 41 12 16 17 11 55 6 3 14 58 57 56 49 31 15 7 1 32 48 0 5 9 40 8
37 43 18 29 34 25 50 45 30 23 54 11 41 53 9 19 20 55 61 0 31 33 42 52 24 13 44 38 62 57 12 32 2 10 15 16 26 22 14 5 47 63 58 6 60 3 51 21 56 39 4 49 48 17 40 7 59 1 46 8
44 43 26 45 51 18 52 59 60 17 58 37 8 16 19 34 24 20 11 50 33 4 30 61 41 42 38 39 13 21 29 57 2 22 6 40 25 54 32 53 10 0 47 46 14 55 49 5 23 1 12 3 31 56 9 7 63 62 48 15
19 18 37 20 10 43 17 9 12 38 46 11 34 5 0 24 2 21 29 3 39 1 22 44 50 14 7 30 4 51 42 15 16 26 6 13 31 8 60 57 58 54 47 41 45 53 40 49 63 48 56 59 61 55 52 23 33 62 32 25
37 29 19 45 30 34 53 22 44 26 18 12 25 20 14 15 5 54 46 17 43 50 11 31 9 0 38 41 10 39 1 21 47 60 48 52 23 13 62 63 7 6 4 3 2 61 59 33 51 57 40 24 16 42 58 8 56 49 32 55
19 34 45 37 41 21 29 38 46 22 39 53 14 13 30 20 54 44 42 31 43 18 9 23 5 6 15 26 12 40 50 59 58 55 7 4 48 47 25 32 3 0 52 33 57 24 61 62 10 1 60 17 8 49 16 56 63 51 11 2
44 43 42 29 21 45 37 13 26 41 54 19 5 17 25 33 51 46 24 62 8 59 60 40 52 30 39 34 47 58 57 49 53 55 32 31 63 20 38 22 15 9 14 23 10 61 18 6 56 0 7 16 1 11 50 48 12 4 2 3
19 34 41 18 44 48 33 43 17 25 51 20 49 11 12 45 4 37 26 13 29 16 22 21 32 40 9 15 30 8 14 53 42 58 60 24 54 10 56 63 46 31 39 50 1 47 3 23 38 0 6 61 55 2 57 5 59 7 62 52
26 34 43 18 33 50 10 32 45 21 29 17 51 44 25 37 38 30 41 52 60 53 9 8 16 31 0 40 42 1 23 39 54 15 58 3 11 62 13 2 19 59 4 61 63 14 7 46 20 22 55 5 6 47 24 49 56 48 57 12
26 34 42 20 37 49 13 17 50 19 10 58 43 44 25 16 51 21 24 38 29 52 8 11 41 1 22 15 59 14 57 48 2 18 31 3 61 6 30 33 5 32 7 53 40 12 9 46 23 0 47 56 4 39 45 55 54 60 63 62
19 18 26 34 9 29 37 20 43 10 21 51 25 46 41 33 52 13 32 8 0 17 45 24 38 53 59 30 16 54 3 1 2 40 63 48 47 39 56 62 42 49 11 12 4 60 61 55 22 5 57 44 31 23 50 58 14 6 7 15
26 20 21 22 37 34 14 45 12 18 30 44 53 13 43 23 42 51 52 49 33 41 56 24 9 46 6 57 31 7 50 58 15 17 16 62 47 29 61 60 32 38 39 0 19 5 48 25 4 10 40 11 59 55 54 3 63 1 8 2
26 20 37 44 53 42 12 38 30 22 43 45 51 61 23 60 59 18 14 58 46 47 54 21 10 63 49 33 19 34 32 31 50 48 62 41 57 40 56 25 24 6 39 13 5 15 52 11 7 29 3 55 4 9 2 16 8 17 0 1
44 29 18 42 34 26 17 43 41 9 1 8 20 50 59 19 49 45 22 10 52 53 38 60 25 33 62 31 47 57 46 15 2 21 40 16 13 54 14 5 24 0 37 12 6 58 63 23 56 32 30 4 11 7 51 39 61 48 55 3
19 34 42 50 45 21 33 24 58 49 40 26 14 44 18 20 13 9 10 12 37 41 52 11 5 25 3 53 51 54 55 61 48 59 17 60 43 4 1 15 29 32 2 8 23 22 16 6 30 63 62 0 57 46 7 38 47 56 39 31
37 45 44 43 51 59 26 18 58 25 24 52 60 29 11 34 46 54 41 17 38 47 31 61 20 30 23 10 19 42 49 33 3 16 62 2 12 4 40 57 32 39 56 50 8 53 48 55 9 15 5 21 1 0 13 6 22 14 7 63
26 18 44 29 22 52 21 15 23 31 10 13 53 20 30 37 46 45 60 25 38 11 12 51 14 6 5 43 50 62 32 57 61 39 19 1 17 54 59 34 47 4 63 55 41 49 42 58 9 3 48 7 33 8 16 24 2 40 56 0
37 45 53 43 34 41 18 20 12 54 63 29 21 22 38 19 10 9 23 13 50 51 32 49 57 48 42 47 33 31 8 44 26 61 14 1 59 40 30 25 2 3 11 6 17 46 7 15 52 58 56 24 39 5 16 60 62 0 4 55
37 43 18 29 42 26 44 46 19 9 33 51 17 11 0 24 20 10 2 3 30 1 4 21 45 23 52 53 40 12 55 47 54 34 62 32 13 48 59 58 41 50 57 5 39 22 38 60 14 25 16 56 61 49 6 63 8 7 15 31
26 34 41 33 25 48 49 21 37 46 29 32 13 18 42 30 24 5 10 50 17 11 56 2 38 39 31 19 47 51 45 55 40 8 4 54 43 22 1 57 16 20 6 23 12 44 60 52 61 59 53 62 3 14 7 9 15 58 63 0
37 29 20 43 42 13 44 50 21 41 5 22 30 4 3 31 40 51 60 32 24 52 12 61 39 11 45 33 49 46 15 23 25 59 26 7 38 18 14 56 6 47 53 54 55 17 34 19 62 63 48 2 9 10 57 58 1 8 0 16
26 18 44 45 19 43 52 59 60 20 58 33 51 29 46 50 42 34 11 12 30 4 24 53 41 22 14 54 63 39 61 48 37 38 5 23 25 32 16 49 3 17 47 10 9 55 57 56 62 6 40 21 31 2 1 13 7 15 8 0
37 45 44 43 18 9 53 30 46 21 51 58 26 52 59 47 20 13 29 54 39 50 60 42 23 61 11 17 57 55 25 12 14 49 16 6 41 7 15 48 63 24 38 34 40 10 56 31 0 2 19 62 8 33 4 3 22 32 1 5
44 29 21 13 14 43 26 20 19 11 18 7 38 37 34 41 42 46 55 45 49 17 6 56 30 12 5 31 51 33 54 58 9 1 15 52 32 23 59 60 0 4 53 24 48 62 10 3 16 22 2 50 39 40 25 8 47 63 57 61
19 18 37 11 10 45 53 9 44 43 26 54 51 59 55 52 42 20 60 29 58 17 0 41 12 4 8 38 33 25 34 49 50 16 57 2 46 47 22 30 5 40 3 14 39 48 15 24 61 31 13 6 21 23 7 63 32 1 56 62
26 18 37 25 17 29 21 45 33 13 46 43 34 41 44 16 19 20 42 54 49 47 22 52 4 48 14 6 11 30 51 12 5 3 24 50 61 40 60 59 9 2 8 62 10 0 31 38 53 1 55 63 23 15 57 32 7 58 39 56
26 18 10 29 45 43 30 9 0 19 34 37 52 1 38 44 53 8 2 46 21 23 16 61 11 33 40 60 59 17 24 39 55 51 50 13 31 20 12 58 62 41 5 22 47 3 57 54 49 48 14 7 6 32 15 25 56 4 42 63
19 18 44 11 3 4 17 43 26 33 51 37 38 16 5 59 25 34 10 29 40 39 24 2 9 20 30 23 41 22 46 48 8 45 53 0 1 55 52 32 49 21 47 62 14 58 54 7 57 50 63 42 60 31 15 12 61 6 13 56
37 45 26 34 43 20 19 50 21 29 30 13 33 11 3 32 6 18 46 5 25 39 31 47 51 23 49 7 12 57 54 48 14 62 55 17 41 42 40 38 52 22 59 24 44 53 9 2 60 16 1 10 63 58 61 0 15 4 8 56
19 20 29 38 21 18 37 43 9 14 13 44 39 22 52 4 42 26 23 31 5 10 30 7 15 49 17 11 1 6 56 0 8 46 12 34 41 2 55 50 57 16 47 63 33 3 51 40 25 32 45 48 24 60 59 58 53 62 61 54
37 45 44 43 51 38 30 59 53 23 31 21 34 46 39 29 19 20 58 26 17 61 60 47 62 41 22 15 55 12 33 40 42 8 4 49 54 13 48 56 25 5 18 24 16 10 32 50 9 63 0 3 14 52 11 1 2 57 6 7
44 29 22 43 18 45 51 42 54 58 20 15 38 21 52 37 46 39 30 23 50 26 41 34 57 48 32 9 19 11 49 53 56 31 61 10 25 60 13 12 5 24 33 40 55 17 0 47 14 3 1 7 4 6 16 2 59 62 63 8
44 43 42 29 19 52 22 26 33 51 18 37 21 24 46 12 50 58 53 14 6 34 11 3 32 15 5 13 61 41 30 38 60 45 47 25 20 55 63 40 17 31 39 23 2 4 9 16 54 62 8 1 48 7 49 59 10 57 56 0
26 20 45 34 29 38 33 41 49 43 18 10 9 48 13 57 2 52 54 21 59 61 31 37 19 6 42 17 24 47 40 25 56 0 1 3 44 16 5 30 22 23 63 11 7 32 8 46 14 39 60 4 50 12 15 58 55 53 62 51
19 34 45 37 29 18 26 22 30 21 14 11 44 52 33 31 9 38 13 46 3 17 43 40 54 20 59 63 25 23 41 0 53 49 12 5 10 60 62 55 7 39 32 15 16 8 61 2 47 50 24 58 6 42 57 4 48 51 1 56
19 34 43 50 37 38 44 11 33 41 46 25 57 59 18 29 39 45 4 3 20 31 52 5 16 21 30 22 32 9 51 60 23 13 48 26 17 58 61 10 53 47 49 42 1 12 6 7 14 62 63 15 54 0 8 55 2 56 40 24
19 18 37 45 26 38 44 43 52 61 46 20 30 47 12 17 9 23 54 39 51 50 33 34 25 4 21 53 60 24 59 58 22 40 32 11 5 13 42 29 16 6 3 63 62 10 48 8 41 56 2 14 57 49 7 55 1 0 15 31
37 43 18 29 30 21 45 19 20 22 14 54 63 38 31 26 42 44 34 12 11 39 46 25 5 9 0 50 24 47 52 7 57 3 49 33 10 15 6 23 40 1 13 32 55 8 2 16 4 41 48 58 51 17 53 62 61 56 59 60
26 34 44 37 46 17 33 40 18 19 9 43 20 29 38 12 32 47 52 50 4 13 16 5 25 8 22 10 0 14 6 41 57 51 2 55 48 11 58 49 24 15 23 60 7 42 59 56 61 62 53 1 3 54 45 63 30 39 31 21
44 45 26 18 10 9 46 34 0 21 41 53 52 19 54 62 60 48 33 38 17 43 47 16 12 11 42 37 55 59 39 5 49 51 25 56 29 2 14 23 20 22 7 13 57 40 6 30 1 4 58 32 24 15 31 8 3 50 61 63
26 34 42 33 45 50 41 21 29 18 49 30 58 51 9 40 20 10 14 44 22 46 37 19 11 23 47 57 17 60 12 7 39 5 38 3 15 24 56 13 31 53 4 54 52 55 25 32 1 6 62 63 43 0 2 61 16 48 59 8
19 34 42 50 44 37 26 52 58 33 45 10 29 51 53 21 12 20 40 54 1 59 30 25 11 5 49 38 18 61 46 4 62 2 3 47 32 24 9 0 43 57 16 48 56 41 63 60 55 39 13 14 6 22 31 17 23 15 8 7
37 29 22 46 45 54 26 19 43 44 53 42 39 61 50 51 12 11 62 30 59 33 23 31 18 14 34 9 15 60 0 21 4 25 32 17 8 63 41 40 20 16 52 58 24 10 6 38 47 5 55 7 3 1 2 13 57 56 49 48
37 45 19 18 26 38 17 9 46 47 53 11 44 54 12 20 21 10 30 5 1 34 4 8 16 52 43 3 33 23 39 13 62 63 51 59 61 31 6 32 41 7 55 29 22 25 58 50 57 14 15 56 2 42 24 49 48 40 0 60
26 18 44 43 9 21 51 52 37 50 58 25 20 13 24 34 19 42 29 11 2 22 60 33 49 56 32 61 41 17 62 38 48 53 15 30 47 59 45 1 14 6 7 4 0 63 5 46 54 39 10 12 16 23 3 57 40 8 31 55
19 20 45 18 11 4 37 34 26 54 33 41 49 29 42 56 44 24 3 12 32 52 25 10 5 48 60 13 50 58 16 53 46 51 62 30 59 61 6 47 55 63 43 38 22 40 31 57 39 23 1 14 15 2 9 8 17 7 21 0
19 20 13 12 37 26 10 29 21 45 5 44 53 4 51 46 25 58 47 34 11 14 15 24 41 22 38 9 18 30 0 48 31 33 3 62 52 6 42 55 16 43 1 59 61 54 60 23 7 2 32 50 17 8 57 56 63 49 40 39
37 45 53 43 26 17 44 46 39 21 52 59 29 54 34 22 18 19 10 38 8 11 61 25 33 50 4 51 20 40 55 2 9 32 41 47 63 31 58 62 1 48 49 60 13 12 23 30 42 57 3 5 56 15 7 16 14 0 24 6
37 45 53 34 33 29 22 41 21 38 18 13 14 25 48 61 4 11 9 15 54 49 50 55 23 59 31 57 30 19 63 43 52 47 46 44 32 12 20 16 5 2 39 62 17 60 7 6 58 42 1 3 56 0 51 26 40 8 10 24
26 18 37 34 25 45 19 29 11 10 9 2 41 16 21 43 44 53 30 20 42 23 51 12 13 14 7 58 60 5 1 49 46 50 57 48 0 17 15 55 8 3 24 40 59 33 4 61 54 6 31 38 22 56 32 47 63 52 62 39
44 45 26 52 54 17 34 42 25 46 8 16 38 47 33 0 49 20 53 24 19 61 63 55 12 10 62 37 60 31 21 43 9 50 18 51 41 22 11 32 23 29 57 2 1 5 59 15 4 13 14 40 3 56 6 7 39 30 48 58
44 45 19 52 53 61 62 54 63 37 60 26 38 46 17 29 22 51 39 34 41 15 30 21 50 55 20 23 47 18 14 5 7 33 42 48 40 43 10 12 13 11 3 57 49 32 25 8 31 24 16 6 4 59 58 56 0 9 2 1
37 45 53 34 26 18 42 38 44 52 54 51 17 55 60 8 63 29 20 13 39 43 25 46 22 41 11 61 6 31 30 33 24 12 50 59 21 19 58 62 47 57 5 32 23 14 7 10 49 48 40 3 4 2 56 15 9 0 1 16
19 34 42 18 17 9 33 32 26 16 10 49 37 21 50 11 29 58 3 30 13 45 8 1 31 14 44 39 7 24 2 20 41 23 40 4 54 25 56 12 0 57 5 6 22 43 38 47 48 61 52 60 63 53 62 55 59 51 15 46
19 20 13 42 43 18 37 21 11 26 49 5 33 25 9 40 29 17 10 38 12 1 8 0 6 14 2 45 30 31 15 56 34 51 46 47 53 4 39 7 22 3 24 23 52 54 63 16 32 61 48 41 50 57 55 60 44 58 59 62
44 29 22 30 18 43 20 19 34 26 42 14 21 41 15 12 38 23 25 7 3 45 53 37 46 47 39 54 51 58 52 33 17 13 11 10 48 24 8 49 2 9 16 1 50 56 6 59 62 61 57 4 55 32 60 31 40 63 0 5
19 18 26 34 41 21 9 11 4 48 45 20 42 2 22 12 40 0 25 17 13 23 43 50 59 6 29 44 51 16 56 57 52 32 31 46 37 53 55 39 47 14 15 54 62 61 24 5 10 38 33 49 8 7 3 1 58 63 60 30
44 29 18 43 20 19 10 53 34 11 4 9 13 12 37 42 52 26 1 61 41 25 8 14 30 40 5 38 60 0 49 22 51 58 48 59 17 21 3 16 6 56 31 15 7 33 23 50 24 32 46 55 54 45 62 2 57 39 47 63
44 29 21 13 19 42 22 30 34 31 20 41 33 24 48 43 23 40 32 11 18 45 5 56 39 14 4 17 15 6 26 2 53 37 50 58 46 54 55 51 25 9 38 7 52 63 1 60 59 0 61 8 49 47 10 12 62 3 57 16
37 45 53 43 44 21 18 38 51 9 29 52 46 22 30 31 20 54 39 12 11 19 15 3 23 58 10 34 2 26 62 17 16 0 1 55 60 13 14 24 42 50 8 33 32 40 41 48 25 47 4 5 61 7 57 56 59 63 49 6
37 29 20 13 21 22 18 34 5 30 33 14 31 43 26 25 32 9 10 16 8 6 17 4 7 0 11 23 3 41 45 38 24 2 44 42 1 40 12 39 46 15 47 54 48 52 62 63 50 58 49 19 51 53 55 56 57 59 61 60
26 20 21 34 42 25 17 29 30 41 12 50 44 45 37 38 24 13 43 4 57 18 10 31 22 19 5 33 11 3 39 59 46 1 14 51 9 6 15 54 40 23 63 47 52 16 48 49 32 60 53 62 55 58 61 2 8 0 7 56
19 18 26 34 9 10 43 37 41 42 11 4 3 40 25 33 45 44 51 24 21 0 52 29 22 1 16 59 20 14 17 38 53 23 60 61 47 8 46 2 49 55 7 5 50 56 13 58 12 30 54 32 48 63 31 57 62 15 6 39
26 20 13 34 44 18 25 37 45 19 9 21 33 42 43 17 50 5 14 54 30 46 16 23 29 0 31 11 3 39 2 22 15 4 63 58 7 53 49 32 55 40 52 41 10 59 6 1 51 12 47 60 24 38 61 8 56 57 48 62
44 43 26 29 37 45 50 18 22 21 20 25 9 13 34 52 41 17 30 31 6 10 33 12 60 48 42 40 19 8 24 61 32 58 16 5 57 53 59 51 46 56 23 55 47 7 11 62 39 14 2 3 38 1 0 49 15 54 4 63
26 34 43 52 51 50 44 20 37 38 53 42 41 49 19 25 56 33 32 11 13 54 17 29 60 6 55 24 18 10 22 15 59 58 30 48 3 62 39 45 1 21 8 63 16 4 46 31 40 9 12 2 5 23 14 0 57 7 61 47
26 20 29 34 12 22 44 11 42 41 33 45 19 32 54 18 43 51 30 46 52 60 9 38 4 37 31 62 59 50 15 58 47 21 63 2 61 3 57 16 48 5 24 39 40 56 23 49 10 17 1 7 13 0 8 6 14 55 25 53
26 18 10 43 44 45 19 20 21 9 17 29 1 25 33 11 37 30 50 57 51 14 38 0 22 41 49 58 2 16 53 48 8 15 24 52 34 4 42 31 3 46 7 61 55 40 62 32 47 63 23 39 5 13 59 60 56 12 54 6
26 20 29 18 37 30 22 42 23 31 34 45 19 41 44 43 10 13 51 46 55 21 6 4 33 1 40 50 49 38 47 53 12 59 5 54 17 15 63 24 14 56 32 58 2 39 60 52 7 61 16 25 62 9 8 3 57 11 0 48
19 18 17 43 51 34 45 59 33 29 44 46 52 26 58 57 22 53 38 37 47 10 25 15 11 8 1 41 16 55 30 23 40 60 63 3 48 54 50 24 14 42 32 56 2 9 49 6 20 62 0 12 61 31 39 21 13 5 4 7
44 29 20 13 18 52 53 26 60 34 42 33 24 62 54 10 37 40 6 46 17 16 8 25 30 21 45 12 47 49 41 31 9 51 56 0 11 2 23 48 58 43 19 39 38 14 3 59 55 22 5 7 63 57 61 4 50 32 15 1
37 29 18 26 22 43 34 15 51 46 21 9 45 38 47 33 25 19 11 14 41 50 13 16 59 4 23 40 5 7 32 6 52 61 53 39 48 57 0 55 24 44 49 10 3 30 20 60 31 56 63 2 54 17 1 62 42 12 8 58
37 45 26 29 44 34 41 17 8 52 60 43 53 19 42 48 21 33 18 38 25 51 24 9 16 22 32 40 23 59 58 20 30 61 1 57 12 11 56 31 4 15 47 13 50 2 3 0 39 49 10 46 14 55 54 6 62 63 5 7
26 18 19 34 45 20 25 33 12 21 32 3 14 41 43 51 17 8 5 30 48 16 42 40 4 11 24 37 59 13 9 44 52 29 31 56 46 39 6 38 47 50 49 1 22 57 10 61 0 23 53 60 62 54 55 15 2 7 63 58
44 45 37 43 54 21 42 63 19 20 12 49 29 11 2 13 10 18 14 51 58 1 0 60 50 30 9 22 46 47 48 5 59 23 6 8 17 24 4 56 40 3 16 57 38 52 53 34 26 39 32 15 55 7 31 41 25 62 33 61
19 34 43 50 41 25 44 45 54 37 46 47 42 48 51 61 33 32 57 21 29 58 59 20 49 60 18 10 14 11 30 52 53 31 17 13 39 16 9 40 3 2 23 15 62 4 7 26 5 38 12 56 24 6 8 0 55 63 22 1
19 20 45 10 11 44 29 26 42 37 43 52 61 60 38 41 59 21 9 2 12 3 14 18 40 47 31 53 46 13 17 50 6 54 4 33 58 16 24 39 34 23 1 51 55 49 30 7 8 63 22 5 57 25 62 15 32 0 48 56
19 20 13 26 33 10 12 6 29 18 44 38 30 34 1 45 17 22 37 52 21 16 60 46 53 4 5 62 7 59 43 61 47 55 41 39 31 48 9 23 42 3 54 51 11 50 8 25 40 32 49 56 57 0 14 63 2 24 58 15
37 43 42 41 19 11 18 21 20 25 14 22 3 7 9 38 29 12 50 17 33 34 47 1 15 2 16 23 26 30 0 44 51 24 32 59 53 49 60 45 58 10 57 46 55 8 54 62 61 52 13 63 5 40 4 48 39 31 56 6
44 29 21 45 46 52 19 34 59 26 43 60 41 50 51 25 17 20 61 14 33 18 42 16 8 9 11 2 37 47 53 48 0 1 22 54 10 49 38 32 55 23 39 12 13 62 31 63 3 15 40 58 57 6 24 56 7 4 5 30
37 29 18 26 34 25 20 11 30 43 2 13 12 44 51 38 32 45 53 4 42 62 31 58 61 46 59 21 39 60 22 47 54 50 14 15 55 17 8 63 23 5 52 33 19 24 57 10 16 41 48 7 49 40 1 0 6 3 56 9
37 43 26 17 25 33 8 21 29 38 42 30 39 51 13 22 19 47 41 18 31 14 44 4 23 20 59 24 12 15 7 45 5 16 55 58 9 0 46 53 52 60 1 10 11 3 50 54 61 62 63 32 34 2 40 6 49 57 56 48
37 45 19 34 33 18 44 20 54 52 9 41 49 48 59 32 12 4 51 63 38 43 25 39 21 26 31 42 29 30 47 50 57 17 14 40 3 0 24 58 22 23 13 56 61 55 16 7 53 10 15 2 1 5 6 8 46 62 11 60
26 34 43 52 41 18 37 42 44 45 10 33 20 29 61 17 54 19 25 32 9 12 21 40 3 50 48 38 46 53 31 60 49 16 57 62 51 13 14 6 30 4 24 15 11 8 5 39 7 22 23 59 55 56 0 63 58 1 2 47
44 43 42 29 21 45 37 41 49 20 50 57 18 34 54 9 32 14 52 58 33 26 51 53 38 46 56 40 60 47 30 55 62 61 17 23 12 3 24 25 22 15 8 59 10 31 19 1 63 39 2 16 4 11 7 5 48 13 6 0
44 43 26 45 51 58 54 46 52 63 50 42 38 17 62 53 41 49 34 33 40 31 61 32 48 37 59 19 11 55 25 10 24 3 47 39 57 56 8 9 29 60 30 22 12 18 16 20 15 1 2 5 23 7 0 14 21 4 13 6
37 43 26 19 18 29 10 21 51 1 13 38 20 22 23 5 47 30 31 39 4 25 24 15 12 3 45 17 14 32 9 34 42 0 7 52 50 57 11 16 59 44 8 60 49 41 61 46 48 2 33 56 53 40 6 54 58 62 63 55
