19 34 42 20 33 32 21 51 37 13 12 11 18 26 4 38 41 10 9 50 45 22 43 53 2 29 49 1 23 44 59 0 3 15 6 14 39 46 55 60 25 24 62 40 30 5 52 7 48 54 16 57 17 61 56 31 63 58 47 8
37 29 18 26 17 9 10 11 21 24 8 45 44 13 0 51 4 25 3 1 46 2 32 19 16 43 58 59 60 5 42 38 20 53 47 30 22 39 33 23 61 54 52 50 6 41 31 15 63 34 40 14 7 12 57 48 62 49 56 55
37 43 18 38 45 19 20 21 34 42 29 22 30 9 46 53 17 10 52 55 44 31 62 47 3 11 49 51 23 13 1 56 39 16 2 12 50 41 24 8 4 61 48 63 54 58 26 33 60 32 57 40 59 25 0 5 14 7 6 15
26 20 13 25 21 43 42 44 52 45 46 60 19 18 24 38 30 34 9 14 15 31 51 50 53 12 33 5 11 22 17 41 59 6 58 49 39 8 54 55 32 37 29 16 23 4 63 2 61 40 7 62 3 10 56 57 0 1 48 47
26 34 41 33 43 19 10 29 32 42 22 30 25 1 12 15 18 44 37 45 51 50 59 5 53 24 54 63 2 58 40 57 56 48 52 11 23 61 16 46 21 17 9 14 20 31 38 0 47 49 4 3 8 39 60 13 55 62 7 6
44 29 18 52 30 9 53 31 60 43 26 61 10 25 20 12 8 11 45 54 46 62 51 42 50 38 13 4 33 37 39 49 19 59 57 14 22 41 40 32 34 21 2 23 6 5 58 24 63 56 48 7 16 17 3 47 15 55 1 0
44 29 21 13 18 26 17 9 30 42 5 34 49 31 10 41 1 14 23 7 39 0 12 57 56 52 8 50 51 48 53 43 37 22 19 16 33 2 3 40 32 20 6 38 11 4 60 59 25 54 46 62 45 55 47 61 58 24 63 15
19 34 45 37 46 18 33 41 49 48 9 50 57 38 51 10 29 0 43 52 44 54 42 20 26 30 22 21 61 25 16 15 58 60 59 32 56 14 6 13 5 53 11 1 62 47 63 31 39 23 2 3 12 24 8 7 17 55 4 40
44 43 50 21 18 19 11 10 29 3 20 37 4 5 22 23 45 26 15 52 51 46 13 34 9 31 47 25 38 7 17 49 42 8 60 16 14 30 39 6 48 57 12 53 2 56 54 63 0 61 59 1 24 32 40 58 62 33 41 55
19 34 42 20 21 13 33 22 23 31 26 12 29 15 4 11 37 44 53 14 18 2 6 25 24 43 17 41 40 5 3 16 9 48 7 46 45 49 1 30 39 51 58 60 56 47 50 57 55 59 52 62 10 8 54 32 38 63 61 0
26 34 43 18 33 51 52 42 59 29 37 46 9 10 49 0 30 31 17 16 8 41 24 56 19 45 55 32 3 12 53 60 23 2 25 54 44 4 39 47 57 58 20 63 38 15 62 21 1 11 13 5 14 48 22 40 50 61 6 7
37 43 18 38 45 52 54 53 46 47 61 19 51 9 0 60 39 44 55 58 42 50 21 33 34 30 49 26 10 12 32 48 11 20 22 1 62 8 17 24 59 63 2 40 5 29 16 3 4 23 41 13 15 7 56 14 31 25 57 6
37 29 18 42 22 26 25 17 9 19 44 21 12 30 31 45 54 3 14 13 38 23 11 7 49 10 5 39 1 46 6 32 24 43 34 52 47 41 4 16 51 15 61 50 33 63 20 55 58 53 2 59 60 56 62 0 40 48 57 8
26 18 19 20 10 9 29 37 38 2 0 46 45 42 11 47 22 52 43 44 13 34 39 21 51 6 41 23 30 33 25 58 12 3 14 17 16 24 61 31 53 59 50 60 4 40 57 7 32 1 55 63 15 48 8 54 62 5 49 56
44 29 18 42 22 53 20 37 43 21 30 23 38 19 49 46 31 41 14 6 45 54 62 13 10 61 7 17 11 26 8 63 34 1 5 52 51 60 15 16 48 3 24 55 50 39 2 12 4 25 0 40 32 9 33 57 47 56 58 59
19 34 44 53 42 50 52 51 62 37 45 10 38 46 33 32 54 47 49 26 17 25 30 39 3 21 31 43 41 48 55 12 14 29 23 56 5 58 20 16 24 60 18 4 40 1 11 8 59 63 9 22 13 6 61 2 0 15 57 7
26 18 10 20 29 22 37 45 46 43 53 19 12 21 51 54 38 42 13 31 44 34 33 14 41 4 62 59 30 49 3 40 11 61 57 56 50 63 15 52 5 25 48 7 60 47 55 23 39 17 16 9 24 58 6 1 32 8 2 0
44 29 19 42 34 52 37 20 50 41 26 25 33 17 9 38 21 24 16 10 47 14 8 13 45 31 3 0 39 2 32 18 1 51 11 48 60 53 5 22 15 46 23 49 57 40 54 12 43 58 59 61 4 55 30 7 62 63 6 56
19 20 13 42 37 18 43 12 41 38 9 10 2 6 11 8 4 34 46 55 44 53 33 3 0 32 25 48 40 29 45 5 56 49 26 16 21 30 57 1 17 50 14 24 61 62 51 60 31 22 15 54 52 47 39 7 63 58 59 23
19 18 17 20 37 11 26 46 13 42 2 33 29 21 25 3 30 23 49 34 10 32 41 16 44 5 38 1 54 50 43 47 51 40 22 45 53 15 12 61 4 39 0 60 63 59 31 48 55 24 6 9 7 52 56 58 62 14 57 8
37 43 50 21 19 42 29 11 18 38 45 20 12 44 10 26 47 4 22 58 57 46 13 9 17 39 55 5 0 25 24 2 54 53 62 52 1 31 49 34 51 16 23 3 33 56 30 61 41 48 60 15 7 8 6 59 40 14 32 63
37 45 53 34 42 20 18 44 19 46 51 10 30 61 55 9 12 5 54 47 26 21 11 52 8 33 25 58 32 29 39 40 38 22 3 23 62 50 43 2 14 41 57 24 60 16 17 13 0 1 48 49 56 4 6 7 15 31 59 63
37 43 26 21 20 17 22 29 50 38 19 57 51 12 49 18 8 42 33 56 3 23 41 59 13 4 11 2 52 45 30 16 15 32 10 14 53 9 58 7 40 34 5 60 47 0 39 46 54 62 61 48 44 55 63 6 24 25 31 1
19 20 29 18 11 4 9 43 2 37 50 21 12 3 34 57 51 59 10 26 46 33 25 0 41 16 30 48 17 1 42 13 40 31 8 49 44 45 54 32 6 22 14 63 15 53 56 58 52 55 62 61 60 7 24 23 38 39 47 5
37 43 50 51 18 21 34 49 57 19 41 29 10 48 42 9 13 11 1 14 12 3 26 25 8 5 24 0 17 45 44 16 15 33 32 40 38 2 54 7 22 46 58 63 53 23 52 59 62 47 55 4 20 39 31 56 6 61 30 60
19 18 26 20 21 34 10 22 33 29 43 42 25 24 15 37 40 51 30 31 38 11 17 12 4 16 41 14 50 9 59 47 39 44 52 2 1 58 49 60 3 45 53 5 6 23 13 7 46 0 55 32 48 61 57 54 62 56 8 63
37 45 19 20 29 18 12 30 10 38 31 4 46 39 11 26 44 3 9 8 2 17 1 22 25 51 53 43 5 62 13 55 42 50 58 6 61 41 32 59 60 34 33 0 54 52 21 23 15 48 63 16 40 57 24 47 56 14 7 49
19 20 13 12 21 26 11 34 45 29 38 10 41 33 40 37 43 4 5 14 1 44 6 32 22 47 31 15 23 25 46 49 17 7 57 53 42 50 60 55 3 61 62 18 52 24 30 39 9 2 51 16 48 54 8 59 63 56 58 0
44 43 18 53 52 21 42 49 29 19 62 30 11 10 20 45 14 26 37 22 31 6 13 61 34 41 33 46 17 60 54 32 47 15 2 25 4 39 38 1 24 55 3 63 7 8 57 40 50 16 5 56 51 58 48 23 12 59 9 0
44 43 42 45 29 51 46 21 26 22 60 25 20 19 24 37 38 59 15 55 47 33 13 14 49 53 54 39 31 62 61 41 6 11 34 18 10 57 63 52 30 9 2 7 58 17 48 12 50 23 56 40 1 5 32 0 3 4 8 16
26 18 37 43 44 34 19 45 17 29 33 10 2 32 30 20 21 23 42 11 24 8 25 16 31 49 56 3 41 39 1 13 51 60 38 57 5 0 59 52 12 50 48 4 46 54 63 58 40 55 61 9 47 53 15 14 6 7 22 62
26 18 10 34 44 37 45 20 33 54 46 32 40 38 31 48 42 19 30 41 47 49 50 52 13 39 60 22 62 21 12 6 4 63 29 58 11 55 43 9 8 51 25 2 53 24 57 61 17 56 59 15 3 5 14 16 0 1 7 23
44 45 46 54 62 29 20 13 30 31 22 42 26 52 6 15 53 25 21 63 39 12 24 4 5 14 60 17 19 38 9 34 43 10 37 3 41 61 47 59 11 7 18 16 33 48 51 49 55 1 50 2 40 57 58 56 8 32 23 0
19 34 41 18 20 33 17 48 44 13 21 29 32 52 49 42 43 40 30 24 12 58 14 9 60 22 26 16 51 25 8 7 15 45 1 61 57 4 50 23 37 10 62 39 38 5 3 11 54 63 56 47 2 46 55 59 53 0 6 31
26 20 37 25 19 29 21 12 34 30 4 46 39 31 23 41 45 42 49 13 40 43 5 38 53 14 33 54 52 60 22 48 62 44 59 61 56 32 15 7 18 58 6 11 17 47 10 8 55 63 51 16 24 50 0 2 1 9 3 57
37 29 20 13 30 43 42 31 12 11 51 59 26 44 60 19 3 17 33 2 23 45 22 49 53 34 5 62 61 32 18 38 41 14 1 50 15 9 56 57 25 10 40 8 47 58 16 48 52 6 21 46 7 0 24 4 54 55 39 63
44 29 21 45 26 13 37 18 5 30 53 34 23 14 25 12 3 11 43 54 10 9 46 33 42 32 63 20 6 19 22 49 17 7 56 16 24 51 52 15 31 60 61 38 8 40 50 59 39 58 41 55 2 4 48 0 47 1 62 57
26 18 10 29 45 43 30 54 37 19 34 21 12 41 53 38 63 1 47 23 22 33 42 31 32 5 51 25 3 11 2 60 24 61 46 39 0 62 50 48 20 17 8 16 14 6 9 4 52 44 40 59 58 49 15 13 57 55 56 7
26 18 19 20 37 33 21 34 32 44 10 29 13 12 51 41 11 52 43 2 3 25 16 58 1 6 53 45 14 17 9 22 54 42 48 49 40 61 23 8 0 30 62 50 4 47 38 5 57 46 55 24 31 63 7 39 59 56 60 15
19 20 13 26 17 43 51 42 33 50 21 34 58 8 18 11 44 29 22 38 37 40 10 30 3 57 52 53 56 9 39 14 59 15 7 23 12 41 54 46 25 4 45 55 1 5 31 47 32 24 6 2 16 0 63 62 60 61 48 49
26 20 37 34 19 18 25 46 41 33 11 9 40 16 17 24 0 12 38 2 55 43 21 14 51 44 3 42 52 10 7 39 45 59 58 50 57 49 61 22 5 4 30 47 8 31 56 23 54 63 53 13 32 48 29 60 15 6 1 62
37 43 42 29 51 49 41 59 57 56 44 50 26 46 21 45 30 22 47 33 19 53 25 20 23 15 38 31 61 11 52 14 18 55 34 40 54 60 17 9 7 58 24 39 0 1 48 10 63 32 12 16 2 4 13 6 5 62 3 8
19 20 37 34 33 41 49 18 10 11 13 29 9 17 25 16 22 46 2 26 24 4 21 43 42 40 45 54 55 31 48 38 5 0 47 39 50 56 8 6 44 1 15 23 53 52 32 58 3 62 57 63 59 12 61 51 14 60 7 30
37 29 19 26 18 10 9 45 30 8 11 34 2 20 42 22 44 3 53 31 16 43 4 54 12 52 0 49 41 17 63 50 56 32 51 58 46 61 25 24 48 47 33 1 21 13 40 57 38 39 15 14 6 5 23 7 62 55 59 60
37 43 42 29 51 49 22 44 33 38 47 21 50 41 48 25 26 17 20 56 32 60 59 12 3 23 11 40 53 52 57 18 15 46 30 14 19 5 7 34 39 58 31 45 61 10 4 9 6 62 13 16 54 63 24 8 0 2 1
26 34 44 20 33 52 37 42 60 32 50 45 40 46 29 43 38 22 51 18 24 25 19 53 17 47 55 9 15 41 8 63 16 21 0 49 62 11 39 23 57 10 31 54 2 3 14 1 30 13 4 5 59 7 61 12 6 58 56 48
26 18 37 43 44 25 50 51 9 11 59 45 19 29 33 52 22 42 38 0 41 34 17 60 4 49 61 15 40 24 32 10 16 12 21 20 2 54 63 53 58 55 46 3 47 31 13 48 57 5 30 1 56 62 39 23 7 14 8 6
44 29 19 43 20 26 22 13 50 12 21 38 3 45 37 31 11 18 10 52 5 51 60 57 46 2 59 55 39 34 25 30 47 14 7 53 1 33 17 54 62 16 63 15 8 23 40 41 49 42 24 58 56 48 32 9 4 61 6 0
37 29 21 43 26 22 51 50 30 19 42 31 10 38 45 20 39 46 44 1 18 49 33 40 57 58 11 34 52 56 25 53 32 17 47 12 8 16 60 0 9 24 4 55 48 54 2 13 3 62 63 5 6 41 15 59 61 23 14 7
37 45 53 20 19 54 55 38 13 10 21 34 41 33 46 61 32 47 52 29 31 5 22 48 4 30 12 44 11 59 39 26 60 6 50 62 58 2 43 40 1 9 56 18 7 14 23 15 3 49 25 42 51 24 63 57 8 0 16 17
44 45 26 52 60 59 54 61 47 63 38 46 62 31 43 50 18 37 34 25 19 10 33 58 2 41 30 9 24 12 42 20 8 22 5 49 55 32 40 4 17 16 39 53 21 14 51 29 13 6 23 11 57 56 7 48 3 1 0 15
26 34 44 18 41 53 9 10 25 19 20 0 62 45 12 13 1 61 46 52 11 37 43 51 29 63 50 3 6 42 4 22 8 47 31 15 60 30 55 38 39 16 23 2 58 21 32 17 33 59 7 5 54 57 14 48 40 24 49
26 18 10 20 21 22 45 34 33 9 12 3 23 13 8 54 44 2 11 25 17 4 14 52 37 43 51 7 60 0 53 5 55 29 15 31 38 6 1 59 46 61 39 19 62 41 42 49 58 40 48 63 50 24 16 30 32 57 56 47
19 18 17 20 45 44 53 16 13 26 9 12 34 62 25 46 43 51 11 29 30 37 59 2 38 24 61 42 10 31 21 5 33 40 1 8 3 39 23 4 54 63 47 55 50 6 0 14 32 58 7 52 57 15 49 41 60 56 22 48
19 34 41 33 44 49 43 37 48 11 3 52 29 25 53 10 17 51 50 61 46 30 31 59 38 20 21 32 58 9 8 57 60 12 56 55 4 13 42 1 24 23 14 39 16 18 40 2 26 5 6 7 45 54 62 22 47 63 15 0
37 45 53 29 18 26 22 10 21 30 38 31 17 54 3 42 19 20 23 46 52 60 62 11 49 25 2 12 34 14 5 9 61 41 39 15 7 13 43 56 16 55 48 47 6 50 1 63 59 32 24 33 51 58 40 0 57 44 4 8
19 20 13 26 44 43 25 45 51 12 53 33 21 17 37 59 58 29 8 54 41 42 60 62 46 14 34 55 7 24 22 31 47 32 30 52 10 18 5 2 1 15 6 3 40 23 11 48 4 49 16 39 61 50 57 56 9 38 63 0
26 34 44 37 46 19 12 11 42 25 3 18 16 50 17 43 52 38 41 54 55 10 49 8 2 24 57 9 32 29 1 60 22 48 62 59 30 23 61 21 58 20 0 45 40 31 56 4 14 51 33 13 6 7 15 63 53 39 47 5
26 34 45 37 44 19 20 13 11 52 29 18 6 46 51 50 25 12 54 30 47 14 53 61 4 9 49 60 21 55 0 42 33 38 43 39 59 48 62 32 63 17 8 16 22 2 57 5 10 1 24 31 23 41 3 7 40 15 58 56
37 29 20 43 30 12 11 31 4 45 38 21 44 39 26 3 51 19 54 34 42 25 14 59 52 53 16 55 46 22 2 50 60 24 13 15 33 62 23 58 10 18 49 48 57 40 41 47 61 56 7 6 5 8 17 32 63 1 9 0
37 45 53 29 18 42 19 11 34 46 47 41 21 54 3 22 55 13 33 24 32 63 61 39 44 52 48 43 14 10 51 26 25 49 56 6 17 16 9 4 60 0 7 50 23 57 40 2 58 59 1 62 30 8 20 31 15 38 5 12
26 18 37 43 9 19 44 29 21 30 45 17 8 33 50 46 20 12 55 51 10 13 42 57 4 0 23 3 60 49 41 52 25 24 59 32 1 47 39 5 48 2 54 34 53 11 14 22 38 7 15 63 58 40 62 16 56 31 6 61
26 34 43 18 37 38 44 51 50 19 25 45 52 60 20 12 46 57 9 41 30 42 58 49 29 17 4 13 11 53 59 10 6 61 16 21 1 24 56 3 48 23 2 40 33 8 5 54 0 14 31 22 15 32 39 7 47 55 62
37 45 53 43 26 20 34 19 29 44 42 25 11 30 18 4 24 12 17 41 31 52 33 46 48 23 5 10 39 54 38 22 14 16 1 3 8 15 9 6 61 60 63 21 7 55 51 32 59 50 49 47 2 0 62 40 13 57 58 56
26 18 44 25 9 53 42 20 62 0 19 52 24 49 21 12 56 33 3 34 51 60 41 54 11 48 37 10 46 45 40 32 61 13 17 30 14 50 39 16 8 23 58 43 29 7 31 63 59 55 22 15 6 1 47 57 38 4 5 2
19 34 44 37 30 18 33 29 9 42 26 10 1 24 49 53 17 51 32 21 20 45 50 39 25 12 31 16 58 41 54 23 52 38 11 61 62 0 47 4 14 13 22 59 43 48 56 55 3 2 46 60 57 15 40 63 8 6 5 7
37 29 18 42 34 45 50 44 21 9 20 11 54 22 0 43 4 26 15 2 25 53 14 23 46 51 52 59 13 47 60 41 57 10 49 19 12 55 63 24 61 38 48 33 3 1 16 8 39 32 40 17 58 56 31 5 30 62 6 7
44 43 50 21 26 45 19 34 41 18 20 42 10 33 22 11 54 48 40 14 4 13 6 25 29 17 32 12 37 2 52 46 3 38 1 49 16 7 15 62 47 8 58 56 9 0 53 55 61 5 39 24 63 23 30 51 57 59 31 60
26 34 41 33 45 20 12 37 25 54 42 29 38 21 19 10 11 43 46 24 53 4 22 32 44 61 13 6 52 2 40 60 18 55 3 51 1 47 62 17 59 58 31 9 5 48 50 0 16 14 63 15 7 23 49 8 30 57 39 56
37 43 34 25 19 29 30 18 33 22 44 41 9 11 32 0 15 46 21 13 42 49 16 17 40 31 2 50 38 51 26 1 12 20 54 62 3 4 53 24 56 48 60 59 57 45 39 10 55 63 23 52 58 47 5 8 61 7 6 14
37 29 22 30 38 15 14 47 26 34 46 45 43 52 59 44 55 61 51 31 25 42 39 13 60 16 49 63 54 50 58 57 6 33 41 21 5 53 32 24 40 7 17 48 23 20 12 4 3 11 10 8 62 19 18 2 1 9 56 0
19 18 44 20 9 17 10 34 21 37 26 22 30 0 33 52 45 3 1 39 16 54 23 8 53 29 63 42 25 15 38 32 24 12 13 2 51 50 4 55 49 41 59 46 62 48 7 6 60 11 5 58 47 43 40 61 56 57 14 31
44 29 20 13 22 38 12 11 26 31 4 25 6 45 19 14 47 18 5 30 32 42 46 3 15 52 10 24 60 54 17 21 33 43 34 51 61 9 1 16 2 63 62 53 59 0 8 55 37 41 50 58 49 39 40 7 23 56 48 57
26 20 29 38 37 43 51 45 54 25 12 50 24 63 30 59 57 19 53 4 47 22 18 17 61 41 14 15 11 21 34 39 48 16 13 32 10 44 31 46 8 5 9 0 55 33 52 1 42 2 3 60 6 62 49 23 56 7 40 58
44 29 20 13 30 31 22 38 18 34 46 9 11 4 0 47 12 54 33 52 6 42 45 25 50 43 60 26 24 49 62 53 41 55 61 58 56 51 17 16 57 32 63 2 59 39 8 40 48 21 1 15 23 14 5 19 3 7 37 10
44 29 22 45 46 54 19 47 63 26 25 61 18 37 21 10 24 17 9 55 23 30 42 0 1 12 53 15 34 52 14 8 16 11 38 31 2 6 3 20 51 41 43 58 7 50 5 13 62 39 49 32 48 60 4 33 40 59 57 56
44 45 46 29 37 53 20 26 42 12 21 43 25 47 54 41 34 62 51 22 48 33 40 17 49 24 38 50 13 14 55 30 9 8 31 60 59 39 6 10 1 56 23 18 52 11 3 16 58 2 0 5 7 4 19 61 63 32 15 57
19 20 37 34 18 38 44 53 21 13 52 22 12 17 62 29 15 60 5 54 46 39 43 14 25 6 9 3 7 30 11 51 50 4 26 41 45 59 23 61 49 47 2 33 32 0 55 16 58 31 42 56 40 48 1 63 10 8 24 57
37 29 21 30 23 45 19 10 53 42 49 22 1 20 12 14 13 11 6 39 4 38 3 5 46 2 43 31 15 34 47 51 44 62 58 18 41 54 61 56 40 0 17 52 60 16 33 55 63 59 26 57 8 48 25 24 32 50 9 7
37 29 20 11 21 43 50 14 12 38 30 57 7 23 2 4 42 18 58 59 26 19 31 5 46 34 25 47 45 22 6 17 51 16 3 52 24 39 8 32 33 44 54 10 53 61 49 55 63 0 9 48 15 13 62 60 56 41 1 40
44 45 37 43 53 21 52 62 42 60 19 29 22 23 38 31 14 13 39 49 61 5 20 59 41 51 57 12 26 56 15 54 58 18 40 34 25 17 9 30 6 10 46 11 1 7 3 50 63 55 33 48 47 0 8 24 32 16 4 2
19 20 21 12 5 34 43 14 7 4 25 26 33 18 17 24 32 11 10 29 37 3 16 46 9 30 22 45 54 44 13 31 39 0 38 40 52 63 42 1 15 47 6 2 53 60 48 51 58 49 61 62 41 50 56 23 59 8 55 57
44 45 37 29 20 11 18 26 54 51 52 63 46 42 17 38 21 59 4 34 53 19 60 3 30 14 22 13 6 9 41 8 55 15 49 62 25 31 61 56 39 23 33 50 16 12 1 2 57 32 0 47 48 58 40 24 7 43 10 5
37 45 19 20 21 29 53 18 43 30 23 11 26 22 13 54 55 6 2 51 44 46 47 61 12 31 34 33 60 10 9 15 3 52 39 17 24 0 41 42 7 16 25 49 4 59 50 38 8 63 32 5 48 40 14 56 62 57 58 1
26 20 13 18 21 12 19 33 9 14 44 53 11 34 52 0 32 10 7 22 1 2 4 5 54 43 31 29 6 40 48 45 37 15 51 42 25 59 50 3 30 39 24 16 38 49 8 62 47 57 41 63 46 60 55 17 23 58 56 61
26 18 10 20 19 1 11 17 2 3 4 34 29 30 43 5 9 13 38 21 24 22 45 47 31 44 37 54 42 46 15 14 63 49 50 41 51 60 59 53 40 8 57 58 16 25 55 56 23 33 52 12 48 32 0 62 6 61 7 39
37 45 53 34 33 29 18 46 47 61 20 19 30 21 11 2 38 31 12 13 14 43 54 17 5 32 52 63 4 6 42 22 62 51 59 44 39 55 50 49 41 48 56 58 10 1 7 15 23 57 60 3 26 25 9 8 16 24 0 40
44 29 18 26 20 10 22 13 4 43 12 6 25 52 60 32 50 34 24 16 42 11 9 58 14 21 49 2 19 48 0 8 57 51 1 5 17 41 33 23 7 59 30 45 46 56 61 62 37 40 3 15 38 39 47 55 54 63 31 53
37 29 19 45 38 43 53 18 21 54 52 30 34 13 5 10 26 33 11 46 47 51 9 22 20 39 40 12 15 14 55 44 59 1 4 63 41 3 61 25 23 7 62 8 16 24 17 50 2 32 31 48 57 60 42 58 49 6 0 56
19 34 44 21 26 37 29 52 43 18 17 8 14 12 45 51 50 49 59 46 30 7 10 31 47 3 42 33 22 38 57 15 16 53 24 39 5 32 20 55 60 25 13 61 62 54 2 11 56 1 23 6 58 9 40 4 0 48 41 63
37 29 22 45 19 20 21 13 54 43 6 18 12 42 44 51 52 53 34 25 50 3 10 15 11 61 17 58 14 24 9 1 26 55 8 30 4 16 31 7 32 23 60 39 57 33 41 2 62 56 59 5 46 49 47 38 40 48 63 0
19 20 37 44 53 42 45 26 12 13 21 29 22 54 14 38 34 52 60 18 39 41 33 25 61 30 10 3 48 51 43 46 5 1 62 7 23 15 58 9 17 24 32 59 16 6 50 11 4 2 31 8 0 40 57 49 63 55 47 56
26 20 29 34 42 43 37 30 44 41 31 52 53 50 48 38 21 23 15 25 33 51 24 14 61 39 49 57 11 12 7 18 46 40 3 56 32 2 59 62 10 58 54 55 1 9 45 4 16 47 63 22 19 13 60 8 17 6 5 0
19 18 17 34 45 37 41 20 21 33 43 42 49 9 38 54 44 40 51 14 26 58 1 29 7 60 30 0 25 11 63 24 59 13 50 52 5 8 32 31 23 48 16 22 56 6 15 4 3 57 47 10 12 39 46 2 61 62 55 53
37 45 19 29 38 26 53 11 21 30 22 43 18 10 9 17 1 8 25 39 44 0 42 62 47 2 31 13 16 49 56 50 51 46 14 58 5 48 52 23 59 20 3 7 12 41 32 61 33 34 60 6 57 24 40 55 63 4 15 54
26 34 42 18 20 12 9 41 21 25 33 11 45 22 4 3 23 19 5 13 40 37 43 51 29 50 6 46 44 7 55 32 16 38 48 52 57 47 60 0 39 14 30 49 2 56 24 31 10 1 53 8 54 15 58 17 63 62 61 59
19 20 37 18 11 45 26 29 10 34 12 9 17 2 44 4 3 1 38 21 30 24 25 31 0 42 32 51 5 8 47 39 33 55 49 41 50 43 59 22 40 58 13 60 54 6 52 56 48 53 16 57 46 14 7 15 62 61 23 63
44 43 42 51 26 37 60 58 38 29 45 33 24 25 22 59 34 46 53 61 55 52 17 31 47 8 19 21 50 30 54 14 10 16 13 5 7 6 23 18 39 49 41 12 48 15 11 56 20 57 4 9 0 32 2 1 3 40 62 63
37 29 22 42 19 11 26 33 34 38 47 20 25 18 32 40 48 45 50 41 2 43 12 16 24 17 49 5 53 56 10 51 4 54 59 9 52 61 57 44 6 31 39 60 62 13 15 46 63 30 1 55 23 0 21 58 8 3 7 14
19 18 26 34 43 12 29 51 10 22 25 17 44 3 30 37 58 53 52 59 45 24 54 23 8 21 38 42 60 20 4 47 14 61 9 1 15 11 32 40 50 16 63 41 48 46 0 13 49 56 62 7 31 55 57 33 39 5 2 6
26 18 10 34 45 20 44 29 21 54 19 25 37 13 32 12 17 2 38 47 11 24 39 31 16 52 33 42 63 30 60 59 22 3 41 43 5 8 50 49 53 46 51 55 0 6 7 40 48 14 57 58 62 61 9 1 4 23 15 56
26 34 45 21 29 19 10 18 33 11 13 42 9 8 0 40 50 17 24 44 25 49 16 14 43 12 2 37 46 47 22 15 5 1 3 51 59 20 57 60 56 48 32 41 52 53 7 6 54 38 31 4 23 62 63 58 61 39 30 55
37 43 42 41 51 29 19 21 30 59 34 26 13 14 15 7 33 11 20 18 2 38 22 23 31 3 4 12 17 8 44 45 60 39 49 32 52 57 5 61 16 50 0 25 9 10 54 1 46 63 6 47 40 24 55 53 62 48 58 56
19 34 41 18 42 43 44 20 11 45 26 52 37 4 17 30 54 8 46 25 23 47 13 61 33 22 55 21 16 32 62 40 51 9 53 31 2 50 49 24 14 15 5 12 39 60 10 59 6 7 57 1 58 29 48 38 0 63 3 56
26 34 43 50 33 32 44 18 42 45 29 53 25 17 58 20 9 30 13 11 21 0 8 12 16 24 14 5 10 51 41 59 62 6 54 63 39 19 60 31 40 47 49 57 52 22 15 38 46 55 37 3 56 23 2 48 1 4 7 61
37 43 34 25 33 41 50 51 52 38 29 59 39 22 21 14 16 45 32 47 20 18 55 19 49 48 57 11 30 15 23 31 13 26 10 5 46 17 7 1 24 12 8 44 40 6 2 9 42 58 63 61 0 60 54 62 3 4 53 56
19 34 44 37 46 21 26 38 41 54 55 20 45 10 63 52 12 4 22 25 51 53 39 30 16 50 18 24 1 11 43 48 61 2 17 60 42 23 29 33 59 8 49 13 14 5 32 31 9 47 15 7 0 40 3 58 56 62 57 6
37 45 26 29 54 19 22 25 17 44 11 10 38 46 53 24 39 55 30 43 9 31 18 60 52 3 42 33 4 51 41 16 63 14 12 2 50 62 34 57 47 32 0 58 23 59 48 21 6 1 8 15 40 20 7 5 49 56 61 13
26 20 29 38 37 43 51 45 12 18 46 34 41 4 13 22 10 50 19 32 5 33 30 31 40 25 49 54 6 11 39 59 21 57 17 47 48 1 3 56 53 44 24 61 52 9 62 16 58 14 8 60 0 55 63 2 23 15 7 42
44 45 19 34 43 42 33 11 37 41 50 26 54 52 25 58 51 59 60 32 24 18 49 21 10 38 46 47 53 62 16 2 3 29 9 61 1 8 57 0 63 12 4 5 55 56 17 40 20 13 48 14 22 39 23 15 30 31 7 6
44 43 18 19 42 37 21 34 10 51 26 49 46 9 52 38 41 20 8 53 59 1 30 48 45 47 54 62 25 14 12 61 33 60 2 31 40 16 0 22 23 32 55 11 6 5 3 4 57 58 39 50 24 56 29 7 17 63 13 15
26 34 44 18 33 53 10 17 25 21 8 37 38 30 20 39 14 19 46 54 52 51 62 32 40 48 43 16 24 12 4 11 61 45 58 5 47 60 6 59 13 2 55 3 56 57 23 7 9 29 22 63 15 31 42 0 1 50 41 49
19 20 29 22 13 26 34 4 44 42 49 11 15 37 18 10 21 33 43 25 16 45 17 12 32 51 38 14 60 41 1 24 53 30 6 47 3 5 40 52 61 23 31 39 7 62 46 58 59 8 55 57 63 48 56 54 0 2 50 9
19 34 44 53 42 26 52 12 10 11 62 49 33 41 51 40 25 21 48 18 50 60 5 24 30 9 8 56 17 43 37 29 58 38 39 54 46 47 20 45 57 32 55 13 14 0 22 4 61 3 16 31 23 59 1 15 2 63 7 6
37 29 21 45 44 30 53 61 46 39 19 51 38 14 13 12 43 11 54 55 23 31 22 52 6 15 26 20 5 34 41 4 42 18 17 40 3 2 48 56 10 1 9 25 16 8 47 24 62 33 7 50 32 49 58 57 60 59 0 63
26 34 42 18 19 33 40 20 44 43 29 53 52 37 10 38 12 61 47 2 51 45 60 31 46 30 25 62 21 4 13 14 9 8 7 39 0 59 16 32 6 5 55 58 41 63 11 24 50 3 1 49 22 17 57 15 23 48 54 56
44 29 20 45 37 13 19 52 53 54 60 51 6 43 62 11 50 59 22 61 12 4 34 25 55 46 10 38 58 3 30 21 16 42 41 14 18 49 40 48 5 63 47 39 23 7 33 26 17 1 2 57 56 32 0 8 15 9 24 31
44 45 37 29 19 34 54 43 30 63 26 18 50 51 9 21 59 20 46 38 62 0 14 23 42 58 25 5 12 24 16 61 31 32 10 2 53 4 49 47 13 33 57 8 1 48 41 52 60 6 3 22 17 55 7 39 15 11 56 40
26 18 44 45 37 43 53 54 51 50 42 20 19 52 61 33 55 21 57 49 9 12 58 0 17 25 4 62 11 60 56 5 8 16 59 48 14 29 24 46 22 13 6 7 47 2 38 39 40 15 10 41 3 63 34 1 23 31 30 32
44 29 20 43 42 51 58 13 26 34 19 18 12 4 37 50 41 48 33 46 6 40 10 1 38 21 54 17 57 14 22 47 5 60 39 30 9 61 3 49 62 23 32 45 2 24 56 0 16 63 55 31 25 11 59 15 52 53 7 8
44 45 19 34 43 42 49 26 46 51 25 33 52 56 59 12 37 29 10 60 20 21 61 11 58 47 53 17 32 1 5 54 24 38 22 13 9 40 41 8 39 23 57 31 48 50 63 55 15 62 14 7 6 4 2 18 16 3 0 30
19 18 26 34 17 21 41 8 37 44 42 30 16 24 33 10 14 50 43 20 57 32 39 23 29 12 45 58 4 13 59 3 5 38 40 52 49 48 2 22 53 62 61 6 60 56 25 11 51 1 9 54 15 31 46 47 55 7 63
26 20 37 44 53 52 51 60 45 38 12 42 49 4 58 33 19 34 43 56 13 14 46 30 5 10 25 55 61 50 47 54 15 6 40 21 59 22 41 57 63 17 48 32 29 3 31 62 1 18 9 8 24 23 7 39 11 2 16 0
19 20 45 44 13 12 29 18 37 26 34 30 43 41 48 21 14 33 42 53 39 15 5 40 49 51 3 31 59 11 32 60 62 46 10 17 54 55 7 1 22 56 4 6 16 52 47 8 61 24 9 38 23 2 50 57 0 25 58 63
44 29 19 26 17 45 46 52 43 11 37 50 21 55 60 54 34 30 31 20 38 14 12 10 62 25 7 51 57 63 53 47 16 4 58 24 3 49 9 39 41 1 8 48 18 2 42 5 61 59 13 6 40 33 0 23 22 15 32 56
37 29 20 43 30 13 34 31 12 25 50 11 18 44 16 41 4 42 22 6 33 59 26 2 58 57 48 21 19 24 39 47 38 51 17 8 9 23 45 1 60 61 0 52 15 14 10 46 53 49 40 3 5 62 55 54 63 7 56 32
19 34 45 20 12 37 44 54 43 42 46 38 39 13 18 30 55 9 52 51 41 29 17 61 59 48 23 10 40 16 14 6 56 4 53 22 21 62 31 49 50 60 47 58 7 26 1 15 11 32 25 33 5 8 63 24 3 57 0 2
19 18 37 45 17 20 53 34 43 9 25 42 29 26 1 51 44 22 58 59 52 57 13 10 30 24 31 23 46 15 50 38 47 54 63 41 39 12 21 16 62 2 0 14 11 61 40 48 4 49 3 55 6 60 8 32 33 5 7 56
26 20 29 38 37 44 19 18 10 17 39 3 30 21 13 47 16 8 0 46 25 5 14 33 40 11 55 22 51 41 31 7 45 54 12 52 42 23 15 4 24 32 1 48 61 34 53 49 57 62 56 2 43 59 63 50 58 60 6 9
26 20 45 44 43 54 37 46 63 62 61 53 38 18 29 39 9 21 52 60 59 42 51 34 19 25 13 5 55 11 3 0 6 47 41 2 31 7 22 10 1 48 12 58 4 33 17 30 24 40 57 50 23 16 49 56 8 32 15 14
44 29 18 52 45 26 60 53 54 63 20 62 30 51 42 13 19 38 12 22 31 11 46 10 1 2 6 58 37 43 14 0 50 23 3 4 25 32 9 39 24 16 55 21 15 34 33 7 49 5 47 57 17 41 56 40 59 61 48 8
26 18 10 20 37 42 29 19 49 17 24 46 12 43 9 56 38 1 54 5 4 22 6 55 51 34 11 8 50 13 31 30 21 52 16 32 45 53 23 15 0 44 61 2 48 39 3 14 33 60 47 62 25 58 41 40 63 59 7 57
19 20 21 18 17 12 5 22 45 44 13 34 31 4 41 9 29 48 11 23 3 6 14 25 52 2 33 30 15 38 10 7 16 43 39 61 8 47 51 42 49 37 53 32 26 58 46 50 24 59 54 1 0 62 60 40 55 63 56 57
26 20 37 42 34 46 38 30 23 33 40 24 41 48 50 22 13 59 39 51 19 6 58 29 54 57 31 32 12 18 25 5 49 21 4 55 52 45 43 56 10 53 62 63 60 47 61 11 16 17 3 44 7 8 9 15 14 0 1 2
37 45 26 20 29 22 53 34 44 43 42 25 17 54 30 9 8 50 10 21 38 52 61 46 14 12 55 7 4 60 23 18 51 15 49 62 41 58 31 16 59 56 33 47 24 57 5 11 19 6 13 39 3 2 1 40 63 32 48 0
19 20 37 44 45 42 43 46 53 34 41 50 51 61 47 26 33 18 12 49 25 55 38 29 54 10 30 5 1 59 63 39 11 22 52 17 13 62 60 9 15 3 58 14 48 57 23 31 40 21 6 56 2 0 32 7 8 16 24 4
26 34 43 20 29 52 51 18 9 38 53 61 25 37 45 17 30 23 13 1 0 10 59 6 2 21 33 54 39 32 19 42 55 44 50 49 46 58 8 62 12 31 5 3 24 14 7 40 11 4 60 47 63 41 22 15 16 57 48 56
26 34 41 19 44 25 11 29 22 3 17 43 42 53 45 37 46 15 61 51 24 8 60 33 21 59 23 55 50 32 40 49 10 30 39 9 20 47 12 18 63 4 57 31 13 14 7 48 56 62 5 52 58 6 54 38 1 0 2 16
37 45 53 54 26 18 10 29 63 42 20 61 46 9 21 25 43 13 60 11 19 51 49 34 62 55 39 47 24 32 44 33 59 31 6 58 16 8 57 12 50 52 2 56 5 3 30 38 48 14 4 1 15 22 41 17 40 7 23 0
37 29 19 26 18 12 21 30 10 43 25 17 23 39 45 38 5 24 44 53 52 22 46 51 15 11 42 13 61 9 8 16 59 54 32 62 20 50 57 33 14 0 1 6 63 55 49 3 58 4 41 48 31 40 2 7 60 34 56 47
19 18 26 20 13 25 11 21 17 42 45 2 24 44 9 34 12 3 53 54 33 52 63 46 14 0 51 30 38 29 1 62 37 6 4 43 22 58 59 10 23 8 16 60 61 31 55 5 47 40 39 50 57 15 32 41 49 56 7 48
37 45 44 43 52 59 18 9 34 25 51 38 30 29 26 23 46 19 60 21 0 22 11 61 41 3 14 55 54 5 4 62 31 39 32 17 8 20 13 24 63 33 16 47 42 1 12 40 6 10 53 7 50 58 49 56 15 48 57 2
26 20 13 18 34 42 44 6 49 52 53 43 51 56 41 59 25 50 57 40 12 37 48 62 38 16 58 39 10 19 29 30 54 17 47 21 46 3 9 60 2 55 61 1 4 5 63 11 8 33 31 45 24 32 0 22 14 15 23 7
37 29 22 30 21 14 15 42 19 44 52 45 53 60 43 23 59 46 31 11 26 18 13 38 34 20 51 50 17 58 57 8 25 41 40 56 54 33 2 47 32 62 61 10 39 16 1 12 63 7 3 24 9 55 0 48 6 5 4 49
19 18 26 34 17 10 1 21 9 11 20 2 22 12 44 42 37 38 49 29 33 23 46 41 3 4 47 39 45 32 48 43 13 0 25 30 14 52 50 58 60 5 57 51 53 15 6 24 16 59 8 31 61 7 40 54 62 55 63 56
37 45 26 29 54 34 46 38 21 18 33 41 19 25 9 30 22 44 40 15 51 39 42 62 31 49 23 47 56 20 13 43 48 57 55 10 52 0 17 63 50 12 1 14 4 2 16 24 7 53 32 11 5 60 8 3 58 6 61 59
19 20 29 34 42 11 33 38 3 26 47 44 37 50 17 24 52 30 41 39 45 60 43 12 13 32 61 8 58 51 48 62 25 16 18 10 59 53 54 21 14 7 9 1 63 4 15 49 2 55 31 22 0 23 46 5 40 56 6 57
44 43 42 51 34 41 49 45 40 29 21 20 46 37 60 54 62 13 53 63 6 26 30 5 17 25 4 12 33 55 3 50 59 8 14 24 18 52 47 23 16 57 0 39 38 58 61 9 31 22 32 7 2 1 15 48 56 19 11 10
37 45 44 29 20 19 46 21 18 43 30 9 42 38 11 55 12 41 51 14 39 60 17 23 54 47 52 61 40 31 63 53 22 4 15 13 59 26 62 49 6 50 1 3 10 0 57 7 25 32 8 58 34 56 33 48 5 2 16 24
19 20 37 44 51 18 21 38 12 52 34 26 10 33 53 60 32 50 45 17 31 54 46 42 25 2 58 4 3 14 29 40 62 5 49 55 61 63 24 47 48 1 59 16 13 30 7 6 8 9 11 22 23 56 15 43 0 41 39 57
26 20 21 34 12 25 42 29 19 13 33 3 30 49 16 41 5 22 51 50 44 37 46 53 62 24 31 11 14 45 43 38 10 4 17 59 32 18 2 61 60 39 52 47 23 63 54 15 40 48 57 55 6 1 58 8 9 0 56 7
44 29 21 43 30 53 42 34 26 33 24 49 51 20 25 38 62 50 12 52 19 16 60 37 8 31 39 41 23 54 56 17 45 4 63 18 9 40 46 10 2 1 13 58 3 11 59 47 0 22 6 55 15 7 14 61 57 5 32 48
26 20 29 34 42 41 11 13 12 50 58 22 19 43 51 18 33 3 17 9 30 57 37 31 6 44 23 38 47 45 46 14 39 40 10 2 25 24 49 55 1 56 48 8 5 52 4 21 53 7 15 0 63 59 16 62 32 60 54 61
44 43 34 29 52 60 20 25 41 18 51 13 45 42 59 58 6 33 24 19 21 61 26 32 10 17 30 14 16 49 12 54 7 50 37 31 38 8 63 53 23 55 39 5 22 9 47 3 48 57 0 1 11 46 40 15 56 62 2 4
44 43 18 37 42 34 29 53 25 41 50 49 40 20 11 30 22 33 31 16 26 59 45 38 21 4 17 52 10 19 48 1 61 51 57 60 3 58 8 62 32 13 5 0 63 12 39 56 54 15 2 24 6 7 23 47 46 55 9 14
19 34 42 20 37 38 44 21 30 18 26 52 12 25 33 10 53 4 60 41 46 14 11 49 22 3 17 54 23 51 58 8 16 9 5 24 32 50 62 55 1 43 39 29 48 31 0 2 40 47 45 15 63 61 59 56 7 57 13 6
19 18 37 20 12 13 11 4 5 44 21 6 2 29 9 34 33 26 51 40 17 43 38 39 14 7 42 8 24 59 58 25 16 45 3 10 50 41 49 57 30 22 15 46 47 54 61 63 53 62 32 1 56 60 0 23 31 48 52 55
44 43 26 19 12 53 52 61 42 51 18 21 50 3 62 54 55 10 34 17 2 47 29 49 57 63 24 25 32 8 16 22 41 9 60 40 11 45 0 48 4 20 14 1 56 5 37 59 13 33 15 46 58 30 6 23 38 31 39 7
37 45 53 34 26 19 42 33 25 17 10 11 24 40 44 50 41 18 3 20 49 46 12 13 55 16 59 4 9 32 21 51 6 0 52 29 1 58 56 14 22 30 57 54 63 23 2 48 15 7 60 5 38 62 43 8 61 47 39 31
19 20 29 38 37 26 18 43 25 34 42 10 52 33 41 46 12 32 21 13 30 49 14 44 2 9 17 23 39 11 16 6 50 31 5 24 57 22 54 58 15 60 53 62 59 8 0 45 61 4 1 7 47 56 3 51 48 55 40
37 29 20 45 38 43 52 22 26 25 21 14 19 12 50 39 11 30 33 54 46 41 4 53 40 44 49 57 47 61 15 23 13 31 62 18 9 60 42 63 51 58 56 34 59 6 24 48 55 7 32 17 10 2 5 8 0 1 3 16
26 18 10 20 29 9 8 22 30 0 44 52 15 2 53 42 43 38 61 31 11 16 47 25 32 34 33 46 50 51 17 13 6 45 19 57 59 62 41 24 37 54 63 21 1 49 12 14 55 48 56 40 39 58 7 60 4 3 23 5
44 45 26 18 46 25 19 53 42 54 43 12 37 55 62 34 17 49 11 60 5 8 41 51 52 50 33 24 16 3 0 10 48 40 61 56 63 58 38 13 47 39 9 1 29 20 2 22 15 21 32 31 6 59 57 4 14 30 23 7
19 18 37 29 22 44 17 11 21 34 52 45 33 43 53 14 50 25 13 16 42 54 9 26 12 0 6 20 38 30 31 58 10 1 41 2 55 48 3 5 8 15 4 7 24 51 60 40 46 32 49 59 57 62 63 56 61 47 39 23
26 18 44 34 17 16 9 2 41 53 43 20 37 46 29 30 0 19 21 33 25 52 31 8 55 32 51 10 60 38 24 22 11 4 39 47 42 59 40 54 61 49 23 63 12 1 56 57 48 15 62 5 13 50 45 6 14 3 7 58
19 34 42 20 21 12 33 22 13 18 29 43 31 38 44 6 11 50 5 52 57 26 25 2 47 49 53 32 60 61 10 54 46 24 51 17 41 58 62 4 8 48 3 16 40 14 59 30 37 55 39 0 63 45 1 9 23 15 56 7
37 45 53 54 55 43 34 63 18 29 46 25 44 20 42 50 26 47 49 17 32 19 58 56 8 61 10 1 12 9 41 51 30 16 0 2 40 33 59 11 62 31 24 13 4 21 60 48 38 52 3 39 5 22 57 14 7 15 23 6
37 29 22 42 20 45 34 26 17 21 44 43 30 39 33 32 54 8 50 12 41 63 46 52 24 51 53 59 57 14 62 55 15 16 38 25 11 47 7 10 40 19 60 13 6 61 5 31 1 23 9 18 0 4 3 2 49 56 48 58
37 43 26 19 34 33 20 21 14 22 10 18 12 45 40 42 49 4 3 2 17 38 51 59 54 25 1 53 46 39 24 9 5 41 55 62 8 7 52 44 16 0 58 57 50 30 29 6 61 11 31 47 13 23 56 32 15 63 60 48
19 34 45 37 44 51 46 20 33 11 53 42 12 21 58 3 4 5 18 38 50 32 29 54 43 59 41 9 13 60 39 49 52 47 61 6 48 57 24 31 55 22 23 26 10 17 16 14 30 15 1 0 7 25 56 63 62 2 8 40
26 20 45 25 12 44 42 46 52 59 24 18 37 29 38 21 11 47 30 43 55 22 51 50 53 41 23 54 58 63 40 31 62 13 60 4 49 10 5 9 15 48 3 34 33 61 2 16 32 57 39 6 19 17 7 14 56 1 0 8
26 20 29 34 44 52 21 25 33 30 18 12 13 19 45 46 17 16 10 40 9 37 53 51 43 24 41 1 2 54 11 50 23 8 59 57 63 62 49 58 60 22 38 39 55 3 5 48 61 6 47 42 56 32 15 4 0 14 7 31
19 18 17 34 45 21 29 20 42 43 14 37 46 49 33 9 52 41 25 22 40 16 1 30 12 3 56 0 23 51 60 53 61 44 13 11 50 58 4 7 15 2 59 54 63 32 57 62 24 31 38 55 47 48 8 10 6 5 26 39
37 43 42 29 21 20 50 30 19 13 5 26 39 49 18 58 34 45 57 11 48 25 9 31 53 12 10 40 24 47 23 56 41 17 8 51 52 1 14 44 3 38 55 0 46 6 59 32 7 60 61 16 22 54 4 15 2 63 62 33
44 45 26 18 46 25 37 54 53 38 55 20 9 52 24 47 51 29 12 58 39 0 19 61 30 34 33 42 41 59 17 23 60 21 1 31 57 2 15 49 22 56 40 11 50 13 3 43 10 8 16 4 5 6 14 63 48 32 62 7
26 20 37 25 12 45 24 18 44 34 33 32 53 29 40 13 6 42 30 21 51 49 41 3 4 62 50 5 11 23 2 58 60 46 61 59 17 10 57 8 55 16 39 54 9 48 19 1 22 15 31 43 38 14 52 56 0 47 7 63
19 18 17 11 37 46 4 16 20 3 2 45 34 43 42 41 33 26 38 29 48 47 10 9 30 32 8 40 54 53 49 61 51 44 52 55 63 59 12 5 25 22 24 62 50 58 31 39 60 1 15 57 0 13 14 21 6 23 56 7
19 34 45 21 43 37 25 18 20 11 9 44 38 32 16 0 4 51 22 17 10 39 26 52 24 8 54 3 59 60 31 58 47 46 55 5 61 62 1 41 2 30 48 33 63 49 57 53 6 14 42 7 13 12 29 56 40 50 15 23
44 29 21 43 26 13 14 25 17 7 37 42 20 53 38 12 51 39 19 60 59 9 30 58 24 46 22 15 47 23 33 34 5 52 1 11 31 50 61 18 6 55 45 16 10 4 3 8 54 62 49 41 40 48 0 32 57 2 56 63
19 20 45 18 12 21 13 43 10 6 14 37 29 38 26 7 44 53 15 9 47 23 17 34 51 52 42 16 60 1 61 50 25 59 41 62 57 32 54 4 24 31 5 63 8 0 39 3 48 33 49 58 40 55 22 11 46 30 2 56
37 43 34 41 19 20 33 44 53 32 21 13 26 18 51 62 11 4 17 9 29 59 50 16 0 25 5 1 52 22 8 6 42 38 10 58 14 45 2 15 60 61 39 47 49 40 23 12 3 24 56 31 54 46 63 30 57 55 7 48
26 18 37 29 20 43 30 34 44 21 33 53 51 39 23 13 42 59 5 46 19 49 38 24 54 41 56 57 52 12 50 14 10 45 40 61 7 32 16 47 58 25 55 60 17 8 4 48 9 1 22 63 0 31 11 6 2 15 62 3
19 20 45 42 43 10 13 51 34 29 52 54 59 60 37 26 61 38 33 6 22 44 31 49 63 30 41 15 18 50 14 39 25 24 46 48 1 2 57 0 11 62 4 53 47 55 21 5 12 3 56 23 17 16 40 32 58 8 9 7
26 34 44 37 41 19 20 21 30 17 43 51 10 3 50 18 42 58 33 24 8 38 2 39 40 53 25 9 45 29 31 16 0 48 4 47 13 14 60 23 7 32 61 12 52 1 11 5 49 57 15 54 56 46 62 22 59 6 63 55
37 43 34 29 52 33 32 42 51 50 44 26 20 61 49 13 21 38 22 59 30 53 5 40 11 48 41 24 58 19 46 23 17 8 10 57 60 47 18 4 62 54 39 45 16 1 6 12 31 9 56 14 25 7 55 63 3 2 0 15
37 45 19 29 44 34 42 52 41 26 21 33 18 11 4 49 48 25 38 9 51 14 43 31 54 12 22 10 16 46 2 8 39 60 3 63 56 17 62 40 23 57 0 53 59 15 32 50 24 61 5 1 13 47 20 6 7 30 58 55
44 29 18 52 30 34 41 19 43 20 13 22 14 51 37 12 4 11 60 15 10 26 6 23 25 32 5 33 2 3 38 21 42 17 9 50 48 47 59 39 53 40 24 7 49 58 45 54 57 46 63 8 61 56 16 55 62 1 0 31
26 20 45 34 29 18 13 54 37 30 33 43 38 39 47 25 19 17 61 41 46 44 22 12 50 51 24 49 53 21 32 40 10 23 57 16 11 55 58 42 15 62 8 59 48 31 60 4 14 9 2 56 63 1 3 52 0 5 6 7
19 20 29 34 12 30 38 4 31 26 11 18 44 53 2 13 10 47 45 46 22 14 52 54 25 16 42 33 32 60 59 51 15 37 62 24 8 1 9 0 43 5 41 6 23 55 61 40 49 56 39 3 57 50 63 17 21 58 48 7
19 34 44 20 21 53 41 37 52 14 30 18 12 33 7 38 54 13 5 60 46 29 32 23 45 31 39 26 25 62 51 43 10 48 15 2 17 22 1 24 47 16 11 58 9 40 59 8 42 50 63 55 61 6 49 4 57 56 3 0
44 45 26 18 10 9 8 20 29 43 54 34 12 30 41 4 17 16 25 42 51 2 49 58 53 48 31 32 0 11 59 1 3 60 40 37 5 62 56 21 33 24 38 39 52 19 14 63 50 22 15 46 61 23 47 6 7 57 13 55
26 18 44 43 34 25 33 45 24 16 51 17 19 59 42 29 30 11 46 52 10 49 41 37 61 60 12 9 8 47 58 32 57 38 40 48 31 54 50 1 20 53 62 2 4 3 13 22 0 5 21 14 56 55 6 39 63 23 15 7
37 43 34 25 26 29 33 42 51 45 19 49 54 50 24 53 44 32 56 20 58 55 46 59 12 52 60 57 62 38 47 13 40 4 18 22 5 17 10 41 11 21 23 61 6 2 3 8 9 7 63 16 30 1 0 31 14 39 48 15
19 18 26 34 42 12 41 37 25 43 10 9 5 11 20 24 17 33 44 45 30 40 32 23 48 21 29 56 52 51 0 60 61 8 49 38 3 4 13 59 47 14 6 22 31 39 46 57 58 50 16 7 1 62 2 55 15 54 63 53
44 43 50 51 18 19 10 57 42 29 59 1 11 49 33 3 58 9 22 52 40 60 26 34 53 45 12 13 2 24 41 46 25 17 16 21 20 30 38 0 14 6 54 8 4 37 23 5 55 32 15 39 31 48 62 47 56 61 63 7
19 34 44 11 42 45 26 20 3 25 12 13 21 10 2 41 4 29 54 43 9 63 33 24 22 15 38 52 23 6 14 18 59 47 16 50 40 5 58 17 31 57 37 49 7 53 46 1 30 61 51 8 60 48 55 39 62 32 0 56
19 18 17 29 21 20 37 9 12 25 16 43 26 45 1 13 14 34 44 52 53 10 59 38 11 5 6 46 47 4 24 30 31 8 41 61 51 7 60 42 0 50 3 39 49 56 57 2 15 32 22 55 62 40 58 33 54 63 48 23
19 20 29 22 12 34 41 33 42 50 43 51 25 11 26 32 30 38 59 21 37 52 23 17 49 4 9 15 7 46 55 44 13 40 47 54 5 56 2 14 53 6 58 10 1 45 24 18 60 8 3 63 31 57 16 39 0 61 62 48
26 34 43 52 51 18 61 29 33 42 37 40 10 38 45 60 30 59 58 44 31 21 20 17 41 3 22 49 8 19 56 9 24 13 46 57 50 55 6 23 14 16 11 39 48 32 47 15 7 12 63 5 25 1 0 54 53 4 2 62
37 29 18 44 45 30 31 19 20 10 21 23 53 26 38 43 39 51 42 34 11 3 33 22 9 49 12 61 59 17 41 13 2 0 6 40 32 46 47 55 4 1 14 58 52 24 50 60 16 25 54 5 7 8 56 62 48 15 63 57
19 18 44 45 26 20 54 34 9 17 29 30 8 25 22 14 12 21 33 43 37 3 52 42 11 16 41 1 24 32 10 49 13 2 31 23 15 51 57 4 40 38 39 56 58 53 50 60 61 48 59 55 62 7 47 63 6 0 5 46
19 18 44 29 17 42 26 52 21 43 53 11 49 13 14 33 5 45 37 10 20 46 4 51 50 9 24 25 0 62 32 12 54 8 16 40 3 15 7 41 34 30 1 61 39 59 57 55 48 23 63 38 60 22 6 58 47 56 31 2
44 43 18 19 10 37 51 58 53 50 30 20 13 26 34 1 52 42 45 29 11 21 41 60 38 40 9 22 59 17 61 12 31 15 25 14 7 39 3 6 0 24 33 46 57 49 56 32 54 16 48 4 47 63 23 55 2 62 5 8
26 18 44 25 24 32 10 16 29 20 9 34 43 33 12 21 11 3 41 42 51 8 17 49 37 19 2 4 5 1 48 60 58 30 38 59 52 57 13 45 50 31 61 46 39 53 55 6 54 14 0 47 56 62 7 22 63 15 23 40
44 45 19 34 26 52 42 33 60 11 46 53 61 37 40 25 43 54 62 55 20 49 12 13 3 63 56 2 47 4 17 10 1 18 5 16 24 39 9 32 8 0 22 48 41 50 29 30 31 6 51 21 57 14 15 23 7 58 38 59
19 18 26 20 11 2 10 17 13 1 3 21 25 6 12 24 32 34 42 33 43 9 0 44 40 52 45 37 38 4 59 60 51 46 55 41 61 39 8 58 22 62 53 54 47 30 5 14 29 31 50 48 16 57 49 56 23 63 7 15
44 29 22 52 19 30 38 31 37 20 43 10 11 42 23 13 50 57 45 47 34 12 6 14 51 53 58 49 40 41 54 59 61 18 46 60 56 15 1 26 33 55 9 0 25 24 3 48 32 16 21 2 39 4 7 62 63 8 17 5
26 18 19 34 9 0 17 21 43 20 33 51 37 25 42 41 12 44 32 3 4 5 22 14 50 45 6 40 16 29 1 58 30 10 11 15 49 13 38 2 48 47 7 8 46 55 52 56 23 53 54 39 31 63 62 57 59 60 24 61
37 29 21 45 44 30 22 14 15 52 7 12 26 34 31 23 41 17 18 39 46 9 42 5 51 47 20 19 10 38 24 33 8 58 13 2 55 48 53 50 43 25 4 0 3 61 6 54 60 1 40 11 56 49 63 62 57 32 59 16
26 18 37 43 42 41 49 29 19 57 51 50 21 52 60 20 48 25 17 11 2 4 40 16 12 34 53 56 24 32 9 38 3 22 46 45 33 0 14 1 47 54 61 63 62 31 30 13 15 23 58 59 39 10 6 44 5 55 8 7
19 20 37 44 53 26 33 46 21 43 51 60 38 17 42 30 8 24 52 12 29 10 39 34 49 41 62 47 4 11 40 32 59 48 22 13 18 58 50 3 16 45 31 0 55 57 54 61 14 6 1 63 15 23 2 25 56 5 7 9
26 18 44 43 10 29 42 49 41 33 56 17 25 51 34 9 37 40 24 19 20 53 59 60 8 1 16 2 52 32 58 0 3 4 22 61 54 45 50 46 12 63 48 57 47 15 30 55 14 5 38 13 21 39 7 23 62 6 11 31
44 45 19 52 37 30 53 61 23 18 62 43 17 20 60 9 21 25 34 42 38 39 41 26 29 49 50 51 10 13 5 33 11 1 32 6 56 14 59 57 31 12 2 3 24 4 0 54 58 8 55 47 40 46 16 63 15 48 7 22
44 43 50 51 58 53 42 26 45 37 46 57 25 41 61 59 34 21 19 20 12 38 40 32 30 17 8 54 62 63 47 39 24 52 18 55 48 23 22 31 60 33 49 3 29 10 4 5 14 16 56 0 11 9 1 13 15 6 7 2
44 45 19 43 54 20 53 63 12 18 37 13 26 11 4 29 9 34 55 10 1 0 8 16 50 51 21 57 17 38 30 62 42 25 32 46 58 2 47 33 40 22 39 49 48 52 41 59 6 24 15 14 5 56 23 31 61 3 7 60
44 29 22 30 20 43 50 14 18 57 31 21 15 26 34 19 13 7 37 25 6 38 42 12 47 39 4 41 58 45 10 11 24 23 51 32 16 33 49 52 56 48 2 40 17 55 60 3 46 1 9 59 0 5 61 62 54 63 53 8
19 18 17 11 26 43 10 29 3 8 33 20 24 16 30 4 44 52 50 25 2 12 34 1 60 42 13 31 41 57 58 40 9 5 45 46 0 59 38 37 51 47 48 21 6 56 53 32 39 22 15 49 55 54 23 61 62 14 63 7
26 20 29 18 12 13 14 6 44 25 24 15 9 52 11 0 43 4 10 42 53 32 21 37 41 50 60 2 51 54 62 19 7 33 59 58 3 5 17 16 46 8 1 38 22 45 40 49 61 47 34 55 30 23 48 39 31 56 63 57
26 18 44 34 25 32 42 45 20 12 16 41 40 48 11 43 52 2 37 17 29 10 46 38 22 47 13 30 31 19 9 5 33 6 51 60 49 24 54 57 61 15 14 21 4 62 58 3 63 1 56 53 39 50 23 55 0 8 59 7
37 45 53 20 18 34 19 38 12 21 43 13 14 61 54 4 41 52 5 33 3 17 10 50 46 32 51 47 63 22 31 23 30 1 39 55 57 42 25 6 16 2 15 44 62 26 58 49 40 56 60 24 8 59 48 29 11 7 9 0
44 45 26 52 60 43 34 18 37 41 19 20 38 25 11 61 62 10 29 3 33 54 63 40 2 1 12 13 32 16 5 22 4 6 53 24 30 31 14 55 47 51 21 9 0 46 15 17 50 23 7 58 48 59 8 42 49 57 39 56
37 43 42 45 51 20 53 50 19 52 21 12 49 57 34 54 55 56 48 46 13 60 41 62 3 11 10 38 44 40 18 33 63 29 26 14 47 30 32 1 17 4 22 25 59 15 23 16 39 31 2 61 8 0 5 9 6 7 58 24
37 29 21 45 53 34 26 19 18 20 44 54 63 52 10 17 60 62 24 14 46 1 22 30 41 33 25 16 2 55 8 9 23 48 0 51 61 43 7 38 32 11 47 31 49 13 5 6 12 59 42 40 15 4 3 56 50 57 39 58
37 45 53 34 44 62 18 46 41 19 54 55 63 48 20 21 33 11 22 23 14 5 52 29 4 43 47 61 10 13 31 9 50 51 7 25 6 15 8 39 59 49 32 3 42 16 60 57 30 1 26 40 24 12 56 58 38 17 0 2
19 34 45 11 42 37 18 17 33 43 38 46 54 29 44 39 20 49 31 32 21 14 10 51 13 53 24 22 2 55 7 12 50 23 63 6 40 4 3 26 59 16 5 1 8 47 25 41 48 52 0 56 9 61 62 58 30 15 57 60
44 45 46 29 18 52 59 42 20 21 26 43 37 12 51 60 30 38 61 22 53 25 4 47 50 11 31 23 14 39 33 58 24 6 15 34 41 13 55 48 7 40 57 62 19 32 2 10 1 9 17 54 16 49 56 0 5 8 63 3
37 45 44 43 34 25 26 20 42 49 19 18 10 12 56 50 24 16 11 29 58 2 21 17 52 51 33 40 38 61 53 57 3 4 5 32 9 14 1 48 30 22 13 31 8 59 7 0 60 62 39 47 15 46 41 6 55 63 23 54
37 45 44 29 30 43 21 13 12 14 26 19 53 42 34 46 5 11 50 41 3 23 15 57 58 33 24 32 54 18 55 22 31 16 56 20 25 10 40 51 9 6 8 17 52 60 4 63 62 61 59 48 38 0 1 7 49 47 39 2
26 18 19 20 45 42 9 25 21 0 43 22 11 44 41 49 12 5 23 37 56 53 54 46 4 62 33 57 38 14 30 31 55 29 10 17 52 50 24 13 2 34 39 3 7 63 15 32 51 61 59 58 8 60 6 1 16 40 48 47
44 29 19 42 34 26 21 37 17 20 30 52 41 22 51 45 43 18 10 58 61 9 46 38 50 54 8 1 12 16 2 13 23 48 0 25 14 31 33 32 39 59 53 4 5 47 49 15 24 57 3 60 55 7 6 11 40 56 63 62
19 20 13 10 21 12 3 43 17 1 44 53 18 11 2 6 34 41 5 45 37 29 51 42 54 60 22 38 31 55 61 9 46 52 62 23 14 7 33 24 50 16 26 25 40 59 58 39 32 48 49 57 47 63 56 30 8 4 15 0
26 20 29 18 19 34 43 30 33 11 13 40 31 38 25 22 32 6 45 50 48 37 14 42 44 46 52 54 4 17 15 47 12 53 51 60 49 58 57 24 9 10 16 1 62 61 2 3 59 21 8 41 0 23 55 7 5 56 39 63
26 18 10 9 44 34 42 45 54 11 4 63 25 29 20 24 38 53 2 43 16 31 41 49 57 0 47 13 61 12 50 52 21 8 5 22 62 48 40 32 51 6 7 55 15 39 58 59 56 60 14 33 17 23 30 19 3 37 1 46
19 20 13 26 44 45 37 12 53 54 34 18 25 46 63 61 4 24 16 42 11 17 62 6 14 43 52 51 59 32 55 8 21 29 60 10 22 47 30 3 33 38 2 41 23 1 39 15 31 9 7 5 40 48 0 50 49 58 57 56
44 43 42 51 60 41 40 45 26 34 25 17 37 53 9 59 46 30 29 20 11 61 19 12 23 47 21 39 54 2 14 62 58 24 31 33 13 1 3 49 16 10 55 38 0 7 15 22 32 6 56 50 18 48 4 52 5 63 57 8
44 45 19 43 52 59 60 18 37 20 46 55 11 10 12 21 38 4 9 25 14 0 17 24 5 29 30 31 32 61 42 50 57 33 8 2 53 41 54 34 3 26 49 23 58 22 15 47 1 40 13 56 51 16 62 39 48 63 6 7
26 20 13 12 11 34 42 49 37 41 50 43 44 25 40 6 56 45 21 29 19 3 46 38 31 10 18 55 22 47 16 23 15 17 14 53 54 58 30 51 5 32 57 4 2 52 7 33 24 39 63 62 60 9 1 48 61 59 0 8
19 20 37 44 21 18 53 22 14 52 51 38 11 60 9 42 39 7 12 3 4 30 23 5 58 13 26 43 50 31 29 49 41 33 40 0 25 56 57 59 61 47 55 62 6 46 54 32 24 15 10 63 2 34 16 48 45 8 1 17
44 43 26 29 37 19 22 25 18 11 50 51 10 21 33 38 20 45 12 3 2 14 30 1 46 39 53 34 24 54 55 62 52 60 17 8 31 41 59 4 16 42 58 61 49 32 6 47 9 48 13 23 56 15 5 63 0 57 7 40
26 34 44 18 33 29 21 53 9 43 25 16 51 17 42 11 24 2 22 58 8 41 19 37 1 10 52 14 48 50 59 0 6 57 45 46 4 30 3 7 61 54 31 15 40 60 62 38 12 20 13 32 23 39 47 63 49 56 55 5
44 45 46 34 18 20 42 9 33 29 0 43 21 19 30 22 37 54 51 50 52 53 62 24 15 25 59 47 13 14 6 17 16 12 55 8 39 60 38 10 1 31 41 26 5 49 23 61 58 3 11 2 48 56 40 7 32 57 4 63
26 18 37 29 20 25 24 45 30 32 38 34 9 13 52 54 43 51 16 44 19 11 10 47 58 0 31 42 3 39 41 23 17 8 22 59 4 12 60 50 46 21 40 14 15 61 6 33 5 7 2 53 63 62 55 49 57 1 48 56
44 43 34 29 37 42 21 52 49 22 19 26 33 25 23 46 17 32 24 8 40 15 51 41 38 57 45 53 30 60 7 31 61 59 39 47 9 1 55 14 18 11 16 10 4 48 56 50 20 13 54 12 58 62 3 6 63 2 5 0
19 20 37 18 13 21 14 34 11 6 25 17 10 2 1 3 12 30 29 16 9 44 32 38 46 22 41 0 4 54 53 43 26 52 62 48 60 45 24 61 33 40 51 42 55 58 59 50 7 15 23 47 63 31 49 5 57 56 39 8
26 18 37 34 33 42 19 20 11 32 17 44 13 30 41 8 40 25 43 50 9 4 48 16 10 22 53 24 23 3 1 52 60 21 29 38 0 62 46 54 55 61 5 14 2 59 57 49 45 58 31 56 6 12 51 63 47 39 15 7
26 18 19 34 33 17 25 41 10 21 43 3 8 12 20 42 49 13 1 2 22 48 11 52 29 50 45 15 58 59 56 54 30 24 4 51 5 38 39 6 53 37 46 47 62 31 7 63 14 23 55 60 40 44 32 9 0 61 16 57
19 18 44 43 17 11 42 37 21 9 0 16 46 51 58 14 50 2 10 59 34 57 52 45 20 3 53 25 49 30 7 13 1 41 8 55 47 22 38 60 48 15 24 26 40 32 33 31 39 23 54 56 12 5 63 62 4 29 6 61
37 29 20 13 30 45 19 22 53 34 44 21 18 52 5 23 43 14 12 6 25 11 38 4 10 61 15 17 31 16 41 7 26 9 42 46 1 48 59 3 8 24 55 51 50 54 63 39 40 62 32 33 56 57 49 47 60 58 2 0
26 20 13 25 34 44 43 50 21 12 37 46 3 22 38 19 18 29 16 30 53 5 14 23 6 42 51 24 11 7 45 17 10 41 39 54 48 62 33 4 55 58 61 60 63 40 9 2 1 47 31 0 32 52 8 56 59 15 57 49
26 34 44 37 43 18 29 51 25 22 45 32 38 54 52 53 20 30 14 12 50 49 42 15 11 21 59 60 55 4 10 46 24 19 62 33 17 7 23 9 47 63 58 57 16 8 48 56 61 40 6 41 2 3 5 39 31 13 1 0
44 45 26 52 60 43 53 18 38 46 10 30 34 59 39 51 54 33 40 19 21 2 42 22 1 12 58 32 14 29 20 48 3 55 17 50 49 9 24 4 62 15 8 16 37 0 25 13 61 11 7 63 5 31 47 6 57 41 23 56
19 34 44 53 41 21 52 26 62 12 17 25 18 33 24 16 5 20 13 4 10 48 22 1 32 9 3 14 40 6 37 45 42 46 39 49 8 60 38 31 50 54 0 30 57 56 51 58 11 47 2 7 23 15 59 29 63 43 55 61
19 18 37 43 34 20 12 5 4 41 9 3 51 52 53 59 48 46 21 45 50 0 55 32 10 30 26 33 57 44 23 2 22 14 17 38 6 13 29 15 7 24 1 31 8 49 60 25 42 61 56 39 47 11 62 58 40 16 54 63
37 45 26 20 54 42 12 19 34 18 11 29 17 63 49 38 44 13 22 3 46 16 10 25 33 53 47 9 61 56 8 40 4 0 24 21 41 30 23 62 1 55 14 32 51 43 5 15 7 52 57 60 2 39 59 48 6 50 58 31
19 20 45 18 21 22 11 4 3 54 26 34 12 29 44 53 41 37 9 10 63 0 52 51 43 42 50 60 5 38 30 57 8 62 58 25 61 40 39 17 23 55 46 49 24 16 33 32 47 14 56 31 6 15 7 1 59 2 13 48
44 45 26 43 37 17 50 21 54 19 18 38 31 57 51 59 20 13 46 9 22 14 34 23 53 30 16 61 0 55 6 42 33 8 52 12 58 1 63 32 62 29 49 5 2 10 11 39 7 24 56 3 41 25 47 60 4 15 40 48
26 34 42 33 43 52 51 50 59 21 24 17 10 8 49 48 56 3 58 19 61 40 29 30 14 37 45 44 20 7 11 12 31 38 13 6 18 22 60 46 23 53 54 62 16 15 25 39 47 55 57 41 5 32 1 4 9 2 0 63
26 34 43 50 45 19 57 18 42 54 33 40 10 25 16 11 41 37 12 49 29 58 38 56 51 3 4 22 30 31 48 46 20 32 55 2 44 52 14 21 62 63 9 39 53 0 17 60 47 15 5 24 59 8 1 6 7 13 23 61
37 45 26 29 44 34 43 19 46 33 17 50 40 55 51 52 41 18 53 38 58 61 59 25 42 32 22 30 10 15 47 57 12 39 49 54 60 9 62 1 20 11 24 13 4 5 63 48 21 16 0 14 2 3 31 8 56 23 6 7
37 29 18 46 38 42 19 26 55 9 17 8 22 39 16 10 2 21 45 44 25 53 0 33 3 24 43 51 41 15 34 1 30 4 20 49 52 23 14 5 47 63 54 62 48 12 31 40 32 60 6 7 11 50 57 56 61 58 13 59
26 20 21 22 45 34 14 37 29 18 12 30 41 53 31 38 23 13 9 4 11 25 24 48 54 5 10 2 39 8 0 55 42 16 6 43 3 32 17 7 40 15 52 44 63 51 19 47 49 50 33 46 62 61 60 58 56 57 1 59
26 34 41 20 13 33 25 16 44 49 32 6 12 43 24 45 42 40 37 18 19 51 48 11 5 21 57 17 52 56 10 9 46 58 14 60 7 22 53 62 30 23 0 15 4 29 61 54 63 55 2 38 31 1 50 3 8 59 39 47
37 43 34 29 51 42 22 44 50 46 45 41 20 38 32 48 53 57 47 62 61 54 40 21 13 30 39 15 49 6 56 60 25 33 23 16 11 12 58 59 18 10 52 17 55 31 63 14 5 26 3 4 8 0 19 2 24 9 1 7
19 34 42 50 45 21 41 26 33 32 18 24 14 10 17 7 1 20 40 37 22 30 51 2 49 11 9 58 46 56 25 52 39 3 43 44 12 5 23 29 4 55 61 0 38 60 6 31 16 62 59 8 57 13 54 15 63 53 47 48
26 18 44 45 37 29 22 43 54 15 10 63 30 19 14 17 53 2 50 31 20 51 25 57 38 23 52 33 58 62 42 34 41 46 55 60 16 47 1 9 24 40 0 12 11 59 4 61 32 8 3 21 49 13 6 48 7 5 56 39
26 34 42 18 37 43 50 58 25 45 11 20 53 41 19 21 57 51 59 16 24 60 52 9 8 10 49 4 33 44 14 17 13 56 48 7 15 40 2 22 23 12 6 46 47 31 62 61 38 39 3 5 55 0 30 1 29 63 54 32
19 34 44 53 42 20 26 18 29 22 62 50 12 11 49 4 58 43 25 21 10 1 5 9 51 13 6 56 3 59 48 17 24 52 8 41 45 54 60 61 14 32 30 15 33 57 31 2 23 39 16 7 46 38 37 63 40 55 0 47
37 43 34 25 33 45 17 20 53 42 51 32 21 59 18 41 48 38 49 11 31 19 13 16 60 26 2 3 44 1 9 14 4 40 58 10 7 56 46 5 24 62 12 29 54 39 8 50 55 0 57 61 22 63 6 30 23 52 47 15
26 18 19 34 42 29 37 12 25 16 5 20 24 45 11 4 44 51 54 10 41 50 59 63 21 40 17 8 32 30 1 48 52 58 0 9 38 39 43 53 13 22 46 47 31 2 61 60 33 3 55 62 15 6 14 7 49 56 57 23
37 45 26 20 19 18 11 34 42 43 33 2 44 25 3 12 53 51 4 24 49 5 60 38 13 29 17 21 31 61 30 10 8 39 47 9 32 58 54 41 40 52 22 59 6 23 50 55 14 46 62 63 16 7 0 15 1 56 48 57
37 29 18 43 45 19 21 54 10 14 34 30 7 25 26 13 42 11 50 46 20 33 16 1 32 58 41 51 3 2 57 49 17 8 12 40 55 44 53 6 52 22 48 59 39 63 23 4 5 56 9 47 0 38 62 15 31 60 61 24
19 20 29 34 42 22 33 43 30 32 15 41 49 38 51 59 12 31 46 47 48 21 50 57 37 18 60 52 26 17 56 3 11 14 53 45 55 13 25 63 4 2 5 9 39 10 58 6 54 61 23 16 7 40 44 1 0 62 24 8
37 45 44 43 52 29 26 60 38 42 54 25 21 46 24 31 34 13 51 18 49 33 53 62 14 15 11 20 50 9 61 56 55 2 63 58 48 22 7 41 39 47 10 17 6 59 23 3 57 40 0 1 8 5 16 12 4 19 30 32
44 45 26 18 46 54 62 63 37 38 53 19 11 20 10 60 29 61 47 3 2 33 4 1 9 43 34 5 52 42 25 17 41 50 0 22 59 48 24 30 51 49 40 8 6 21 15 12 58 23 14 57 55 39 32 16 13 7 31 56
26 20 13 34 42 25 44 29 22 45 43 12 16 53 18 24 54 9 10 41 0 8 40 38 4 51 58 21 52 23 31 11 15 49 30 60 57 6 14 63 46 47 55 33 50 39 2 62 19 56 61 17 48 32 59 5 1 7 37 3
19 18 44 11 10 45 3 34 26 43 41 20 54 29 52 1 12 25 21 42 24 46 33 59 61 63 2 13 30 48 51 60 40 58 57 4 14 6 5 22 47 32 7 9 8 39 16 17 23 55 38 0 53 37 50 62 56 49 15 31
37 45 26 38 39 18 53 25 9 10 17 8 3 44 0 2 33 24 1 29 51 47 21 52 16 41 55 22 34 58 49 14 13 54 61 32 7 11 31 46 40 63 4 23 62 57 43 19 59 5 48 30 50 42 15 56 6 60 12 20
37 45 26 20 54 34 33 25 13 12 18 42 4 11 24 38 9 52 2 63 39 10 43 29 30 19 53 51 50 21 55 58 49 32 41 14 40 47 15 56 57 22 31 48 59 44 17 60 62 16 46 61 8 23 6 5 7 3 1 0
19 18 17 9 1 16 45 20 11 54 63 34 12 2 3 13 14 6 33 4 29 15 0 44 21 37 22 10 46 42 24 38 31 26 43 40 5 52 50 32 53 25 51 8 7 39 48 30 47 61 41 23 59 60 62 49 56 55 57 58
19 34 45 20 18 17 10 11 12 3 42 54 37 21 1 49 26 46 16 25 22 2 33 24 5 14 6 29 55 47 13 30 9 43 53 0 56 4 23 51 39 8 41 44 58 62 50 31 40 60 59 15 52 48 7 61 38 57 32 63
37 43 26 38 42 20 44 51 29 33 13 34 53 19 47 39 31 45 25 61 62 11 21 54 52 5 10 16 60 18 32 9 6 7 1 41 4 24 40 48 50 17 49 2 30 56 14 22 46 63 15 58 3 55 8 23 12 59 57 0
26 34 43 50 44 18 51 37 49 57 30 41 48 38 10 23 52 20 45 29 13 12 42 54 31 53 15 14 11 56 60 17 61 9 19 33 40 3 1 59 46 24 2 22 58 25 47 63 21 32 39 4 5 55 62 7 0 6 8 16
44 43 50 21 18 51 58 26 34 57 52 59 42 33 20 45 22 12 54 37 49 23 32 17 25 38 8 9 14 56 3 6 53 16 11 0 19 24 46 63 1 5 7 29 60 47 41 13 39 61 15 31 4 55 30 2 62 40 48 10
26 18 37 25 24 32 9 29 19 16 33 11 30 0 3 20 13 31 21 12 39 43 17 5 1 14 6 4 2 38 22 40 34 42 44 10 49 50 41 7 51 45 52 8 15 61 53 56 47 59 48 46 23 62 54 57 58 60 63 55
44 29 22 43 42 37 30 31 38 39 19 52 21 26 25 13 51 49 5 11 10 34 15 24 53 59 56 33 47 4 14 23 12 55 17 46 50 6 40 20 63 8 45 60 16 2 41 48 18 1 32 54 58 57 62 9 0 61 7 3
19 18 17 29 45 43 37 26 22 12 20 30 33 14 21 25 7 40 34 6 51 11 2 4 39 50 24 38 49 52 41 59 53 54 3 1 47 46 5 16 55 58 15 61 48 23 60 63 32 9 8 42 62 56 31 44 57 0 13 10
19 34 42 50 45 37 49 10 58 56 26 17 48 53 18 40 11 3 44 51 54 55 30 29 22 21 20 33 8 31 62 15 1 16 24 43 41 61 52 2 60 0 13 46 39 59 9 63 23 14 7 6 4 32 38 12 57 5 25 47
26 20 45 34 12 25 19 29 41 4 30 18 11 43 50 37 42 54 63 53 61 38 32 13 31 10 2 22 46 21 14 3 5 55 47 33 44 58 40 39 49 48 57 6 59 9 16 24 17 56 7 62 52 23 51 60 15 8 1 0
26 34 41 20 44 25 19 33 40 32 12 48 43 29 38 10 24 18 1 5 4 53 11 21 45 3 16 52 56 46 13 14 42 17 22 23 37 49 50 6 60 30 55 9 8 54 31 47 0 63 62 58 2 39 7 59 15 61 57 51
44 43 34 41 42 51 18 37 46 49 52 53 33 29 57 25 17 20 13 56 60 26 50 24 16 45 19 32 54 9 48 61 22 12 0 14 62 30 8 58 5 40 6 11 38 63 4 39 10 47 55 1 59 2 31 23 21 7 15 3
37 45 44 43 34 26 53 33 32 46 54 19 18 61 38 29 10 20 21 47 63 30 52 11 31 39 3 25 13 6 42 51 60 58 12 23 55 49 5 24 15 4 40 2 50 41 9 17 1 22 14 57 8 59 16 0 56 48 62 7
37 45 26 18 19 38 17 34 43 10 20 13 3 11 33 25 46 41 39 31 29 30 23 8 12 22 15 14 53 21 7 44 5 55 42 61 60 9 48 2 1 40 32 24 52 59 16 50 0 4 49 6 57 47 63 56 51 54 62 58
44 29 21 13 18 42 43 26 49 9 20 50 19 12 0 10 25 45 54 34 41 51 22 33 11 16 5 15 40 24 37 17 52 6 14 53 32 48 62 55 31 38 56 3 39 8 4 57 59 46 1 58 30 61 63 60 7 2 47 23
19 34 45 20 12 13 33 18 14 43 52 21 29 30 11 42 22 41 51 10 40 6 23 61 26 15 9 32 39 17 24 50 49 56 5 48 44 38 47 31 37 0 25 3 54 53 7 8 58 46 59 63 16 2 4 60 55 62 1 57
37 29 20 45 38 43 18 39 47 31 51 12 11 21 22 10 4 14 7 55 46 2 13 50 53 25 49 26 32 57 30 54 52 3 34 19 63 6 23 44 5 17 1 42 16 24 41 60 59 62 61 15 33 9 40 48 56 58 8 0
44 29 22 43 50 51 58 57 18 53 37 19 20 52 60 61 59 15 62 54 55 45 46 38 34 9 21 42 0 47 31 12 11 26 56 30 39 17 4 1 41 33 2 5 8 25 23 13 32 40 7 10 16 14 48 3 6 63 24 49
37 29 21 45 53 38 39 54 44 52 63 43 18 22 23 14 20 12 6 34 59 55 19 61 50 7 33 13 11 51 60 26 62 3 25 17 46 5 16 41 32 30 42 47 4 8 0 58 31 2 10 24 49 56 48 15 1 40 57 9
19 34 45 37 46 20 18 26 43 12 10 29 5 55 17 1 42 50 47 53 11 4 3 16 60 39 30 2 51 59 58 22 14 15 49 33 8 25 38 61 32 44 54 62 13 21 31 40 24 56 9 7 52 41 48 6 63 0 23 57
26 20 21 22 12 3 4 42 2 25 44 53 30 37 51 60 24 52 43 38 61 62 54 14 59 58 50 41 40 46 55 33 45 17 10 32 34 9 8 18 47 1 19 29 16 5 23 13 48 56 39 31 57 15 49 63 11 0 6 7
37 29 22 45 43 51 26 17 53 30 21 54 34 41 55 61 20 13 25 15 38 33 5 44 31 18 52 23 14 6 12 39 42 11 19 50 16 47 49 63 2 3 46 57 62 32 24 56 48 1 4 40 7 58 60 9 0 59 8 10
19 18 26 34 41 12 10 20 43 42 29 33 21 11 2 14 25 44 52 17 5 4 45 30 9 40 22 8 31 23 15 39 6 38 46 37 50 57 49 60 13 54 47 53 16 51 61 1 48 24 32 7 59 63 3 58 56 55 0 62
26 34 45 19 12 29 22 11 10 25 37 21 20 5 42 30 13 53 14 43 31 23 46 50 44 54 51 60 17 9 7 15 58 49 33 59 8 38 39 57 16 52 1 24 18 0 40 47 6 4 62 32 56 63 2 48 55 61 3 41
44 29 21 45 46 34 26 18 17 43 19 47 51 13 33 8 54 42 50 37 30 59 5 38 16 57 55 53 58 20 0 31 52 25 60 41 49 9 40 11 39 63 24 22 56 62 61 4 1 6 14 32 23 12 10 48 3 7 15 2
19 18 37 29 20 13 17 16 12 5 6 11 10 43 44 38 47 1 34 4 2 46 25 45 0 32 52 14 9 30 3 60 31 22 21 8 61 62 7 50 54 33 41 26 24 15 42 63 40 53 23 59 57 58 49 39 55 56 51 48
37 29 20 13 19 44 45 34 52 46 18 10 6 12 2 1 33 43 54 14 22 53 11 30 51 59 60 63 55 3 4 9 8 38 47 5 31 15 0 21 25 17 26 16 7 40 24 61 50 62 23 39 32 42 49 41 57 56 48 58
26 20 45 25 21 29 19 43 51 13 17 54 14 12 30 22 5 38 63 42 31 4 34 7 33 41 23 11 49 39 18 10 6 8 1 9 2 46 3 62 37 57 40 53 24 32 0 60 50 59 55 16 61 52 44 48 47 15 58 56
19 34 41 18 17 9 1 16 26 21 8 11 12 0 43 42 37 40 45 38 46 13 48 52 61 33 5 29 25 55 22 24 20 14 31 3 50 44 54 47 10 59 15 6 7 63 49 58 4 23 53 32 51 2 30 56 62 39 57 60
37 43 34 29 20 12 21 38 3 13 44 25 46 52 51 54 6 19 14 59 39 45 41 18 42 40 55 11 17 15 62 31 47 9 61 50 7 60 16 33 2 1 57 58 5 30 49 4 10 56 53 63 23 22 0 26 48 32 8 24
37 45 44 43 34 29 21 26 30 41 52 53 51 59 33 23 17 12 13 25 11 9 39 5 46 20 19 3 10 31 60 18 42 55 38 50 47 1 0 58 40 61 2 32 4 48 57 54 62 49 16 24 6 8 22 63 56 15 7 14
19 20 37 44 53 42 26 18 11 25 21 14 34 43 33 46 39 24 32 12 13 51 60 59 15 41 49 3 10 56 22 40 58 17 9 4 52 5 57 50 48 23 16 1 29 30 2 8 0 61 6 55 7 54 45 38 62 63 31 47
44 29 21 43 37 53 26 20 62 18 51 38 30 34 11 31 47 59 50 46 23 52 19 41 54 13 42 45 25 22 39 24 5 61 17 6 57 63 55 15 33 16 8 32 12 2 40 49 58 4 10 1 3 9 0 14 60 56 7 48
37 29 19 43 51 18 17 38 44 50 46 52 26 45 39 8 59 58 30 23 34 55 53 60 57 41 49 56 21 13 14 10 20 15 6 62 54 22 1 5 25 3 33 11 2 40 24 42 47 31 4 61 48 9 16 0 32 12 7
19 34 45 21 20 13 18 17 10 54 44 3 26 52 14 22 37 46 2 15 41 1 38 33 63 62 61 42 23 9 51 31 24 43 5 4 6 7 25 60 0 49 47 8 16 12 39 29 50 55 40 53 11 32 56 30 59 57 58 48
44 43 34 29 19 45 53 33 51 10 21 61 30 50 46 54 60 38 47 18 55 22 11 12 14 15 5 62 3 4 20 6 32 2 23 37 26 13 42 17 57 49 31 40 24 59 1 25 41 58 56 48 9 8 52 16 0 39 63 7
26 18 10 34 45 21 33 42 51 25 20 43 41 37 14 2 38 50 44 29 58 48 40 59 22 46 54 52 9 53 62 63 11 31 39 15 56 4 60 12 13 16 17 32 0 7 24 49 19 30 55 47 6 57 8 61 23 1 3 5
26 34 45 20 33 54 13 18 44 25 16 53 52 43 10 29 30 9 11 6 42 59 46 37 0 50 12 24 63 39 14 19 47 31 38 51 22 3 40 8 58 4 62 55 5 17 7 15 61 41 60 23 2 1 48 57 21 32 56 49
44 29 18 26 19 12 20 10 25 21 11 37 22 30 5 13 1 23 4 2 38 34 31 39 42 32 14 6 7 51 15 3 52 49 43 45 53 33 41 62 50 57 24 54 63 61 58 59 17 0 9 46 48 40 60 8 16 56 47 55
37 29 18 42 30 19 34 45 20 38 54 33 47 63 49 10 26 17 11 44 25 12 21 31 24 32 16 51 61 13 22 8 4 2 46 55 43 56 59 39 9 58 52 6 41 50 60 62 14 53 48 15 3 1 23 5 57 40 7 0
26 18 19 34 45 29 9 12 22 30 42 14 21 20 5 44 7 0 52 13 23 6 38 46 31 11 2 39 25 10 4 43 1 33 54 24 17 51 15 53 37 55 32 8 49 56 59 60 47 40 63 16 41 62 61 48 58 3 57 50
37 29 22 46 18 44 45 26 25 20 53 30 47 51 21 12 4 19 39 62 52 43 60 17 50 38 31 58 33 61 8 59 34 41 42 11 3 2 10 5 49 32 16 57 54 63 56 13 40 9 24 23 48 55 15 14 6 7 1 0
19 20 37 44 13 18 53 10 17 24 16 42 1 6 34 9 0 3 32 46 39 41 49 45 40 55 11 52 29 12 51 54 14 21 63 22 30 4 25 62 43 50 58 38 31 56 15 57 47 5 61 7 59 26 33 60 48 2 8 23
19 18 17 29 37 43 26 25 33 45 46 38 42 54 44 10 3 16 8 49 20 51 47 11 41 32 2 40 59 1 30 24 9 60 61 31 57 13 23 63 62 53 21 12 5 50 0 48 58 6 7 34 52 4 39 14 56 22 15 55
19 34 44 20 33 41 21 13 26 25 48 29 22 31 32 18 11 10 12 3 1 4 23 45 46 30 17 40 37 43 39 24 52 60 59 55 16 58 53 15 2 54 63 9 38 51 5 14 8 47 0 49 50 57 62 42 6 7 61 56
26 20 21 18 12 4 37 43 10 14 19 17 24 46 9 8 55 38 30 34 3 2 44 45 51 29 25 39 22 50 52 15 57 11 7 54 47 59 63 13 42 33 49 58 60 40 32 48 31 0 5 41 6 23 16 53 1 62 56 61
19 20 45 34 21 37 41 18 29 30 23 38 46 54 26 39 53 12 10 9 13 1 31 42 44 22 14 40 48 7 0 61 32 33 17 16 52 25 55 49 58 63 4 56 24 47 51 3 2 15 43 50 60 11 57 5 8 59 62 6
19 18 26 20 13 42 29 37 17 10 11 30 2 12 46 14 49 44 53 16 4 62 34 3 52 21 7 39 38 51 1 5 31 15 23 41 54 33 47 43 6 55 63 56 59 50 60 45 40 61 58 22 24 8 25 48 9 32 57 0
37 45 26 38 44 43 51 58 46 54 47 34 25 52 63 33 30 20 53 42 61 60 29 17 32 31 12 11 9 24 49 1 19 4 5 39 23 22 8 13 41 62 59 50 14 15 7 10 21 40 2 3 56 18 48 6 55 57 0 16
44 29 20 45 34 18 38 52 53 12 13 26 43 61 54 14 59 25 19 31 21 63 3 37 6 5 7 51 17 23 42 9 30 33 16 8 47 39 60 11 41 50 46 49 48 40 15 57 24 32 62 58 56 55 0 10 1 2 22 4
26 18 37 34 19 12 11 10 9 43 2 46 20 0 38 45 13 30 8 6 21 22 29 16 42 1 50 3 55 44 5 58 47 52 57 31 61 51 41 53 15 49 7 25 59 40 62 4 17 60 33 24 23 56 48 32 39 14 54 63
19 20 37 44 45 46 38 18 55 30 53 39 12 60 10 34 26 1 29 33 11 4 61 22 21 52 13 2 41 25 3 6 43 59 51 62 15 42 54 49 56 57 40 32 58 48 0 17 24 9 5 23 14 47 16 8 7 31 50 63
37 45 19 29 38 18 30 11 52 31 21 59 23 22 39 43 53 20 14 47 42 54 55 34 26 25 50 44 51 57 3 60 49 2 13 46 1 62 24 6 5 7 15 16 12 48 56 41 10 9 33 17 32 40 63 4 61 0 58 8
37 43 42 45 53 41 49 29 33 46 18 60 51 34 30 44 55 40 61 23 59 20 26 52 31 38 54 19 10 17 24 58 21 25 15 50 48 57 39 11 56 16 3 2 32 12 13 47 4 9 1 62 63 7 8 14 22 5 6 0
44 43 26 19 12 25 17 45 53 34 46 8 51 50 41 52 60 62 24 11 57 20 29 42 10 47 54 40 21 58 38 2 22 33 48 56 3 14 13 9 1 55 7 39 4 5 18 23 61 59 63 0 49 32 16 15 31 37 30 6
19 34 43 18 29 45 26 20 42 33 25 38 9 49 50 24 56 51 21 48 54 13 52 53 58 37 41 55 44 11 10 8 62 61 12 57 40 59 16 63 39 3 1 32 60 2 4 46 47 30 23 17 0 31 5 15 6 7 22 14
26 18 44 43 34 45 10 9 52 59 54 41 61 29 19 38 60 2 42 50 40 63 37 48 25 46 21 24 0 32 58 57 53 11 55 49 56 33 31 39 16 22 15 20 4 62 30 12 5 3 13 23 51 1 47 8 6 7 14 17
26 18 19 20 10 34 37 29 44 38 39 46 55 11 2 9 41 45 53 30 8 4 23 54 12 48 33 0 21 22 31 25 40 1 14 5 56 15 52 61 13 17 24 42 63 62 50 16 32 47 7 3 43 59 51 58 57 49 60 6
37 29 21 30 22 14 7 45 19 6 54 43 23 63 53 11 18 38 10 20 12 17 31 4 3 52 13 5 44 9 2 15 1 39 46 51 59 50 25 0 26 24 42 55 16 33 40 41 49 34 32 57 58 56 47 60 8 48 62 61
26 34 42 33 44 50 58 37 45 53 38 51 49 39 43 20 21 52 30 60 29 48 25 31 22 16 59 19 18 14 54 10 56 55 12 17 2 9 61 41 40 5 0 1 15 32 6 13 11 4 8 23 57 7 47 46 24 62 63 3
26 20 37 25 12 29 21 13 19 11 6 44 10 34 51 38 45 5 31 2 3 47 17 52 24 8 1 16 59 46 53 14 30 32 39 9 55 23 22 60 33 61 62 58 57 7 4 40 42 43 18 15 54 50 41 0 48 49 56 63
37 45 26 29 46 18 30 25 19 34 17 9 43 12 53 55 33 61 24 21 14 39 0 40 20 1 41 7 38 42 13 10 51 6 2 11 48 47 8 32 5 50 23 52 59 4 3 15 31 56 63 16 49 58 57 22 60 44 62 54
26 18 44 34 25 16 10 37 45 2 30 29 33 41 32 42 9 24 8 52 50 54 40 23 63 38 11 20 13 12 4 58 49 14 51 0 39 43 61 48 21 60 3 31 1 57 5 17 7 15 59 22 46 6 19 53 56 47 55 62
26 34 44 18 17 45 42 43 53 16 51 33 19 20 21 62 12 22 30 60 29 38 40 4 9 50 37 2 52 13 46 41 0 24 15 23 14 1 57 10 32 49 5 54 31 48 25 7 59 11 63 6 61 55 8 47 39 58 56 3
44 45 26 18 37 25 46 53 43 38 17 19 31 34 9 51 20 13 52 47 32 59 60 11 39 23 58 21 3 0 29 2 22 4 42 33 41 14 1 50 6 54 62 10 57 16 5 12 49 40 48 56 30 7 61 63 24 15 8 55
26 34 43 52 42 33 51 50 59 60 57 18 10 29 19 25 45 2 20 53 22 54 32 30 1 58 41 24 40 48 17 13 49 11 55 61 12 63 44 47 31 3 8 4 6 21 16 14 37 39 7 9 5 46 0 23 56 38 62 15
44 45 37 43 26 17 54 19 50 30 29 51 42 33 49 48 25 46 60 22 31 34 13 62 12 21 57 23 41 53 47 3 15 20 8 5 63 24 40 39 4 59 38 55 61 11 10 7 2 56 58 14 18 9 1 16 6 0 52 32
44 29 22 30 20 43 50 14 15 13 4 52 34 42 45 38 6 19 61 33 31 54 18 60 37 57 49 12 32 17 11 25 41 10 9 21 59 3 2 53 62 56 48 7 47 23 39 5 46 55 26 8 16 58 1 51 63 0 24 40
19 34 43 50 33 25 17 20 52 18 37 32 9 44 45 46 30 38 26 16 8 59 10 22 29 1 54 53 47 55 24 0 13 39 62 51 42 61 58 4 12 63 23 5 6 31 11 60 3 15 2 49 56 57 41 48 21 40 7 14
19 18 37 29 9 26 34 11 30 46 12 43 10 17 50 23 20 45 55 38 47 4 54 3 21 33 31 51 44 22 41 52 59 8 53 49 25 32 14 60 40 61 15 13 58 57 16 48 1 39 0 62 42 2 5 7 63 24 56 6
26 20 21 34 42 33 24 18 25 19 11 40 44 51 41 22 13 3 4 29 30 32 43 17 48 37 16 5 60 49 14 59 12 31 38 7 50 8 52 56 6 39 47 58 45 55 9 53 61 10 0 46 2 23 57 15 54 62 1
26 20 29 34 44 37 12 13 42 51 53 52 6 22 46 4 50 62 54 58 30 33 11 38 39 55 31 19 32 43 59 60 18 25 5 57 21 24 14 15 16 10 17 47 1 2 45 0 7 9 49 40 41 48 61 8 3 23 56 63
37 45 44 43 18 21 52 29 54 26 13 53 25 14 62 46 50 42 51 61 20 55 15 19 41 33 47 39 34 60 40 49 57 32 24 48 22 63 38 7 59 23 31 17 58 56 10 8 16 9 11 30 1 3 2 0 12 6 4 5
26 20 37 46 12 34 55 13 44 4 42 52 19 33 10 21 18 30 32 40 45 2 43 54 14 22 23 24 1 6 5 11 29 41 31 47 7 0 60 39 48 25 63 51 50 62 16 53 61 38 3 9 17 49 56 15 8 57 58 59
19 18 17 9 44 20 1 37 38 46 11 39 29 2 12 45 54 51 21 10 4 62 63 42 43 24 61 3 16 8 58 26 31 53 55 0 60 22 47 59 52 13 5 57 25 6 41 50 49 33 48 30 15 56 14 34 32 23 7 40
19 18 17 34 42 20 33 49 50 16 13 51 60 32 29 22 31 21 9 15 23 39 26 25 44 37 8 41 46 2 10 11 43 14 57 12 3 59 5 4 1 48 6 24 56 38 45 54 47 0 52 61 7 53 30 58 63 55 40 62
37 29 19 26 20 43 25 12 45 46 55 24 21 22 51 53 15 42 60 18 49 34 41 14 54 11 7 33 16 48 40 8 3 5 10 50 52 23 56 1 4 17 58 61 13 6 32 9 62 39 0 30 44 59 47 2 38 57 31 63
44 45 26 43 54 20 13 25 51 34 52 29 18 59 38 30 16 53 60 46 61 50 37 19 17 41 12 11 48 32 31 22 9 6 58 62 3 1 33 2 10 57 14 42 24 4 47 40 0 56 63 55 49 39 5 8 7 23 15 21
44 45 37 29 54 34 30 46 47 53 26 20 62 22 33 61 13 38 19 39 14 31 43 51 60 63 55 18 23 25 17 32 52 24 21 12 58 8 41 9 42 15 7 6 5 11 1 0 2 10 4 59 16 48 40 50 3 57 49 56
19 20 37 18 9 43 10 0 12 21 8 38 44 29 30 11 34 46 42 31 45 41 39 16 54 2 26 25 52 22 49 56 13 60 59 63 61 5 3 4 53 51 58 47 23 50 17 14 33 15 55 62 6 24 40 48 57 32 1 7
44 29 19 26 37 11 25 33 30 43 10 45 34 42 50 51 53 49 32 46 18 16 56 17 4 22 47 24 14 3 41 54 60 20 8 5 1 59 40 52 12 61 58 23 21 13 55 9 15 31 39 38 6 0 62 7 2 63 57 48
26 34 41 18 44 43 9 25 42 11 24 0 4 45 37 40 50 30 53 33 29 17 10 54 46 38 19 61 55 51 22 15 20 49 56 47 60 21 16 23 1 13 12 3 63 8 52 39 31 57 48 5 2 62 7 32 6 59 14 58
19 34 43 18 17 9 33 51 59 32 29 25 42 37 24 41 26 44 30 11 48 40 3 52 60 45 49 38 16 22 31 12 53 8 10 20 14 2 4 13 0 21 6 23 39 57 46 50 15 47 54 55 58 56 61 1 63 7 5 62
19 34 45 37 46 54 41 38 55 29 43 20 39 47 22 48 33 10 1 63 18 25 53 17 16 2 62 32 21 44 49 50 57 60 30 26 51 14 12 42 59 5 9 11 4 13 15 3 6 24 40 61 52 8 0 58 31 7 23 56
26 18 10 9 37 25 8 44 42 30 17 0 52 2 1 19 38 33 24 41 21 43 20 39 49 61 11 40 34 12 4 45 53 5 29 32 23 46 16 31 3 57 56 54 62 15 47 63 48 60 55 50 58 51 6 13 7 22 14 59
19 34 45 21 41 10 20 37 38 43 18 12 4 3 5 26 1 25 30 48 2 13 22 11 9 14 32 31 15 39 29 24 16 54 23 46 55 0 53 6 33 63 50 52 42 44 61 7 47 51 58 17 8 57 56 40 49 62 60 59
37 45 44 29 54 34 20 13 33 43 38 25 11 22 41 63 42 31 6 50 16 40 51 52 59 17 47 30 24 39 23 26 49 58 57 60 14 18 48 12 10 9 53 15 21 55 61 56 32 8 7 5 46 19 0 2 4 3 62 1
44 29 20 45 30 52 60 59 46 12 37 47 55 31 18 34 51 42 53 43 23 38 25 26 39 54 19 21 58 22 14 11 4 16 62 17 61 15 7 50 57 3 24 33 13 6 9 10 2 1 40 5 32 49 56 63 8 0 48 41
19 34 45 21 20 37 22 13 18 14 43 42 25 51 52 33 29 31 59 11 7 60 15 53 10 23 26 58 30 24 41 17 38 44 3 47 9 50 4 2 54 48 62 16 57 63 39 49 46 56 32 40 0 6 1 55 61 12 8 5
19 34 44 11 26 20 3 52 13 18 53 42 43 54 45 10 33 25 51 59 62 24 58 4 2 50 5 57 49 21 41 38 14 22 63 32 40 6 9 17 23 0 1 16 8 55 29 46 12 30 37 31 47 15 7 48 61 60 39 56
44 29 21 13 14 43 37 22 23 38 30 6 34 41 18 12 5 51 46 19 42 9 11 39 0 55 60 59 45 4 54 50 33 62 63 52 57 53 49 61 31 24 25 16 17 56 47 20 10 2 3 40 48 58 15 26 7 8 1 32
26 34 42 33 41 21 25 17 9 40 32 43 51 20 50 16 14 58 49 24 29 60 18 44 19 8 45 59 48 7 52 57 22 10 2 54 56 30 37 3 31 46 11 12 13 23 38 47 4 39 15 61 62 5 1 53 6 0 55 63
44 29 18 43 42 26 34 25 20 11 16 24 17 45 33 50 51 59 46 49 56 54 19 47 12 10 41 21 9 37 55 5 4 3 53 8 2 1 30 39 57 48 31 61 0 32 14 22 52 38 23 7 60 62 58 6 15 63 13 40
19 18 37 45 26 29 30 23 44 21 22 43 13 25 50 15 52 5 14 42 24 57 12 17 16 9 1 59 31 20 7 0 33 4 51 41 11 46 55 60 2 39 32 53 49 38 54 63 62 56 10 61 48 6 8 40 47 58 3 34
19 20 45 18 21 44 29 37 43 38 39 53 46 54 30 22 10 50 42 51 60 47 26 49 23 12 13 11 41 5 63 15 34 2 55 48 6 14 3 62 31 59 1 4 40 33 58 9 25 52 16 0 56 24 32 57 61 7 17
44 29 18 26 19 43 33 11 4 9 51 34 17 20 30 25 32 41 12 22 14 21 10 53 38 3 50 31 1 24 37 52 16 58 62 13 23 54 46 15 60 49 6 55 5 39 48 7 42 59 56 45 2 8 47 61 63 57 0 40
26 20 29 18 10 43 45 34 11 9 33 54 50 42 63 32 0 44 25 21 41 52 61 24 13 49 16 51 40 12 19 14 22 3 7 37 30 48 53 46 5 60 58 15 47 56 6 8 1 39 55 57 31 17 62 38 59 23 2 4
44 45 37 43 18 9 51 52 42 34 53 61 33 50 49 59 19 26 25 20 60 32 62 30 24 17 29 63 12 21 22 58 41 57 56 4 1 48 31 23 15 8 5 6 46 11 54 16 2 55 38 10 14 40 47 7 13 3 0 39
37 43 42 45 44 29 30 52 21 20 46 31 59 38 12 11 18 34 23 49 41 22 56 60 14 7 51 25 5 3 4 13 19 48 16 53 54 61 39 15 2 58 50 63 17 57 6 55 62 47 33 32 40 10 26 24 9 1 8 0
37 43 18 38 44 21 51 42 39 46 53 58 29 55 34 19 26 22 52 9 30 60 14 6 11 25 59 13 49 12 15 50 23 48 54 4 62 5 33 45 16 40 56 63 20 32 17 10 57 61 2 3 7 31 24 8 47 41 1 0
19 34 41 18 26 17 33 20 12 11 37 25 21 48 10 32 40 3 56 44 52 53 1 4 49 51 24 38 5 30 13 6 46 29 31 22 39 14 60 42 43 45 50 23 15 62 9 54 47 58 63 8 61 16 57 2 0 55 59 7
19 34 42 20 37 38 46 11 12 4 30 39 10 50 21 14 22 54 62 29 43 44 45 18 33 26 2 15 3 5 52 47 41 40 6 13 53 63 23 7 55 1 57 31 9 60 25 17 51 59 16 24 49 61 32 48 0 8 58 56
37 43 34 25 18 20 19 44 51 38 29 17 12 59 46 30 22 39 58 53 16 11 10 57 21 2 42 24 32 45 50 52 33 26 49 14 55 54 3 1 9 0 8 40 23 41 56 15 60 31 62 5 7 6 63 13 4 61 47 48
26 20 13 12 21 14 7 18 44 30 10 25 32 2 11 3 4 15 34 41 19 16 23 29 37 17 9 5 50 45 46 39 42 48 24 59 33 43 58 8 6 38 49 53 52 60 51 40 22 31 54 62 0 61 56 1 47 57 63 55
37 43 50 45 34 51 54 21 52 46 47 55 29 38 20 59 22 39 61 63 42 33 49 13 26 53 5 23 15 7 32 24 14 40 44 57 30 12 41 56 19 3 25 18 6 11 48 60 17 62 58 4 16 8 2 31 9 0 10 1
19 20 13 34 43 52 29 6 50 37 11 22 41 26 15 3 25 33 38 49 4 16 2 30 10 46 42 58 61 45 39 14 18 9 8 44 53 31 17 21 32 0 40 48 59 60 7 57 51 24 1 5 12 55 47 23 56 62 63 54
26 34 44 20 42 45 37 25 18 41 40 38 12 53 24 21 22 10 11 50 43 33 57 17 52 14 8 30 23 46 5 7 62 59 6 49 48 39 54 56 61 60 2 32 47 3 16 19 4 9 31 1 0 58 29 15 13 63 51 55
26 18 37 25 24 45 19 34 33 42 53 54 55 63 49 52 51 16 44 50 38 47 17 11 58 46 3 48 21 14 43 8 61 32 41 40 59 62 9 0 1 39 57 20 31 4 22 12 7 23 13 30 2 60 29 6 15 10 5 56
37 29 18 46 21 26 38 30 39 47 53 42 49 9 19 34 25 11 4 54 0 33 44 56 10 16 40 60 58 43 50 32 45 57 63 1 22 59 52 2 41 12 51 17 24 14 5 20 7 62 55 61 3 8 31 6 13 23 15 48
37 29 20 43 26 25 34 42 24 13 22 44 53 46 12 51 50 60 59 21 30 19 18 4 11 39 31 32 17 38 55 45 3 16 6 47 52 5 54 57 41 48 33 10 14 40 9 61 62 7 49 1 56 63 2 15 0 8 23 58
19 18 17 34 43 50 51 9 37 45 53 20 10 2 49 59 0 24 11 38 42 54 55 26 52 3 44 41 31 57 56 16 40 63 29 32 12 21 13 62 61 14 7 15 33 39 23 25 46 30 5 60 47 22 8 1 48 6 4 58
26 34 41 17 37 42 49 38 46 19 25 16 12 21 24 10 39 5 14 43 33 48 50 59 9 23 18 30 7 29 22 44 40 13 52 51 56 45 57 32 60 55 11 53 61 62 47 6 58 8 54 63 2 20 3 1 15 4 31 0
37 43 34 25 18 19 26 10 51 29 16 32 1 50 30 59 33 38 20 2 44 42 9 24 47 22 52 46 49 17 39 0 40 56 23 61 8 11 12 41 58 13 53 57 48 4 5 54 3 60 62 6 15 63 55 45 31 14 21 7
26 34 43 18 29 52 25 19 50 24 42 37 10 9 61 49 44 30 20 2 41 45 11 58 56 51 54 13 22 46 60 40 53 38 55 12 21 15 48 63 47 62 5 59 32 4 17 6 23 57 0 31 39 14 33 8 16 3 1 7
44 43 26 29 51 20 45 50 12 52 22 19 57 13 34 37 18 25 4 49 38 31 60 42 16 21 46 23 10 17 59 6 5 41 9 61 40 8 15 2 62 7 0 14 1 48 32 30 39 24 33 54 3 47 53 58 63 11 56 55
26 20 21 22 13 5 44 19 12 33 25 43 4 3 34 37 40 51 29 32 50 57 11 10 59 16 24 17 23 58 42 30 38 47 41 60 18 39 6 48 14 52 53 62 45 15 1 2 9 8 7 61 0 49 31 46 54 55 56 63
26 20 13 42 43 12 21 34 29 37 50 17 3 49 11 30 38 6 5 44 45 41 32 57 59 14 31 53 33 24 18 51 46 40 7 22 15 23 58 39 54 60 8 55 19 9 10 1 48 16 63 62 52 25 47 0 2 61 56 4
19 34 43 52 51 20 61 42 25 60 13 10 45 44 18 38 37 21 59 30 1 17 46 3 14 58 53 33 41 50 26 22 23 29 2 62 4 31 39 55 16 9 24 5 8 49 6 11 47 32 57 56 48 15 54 0 12 40 7 63
19 18 37 43 42 20 50 29 21 30 12 45 17 9 38 51 22 39 34 49 59 14 48 10 7 26 15 6 5 16 23 56 44 53 46 58 41 4 0 60 25 40 3 32 57 52 11 8 24 33 62 54 63 2 1 13 61 47 55 31
19 34 42 20 33 10 11 2 3 32 29 51 41 38 12 37 50 21 14 49 13 15 58 22 17 43 1 26 4 57 59 9 46 18 56 48 39 25 7 47 55 54 30 44 16 6 52 53 40 8 5 45 23 31 60 61 0 63 62 24
44 45 26 20 21 52 19 17 60 37 25 43 8 18 10 12 29 34 5 30 38 24 16 50 31 1 51 42 11 14 13 3 2 59 32 9 33 41 7 39 4 53 22 15 47 46 62 61 57 63 48 49 40 6 56 0 23 58 54 55
37 45 19 18 26 38 39 31 54 52 10 9 0 47 59 61 63 43 50 34 51 2 25 32 1 29 33 53 22 30 24 42 17 15 40 58 44 11 57 8 4 20 23 60 55 46 12 21 14 5 49 56 7 48 6 16 3 13 41 62
19 20 37 44 53 46 45 51 43 10 47 42 11 3 38 30 29 62 1 17 26 55 22 25 52 23 8 60 31 33 2 15 41 13 14 21 9 40 18 6 5 16 12 54 61 34 48 4 7 49 57 56 24 58 63 0 39 32 50 59
44 29 20 13 19 52 45 34 53 37 60 10 30 46 26 22 38 43 11 39 12 62 1 4 15 17 31 18 50 9 47 42 61 55 8 54 25 41 5 58 63 51 49 21 40 3 2 48 33 32 16 23 14 24 59 0 57 6 7 56
37 45 44 43 53 54 51 62 34 41 61 59 42 30 25 19 60 58 11 52 63 20 57 33 23 10 18 16 1 46 39 21 32 17 49 29 9 3 14 13 4 50 2 55 38 15 47 56 48 24 6 5 12 31 8 40 7 26 22 0
37 29 18 44 53 26 21 62 43 10 51 59 50 30 19 41 17 25 34 13 32 45 46 55 48 42 3 1 20 11 47 52 31 49 61 22 23 33 5 8 24 60 56 2 40 54 0 6 16 15 57 4 58 39 14 12 7 38 9 63
37 29 20 11 21 44 53 22 19 26 12 42 10 38 47 13 46 3 49 62 2 30 6 9 34 54 45 55 16 56 23 8 61 33 32 39 18 40 48 43 58 25 0 14 24 52 4 1 50 51 41 5 59 17 31 15 7 60 63 57
37 29 22 44 21 43 51 38 42 30 23 52 46 47 26 54 55 14 7 63 60 50 39 34 33 45 58 19 20 49 15 59 18 41 61 9 56 25 32 53 57 6 48 62 16 31 5 13 10 17 2 24 11 1 8 40 12 0 3 4
26 20 45 42 44 25 12 21 34 19 13 5 49 41 11 2 37 43 40 29 3 50 24 33 10 16 4 18 14 6 51 32 17 60 58 22 30 57 52 9 0 61 59 1 15 48 8 31 39 54 56 53 7 47 63 55 23 38 62 46
37 29 21 30 39 14 19 45 44 31 46 53 12 18 61 47 26 42 10 25 34 52 16 33 59 38 41 62 51 11 7 20 54 40 24 9 13 50 63 5 0 48 17 22 6 15 43 1 57 60 4 49 55 3 23 58 56 2 8 32
37 29 18 46 38 30 19 45 31 20 39 10 2 22 21 23 13 17 26 34 53 25 11 12 3 1 15 14 5 7 9 4 16 44 47 6 43 24 33 55 54 8 0 51 52 60 59 58 42 49 50 62 61 57 63 32 41 48 40 56
19 18 44 29 20 45 34 52 9 12 37 26 10 11 51 50 25 8 5 17 42 32 24 4 53 61 46 43 0 30 58 41 59 55 2 1 47 57 40 6 33 48 56 3 13 22 16 54 14 23 38 21 31 49 15 39 63 7 62 60
37 45 53 20 18 26 21 44 19 13 51 11 25 14 10 9 2 32 22 12 5 38 30 6 46 55 43 31 8 50 17 58 33 61 15 39 3 16 52 41 7 1 59 29 57 4 40 60 47 42 62 24 23 34 63 49 0 48 56 54
26 18 44 34 17 25 33 40 32 24 19 42 49 43 50 20 41 52 29 51 11 13 6 56 53 45 38 59 58 8 60 16 37 57 48 39 31 46 55 61 0 12 9 3 4 1 2 14 54 10 22 15 21 30 23 5 47 7 63 62
44 43 42 29 19 26 20 13 21 53 33 25 37 11 34 45 17 24 14 52 62 10 46 61 50 40 18 41 12 4 54 7 38 47 39 57 22 63 1 2 49 0 48 5 16 58 56 51 55 59 3 30 31 32 9 60 15 8 6 23
19 18 37 45 17 29 38 44 21 30 52 26 22 39 42 43 50 54 34 51 60 23 31 20 13 14 47 16 15 46 8 6 5 7 12 61 53 59 24 33 40 41 9 55 57 3 62 58 4 56 48 25 49 32 2 0 1 10 11 63
44 29 22 52 43 42 60 30 34 41 19 45 49 61 20 12 4 50 51 59 53 56 48 18 17 57 38 31 58 32 40 54 55 9 0 15 47 25 24 16 26 46 62 10 39 21 2 5 11 1 6 33 13 3 14 37 8 23 7 63
37 29 21 43 26 14 50 25 24 19 42 49 20 51 22 15 23 12 34 46 13 18 5 32 3 6 45 38 30 53 54 11 59 4 48 2 40 60 9 55 61 44 33 62 7 16 17 39 47 56 1 58 52 10 31 63 8 0 41 57
26 34 43 52 44 20 53 42 50 54 12 33 18 10 32 45 51 59 46 4 63 57 17 8 58 55 29 37 11 49 9 21 48 60 61 1 14 30 39 47 31 40 24 2 22 56 3 15 13 23 38 41 7 6 5 62 19 25 16 0
19 18 17 34 42 43 44 37 45 53 54 51 50 41 52 29 33 63 55 61 26 47 48 57 38 31 59 49 46 25 22 20 40 13 30 32 21 23 24 8 16 56 6 4 15 14 39 12 11 9 10 5 62 7 0 2 58 60 1 3
19 34 43 52 33 25 17 32 61 9 44 37 30 38 42 20 29 18 26 23 11 53 0 60 16 2 3 8 13 21 1 4 24 5 6 51 39 46 45 14 12 22 59 58 50 10 7 57 54 62 49 55 47 15 40 41 31 48 56 63
26 18 19 20 45 42 9 17 12 1 25 54 44 29 38 31 11 53 33 30 52 24 46 43 16 3 55 5 34 62 32 37 0 50 10 41 8 60 23 21 49 47 2 63 59 39 22 13 51 58 6 15 61 7 57 56 14 40 4 48
19 34 42 20 37 44 51 10 12 50 11 52 1 13 29 9 3 43 5 46 45 30 18 53 38 22 55 26 8 47 23 2 14 15 21 63 61 6 54 0 60 31 49 57 25 48 39 24 58 62 40 41 7 16 32 33 17 4 56 59
37 29 19 45 22 34 44 53 54 21 43 52 13 15 31 11 42 5 61 51 18 17 59 26 9 23 20 62 38 10 16 47 1 55 3 60 12 33 14 7 25 4 6 2 39 58 32 0 8 24 30 46 40 48 49 50 56 41 63 57
37 45 19 20 54 46 47 26 38 44 43 12 21 51 17 52 59 30 14 63 10 42 33 60 62 31 22 25 18 23 24 29 11 5 61 50 15 9 58 57 34 8 4 49 39 41 32 40 16 55 2 0 56 1 3 7 53 48 6 13
44 45 46 34 18 19 33 29 11 26 37 42 17 25 51 9 8 50 49 20 32 16 10 2 12 40 22 3 1 54 41 43 63 21 4 56 14 60 53 38 52 59 47 24 30 23 13 39 55 0 58 62 57 7 61 5 6 48 31 15
44 43 42 51 58 53 34 41 62 21 18 45 20 13 50 52 32 40 54 57 49 29 19 63 6 26 17 25 48 33 37 22 15 59 46 61 24 47 60 11 4 8 12 16 38 31 0 2 39 14 23 7 3 10 56 5 9 30 55 1
44 45 19 43 54 11 42 29 18 25 20 26 34 53 24 12 62 49 5 63 46 32 17 52 60 21 10 16 22 47 37 4 2 38 56 33 14 3 50 58 57 61 55 1 41 13 51 48 39 7 8 15 59 31 30 9 40 6 23 0
19 20 37 18 10 34 33 29 9 45 21 43 52 32 41 13 38 39 44 53 25 50 61 22 14 26 49 24 6 4 5 54 23 60 63 31 12 17 11 55 15 1 3 46 8 62 59 0 51 42 16 7 2 40 30 56 48 58 47 57
26 18 19 20 21 34 44 22 25 32 13 5 10 37 45 29 41 53 52 1 46 50 6 7 62 42 38 30 33 61 49 48 17 63 60 40 14 8 43 47 4 3 55 31 12 59 24 23 11 54 51 2 39 9 0 58 16 57 56 15
44 43 18 45 42 19 54 63 10 11 52 9 0 37 29 20 2 17 38 4 12 3 26 49 16 51 41 25 34 33 21 14 22 47 50 8 13 5 56 60 6 58 59 48 61 24 32 15 53 40 23 46 57 31 30 39 55 62 1 7
19 34 43 50 37 11 42 38 46 49 10 20 21 55 3 13 29 30 45 54 39 14 33 31 23 1 58 25 5 22 18 26 53 57 63 2 17 59 12 6 0 44 56 9 52 51 47 48 8 40 41 4 7 32 60 16 61 15 24 62
37 43 34 25 33 29 52 50 21 22 16 38 26 20 14 24 18 13 51 32 42 9 6 11 45 30 39 49 56 59 12 8 57 47 55 7 0 41 19 4 31 46 15 61 60 17 53 2 1 54 62 10 40 23 3 5 44 63 58 48
19 34 44 20 12 53 41 21 22 26 37 48 18 5 51 14 25 33 4 30 6 16 29 58 24 43 49 13 7 17 42 32 9 2 23 57 38 15 10 47 50 45 39 52 0 59 31 3 40 8 54 63 60 61 55 11 46 62 1 56
44 43 42 51 18 53 34 26 59 41 17 20 45 37 30 29 62 31 40 50 49 48 23 46 54 56 21 32 33 57 12 38 39 47 55 52 24 8 58 25 16 11 13 4 60 14 6 63 2 22 0 15 5 7 9 19 10 61 1 3
37 45 19 34 33 29 22 18 20 21 12 5 10 42 38 23 15 31 54 26 13 6 47 24 11 39 3 52 9 63 46 2 43 0 17 44 8 14 49 56 50 25 32 57 4 55 53 51 48 16 40 41 7 30 1 59 60 62 61 58
26 18 44 34 17 43 50 8 19 20 9 53 45 52 21 1 60 29 0 13 25 11 30 57 14 32 6 42 46 22 31 7 10 61 58 39 38 5 2 41 24 15 4 12 16 33 59 47 40 23 51 62 56 37 63 49 55 3 54 48
37 29 19 43 51 18 26 50 17 20 45 52 59 34 30 10 49 12 13 8 16 61 3 48 4 44 57 5 21 22 53 2 41 60 1 58 62 39 25 0 9 6 42 33 11 40 31 46 47 23 32 24 14 54 15 38 63 55 7 56
19 34 45 37 44 21 30 39 20 13 26 38 23 11 10 54 53 9 18 25 41 62 17 22 33 29 6 16 52 42 63 49 24 51 48 40 1 46 31 5 61 56 47 55 57 15 12 3 50 58 7 2 60 14 4 8 0 32 43
26 34 45 18 9 10 41 54 11 21 63 42 50 33 32 49 51 19 29 52 12 38 47 37 59 39 46 62 55 25 16 1 40 17 14 43 20 22 44 60 24 7 53 61 2 58 15 4 48 30 13 3 57 5 31 8 0 23 6 56
26 20 13 42 44 21 29 37 30 17 8 34 45 19 50 41 12 38 43 6 14 31 23 58 40 52 51 7 15 49 39 5 61 60 22 11 46 25 57 9 4 56 48 32 59 3 24 54 18 62 0 53 63 16 47 2 10 55 33 1
26 20 13 18 19 25 34 33 37 21 24 16 8 38 44 52 11 10 2 9 43 4 40 5 29 17 6 32 12 3 46 42 47 45 1 31 49 55 60 61 39 30 62 14 63 41 22 15 7 23 48 56 57 50 58 59 54 51 53 0
44 45 19 43 37 29 51 26 22 10 30 46 25 42 1 23 53 24 47 61 41 21 15 39 55 59 31 12 18 11 13 14 7 40 9 2 17 16 33 4 54 20 52 8 5 0 49 6 60 62 50 32 58 34 63 57 3 38 48 56
26 20 13 25 17 43 34 9 16 18 2 6 10 33 42 19 37 38 40 41 44 48 8 32 30 12 24 51 49 56 39 23 11 29 22 21 50 47 52 57 53 61 4 59 14 0 1 5 55 15 7 62 45 54 3 46 58 60 63 31
44 29 19 26 17 11 3 52 53 10 45 24 60 42 43 62 34 46 18 12 50 57 38 30 20 33 39 41 58 51 59 61 8 16 5 54 32 21 2 9 13 49 47 14 63 25 56 55 23 22 40 4 1 7 15 6 37 0 48 31
26 34 45 20 33 29 18 42 13 43 51 12 37 25 4 10 38 30 17 44 21 16 9 19 53 1 22 5 3 61 54 55 2 24 6 41 14 47 40 23 46 32 11 49 56 15 8 52 0 60 58 57 48 50 62 31 59 63 7 39
37 29 22 45 19 20 54 44 21 38 43 34 30 14 26 11 39 53 12 55 61 13 63 18 6 47 41 15 23 46 10 48 31 1 3 51 42 25 5 9 2 60 7 4 17 62 8 50 49 0 58 33 24 16 32 52 59 57 56 40
26 20 13 18 10 34 29 19 43 30 44 2 25 50 17 52 45 38 21 16 51 37 57 14 53 9 23 31 1 42 47 5 41 58 33 40 39 60 3 0 22 61 12 4 46 15 8 55 59 56 62 32 54 63 49 24 7 6 11 48
19 18 26 20 11 4 13 12 21 43 2 17 16 3 45 44 25 9 10 14 5 32 1 54 34 33 52 53 38 8 24 46 41 37 7 48 62 55 47 51 40 29 59 30 0 50 60 42 49 57 63 58 22 39 31 15 61 23 56 6
19 18 44 45 17 34 26 52 60 20 42 25 13 11 9 59 24 32 58 21 22 1 10 37 38 49 2 23 12 3 40 43 4 6 8 39 30 33 31 0 29 47 55 16 15 56 46 14 51 48 7 54 53 63 50 62 5 61 41 57
19 20 45 44 29 22 43 54 21 12 30 26 15 23 3 31 46 5 18 17 25 34 11 38 42 53 16 41 52 10 48 51 2 8 37 40 9 32 60 24 39 1 59 55 47 62 33 7 63 13 49 57 14 4 6 58 50 61 0 56
44 29 22 42 20 21 26 37 38 45 30 31 46 52 39 18 60 19 12 14 53 61 23 59 43 47 41 17 55 54 63 49 5 4 3 50 13 32 16 6 15 2 40 7 25 11 34 51 48 56 33 57 58 62 10 9 8 0 24 1
37 45 53 34 33 41 26 20 49 38 31 25 29 32 24 39 44 61 54 52 59 21 62 16 13 19 11 63 43 60 40 10 9 2 17 6 1 48 3 42 12 50 56 18 58 22 14 47 23 4 46 55 5 30 8 51 15 0 7 57
19 18 44 43 51 45 46 54 26 52 29 38 47 20 61 63 21 42 41 50 59 22 9 40 10 58 49 25 23 13 62 57 14 17 12 2 56 37 11 1 33 5 0 55 3 7 16 39 4 15 6 24 34 8 32 60 30 31 48 53
26 34 45 18 33 42 17 32 19 10 3 12 11 20 4 5 9 13 6 0 41 8 24 21 50 51 1 2 40 54 22 7 43 44 60 14 16 30 53 62 46 49 55 63 23 57 37 38 59 25 15 31 48 52 47 29 61 39 56 58
44 43 18 53 34 20 52 42 37 19 13 51 60 25 10 21 33 26 16 58 54 1 50 59 22 49 56 48 17 46 38 29 11 55 40 30 2 24 0 41 32 12 4 8 31 45 62 15 9 39 47 6 14 3 61 7 57 63 5 23
19 34 42 20 33 32 26 12 18 9 10 49 45 44 50 17 8 51 37 29 40 0 58 1 4 53 30 41 48 59 46 16 25 13 22 24 61 54 55 56 11 62 2 5 6 31 43 52 60 15 57 63 38 21 47 3 14 7 39 23
26 20 13 34 44 37 43 52 60 61 62 19 33 45 51 59 18 9 53 54 29 25 58 30 55 40 17 6 42 10 23 16 0 38 2 49 24 31 8 32 11 1 56 15 21 4 5 22 12 50 39 14 48 63 7 57 3 41 46 47
44 43 50 45 26 20 29 34 18 42 41 9 49 38 12 48 37 25 54 57 10 33 58 52 56 4 8 11 40 63 24 0 22 51 61 59 13 19 21 32 47 16 46 6 14 7 30 31 60 1 23 62 53 2 15 17 3 5 55 39
37 45 26 18 53 29 21 30 19 61 46 34 43 44 31 47 33 11 52 13 10 42 55 39 14 63 23 9 50 7 51 41 22 59 62 25 5 15 20 6 12 54 1 4 40 17 24 2 57 38 49 0 60 16 58 48 32 56 3 8
26 18 10 25 44 2 9 11 24 16 4 34 41 45 32 20 19 52 21 29 30 48 54 38 42 22 31 49 46 39 23 37 53 60 59 43 12 62 50 58 8 0 33 3 14 61 51 7 57 5 13 17 15 40 55 63 56 47 1 6
44 45 46 43 26 54 37 19 10 17 8 47 50 1 21 42 12 58 51 24 57 11 18 20 41 9 3 25 33 59 52 53 38 4 5 49 40 13 55 30 61 56 31 34 6 29 22 63 39 15 62 32 0 60 2 14 23 7 48 16
19 20 21 18 26 12 10 1 45 14 13 42 4 34 25 6 44 54 46 16 2 33 30 43 17 47 0 11 32 29 63 39 38 61 51 8 37 58 15 50 62 7 9 22 52 40 23 41 57 60 59 24 49 56 5 48 53 55 31 3
19 20 21 12 3 18 37 43 9 44 45 34 33 22 51 17 11 42 29 38 49 54 23 0 30 41 48 32 39 15 52 47 24 61 7 50 58 16 25 4 5 26 60 59 1 40 62 56 2 8 55 13 57 10 46 31 14 6 53 63
19 34 45 21 20 11 41 29 14 48 22 37 26 17 3 38 30 6 33 2 44 13 46 18 25 54 1 32 42 49 55 52 47 43 24 12 59 61 5 10 57 40 31 53 51 56 7 62 15 23 16 60 50 8 39 63 9 0 58 4
37 29 20 11 19 34 21 43 2 45 41 25 51 22 54 18 10 52 59 26 38 42 17 4 24 53 46 16 49 40 23 14 5 3 1 63 55 57 8 39 30 31 13 0 48 61 32 47 56 12 62 15 58 6 44 9 60 50 33 7
26 34 41 21 37 25 17 48 33 9 18 42 16 19 10 29 32 38 49 50 58 51 59 1 56 40 44 52 14 24 0 8 60 7 22 30 43 11 15 20 46 53 3 47 57 31 23 13 39 45 2 12 61 6 5 62 54 55 63 4
26 18 37 29 20 25 17 13 30 43 12 45 14 16 24 21 53 38 8 54 34 5 46 33 19 52 62 39 61 41 49 4 31 32 22 57 40 15 23 50 51 63 47 55 44 60 3 9 59 58 2 0 7 1 11 10 48 6 42 56
37 45 53 38 26 19 11 42 44 34 30 52 54 10 20 12 1 46 5 17 55 22 24 9 8 3 33 41 60 63 51 59 58 4 23 61 2 25 18 29 62 57 40 49 14 50 21 43 32 7 31 47 48 56 39 0 6 16 13 15
44 29 20 45 30 52 34 18 53 31 19 10 54 11 9 38 4 55 60 41 21 26 37 46 61 62 48 14 25 2 1 16 43 24 8 50 12 5 22 17 7 42 57 3 49 23 39 59 6 0 63 13 32 33 40 58 15 56 47 51
19 18 17 43 26 20 29 21 22 10 51 9 1 33 3 50 11 44 52 4 49 8 2 53 0 61 54 12 37 23 16 59 42 30 38 62 15 47 31 34 25 57 14 41 13 39 55 5 48 6 32 46 7 58 60 40 24 56 63 45
44 29 20 11 26 25 21 53 12 37 10 2 42 19 62 9 30 22 13 52 8 54 31 14 33 39 60 43 23 45 15 3 61 51 4 17 63 38 34 49 56 18 46 7 59 1 0 32 41 6 47 5 24 16 55 40 48 50 57 58
44 45 46 29 19 42 43 10 30 50 51 52 37 38 47 18 11 12 5 26 49 55 59 21 9 39 22 53 41 1 25 33 54 60 40 8 13 3 62 56 31 32 48 34 63 58 57 61 14 23 16 17 24 7 0 15 6 2 20 4
19 34 41 21 37 42 20 38 22 40 50 59 58 11 32 29 60 49 18 26 3 12 48 13 30 31 44 56 15 2 23 14 33 52 39 43 53 17 4 6 61 46 7 45 16 8 47 54 0 9 10 62 1 25 51 57 63 24 55 5
26 18 37 29 21 43 42 30 23 45 19 49 17 8 51 20 44 34 53 59 58 14 5 54 40 7 12 38 11 31 39 22 9 62 13 10 52 47 0 1 3 57 4 60 63 6 2 61 24 16 15 56 25 46 55 32 50 48 33 41
37 45 26 29 30 23 44 43 54 17 34 20 18 63 52 41 33 21 31 50 8 60 11 25 51 19 12 16 53 42 32 13 58 24 55 57 5 14 49 10 6 22 40 61 38 48 46 39 47 4 56 7 62 15 2 1 59 3 9 0
44 29 20 11 12 43 38 21 50 53 13 42 2 14 18 57 22 10 5 47 37 26 19 45 17 6 25 9 1 32 15 7 52 30 61 51 34 0 8 33 58 60 46 39 24 23 56 16 59 3 55 41 40 54 31 48 4 63 62 49
44 29 19 42 34 26 17 37 50 52 46 45 60 25 33 24 20 53 30 32 18 10 2 43 12 22 14 9 38 11 40 55 8 61 62 58 59 31 49 16 21 51 41 13 15 6 39 56 48 47 57 3 4 63 7 54 1 23 5 0
37 45 53 38 19 20 46 34 33 11 31 54 55 41 26 39 3 10 30 12 48 42 51 17 29 60 21 63 44 22 13 23 61 47 43 24 32 5 18 40 49 56 4 62 52 2 15 14 6 25 50 58 9 7 16 8 0 1 59 57
26 18 37 25 19 20 10 29 17 9 30 34 8 16 21 2 11 31 32 14 7 44 24 0 39 22 53 40 43 50 46 52 12 4 3 6 13 62 61 1 15 23 57 41 60 45 48 33 42 55 5 38 63 59 54 47 58 51 49 56
44 43 26 45 54 46 53 29 47 20 21 34 37 22 18 19 14 13 5 4 15 10 11 38 1 52 17 9 30 2 42 3 6 41 40 33 60 24 8 63 61 49 32 39 16 31 12 0 50 7 25 55 56 48 23 59 57 51 58 62
19 20 29 22 45 18 30 54 12 38 15 4 26 33 47 43 50 46 25 17 13 44 62 31 14 51 59 63 21 58 61 34 10 2 52 57 16 11 3 60 6 42 53 24 37 23 40 39 41 8 32 49 48 55 0 5 7 9 1 56
19 34 44 37 46 18 43 50 51 52 41 38 9 33 25 21 59 26 42 58 14 10 39 16 60 7 49 40 17 61 56 45 3 1 2 4 53 47 54 29 11 48 32 62 30 31 57 20 13 22 12 8 23 24 63 15 55 0 6 5
26 34 43 20 19 25 37 44 16 24 13 12 10 42 5 29 21 6 52 30 18 3 50 51 45 1 7 38 58 33 23 60 49 48 40 17 56 31 57 41 22 59 61 11 39 4 32 15 8 54 47 46 2 63 0 9 55 14 53 62
26 18 19 34 42 12 44 50 11 29 21 3 49 45 51 13 25 52 30 22 37 43 60 31 23 16 33 57 24 15 8 53 62 38 10 20 54 32 5 6 17 0 39 41 2 61 58 59 48 47 4 63 46 55 14 1 40 7 9 56
26 34 42 33 40 17 43 20 25 41 19 50 49 32 51 10 29 57 1 60 48 52 8 38 21 13 14 59 6 11 44 45 3 2 12 56 58 4 5 9 24 22 61 53 16 7 30 15 31 18 46 54 37 0 62 39 23 63 55 47
37 45 19 34 53 20 21 11 42 13 3 38 46 50 12 18 26 22 33 2 1 54 30 24 10 9 29 25 44 31 23 62 5 15 39 47 0 4 6 14 40 17 63 7 51 8 58 52 61 41 32 43 16 59 60 48 56 57 49 55
37 43 34 25 18 19 33 9 50 45 17 51 1 41 26 32 20 12 10 11 29 16 24 38 8 2 49 59 52 40 22 61 39 44 4 3 42 5 21 58 13 31 48 14 46 53 30 55 60 62 57 0 63 56 23 54 15 6 7 47
19 20 29 22 12 34 38 13 43 47 6 52 30 37 14 15 51 31 39 45 23 11 21 26 2 10 55 42 4 60 5 63 25 50 1 7 46 16 33 41 61 62 48 32 54 53 18 3 40 56 49 58 57 24 59 17 8 0 44 9
37 43 42 29 21 38 26 20 45 25 19 11 12 13 44 49 18 50 17 52 32 8 5 33 40 6 16 4 53 14 60 61 46 54 56 41 3 10 59 58 63 24 31 57 7 34 30 22 9 1 47 48 15 23 2 55 0 51 39 62
19 20 37 18 13 45 17 34 54 21 33 5 22 26 4 41 48 44 51 42 25 52 49 16 32 50 6 30 46 38 60 55 23 53 61 10 2 40 43 8 29 58 39 47 11 62 56 31 9 14 15 7 63 59 24 57 0 1 3 12
44 29 22 45 43 51 54 37 42 52 59 46 47 60 53 49 18 30 61 14 31 19 33 17 26 34 11 40 9 63 25 41 57 56 55 20 38 0 21 24 23 39 5 13 6 62 1 15 16 3 12 58 32 4 48 2 10 7 50 8
44 43 34 25 26 45 53 37 24 51 52 33 41 32 29 49 59 62 54 19 17 18 11 4 9 61 57 47 60 46 55 38 31 39 63 30 23 15 3 40 48 10 5 16 12 56 21 50 20 0 1 22 14 13 6 7 42 8 58 2
37 29 21 45 26 20 54 44 13 14 15 17 51 5 42 38 46 22 39 19 12 3 31 49 25 52 30 58 8 47 56 62 10 7 59 60 55 53 6 34 4 1 11 18 2 9 16 40 63 33 43 50 61 41 24 23 48 57 32 0
26 18 44 29 10 43 42 52 61 25 32 60 45 34 59 46 41 19 38 9 37 47 20 1 21 54 50 22 15 40 0 58 13 11 4 2 53 8 17 23 51 24 3 7 16 6 33 30 63 12 14 62 48 5 55 39 49 56 31 57
26 18 19 20 9 33 13 17 8 42 44 34 32 37 25 16 38 2 24 53 1 30 12 10 22 5 3 45 51 46 62 61 11 49 55 21 14 52 60 41 43 29 54 23 31 6 7 40 15 47 56 0 4 63 48 59 39 57 50 58
19 34 43 18 29 30 9 26 33 10 11 25 21 3 37 8 39 51 2 46 4 45 20 23 54 53 16 42 50 24 38 13 12 5 32 31 44 22 0 17 14 15 59 1 6 60 62 57 49 41 48 58 40 52 47 63 55 7 61 56
37 29 22 30 18 46 21 34 45 44 52 51 53 26 19 10 33 41 17 25 38 39 31 62 9 43 11 13 42 0 32 1 40 15 8 47 60 49 14 4 12 54 16 2 55 63 56 20 48 59 5 24 50 57 23 6 7 61 3 58
19 20 13 10 18 12 1 17 11 42 29 21 9 34 16 30 45 37 39 3 43 52 26 2 59 22 14 0 51 54 33 25 53 31 44 15 7 6 55 41 23 61 38 63 32 50 49 60 46 57 56 47 5 48 8 58 62 4 24 40
37 45 44 29 22 34 20 30 46 43 41 47 50 33 32 12 11 26 25 21 38 23 54 2 53 62 55 61 14 63 31 6 13 51 3 49 19 42 15 40 39 7 57 58 60 56 52 4 5 24 1 59 17 18 9 10 16 0 48 8
37 29 18 26 19 45 54 44 38 30 33 10 21 40 22 23 42 17 43 46 31 51 47 63 15 39 49 55 11 41 9 2 52 0 1 61 59 58 56 20 53 62 60 34 8 12 24 16 25 32 4 13 14 50 57 3 48 7 5 6
37 45 44 29 46 43 18 26 17 51 50 54 59 9 22 25 8 42 52 15 34 41 38 16 0 55 40 58 24 53 60 30 49 48 47 1 14 39 63 33 56 21 62 61 23 31 7 19 2 6 10 11 57 20 12 4 3 13 5 32
37 29 22 42 19 21 18 26 33 46 44 24 38 11 12 23 55 13 20 30 4 10 34 54 39 45 31 25 47 14 3 43 32 2 53 9 0 40 5 62 61 6 63 60 7 52 15 41 1 17 59 51 8 16 50 58 49 48 56 57
19 34 43 52 45 20 51 29 25 38 53 41 31 37 18 10 30 16 2 39 46 44 48 26 32 33 13 61 11 47 17 21 22 1 59 4 54 63 55 6 12 49 0 15 9 23 57 58 5 62 3 60 7 56 50 40 42 14 24 8
37 45 44 43 18 19 10 21 20 29 34 9 38 46 0 42 13 31 52 51 55 12 49 22 39 53 4 5 6 11 58 41 14 59 40 1 62 61 30 17 3 15 26 33 8 47 2 16 50 48 23 57 25 24 32 63 56 60 54
44 45 26 18 10 25 54 29 21 2 24 43 9 13 30 22 12 11 5 32 23 15 7 14 42 39 19 51 50 53 6 49 31 20 4 0 34 33 52 37 38 61 56 48 40 47 63 17 46 55 41 3 1 16 57 8 62 58 60 59
19 18 37 11 3 20 9 34 10 44 51 43 26 25 32 46 21 12 17 59 4 13 38 22 50 52 23 49 53 60 5 16 54 0 29 39 24 14 7 45 55 8 33 47 62 41 30 61 42 40 6 63 48 56 58 15 57 31 2 1
26 34 45 21 44 37 41 53 38 30 62 18 52 48 22 60 10 17 29 2 9 54 25 20 63 31 46 47 39 43 13 61 42 5 12 24 51 50 6 15 40 7 57 23 19 49 32 1 33 16 55 4 58 14 59 56 0 11 8 3
37 45 26 34 54 18 33 42 49 44 25 63 53 50 51 29 43 56 20 24 16 11 12 41 32 40 9 57 30 62 61 38 17 23 47 4 2 1 58 52 0 13 31 59 10 19 60 46 39 8 21 22 55 3 5 6 14 15 7 48
44 43 26 29 45 46 52 19 47 25 18 17 24 33 11 4 34 12 32 53 30 21 9 39 5 8 31 10 60 42 1 61 41 3 51 59 13 54 63 16 2 40 37 20 48 50 49 38 0 58 57 23 62 22 15 14 7 6 56 55
44 45 26 34 46 19 10 18 9 20 21 12 4 5 41 30 43 52 29 51 22 0 39 13 3 23 42 31 8 38 58 25 53 11 54 61 59 47 32 16 6 14 50 17 37 40 62 63 33 57 55 1 48 49 56 2 15 7 24 60
44 29 18 26 34 52 45 25 59 54 17 33 30 31 41 8 38 24 42 9 43 46 63 50 1 62 47 0 19 49 58 60 57 10 20 2 53 40 51 39 55 13 37 32 21 61 22 48 5 12 11 14 15 23 16 56 6 7 3 4
19 20 37 18 10 45 44 2 46 29 12 11 26 25 22 42 17 52 51 50 59 38 1 4 13 54 34 31 3 41 49 56 55 16 33 0 8 58 24 53 62 21 5 47 30 61 39 6 43 23 9 60 40 32 48 63 15 57 14 7
37 43 34 41 19 29 51 38 44 26 21 11 46 13 10 9 5 54 47 12 8 45 52 22 17 3 18 30 25 20 48 60 39 0 62 42 59 55 61 33 32 6 7 1 63 49 4 2 23 15 58 16 53 31 50 57 24 40 14 56
37 45 53 20 19 34 33 41 49 48 12 29 22 57 26 32 42 38 47 13 18 44 6 9 43 4 21 5 24 61 56 16 17 11 62 39 60 51 25 50 1 7 10 23 3 55 15 40 46 54 8 31 30 63 59 2 52 0 14 58
19 34 43 18 26 50 17 10 25 16 45 20 9 33 57 29 21 8 37 30 2 1 39 46 47 54 11 52 24 38 55 3 63 53 41 14 61 22 23 12 13 44 5 32 51 7 42 15 0 62 31 59 49 58 40 4 60 56 48 6
19 20 13 26 21 34 41 33 40 14 44 37 30 5 12 29 22 4 42 38 46 25 17 10 31 43 6 15 11 52 60 53 54 39 3 16 51 9 8 58 45 0 23 18 32 49 50 7 2 1 57 47 59 62 61 56 48 24 55 63
44 43 34 29 20 26 38 41 21 30 18 45 33 19 22 14 12 31 37 15 52 25 54 59 48 51 61 9 23 4 3 63 32 10 11 24 0 17 7 1 13 42 46 55 47 50 58 2 49 57 5 40 56 60 53 6 39 62 16 8
37 45 19 34 53 11 44 62 26 29 41 20 12 33 30 5 61 46 54 48 47 21 38 43 51 59 42 60 14 13 2 50 3 39 32 24 18 40 58 22 31 52 6 10 23 9 17 8 16 4 55 25 0 57 49 7 15 1 56 63
26 20 13 25 19 44 52 11 2 21 18 60 32 17 45 6 59 46 34 33 38 3 8 30 24 43 31 42 51 29 61 49 9 47 53 10 56 50 4 37 41 40 23 12 54 16 14 58 22 63 57 48 62 55 39 5 7 15 0 1
26 20 13 12 11 34 42 2 37 25 10 50 41 32 21 14 22 46 38 4 16 39 45 31 3 44 52 59 18 53 1 17 7 29 49 19 55 56 9 30 47 8 5 54 61 43 23 15 40 60 0 62 24 48 33 51 6 63 57 58
44 43 18 29 42 9 19 34 41 33 0 52 25 16 26 49 24 17 51 40 56 1 8 60 61 12 30 57 53 45 58 21 50 54 59 11 10 22 46 20 14 38 5 7 62 39 23 2 31 15 3 47 48 55 32 4 63 6 13 37
26 20 13 12 11 18 25 4 21 32 10 34 29 6 19 22 5 2 31 14 17 9 7 30 42 44 33 40 24 15 39 49 48 41 52 60 37 38 1 43 3 16 51 0 23 56 45 50 59 53 58 57 62 54 61 63 8 46 55 47
44 43 34 25 26 29 19 53 45 10 52 37 17 59 11 24 33 18 61 12 20 32 2 51 62 1 21 3 42 46 58 38 54 60 4 22 8 63 50 47 40 57 13 16 49 41 31 5 55 23 14 0 39 6 15 30 48 7 9 56
37 43 42 45 26 38 54 34 51 52 44 20 53 49 18 60 25 61 39 19 10 9 17 33 21 14 62 31 59 47 7 12 56 11 0 22 23 29 16 1 13 63 4 58 32 15 5 50 3 24 2 46 8 6 55 57 30 41 40 48
26 18 19 34 9 10 45 8 17 24 25 54 42 43 44 20 13 33 2 21 46 29 0 50 51 3 14 60 22 30 49 11 39 48 16 38 40 12 4 31 58 5 1 56 53 6 15 47 52 7 55 59 32 57 23 41 61 63 62 37
26 18 44 45 37 25 46 53 60 30 17 54 23 9 55 38 8 61 19 43 10 22 24 39 52 29 47 1 3 62 11 63 42 59 15 21 13 5 14 31 12 33 0 7 16 41 34 20 2 6 40 32 49 48 56 50 58 57 51
37 29 22 45 26 15 44 43 51 25 17 46 47 54 21 9 53 62 61 63 55 59 58 60 42 38 8 13 33 49 5 41 24 39 56 30 40 12 11 4 23 3 14 31 2 57 19 20 10 6 7 50 48 52 32 1 18 34 0 16
19 20 45 44 43 34 12 21 30 14 18 52 51 38 37 4 5 26 60 17 9 0 31 61 23 59 42 49 41 54 29 50 25 53 3 22 10 11 13 7 16 33 1 46 57 32 55 6 47 62 40 58 63 2 15 39 24 56 48 8
44 45 19 18 37 11 46 43 42 51 10 49 41 21 20 30 17 12 29 9 34 47 53 38 31 61 22 52 59 39 55 40 14 60 50 33 56 57 0 24 1 58 62 3 25 54 63 26 13 23 16 4 6 8 2 48 15 7 32 5
37 29 18 45 30 19 53 31 21 43 42 12 13 54 51 34 23 52 10 15 55 9 17 50 1 63 57 60 11 38 59 5 49 3 25 44 4 56 26 2 41 22 61 58 20 0 46 47 14 7 33 16 6 48 62 39 40 32 24 8
26 20 29 22 12 34 45 37 42 33 46 54 40 4 30 50 13 21 31 15 41 39 47 19 53 44 51 6 62 49 58 32 25 14 24 56 38 63 3 52 23 55 60 2 18 17 48 61 43 59 5 11 1 57 9 10 16 8 0 7
19 20 37 34 12 38 43 4 45 26 31 39 17 18 29 44 53 33 10 54 25 9 11 30 16 50 40 23 51 61 5 32 49 21 22 3 47 24 8 42 15 58 59 13 0 6 63 48 62 1 2 14 7 46 52 41 55 60 57 56
37 45 53 34 42 38 18 50 41 61 58 9 20 12 39 46 29 21 30 22 13 44 60 5 62 49 40 56 54 33 32 24 19 48 0 47 55 17 4 59 11 43 14 57 6 31 51 15 25 16 10 7 26 63 23 8 1 2 3 52
26 34 41 19 42 29 11 25 18 43 30 50 57 31 37 45 20 12 21 10 44 53 16 24 9 58 38 51 49 33 54 47 3 14 59 40 52 5 22 56 17 2 7 62 32 23 48 46 15 0 55 63 13 4 39 8 6 60 1 61
44 29 20 13 19 43 37 45 30 38 50 10 54 53 6 51 39 31 47 49 34 25 1 12 11 55 41 3 2 46 52 21 58 9 22 0 42 33 48 61 62 26 4 5 18 23 16 60 40 24 14 57 17 7 59 8 32 63 15 56
44 43 42 45 46 50 19 18 37 54 17 29 30 41 51 38 49 9 55 34 53 63 22 11 10 58 57 23 59 56 33 26 62 8 12 5 52 32 39 60 21 47 13 20 15 2 14 61 3 4 1 7 6 40 25 16 48 31 24 0
26 34 44 20 33 52 37 45 29 38 30 22 53 32 31 23 43 25 17 19 41 48 51 58 39 18 49 8 24 60 15 61 12 16 9 21 13 47 55 5 6 7 4 10 2 11 59 50 0 63 3 40 46 14 57 1 56 42 62 54
37 29 20 11 21 22 2 19 13 6 18 43 38 9 5 12 15 23 31 4 51 30 17 46 34 50 1 10 54 24 45 47 52 53 49 55 16 42 44 39 63 57 14 58 3 40 32 62 7 26 41 59 25 8 56 48 61 60 0 33
26 18 44 25 17 43 33 34 52 42 51 24 16 50 49 10 11 59 60 8 58 29 9 0 37 57 20 3 22 4 1 15 2 32 38 30 41 12 21 61 5 19 45 48 23 39 13 53 54 14 40 55 6 46 62 47 56 7 63 31
37 45 19 18 53 34 42 54 55 63 33 38 20 47 9 0 29 21 43 44 51 46 31 22 62 52 30 59 14 6 7 24 61 12 41 40 23 39 10 25 49 26 17 2 11 15 50 58 56 48 60 16 5 4 1 32 3 8 13 57
19 34 44 53 42 50 41 21 58 37 45 26 33 10 62 51 30 25 14 49 16 24 1 54 40 48 56 52 32 11 61 18 47 57 12 3 59 60 4 46 2 5 13 55 38 23 29 20 63 17 9 6 15 39 7 0 8 43 22 31
44 29 21 13 26 25 19 10 30 37 14 53 38 15 1 45 43 12 17 20 62 42 33 40 51 47 49 39 11 52 24 61 7 9 54 34 23 18 8 41 60 56 57 48 46 55 50 63 32 31 22 16 5 3 58 59 4 6 0 2
26 20 21 34 42 43 19 25 18 17 45 22 16 37 23 12 44 33 13 9 10 14 5 1 24 32 3 49 46 31 41 8 0 38 39 29 2 40 30 48 4 52 53 47 55 54 57 50 61 60 56 15 58 59 7 63 11 62 51 6
37 43 50 38 26 18 44 45 29 51 54 63 42 22 39 47 19 31 46 53 58 41 62 57 56 21 20 17 30 59 15 60 16 13 34 23 6 4 48 10 3 2 61 8 24 7 0 9 25 40 1 5 55 12 52 32 14 33 49 11
37 29 22 45 53 46 21 20 26 34 44 51 47 62 19 17 43 55 58 39 61 13 33 25 12 42 50 5 41 23 18 60 38 40 15 7 54 57 24 49 11 52 48 32 56 30 9 2 14 16 3 10 6 4 1 59 63 0 31 8
37 45 53 54 19 38 44 43 50 20 63 18 11 46 52 51 47 59 58 4 29 57 3 2 21 55 9 31 62 39 30 60 61 34 42 33 23 22 41 17 13 0 25 32 56 49 24 6 12 5 10 16 14 15 7 26 48 40 8 1
37 43 42 29 44 50 51 59 21 52 58 20 12 45 34 49 57 25 54 41 40 32 53 13 24 4 33 30 60 63 46 48 23 31 56 38 39 47 3 61 6 19 26 18 55 16 5 15 11 2 17 10 8 62 9 1 22 14 7 0
26 20 45 44 53 25 12 62 18 4 61 60 34 37 29 38 46 11 43 17 42 52 51 50 30 31 58 54 33 41 23 22 32 59 63 15 55 39 10 19 13 40 47 5 21 1 9 6 7 3 48 0 2 57 8 16 56 24 49 14
26 18 37 45 44 25 54 63 19 34 53 29 17 10 20 46 39 16 41 21 62 51 1 61 33 42 22 13 9 43 50 30 6 57 58 14 23 32 5 60 38 52 59 8 24 47 56 15 55 11 2 48 0 3 49 12 7 31 40 4
19 20 37 44 13 30 52 34 26 18 23 12 4 29 17 38 45 8 42 25 39 46 22 31 43 61 53 21 59 6 9 60 62 10 33 47 0 14 24 16 5 54 1 11 2 32 51 58 40 41 63 7 15 55 50 3 57 48 56 49
44 45 26 34 41 19 12 20 43 52 21 33 29 5 60 30 22 48 17 25 3 14 13 6 46 42 16 50 23 47 32 59 61 8 4 62 7 51 18 24 57 49 53 10 11 37 40 9 55 39 58 56 31 38 0 2 1 15 54 63
26 18 10 25 24 34 44 2 9 37 17 51 41 42 19 48 45 29 22 0 11 30 8 1 21 20 33 46 31 23 50 16 40 38 39 58 15 43 12 13 3 14 4 32 54 63 5 7 53 62 59 47 57 52 49 6 61 60 55 56
26 34 44 37 45 21 33 53 20 32 41 51 40 17 42 48 22 13 49 24 52 31 18 29 19 50 38 43 14 59 23 7 39 9 46 47 4 30 16 6 58 12 2 10 1 3 56 5 8 0 25 11 60 15 57 61 54 63 62 55
44 29 22 42 26 21 34 25 49 50 33 52 19 18 37 32 14 11 60 43 16 46 41 45 51 59 30 13 10 23 47 24 12 5 48 9 7 54 53 8 15 31 62 6 0 57 40 58 17 38 20 63 61 1 39 55 2 3 4 56
44 45 37 29 54 63 19 26 30 10 25 34 53 20 1 11 18 46 33 60 55 38 47 52 21 39 3 13 12 41 5 31 62 9 48 32 51 59 23 22 14 6 7 4 17 61 2 15 42 40 24 49 43 0 50 57 58 56 8 16
37 45 53 54 44 43 52 21 50 62 63 30 61 60 34 42 59 58 26 41 20 51 57 13 29 38 40 25 18 17 32 19 14 46 22 39 31 15 6 12 16 8 3 23 5 47 7 24 9 11 4 10 0 33 49 48 2 55 56 1
44 45 26 43 52 59 42 20 21 41 51 18 12 50 10 9 60 25 46 29 33 53 37 61 58 54 40 55 19 14 0 11 47 3 34 2 38 39 1 16 7 57 62 30 49 63 17 56 13 48 32 8 31 6 4 22 24 23 5 15
26 20 45 44 13 18 52 43 10 61 60 6 50 21 34 25 33 11 19 1 42 51 53 40 32 62 16 54 29 49 58 24 37 38 9 17 8 59 39 0 63 31 30 46 22 41 47 15 23 55 3 4 57 14 7 48 12 2 56 5
44 43 50 53 18 42 51 26 34 20 45 17 25 59 16 24 33 54 19 8 60 11 63 58 52 62 9 38 3 61 13 0 1 4 57 41 49 10 21 22 14 32 2 40 31 6 46 47 48 55 7 29 5 56 39 15 30 37 12 23
44 45 26 18 19 20 37 34 54 52 43 42 61 63 47 51 50 58 41 32 9 53 13 49 57 29 11 56 59 0 38 22 17 4 1 46 62 31 15 30 6 2 3 25 5 7 12 23 10 60 8 55 40 48 33 24 16 21 14 39
19 34 44 37 46 52 33 20 53 42 26 38 12 54 51 32 43 18 60 5 10 25 39 30 23 61 50 45 29 9 0 13 21 59 40 11 4 22 24 16 8 57 6 2 14 3 15 41 63 7 31 17 49 47 55 62 58 1 56 48
26 20 13 18 37 6 10 25 17 43 19 9 24 34 21 11 4 29 8 45 46 0 14 2 5 38 33 3 51 22 39 55 12 32 53 1 42 40 30 60 23 44 16 62 59 47 7 58 61 15 49 31 41 48 57 54 63 56 52 50
26 34 44 18 9 53 43 29 17 8 25 10 3 41 0 16 48 2 19 24 37 42 49 12 51 20 33 40 22 30 13 56 62 45 50 60 32 58 54 46 57 21 61 6 23 38 47 55 5 15 14 31 52 59 11 63 1 7 39 4
44 43 34 25 18 11 51 37 46 52 53 20 12 45 16 59 10 30 29 22 9 19 23 61 42 55 58 38 21 33 62 63 47 14 32 31 26 4 54 8 5 15 2 17 24 6 0 39 7 3 60 13 1 40 48 41 49 57 50 56
26 20 29 34 12 4 44 18 37 30 9 53 19 21 31 45 13 10 11 3 52 6 17 16 24 51 60 23 22 33 15 14 8 1 7 25 46 54 5 47 42 38 55 62 43 40 41 48 49 59 61 56 58 57 39 32 0 50 2 63
19 20 21 18 44 45 26 22 9 52 12 42 23 25 43 4 37 14 5 34 30 38 32 0 60 10 41 40 50 51 31 58 48 61 49 33 24 29 2 39 8 16 53 15 11 56 57 62 47 54 63 6 59 55 17 13 1 3 7 46
44 45 46 20 12 54 62 43 18 4 29 38 30 22 14 21 50 39 31 53 11 19 13 25 26 6 23 63 3 34 5 42 33 7 24 61 17 9 10 2 47 37 52 8 16 41 55 15 48 51 32 49 0 1 58 59 60 57 40 56
37 45 53 34 26 18 25 17 44 62 61 38 63 32 8 51 43 20 10 50 59 52 49 9 33 57 16 2 19 41 48 58 21 13 46 22 56 12 23 31 39 11 14 5 30 60 24 54 55 42 40 3 29 0 1 15 7 47 4 6
26 20 37 44 13 12 21 30 46 17 51 52 4 38 39 50 42 18 8 6 5 29 60 31 7 54 58 47 34 25 33 41 48 24 9 32 45 14 23 3 11 15 43 49 57 0 62 10 19 63 22 16 53 61 2 40 59 56 1 55
37 45 19 20 29 22 53 18 26 43 21 30 23 14 6 31 13 34 41 12 11 5 51 54 55 4 25 59 42 15 39 38 3 61 17 40 49 2 7 32 46 58 60 44 50 16 24 33 1 62 57 63 48 52 8 9 0 47 10 56
26 34 41 19 44 48 33 43 50 45 20 18 32 25 12 11 2 21 10 17 46 1 0 51 58 47 29 4 16 49 54 61 63 37 55 30 24 9 13 38 8 52 57 22 23 53 62 59 42 40 6 31 15 3 60 7 14 5 39 56
37 43 34 45 51 33 26 17 32 40 18 44 25 58 59 21 46 53 60 55 41 19 9 8 30 49 48 42 12 1 54 62 63 29 61 22 39 14 16 24 47 20 57 56 52 11 10 4 13 3 15 6 5 31 38 23 2 7 0 50
37 29 20 43 26 17 25 33 34 38 47 30 22 31 50 51 45 49 57 14 23 52 39 21 13 19 11 46 32 3 59 44 6 60 54 58 61 5 48 41 42 12 16 56 40 63 2 10 18 62 4 9 8 1 0 15 7 55 53 24
44 29 21 45 26 20 19 13 54 18 6 11 37 46 9 53 3 38 22 51 39 63 52 10 60 17 1 47 30 23 43 50 58 0 16 12 31 42 55 8 49 5 2 34 4 15 24 62 41 32 7 33 25 14 61 48 40 57 56 59
26 20 45 44 37 25 52 46 12 13 30 53 43 11 19 34 47 51 18 21 50 17 59 55 41 33 6 14 8 60 62 61 54 23 4 63 2 57 24 42 49 39 22 56 38 40 29 32 16 0 48 3 9 5 10 31 15 58 1 7
19 18 37 43 51 20 11 45 29 30 23 50 25 12 49 46 21 34 22 44 54 16 4 3 2 62 55 13 63 59 33 15 42 57 38 10 60 47 61 9 7 41 26 17 56 58 14 6 31 5 1 48 40 39 53 52 8 24 32 0
19 18 37 43 50 45 53 20 11 54 17 9 25 61 63 33 12 4 16 47 1 51 26 8 2 0 29 3 10 30 59 44 46 13 62 42 5 6 31 21 22 14 38 58 41 55 7 23 24 40 32 60 48 39 57 49 52 56 15 34
44 29 21 43 26 34 42 20 13 5 45 52 37 50 58 12 59 54 6 38 11 57 31 41 53 51 30 60 49 22 63 19 62 46 14 33 3 47 61 15 17 40 25 24 23 10 18 55 4 9 56 39 8 48 32 0 16 1 2 7
44 43 50 53 45 21 61 51 18 52 59 46 47 9 19 42 26 20 49 56 41 57 13 12 11 4 48 17 37 38 5 3 16 55 34 6 1 33 30 60 25 23 39 40 22 29 63 24 58 0 32 31 15 10 14 62 54 2 8 7
19 18 37 11 26 46 21 34 42 50 3 4 5 44 52 29 38 45 25 51 54 43 59 53 17 16 33 14 23 24 58 20 8 10 2 41 40 49 62 0 60 9 48 7 30 1 32 31 13 12 39 57 56 63 55 47 15 6 22 61
19 34 41 20 45 48 43 44 37 18 51 59 26 46 11 42 53 52 39 55 10 9 8 61 50 2 32 0 21 33 60 58 12 4 3 49 40 25 5 47 38 16 1 22 54 6 57 17 56 62 24 29 30 63 14 13 23 31 15 7
26 18 44 43 50 37 46 38 19 52 45 34 42 58 39 12 59 55 57 61 9 29 22 51 41 30 23 48 11 14 53 60 13 33 25 16 40 20 31 21 62 15 5 47 56 6 17 49 54 3 4 1 2 10 32 24 7 63 0 8
44 43 42 51 34 41 19 37 48 40 32 11 45 20 29 52 26 25 18 46 47 54 2 9 30 53 10 16 63 55 59 39 61 4 3 1 31 33 21 23 38 22 13 14 12 50 49 56 0 17 57 24 8 62 6 5 7 58 15 60
26 34 45 18 43 54 19 52 37 11 9 29 42 33 21 0 10 1 3 49 8 12 30 31 51 25 40 32 38 16 41 17 63 47 13 59 50 4 60 57 39 5 58 44 23 53 55 48 46 62 61 20 2 22 15 56 14 6 7 24
44 29 20 43 30 21 22 53 34 14 6 31 51 11 62 33 41 19 12 50 32 37 39 13 23 7 59 52 3 26 17 5 61 2 38 25 16 46 18 57 42 9 15 49 55 4 0 54 10 1 8 45 24 47 63 60 40 48 56 58
37 45 44 29 19 52 38 47 60 46 55 18 26 25 17 43 33 59 39 61 53 10 21 13 54 8 12 31 16 9 51 11 30 22 5 41 24 32 42 50 34 20 23 63 2 15 0 3 4 14 40 49 57 56 6 7 48 62 1 58
19 18 17 34 43 52 33 32 41 21 29 49 48 37 50 57 46 9 26 38 44 20 10 11 40 55 39 56 54 8 0 30 2 62 42 12 3 14 16 5 53 25 60 22 7 24 45 6 23 59 1 31 13 61 47 4 58 15 51 63
26 20 21 18 12 4 19 34 42 50 3 2 9 44 33 17 51 16 25 30 43 10 0 29 37 59 8 13 49 45 60 11 52 32 54 24 57 58 14 22 6 38 15 23 40 48 61 5 41 53 39 56 7 55 46 62 31 47 1 63
44 45 37 43 18 19 54 29 20 12 51 17 13 46 9 11 4 2 38 5 25 32 3 6 33 34 1 39 14 16 42 59 41 23 30 53 7 21 47 10 22 52 26 55 58 50 61 15 48 24 40 57 60 31 8 49 56 0 63 62
44 43 26 45 54 46 52 63 51 18 38 29 22 34 21 42 9 37 50 41 53 58 40 15 59 19 47 48 32 55 25 60 62 49 56 39 31 0 20 61 57 17 16 10 13 14 1 30 3 4 11 24 7 12 5 23 33 6 8 2
44 29 21 43 26 19 37 45 34 41 51 30 12 50 33 32 42 59 58 14 39 5 20 46 38 13 4 49 24 40 18 11 47 17 22 31 60 16 23 55 48 3 15 57 8 25 56 54 10 7 6 52 63 2 9 53 62 61 1 0
26 34 43 18 19 44 29 11 45 51 33 42 58 53 41 50 17 37 46 30 31 39 57 54 47 16 60 48 61 55 49 23 38 52 12 24 10 3 32 25 9 56 40 8 62 5 59 20 0 1 22 13 4 2 21 63 14 7 15 6
19 20 37 18 9 43 26 33 13 17 25 32 11 12 4 3 51 45 29 6 2 21 24 44 41 58 14 8 46 55 16 10 1 53 52 40 42 5 60 50 49 34 22 57 61 62 47 54 48 59 0 38 63 30 15 7 39 31 23 56
19 20 29 34 21 22 44 53 42 11 18 50 33 43 58 49 45 25 41 14 48 37 23 30 62 26 17 40 3 12 15 9 0 57 24 38 16 10 13 7 56 59 47 46 55 51 52 61 39 8 32 63 6 31 1 4 60 2 54 5
37 43 26 19 44 29 42 50 11 34 51 52 33 46 58 49 45 24 59 18 21 61 10 30 48 22 23 1 2 57 56 15 12 54 14 41 25 40 20 60 7 9 0 32 53 62 17 4 63 31 13 38 16 6 5 8 55 3 39 47
37 29 20 11 21 38 26 25 18 14 39 42 34 46 13 43 24 5 44 45 22 17 7 32 40 19 52 51 50 23 16 47 9 33 41 57 59 48 30 54 6 10 62 60 3 15 61 4 55 1 2 0 8 12 53 58 31 63 49 56
26 34 42 20 37 46 12 33 43 19 17 18 40 32 41 48 55 21 30 5 24 22 13 50 51 16 11 44 31 3 52 61 4 14 9 1 7 38 8 54 60 39 10 53 23 6 15 2 25 29 57 45 0 58 56 59 47 49 62 63
44 29 22 30 18 26 34 43 42 33 24 50 38 10 19 17 41 11 58 15 8 49 25 48 14 47 2 52 51 9 45 6 53 59 56 57 12 4 3 61 16 1 60 21 62 54 5 37 31 46 7 20 40 32 55 0 39 63 23 13
44 43 26 19 18 21 29 53 51 58 45 33 25 37 20 11 42 41 59 34 46 10 1 47 55 63 13 60 17 8 2 6 9 14 61 16 50 39 40 30 62 52 7 0 24 15 38 32 31 22 49 57 5 54 23 48 56 12 4 3
37 43 18 19 42 29 11 45 44 9 21 51 52 10 0 12 60 53 3 61 20 49 56 4 1 59 46 22 5 30 23 26 58 38 47 57 33 14 13 17 15 50 25 34 54 40 62 55 41 48 32 16 63 6 7 2 31 24 8 39
26 34 42 33 45 21 32 25 19 10 20 41 40 29 18 44 37 24 17 48 2 12 13 6 51 60 5 54 43 14 59 16 49 58 7 46 56 38 11 3 39 15 47 52 63 53 8 30 1 57 50 9 0 61 4 62 23 31 55 22
44 29 21 45 46 20 12 43 26 54 42 11 22 23 62 49 41 33 10 50 40 18 9 3 13 53 30 32 15 48 58 55 52 39 34 7 61 0 56 5 38 17 4 31 37 60 59 14 25 24 19 51 1 2 47 63 57 6 16 8
26 34 44 20 19 52 29 17 33 18 12 13 37 30 53 25 23 42 14 31 9 6 21 22 41 62 7 4 15 11 50 49 60 10 48 56 51 46 39 38 45 47 3 1 8 0 57 54 55 16 5 43 32 40 24 2 63 61 58 59
37 43 50 51 26 57 44 30 59 42 41 60 46 20 61 17 45 34 19 12 18 53 58 52 13 62 16 10 4 54 63 32 3 38 55 5 21 1 39 6 22 8 29 31 24 15 40 33 7 14 25 48 23 47 56 2 49 11 0 9
19 34 42 50 44 20 18 21 43 10 11 12 4 17 30 52 33 24 29 5 51 59 13 3 61 53 1 6 16 26 62 14 22 45 32 38 31 54 15 25 41 48 57 39 2 58 40 0 56 49 46 7 60 8 9 47 55 37 23 63
44 45 46 20 12 54 62 52 34 18 60 59 58 41 33 4 21 25 3 26 13 6 24 17 43 29 5 50 19 11 42 2 30 40 61 49 56 63 47 51 32 37 10 23 22 14 7 15 38 48 57 8 9 39 31 0 1 53 55 16
19 18 37 11 9 17 3 4 25 2 43 50 51 34 41 52 46 20 10 21 33 32 49 44 8 30 14 57 61 29 13 22 48 7 45 26 24 0 16 6 40 53 31 58 15 23 60 39 12 42 54 47 38 63 55 1 56 5 59 62
37 43 18 38 45 52 46 21 19 47 54 29 39 26 55 12 13 31 34 41 53 25 42 62 50 44 49 11 51 59 40 14 9 56 5 20 60 32 23 6 30 33 3 15 58 2 7 48 24 17 1 0 16 61 22 10 4 63 57 8
19 20 29 22 45 43 44 11 34 52 53 38 51 41 3 10 37 42 21 50 40 61 60 18 26 13 54 59 9 33 49 32 23 62 5 2 24 15 17 48 4 55 25 31 1 8 16 58 57 6 46 56 0 39 30 12 63 47 14 7
26 20 37 46 21 22 13 42 23 14 38 19 5 25 10 29 18 6 4 47 32 11 39 24 54 30 7 45 31 61 53 44 49 2 1 60 3 40 34 12 52 58 55 9 56 17 16 51 50 62 48 41 43 0 33 59 63 15 57 8
26 18 19 34 33 20 37 40 12 45 32 38 11 5 39 31 13 42 10 47 9 6 51 8 21 30 54 63 1 25 24 50 23 52 3 4 41 15 59 48 56 49 14 2 43 44 46 22 29 16 58 53 0 57 61 60 62 17 7 55
44 29 22 30 38 45 26 15 14 34 46 21 41 18 37 52 10 47 12 48 53 54 55 2 60 51 17 42 58 63 61 8 39 50 19 20 11 23 1 62 59 31 25 13 7 5 43 0 9 33 24 3 6 57 49 4 40 56 16 32
26 20 21 22 45 42 44 52 43 38 12 34 50 3 61 59 54 41 23 13 40 32 31 25 58 63 60 48 19 30 29 18 10 47 37 57 24 39 56 16 6 2 14 7 4 11 5 53 1 51 46 62 33 0 55 9 8 15 17 49
44 45 37 29 46 55 38 53 21 26 18 10 20 39 9 8 54 14 22 13 0 34 31 63 16 47 4 12 2 23 42 17 62 25 6 11 32 5 15 19 30 60 52 41 33 1 50 61 24 58 59 3 51 48 43 7 57 56 49 40
19 20 13 26 33 34 42 12 43 49 45 17 41 32 5 18 40 10 8 50 48 29 57 6 37 24 21 38 51 4 22 52 46 54 2 60 63 15 23 25 44 1 59 31 9 3 55 30 16 61 53 56 58 39 11 47 14 7 62 0
26 20 29 34 44 38 19 37 46 45 54 53 22 18 25 63 42 50 12 47 9 0 17 21 43 3 52 24 16 11 62 23 4 2 58 57 13 41 40 5 10 59 15 51 33 32 39 61 48 7 1 49 6 8 60 14 30 31 56 55
26 20 21 18 37 34 9 44 29 14 11 22 25 17 33 12 51 41 32 1 7 13 50 6 5 24 15 52 45 43 3 23 8 57 60 42 49 58 40 2 31 46 54 61 62 4 19 56 16 59 55 47 53 63 10 30 0 48 39 38
26 20 37 34 18 10 9 38 11 2 41 0 25 24 16 42 43 33 21 44 13 12 29 50 3 22 30 31 39 32 45 47 1 4 46 23 19 52 17 55 5 14 53 8 6 54 58 57 51 60 7 15 40 59 61 62 63 48 49 56
19 34 41 11 44 37 30 46 26 33 17 23 3 49 29 25 32 10 18 24 38 9 54 12 4 45 48 55 22 39 21 15 8 63 47 5 61 53 50 51 20 40 58 13 16 57 14 43 42 2 31 59 56 7 60 52 62 6 1 0
26 20 21 22 44 42 34 25 12 3 23 29 16 43 17 45 19 8 38 18 50 51 10 31 37 33 53 46 24 2 41 11 5 14 9 57 52 62 55 39 49 4 61 6 63 60 59 56 47 58 54 15 30 32 48 40 13 0 7 1
19 34 41 11 10 9 42 20 13 43 2 33 16 21 26 25 29 49 18 4 17 12 3 30 40 8 48 22 50 32 5 58 59 24 14 6 38 56 31 1 0 37 15 7 57 60 44 23 39 47 51 52 53 46 54 45 55 63 61 62
19 20 21 18 17 34 41 33 44 11 2 29 26 48 40 45 56 22 13 43 38 31 52 32 42 16 14 50 8 12 37 3 53 60 30 39 4 6 47 62 9 25 7 0 23 54 57 58 1 51 59 61 49 5 63 46 10 55 15 24
19 34 44 53 52 37 26 10 42 43 38 49 18 29 20 17 62 12 1 45 54 61 41 39 59 47 56 60 24 11 3 2 33 46 31 51 5 58 21 0 9 32 57 16 50 30 55 22 13 14 15 25 6 23 8 63 40 4 48 7
44 29 22 43 26 45 54 19 18 15 53 17 10 46 51 50 49 60 24 59 38 41 62 31 52 9 0 61 32 42 30 55 14 20 58 47 33 1 11 25 63 56 39 13 57 2 4 12 16 48 37 40 6 21 8 5 3 34 23 7
37 29 20 13 22 31 15 44 11 12 21 34 33 23 39 42 51 46 30 2 14 41 4 19 26 5 10 7 55 49 50 9 57 25 18 53 62 3 24 47 0 8 16 40 32 60 1 56 6 43 17 63 52 38 54 45 48 58 59 61
26 18 44 34 33 45 25 32 9 10 11 43 51 29 42 50 54 58 30 37 52 22 59 4 40 63 14 31 46 0 8 15 23 48 49 13 12 19 16 53 21 17 6 7 60 2 20 1 24 55 38 41 57 3 62 5 39 47 56 61
19 18 44 43 50 53 17 11 4 51 34 49 10 20 29 42 57 1 9 41 37 52 33 13 61 25 24 60 59 2 21 48 5 46 16 22 23 32 56 26 39 54 3 6 55 14 30 31 8 12 15 38 45 47 7 63 0 58 40 62
19 18 17 9 1 34 44 53 33 45 54 46 52 61 47 37 60 55 63 59 29 21 14 51 22 32 41 11 42 15 62 20 39 13 58 49 6 16 30 38 40 56 24 23 10 7 12 8 57 50 3 43 5 26 0 4 25 2 31 48
37 29 20 13 22 38 21 23 18 42 39 34 15 9 0 31 19 11 26 44 2 3 33 24 14 10 50 5 4 45 54 1 6 8 7 53 62 51 17 49 32 16 52 63 56 47 60 43 46 48 58 12 25 61 30 40 55 59 41 57
19 18 26 34 42 12 25 20 11 49 44 17 21 52 43 16 9 0 29 3 33 40 32 22 1 2 61 8 53 50 5 62 63 51 23 14 30 41 37 38 45 24 59 13 7 58 15 54 4 6 39 31 46 55 56 10 60 57 47 48
44 45 26 52 53 20 37 46 38 43 19 31 13 17 34 33 60 59 29 6 11 10 8 3 32 25 24 16 58 30 42 51 23 54 21 40 2 9 1 15 41 22 4 50 49 48 63 18 14 5 62 47 56 55 7 0 39 12 61 57
19 18 17 43 44 53 26 37 52 51 42 34 46 33 41 9 60 45 1 30 54 49 48 40 56 47 50 58 29 38 55 61 31 62 32 24 57 63 16 0 25 21 12 39 11 59 2 8 20 22 23 5 3 15 4 13 10 14 7 6
26 34 41 20 45 37 38 42 12 39 44 53 62 19 11 4 46 10 30 18 3 55 17 60 54 21 52 33 5 49 25 61 13 51 50 1 43 63 56 24 32 40 16 9 23 22 2 48 14 6 47 8 31 29 59 15 57 58 0 7
19 18 37 11 26 33 17 43 34 29 32 40 20 44 38 42 2 9 52 13 48 12 25 46 4 41 6 8 45 10 54 49 0 1 58 57 56 3 50 30 16 47 23 55 21 59 61 22 60 14 15 63 31 5 62 53 51 7 24 39
37 29 20 43 26 11 42 25 44 52 17 51 33 30 21 41 60 24 50 10 19 58 49 34 1 32 38 48 16 12 45 8 18 39 23 61 2 31 62 13 22 53 56 4 47 9 5 15 3 6 46 40 57 59 0 55 54 63 14 7
44 45 26 18 37 29 22 21 9 15 14 34 53 20 33 25 16 61 19 13 38 17 43 50 5 41 31 39 51 12 23 58 8 30 62 7 40 0 57 63 24 56 42 32 4 3 52 47 2 59 54 49 10 48 46 11 6 55 60 1
26 18 10 29 30 20 11 22 45 25 24 38 31 46 47 54 61 2 15 34 43 51 13 32 42 44 40 50 33 21 17 37 41 12 59 52 9 8 16 19 60 55 14 62 23 0 53 6 4 48 49 56 39 58 7 5 57 1 63 3
44 45 19 34 46 53 43 52 61 18 25 20 9 62 60 59 11 42 12 3 26 32 24 21 50 0 14 41 10 16 57 39 5 30 47 55 54 38 4 37 48 6 63 13 1 51 29 2 31 23 58 49 8 33 15 17 56 22 7 40
37 43 26 19 42 46 18 44 53 51 39 41 38 62 12 30 59 34 48 58 21 23 45 47 50 29 52 57 31 11 56 60 61 32 15 54 63 5 3 7 40 25 20 33 49 2 55 17 24 16 22 4 9 8 13 1 10 6 14 0
26 18 10 29 45 44 37 43 19 9 53 54 46 38 0 34 31 39 30 52 59 21 55 23 22 17 12 15 16 62 41 8 51 11 47 5 20 63 60 33 1 48 4 14 6 61 40 32 25 50 42 58 49 24 57 3 2 13 7 56
44 29 19 42 20 26 34 12 18 10 21 30 1 52 50 25 13 49 16 2 11 17 60 5 43 0 8 24 32 9 31 61 22 4 6 51 41 59 57 37 53 56 33 62 3 40 46 7 38 14 48 54 55 47 23 63 45 58 15 39
19 34 43 52 45 29 59 26 18 42 22 10 20 54 1 30 51 50 9 61 31 60 63 21 12 13 37 58 5 14 41 23 44 2 7 32 25 6 57 11 33 38 53 17 40 4 39 49 48 16 8 56 24 0 3 62 15 47 55 46
26 34 41 18 37 25 16 42 43 50 20 24 49 52 51 8 53 44 9 30 32 40 38 21 29 19 14 56 48 60 39 7 0 62 10 17 13 46 54 61 33 23 12 45 31 63 55 3 11 22 47 1 15 57 58 4 5 6 2 59
26 20 45 44 29 46 53 38 12 52 39 25 43 42 17 11 30 54 61 13 49 50 62 22 33 34 18 31 6 14 51 58 4 56 15 24 19 8 37 47 41 2 9 60 10 16 55 3 32 63 1 48 23 5 21 40 59 7 57 0
44 29 18 43 21 52 45 13 60 26 14 54 19 12 38 46 37 22 55 34 42 15 7 6 63 47 30 17 39 33 32 49 10 2 23 51 11 61 1 59 24 3 41 50 31 9 56 48 0 20 5 16 4 40 8 25 53 58 57 62
19 34 43 52 37 11 50 21 25 51 20 57 3 38 59 33 46 17 61 13 29 45 22 53 30 10 44 14 6 23 42 5 58 60 9 1 4 31 41 2 56 26 0 55 54 39 32 62 63 7 8 24 47 48 12 18 49 40 15 16
37 45 44 43 18 20 51 46 12 34 54 19 30 42 10 60 52 61 41 11 3 29 59 58 47 31 23 25 38 40 49 26 22 2 21 53 39 4 24 14 13 16 5 32 50 57 33 6 9 7 15 62 63 55 17 0 56 48 1 8
26 20 37 34 33 44 13 32 51 18 17 46 21 16 30 53 52 19 38 60 42 12 55 50 58 14 8 0 3 22 29 4 6 45 49 15 24 47 23 43 41 56 9 31 57 11 62 61 39 48 40 2 1 59 7 25 5 63 10 54
44 43 50 21 20 51 14 29 26 52 59 57 34 11 30 22 12 31 10 25 53 19 49 42 37 56 18 62 54 17 32 4 38 13 16 15 45 9 3 58 8 2 6 39 46 63 55 5 33 60 48 24 61 47 41 7 1 0 40 23
26 18 44 29 10 9 19 2 0 42 43 52 1 16 49 11 37 51 30 25 17 45 53 31 12 20 50 4 13 57 33 3 5 61 23 14 39 24 21 38 58 56 46 41 59 47 60 54 40 6 34 48 7 15 22 8 32 62 55 63
19 18 44 11 10 2 1 9 0 26 3 8 34 45 37 4 54 63 46 41 20 21 5 29 25 33 13 22 17 6 14 38 30 24 7 23 31 53 16 39 48 15 55 43 47 12 32 40 52 60 61 50 57 42 51 62 49 56 59 58
37 43 50 29 22 46 45 54 55 15 34 42 53 26 25 41 32 63 19 44 18 40 48 62 61 57 49 47 58 9 10 52 30 24 14 12 11 2 16 60 56 38 33 20 51 31 39 17 4 59 5 3 23 21 8 7 6 13 0 1
44 43 34 29 37 42 18 25 50 45 52 61 32 20 33 57 13 12 22 21 41 6 58 59 30 31 54 48 49 38 26 47 14 19 15 17 9 53 40 10 5 23 24 7 39 16 46 4 1 11 62 0 60 55 8 3 56 51 2 63
26 18 44 34 17 16 9 2 8 25 10 1 41 43 50 11 33 42 19 21 0 37 45 24 20 53 38 30 52 12 23 29 62 61 13 4 46 39 5 51 31 47 59 48 40 57 55 32 3 60 14 7 56 63 49 22 6 54 58 15
19 18 26 34 17 9 25 21 11 16 43 4 10 50 1 20 29 0 57 3 12 45 42 38 30 51 59 31 37 5 24 44 54 33 2 46 40 58 53 41 13 62 6 14 47 32 7 56 22 49 61 52 48 63 39 60 23 15 8 55
26 18 44 45 10 52 54 17 43 3 61 29 21 13 25 50 37 42 30 38 57 53 2 55 14 1 34 9 19 51 16 11 60 22 15 6 7 24 63 49 47 33 31 8 59 20 0 39 5 58 48 62 46 12 32 40 56 41 4 23
44 45 19 52 37 18 53 54 26 38 10 9 17 1 63 16 29 55 0 43 39 22 20 46 62 51 34 33 41 2 11 42 8 49 60 31 15 13 40 61 57 47 59 25 30 21 12 50 58 56 24 4 6 32 5 3 48 14 7 23
26 34 41 20 44 18 19 25 33 49 16 43 17 12 42 8 13 10 40 50 59 24 29 14 6 37 4 11 58 21 5 48 56 3 30 57 9 1 23 38 51 52 39 31 0 2 45 15 22 54 46 55 62 60 32 7 61 47 53 63
26 18 19 20 12 34 17 9 33 16 44 13 8 11 4 40 25 43 6 5 52 10 3 0 41 49 32 60 61 50 59 24 37 14 21 2 1 45 53 29 23 54 63 15 57 7 38 58 51 48 30 22 42 47 39 55 46 62 56 31
19 20 37 18 12 21 13 42 9 44 10 5 30 14 6 46 29 22 51 7 55 26 3 17 25 4 15 31 45 53 38 24 62 58 33 54 63 8 11 32 49 43 47 56 2 52 41 50 23 0 57 1 39 61 16 59 34 48 40 60
37 29 22 30 20 11 18 26 17 42 12 44 53 15 4 9 38 51 10 62 45 8 25 46 54 55 16 19 1 21 43 34 50 33 0 3 61 57 52 5 49 2 47 41 32 24 13 40 48 60 23 14 7 58 6 39 59 63 31 56
37 29 20 43 34 45 30 21 52 50 14 23 31 39 44 19 57 42 10 33 53 12 4 38 46 13 49 11 5 60 18 9 8 26 22 41 54 1 59 63 25 55 51 15 62 48 7 0 47 24 56 58 32 6 61 40 17 2 3 16
19 34 43 52 51 50 44 37 42 10 29 22 41 32 46 18 53 33 21 45 23 55 49 62 54 15 11 20 24 2 26 16 17 60 48 40 59 58 47 25 8 39 1 0 30 31 57 38 3 12 61 13 4 56 6 9 14 7 63 5
26 20 37 44 21 17 34 30 12 29 45 4 8 41 53 54 31 43 3 25 52 62 24 61 63 23 33 46 51 32 15 58 59 16 38 10 22 13 19 2 57 5 1 42 55 14 39 50 11 18 40 7 9 48 49 47 56 6 60 0
44 43 42 45 26 52 37 41 49 20 53 34 21 22 18 46 51 61 50 17 14 38 32 59 13 58 54 48 33 55 25 19 60 6 30 39 8 24 63 10 47 40 57 29 62 11 4 31 23 9 0 5 56 2 12 3 1 15 7 16
26 18 37 34 9 20 42 44 21 29 30 41 45 50 13 14 19 46 51 10 53 39 49 58 38 12 22 57 43 60 4 23 15 0 11 52 61 62 8 1 47 55 31 6 17 7 48 40 2 56 5 3 59 54 63 33 25 16 32 24
26 34 41 18 37 45 10 43 44 48 53 38 30 52 60 22 42 61 39 31 54 9 62 33 40 51 23 49 8 32 57 29 21 58 20 13 12 55 50 0 47 25 63 16 56 2 5 4 24 59 19 6 14 11 3 17 7 46 1 15
19 34 42 50 41 26 37 40 48 12 32 43 25 16 59 33 11 20 17 45 51 24 44 58 53 29 13 2 8 30 18 9 0 10 52 6 60 54 23 38 3 31 47 5 63 61 62 1 39 21 4 49 57 46 7 55 22 15 56 14
26 20 21 22 13 12 45 44 29 17 25 6 15 18 52 38 8 54 19 53 34 11 55 32 5 61 7 59 62 33 37 30 60 9 39 23 2 46 58 43 50 10 42 4 16 51 24 41 1 47 31 63 14 57 40 3 48 49 56 0
44 29 22 42 20 53 49 30 21 14 18 19 52 43 45 41 34 37 13 17 31 38 15 11 10 5 4 56 54 61 39 7 62 23 12 9 40 25 2 50 32 55 1 26 33 48 58 24 51 60 63 46 59 0 16 47 6 8 3 57
19 18 17 20 21 34 43 9 37 45 33 22 44 41 23 32 48 25 54 50 0 13 12 38 57 4 5 52 3 11 10 63 24 2 1 8 46 59 53 16 51 60 39 30 40 58 55 6 49 47 7 26 14 62 31 61 42 29 15 56
19 20 21 34 41 14 45 18 9 37 43 26 29 48 12 52 11 3 7 30 59 54 10 8 31 61 13 39 33 17 47 42 5 6 51 46 53 49 40 15 55 38 57 32 2 58 23 44 22 56 25 50 24 16 0 60 4 63 62 1
37 43 34 41 50 29 21 45 44 52 53 59 51 54 62 30 39 13 14 23 22 12 38 7 3 42 46 15 5 31 40 47 57 60 55 20 33 48 18 61 56 26 17 32 24 63 58 49 19 6 25 10 9 8 2 4 0 1 11 16
44 45 37 29 19 43 53 51 59 62 22 30 23 10 1 26 20 21 52 46 47 60 13 6 25 17 33 34 5 41 18 39 61 58 11 2 24 0 3 14 48 9 55 38 40 63 54 12 31 15 16 4 50 32 8 42 7 56 57 49
44 45 19 43 52 61 60 11 34 42 62 37 53 25 18 26 51 9 33 50 29 40 57 30 23 38 41 31 10 49 20 58 48 46 4 15 17 24 55 59 0 32 39 2 12 3 8 47 1 56 54 5 7 13 21 22 6 63 16 14
37 45 26 18 44 43 9 20 53 19 10 11 12 29 30 22 21 46 39 47 23 62 52 3 60 31 50 17 54 14 15 42 5 58 25 24 57 4 51 8 16 63 2 7 41 1 13 56 38 40 55 61 59 6 33 34 32 48 49 0
19 20 21 34 43 50 44 29 33 13 22 31 52 26 18 17 6 32 23 12 3 5 9 53 4 51 59 37 39 0 11 25 46 42 49 2 40 57 30 60 41 14 10 1 8 15 7 16 61 48 45 24 56 38 58 54 62 63 47 55
19 34 41 18 26 17 9 10 45 21 37 11 42 54 3 4 63 43 51 50 49 38 29 58 5 32 16 40 44 46 20 13 14 15 52 24 22 6 47 25 48 2 1 60 33 56 61 39 31 62 53 57 30 0 7 8 59 55 23 12
37 45 26 34 53 21 41 18 9 44 19 54 55 20 22 33 32 30 46 61 23 29 38 13 6 42 60 47 63 17 43 51 52 5 25 50 14 59 49 62 10 58 12 0 57 15 1 4 7 2 3 8 11 56 39 48 31 16 24 40
44 29 21 43 26 20 12 25 19 11 22 4 50 37 24 23 3 53 62 2 30 42 5 17 33 18 10 57 13 31 39 38 34 16 1 45 46 47 55 32 51 54 41 63 58 59 49 52 60 6 7 56 48 40 9 0 8 61 15 14
37 29 20 45 30 21 19 26 38 39 25 31 23 15 54 11 13 24 17 43 47 12 2 53 33 3 4 46 34 55 44 5 63 52 14 62 22 16 41 42 18 1 61 8 32 9 51 60 0 7 40 50 59 49 58 10 6 56 57 48
37 43 34 45 51 33 25 38 19 20 41 18 13 26 39 12 10 14 6 40 52 21 11 3 5 42 29 30 50 60 31 58 4 22 15 7 44 46 49 16 17 57 55 47 59 9 24 53 61 32 2 62 8 0 23 54 56 1 63 48
37 43 34 29 52 51 19 53 20 45 42 25 46 18 41 33 60 11 24 21 10 40 14 38 39 22 50 59 17 47 26 7 49 1 3 44 31 9 15 16 6 30 55 56 8 62 12 61 57 2 0 13 4 48 58 32 54 63 5 23
26 34 41 18 42 20 29 48 19 50 37 38 49 57 56 43 17 21 33 40 14 11 4 7 12 8 46 2 58 13 16 24 22 51 25 32 52 45 39 30 5 55 23 60 10 59 53 1 31 9 61 15 44 54 0 47 6 3 62 63
19 34 43 50 44 37 42 51 33 41 60 26 46 32 40 59 53 30 52 18 48 10 12 56 20 11 1 24 2 5 25 4 17 8 13 55 38 49 16 62 22 21 6 14 3 45 15 61 39 9 23 29 57 31 0 58 54 63 47 7
19 18 26 20 21 34 12 22 30 4 25 37 5 14 42 41 11 10 44 45 7 43 33 24 16 46 40 32 1 38 50 59 58 57 53 8 0 13 55 52 60 54 62 51 29 6 48 23 17 2 31 47 56 63 3 9 15 61 39 49
37 43 34 45 44 29 19 52 30 11 61 60 26 22 14 20 12 42 38 62 59 13 51 31 3 41 18 2 6 33 32 15 25 10 63 40 4 5 24 58 49 16 57 47 23 53 17 48 21 39 9 46 1 8 54 50 7 55 56 0
44 29 20 11 26 43 30 34 12 13 50 17 33 51 19 53 5 49 10 25 59 2 24 52 41 18 3 32 21 31 54 55 16 42 45 9 8 60 63 58 39 1 22 23 61 4 56 57 47 6 40 48 0 46 38 37 62 7 14 15
26 18 19 20 13 43 44 25 50 45 29 51 52 57 10 37 24 17 16 2 11 21 34 12 54 6 3 53 60 9 22 23 62 42 15 31 0 63 38 30 39 61 41 48 49 8 40 46 1 59 14 5 33 32 56 7 4 47 55 58
26 20 13 34 43 6 19 52 29 18 25 32 37 46 21 45 24 30 61 33 39 14 53 50 44 47 10 23 51 58 55 12 41 16 5 60 9 38 54 42 57 17 31 3 40 49 7 56 8 0 15 62 1 63 48 22 11 4 2 59
37 29 22 30 18 26 17 45 54 42 31 23 34 53 38 10 41 39 2 44 61 21 13 33 20 8 24 19 14 4 50 51 5 7 52 62 3 46 25 16 12 60 55 43 47 6 59 40 0 63 15 32 11 49 57 1 48 58 9 56
19 34 45 20 21 29 22 14 41 37 38 23 7 6 5 42 13 33 15 48 49 18 25 16 9 39 31 56 46 24 11 4 32 2 43 52 50 53 61 44 0 58 47 40 57 26 3 10 17 51 1 12 59 30 60 54 62 8 55 63
26 34 42 18 37 43 20 17 50 45 10 51 8 13 53 9 0 19 6 57 12 38 58 25 41 11 33 29 31 1 56 48 21 47 44 14 4 3 39 22 15 24 30 23 55 49 32 59 40 54 16 52 62 5 2 61 46 7 60 63
44 29 18 43 21 19 37 9 26 46 20 22 14 51 52 53 42 50 62 13 12 34 49 56 55 11 3 60 31 6 25 58 5 33 57 38 40 15 45 4 7 24 48 47 0 30 61 63 59 2 41 32 1 54 39 10 16 17 23 8
37 43 26 21 20 17 50 51 52 57 42 29 38 46 14 41 19 59 55 30 34 7 33 18 12 44 39 32 40 25 45 22 49 56 23 47 6 4 48 31 9 16 54 24 5 10 1 63 8 2 13 11 3 58 60 15 62 53 61 0
44 45 46 29 18 26 17 42 30 53 43 47 62 9 1 20 54 52 13 25 21 63 39 11 34 31 37 0 10 14 4 2 55 22 60 16 49 61 7 51 38 33 41 59 8 57 24 50 40 15 23 32 48 6 5 19 12 56 3 58
26 34 45 18 43 20 33 40 13 37 44 19 11 53 9 51 50 12 46 49 57 2 17 25 61 52 48 47 39 0 16 31 10 30 1 3 4 42 54 5 41 56 58 8 29 55 62 21 23 60 6 32 14 7 59 63 15 38 22 24
19 34 45 21 33 10 20 43 18 17 51 37 38 44 9 41 29 0 12 58 22 39 16 24 48 4 11 23 59 8 30 53 15 14 25 60 61 46 2 50 55 62 49 3 5 54 7 57 26 42 32 6 13 40 56 1 63 52 47 31
44 45 37 43 51 53 42 59 61 33 41 49 58 60 18 19 50 54 55 63 52 21 32 29 30 31 24 57 11 10 56 47 14 20 12 26 1 40 48 4 38 13 9 2 17 34 22 39 46 16 3 5 0 62 25 8 6 15 7 23
26 34 42 33 44 18 10 19 17 51 50 1 32 24 12 58 49 5 25 53 16 9 11 40 2 21 43 37 46 55 41 3 60 59 20 29 52 61 54 8 45 63 4 13 30 48 47 39 22 15 6 14 57 56 0 38 31 23 7 62
37 45 44 43 51 53 54 20 34 26 18 30 12 55 61 62 50 59 52 9 29 33 19 11 17 5 42 21 58 49 40 32 13 48 0 46 38 8 2 6 57 56 39 47 63 1 10 23 22 31 16 14 3 41 60 25 15 4 7 24
19 34 42 20 26 43 44 18 13 50 45 53 29 21 25 6 62 37 41 54 38 32 52 46 16 17 39 47 22 59 58 60 40 12 4 48 30 5 33 10 61 51 7 24 3 8 9 2 11 57 14 63 55 31 1 23 49 0 15
44 43 18 21 51 26 14 53 37 10 17 29 2 7 13 46 62 60 38 30 19 58 59 5 55 42 23 39 22 31 50 45 20 1 6 12 11 25 41 9 16 40 4 8 34 57 52 15 48 3 56 49 54 63 61 24 32 33 47 0
37 29 18 43 19 38 45 10 22 17 50 54 53 57 9 0 1 2 16 25 63 11 39 46 47 15 21 14 26 33 42 61 3 44 32 49 34 4 7 20 60 6 30 40 8 41 62 24 51 59 23 31 56 55 5 58 12 52 13 48
19 34 43 50 37 20 18 17 9 29 12 46 44 5 4 45 26 11 33 0 25 32 51 42 58 3 22 13 30 24 47 38 8 10 14 31 39 54 21 23 7 6 2 60 16 52 15 1 62 41 40 55 61 57 63 48 56 53 49 59
44 43 50 37 19 10 30 26 21 20 11 57 1 45 53 3 42 34 18 38 58 59 12 52 54 2 39 55 49 0 63 13 60 40 61 46 4 23 56 51 5 31 17 47 9 6 41 33 14 48 62 7 15 8 25 32 16 22 29 24
37 29 20 11 26 45 54 34 21 25 43 14 12 19 24 52 42 53 46 3 50 44 5 51 18 16 33 4 22 15 30 63 2 41 6 39 13 7 38 32 23 17 40 1 49 10 60 56 8 58 47 48 57 9 61 31 59 55 0 62
37 45 26 20 53 25 17 9 24 43 44 46 8 60 51 33 62 52 39 42 10 55 40 1 50 19 38 61 12 58 34 41 11 30 57 4 5 2 54 49 47 63 31 13 14 29 32 23 3 6 59 56 48 16 22 18 21 0 15 7
26 34 44 37 45 21 41 17 20 33 30 29 32 54 13 6 12 31 38 48 63 40 56 46 22 39 14 3 19 5 11 43 2 51 49 53 62 7 23 10 55 52 4 25 18 1 61 60 15 42 59 50 16 8 47 57 58 24 9 0
19 34 41 33 25 18 43 50 17 11 45 16 9 21 29 22 42 32 37 20 40 54 51 2 58 60 10 49 13 14 3 12 59 24 57 44 5 38 23 15 48 31 7 30 53 26 1 0 52 46 62 56 8 47 4 55 63 6 61 39
19 18 26 34 43 29 33 11 12 42 25 13 50 20 30 17 3 49 48 40 44 56 4 5 41 10 1 45 37 58 51 22 53 2 52 31 9 8 57 59 60 61 62 63 16 24 21 54 55 46 39 0 38 23 47 14 7 6 32 15
26 34 44 20 42 41 18 10 48 53 43 45 17 33 12 13 25 4 6 19 2 1 0 22 46 54 37 29 60 50 58 40 63 59 32 11 52 61 62 9 5 24 21 7 15 30 57 14 3 51 23 31 38 47 16 8 39 56 55 49
37 29 20 13 22 43 50 21 11 31 15 30 6 57 38 23 34 5 51 45 54 44 52 42 14 33 46 55 4 26 12 7 19 18 41 63 49 60 59 47 17 53 62 48 56 2 3 39 61 16 58 25 10 1 32 40 9 24 0 8
44 29 21 13 14 45 37 30 12 51 18 7 22 42 38 3 43 9 49 34 52 33 6 61 50 39 0 20 31 5 60 54 4 58 25 59 47 56 63 23 41 55 15 26 17 53 48 46 2 16 32 1 62 40 19 10 11 8 57 24
37 43 50 51 42 57 59 52 60 29 21 22 26 45 23 25 53 15 34 31 16 13 17 38 49 61 20 41 39 47 18 46 6 24 56 58 32 11 48 12 30 14 54 10 2 33 62 8 7 44 0 63 9 5 4 3 55 19 40 1
44 45 46 20 18 26 17 25 12 53 61 29 22 11 33 62 10 30 38 13 63 24 60 3 4 41 2 31 32 43 52 37 50 9 0 49 48 57 8 1 34 55 39 54 47 14 16 5 15 19 21 42 6 40 23 51 58 7 56 59
44 29 22 45 43 42 54 30 20 11 52 21 50 58 18 51 49 19 38 46 3 34 12 60 37 56 26 25 53 14 41 57 7 9 17 59 24 4 23 40 55 62 48 31 0 15 39 13 33 47 63 16 6 2 61 32 10 5 8 1
37 43 34 45 52 51 26 20 13 29 30 19 53 12 50 6 10 21 3 31 23 59 22 14 5 33 40 11 7 1 18 49 41 32 4 46 48 15 42 60 24 38 44 57 54 17 9 8 2 63 39 25 0 58 62 47 55 56 16 61
26 18 10 34 42 41 33 9 19 20 21 25 12 1 40 22 11 50 29 24 32 30 43 48 2 5 14 51 16 0 58 57 56 13 4 49 39 38 31 23 59 44 53 6 17 45 52 54 60 8 15 3 37 7 61 62 47 63 55 46
19 34 43 18 26 20 42 33 29 45 11 49 25 9 32 50 58 22 51 52 10 12 3 24 54 38 2 37 44 17 47 63 61 40 30 59 13 6 0 53 21 55 15 14 57 4 41 46 7 48 31 39 60 8 56 1 62 23 5 16
19 20 37 44 45 10 21 46 18 14 54 34 22 12 29 17 43 42 51 38 41 33 24 40 30 53 50 23 9 60 31 39 59 1 13 52 15 58 55 26 61 62 49 57 0 5 8 16 25 2 7 63 56 11 4 32 3 48 47 6
37 45 26 29 46 18 21 34 42 44 52 49 9 53 25 60 61 38 51 13 41 55 14 20 6 11 19 59 58 17 3 10 47 22 54 24 56 2 63 50 31 23 33 62 1 12 30 39 4 32 15 0 16 48 40 7 5 8 43 57
44 45 46 43 42 51 60 59 26 20 12 19 50 49 18 29 33 17 58 53 38 9 61 62 16 54 40 5 11 31 30 41 32 3 1 21 22 25 34 57 52 56 55 23 13 37 4 2 15 7 6 39 48 8 14 63 47 0 10 24
26 34 43 18 25 32 10 50 51 20 37 42 41 33 24 11 19 9 49 29 13 40 17 58 48 6 44 52 53 30 59 61 23 54 1 56 3 8 22 38 55 62 4 60 46 21 16 12 57 15 0 45 2 5 31 63 7 39 47 14
37 29 19 43 51 18 21 38 17 20 45 46 47 22 23 42 41 14 7 34 25 50 44 58 57 53 59 39 55 9 31 30 1 16 26 33 8 52 40 54 63 13 62 61 12 10 3 15 24 5 11 2 60 6 4 49 48 32 0 56
19 34 42 50 45 21 33 24 58 26 40 44 14 41 49 29 30 22 43 38 15 48 31 37 56 57 46 54 53 32 16 20 18 62 60 17 63 55 59 7 61 52 47 39 12 4 13 10 2 11 25 9 0 23 1 6 8 51 3 5
37 45 26 38 44 34 41 53 39 18 62 31 20 42 9 43 52 13 50 47 19 29 12 59 46 54 21 25 33 57 16 32 40 17 8 4 60 49 55 22 23 63 24 15 3 0 58 11 30 48 14 2 56 5 1 10 6 7 61 51
19 34 42 20 26 18 37 50 49 44 51 46 10 25 12 29 17 13 21 41 32 58 55 2 43 48 30 24 9 22 59 40 1 5 8 39 3 45 15 0 11 23 53 47 56 57 33 7 54 60 4 38 14 63 62 31 16 6 52 61
19 34 43 50 44 11 26 29 37 20 21 25 51 53 52 22 33 59 42 41 10 12 32 49 54 1 16 62 18 60 30 17 40 39 31 45 4 13 48 57 38 61 5 58 15 9 46 14 56 3 7 23 8 24 55 6 2 0 47 63
19 20 13 18 17 6 21 11 34 16 44 45 10 9 1 33 24 43 8 14 3 2 51 0 53 42 29 38 22 62 41 31 47 40 7 60 49 37 52 57 46 15 61 25 63 4 32 12 26 39 50 55 56 58 48 54 23 30 59 5
26 18 37 45 53 29 9 46 47 44 43 52 22 42 51 30 21 14 15 62 23 25 5 38 20 31 32 54 34 6 7 0 19 50 41 24 55 39 33 63 17 8 59 16 60 57 1 48 49 61 12 13 10 11 4 3 58 2 40 56
19 20 37 44 53 46 13 18 17 51 45 26 39 47 54 61 43 10 3 16 34 31 38 25 55 33 24 32 59 8 52 42 29 60 62 6 30 23 21 22 41 1 50 58 5 40 49 57 14 15 9 11 12 0 48 63 7 56 4 2
19 20 13 42 37 21 34 10 49 12 1 18 14 6 5 15 3 46 23 31 9 33 45 29 22 53 54 62 32 56 51 0 44 7 26 11 38 40 2 24 16 41 55 8 63 60 52 17 30 39 43 50 25 59 58 57 48 4 61 47
37 29 21 45 44 43 52 59 54 46 34 20 51 30 61 14 53 33 12 50 26 58 31 13 19 11 42 62 55 38 22 17 10 15 47 60 23 41 24 25 5 8 16 4 57 18 39 2 40 63 1 0 3 32 48 9 7 49 56 6
19 34 41 11 37 43 52 46 38 51 20 33 42 21 25 44 10 53 55 40 14 30 61 60 59 17 22 39 54 18 12 26 50 57 8 16 32 23 9 6 29 45 48 3 7 47 5 1 4 2 0 24 31 13 15 58 56 63 49 62
44 43 42 29 21 51 18 45 59 26 46 49 37 38 41 30 39 55 22 9 31 13 12 15 56 52 47 34 20 19 6 5 23 53 4 50 10 2 7 11 57 58 0 48 33 24 3 17 32 40 25 14 63 54 62 16 1 60 8 61
37 29 20 43 30 13 34 25 19 11 18 17 42 46 50 58 9 52 57 1 41 33 21 22 16 39 12 32 61 4 23 56 24 14 44 38 7 48 45 59 0 51 40 6 15 26 54 31 3 63 62 53 10 60 2 8 55 47 5 49
44 45 37 43 54 46 42 26 38 41 25 29 34 16 52 20 21 61 49 30 24 14 19 11 59 32 23 57 7 50 22 33 56 55 2 12 4 39 10 62 51 6 48 1 47 60 0 31 9 13 40 8 63 18 15 53 5 3 17 58
19 20 45 10 21 43 42 41 49 54 44 29 18 14 2 9 8 1 63 57 22 23 0 38 12 3 7 11 47 51 34 30 52 5 13 37 40 46 50 53 31 26 55 4 15 32 48 6 17 62 61 24 39 25 16 33 56 59 60 58
26 20 29 22 13 11 37 6 12 25 18 44 34 42 43 30 14 15 53 45 50 17 2 9 19 49 24 4 1 57 10 62 54 33 46 8 3 32 0 47 56 51 58 38 16 41 31 55 5 23 52 21 40 59 39 60 61 48 63 7
19 18 37 20 10 29 21 30 26 43 51 1 12 11 2 25 23 46 44 5 0 39 55 53 13 14 34 33 31 45 16 3 7 24 54 9 8 59 4 41 61 15 47 6 17 22 42 52 38 63 62 49 40 60 32 50 58 56 57 48
19 20 37 44 21 38 52 51 53 10 30 26 34 12 17 25 39 45 13 59 33 46 47 31 50 14 23 61 18 22 62 16 6 7 60 43 24 54 8 4 2 32 42 63 3 40 29 57 5 0 55 9 58 11 1 15 56 49 41 48
19 20 37 44 29 26 11 38 43 2 13 10 25 50 45 46 30 21 52 42 53 60 61 22 59 24 18 4 57 51 31 17 33 62 15 58 12 41 47 55 14 34 49 6 63 3 32 40 23 56 16 9 39 54 48 8 1 0 5 7
26 34 43 20 33 32 40 17 37 44 19 50 53 25 51 29 57 59 9 45 46 30 52 21 12 55 18 41 14 11 48 1 23 61 10 4 0 38 60 2 16 8 62 7 5 49 31 6 24 63 39 22 3 56 15 47 13 58 42 54
26 20 13 42 44 21 29 37 30 22 49 12 19 33 45 46 24 51 38 56 43 53 5 39 47 11 52 31 15 59 58 14 6 25 4 40 2 60 62 61 10 57 17 9 54 7 50 41 34 23 8 63 16 3 32 18 48 55 1 0
19 34 42 18 44 29 26 52 30 22 45 43 10 41 49 33 60 46 14 2 40 32 47 21 12 7 6 57 9 48 1 15 25 39 24 50 17 13 37 5 11 8 4 61 58 54 3 51 59 20 56 55 53 62 63 0 31 38 23 16
26 20 21 34 19 17 44 14 37 38 8 18 25 52 22 9 41 23 10 42 43 16 45 54 29 2 60 0 30 40 51 46 31 47 24 32 11 50 7 39 13 53 33 59 61 49 56 58 62 63 15 55 1 12 4 3 57 5 6 48
19 20 13 34 29 12 5 6 7 18 43 45 21 38 26 10 42 22 31 23 52 33 30 47 40 25 37 4 15 44 39 50 16 54 3 11 58 41 48 14 55 57 17 32 61 46 9 60 49 1 51 56 24 53 2 62 0 8 63 59
44 29 19 52 53 42 37 62 30 18 34 11 20 38 12 23 17 10 39 25 49 56 33 32 51 47 3 4 22 26 60 58 55 9 54 45 24 59 57 61 40 14 41 16 43 21 13 46 63 5 0 48 8 1 50 2 7 6 31 15
26 34 45 20 18 10 13 19 42 50 9 21 29 14 2 37 46 54 62 47 41 1 53 32 38 8 43 55 25 39 57 44 15 30 22 59 51 31 48 24 16 7 58 6 5 12 40 4 0 23 60 61 63 56 11 52 17 33 3 49
26 20 37 46 38 44 54 18 10 25 51 39 19 2 45 52 30 47 55 58 1 21 43 29 34 0 14 50 59 9 31 33 42 22 8 7 16 32 15 53 61 60 11 17 62 24 41 13 57 3 4 63 12 5 6 23 56 48 49 40
19 34 43 50 37 20 51 11 10 59 18 17 57 45 33 2 54 29 12 41 25 63 3 38 48 49 47 31 52 4 32 42 53 58 39 26 24 22 55 61 8 21 13 60 23 30 44 46 62 40 14 6 7 9 5 56 15 16 1 0
19 34 44 20 33 43 50 41 25 32 18 53 21 16 42 51 48 12 49 22 24 40 5 17 8 3 14 30 23 6 60 58 59 9 46 26 11 61 13 10 29 39 62 45 52 37 7 0 31 56 4 63 47 15 1 54 57 2 55 38
19 34 44 21 33 10 29 37 11 43 51 32 25 17 1 18 16 4 26 52 3 8 30 9 5 53 12 24 42 20 45 46 55 22 14 2 59 6 60 38 31 0 23 41 7 39 13 47 49 15 40 50 58 62 61 56 57 63 54 48
37 43 42 29 21 30 51 59 34 45 53 25 19 20 39 10 50 52 26 31 1 49 60 38 44 54 56 61 12 11 57 41 58 14 40 32 63 4 33 47 23 15 16 9 13 46 3 18 2 17 7 6 24 8 55 62 0 48 5 22
44 29 20 45 38 22 37 11 21 52 15 42 59 23 51 60 26 30 49 54 2 18 61 25 34 33 63 56 13 19 12 4 9 31 6 17 32 43 5 14 47 41 53 0 8 7 3 55 62 46 24 1 57 48 10 40 39 58 50 16
37 43 50 38 46 54 29 19 26 17 42 34 25 22 9 51 55 24 16 57 39 33 32 30 23 44 53 62 12 11 59 13 3 45 14 58 21 60 49 40 52 8 47 20 18 1 0 61 48 2 10 56 41 6 5 7 15 31 63 4
26 34 45 20 18 44 41 54 13 25 52 10 2 53 32 9 16 42 49 50 55 6 17 60 37 46 62 19 29 56 21 38 47 40 30 39 59 8 5 43 24 61 51 33 31 0 7 63 57 48 1 3 58 14 23 15 12 11 4 22
19 34 42 50 49 18 51 43 44 58 17 29 21 37 38 45 59 20 54 22 53 47 25 56 41 57 14 9 26 60 52 46 12 63 1 6 55 32 31 61 39 33 30 5 3 13 23 15 24 8 10 0 48 16 62 40 7 4 11 2
19 18 26 20 21 34 25 14 42 24 16 49 32 33 37 45 50 44 7 43 56 46 29 38 11 51 12 4 60 58 39 57 47 17 10 9 59 53 2 41 30 8 61 48 5 22 23 31 1 52 40 15 0 62 3 55 54 13 6 63
37 45 26 29 46 47 54 44 52 61 30 21 12 19 53 5 55 31 3 51 11 10 9 25 20 43 42 2 59 18 1 13 34 17 4 62 6 0 14 38 33 24 16 22 63 49 41 48 39 40 56 57 15 7 23 32 50 60 58 8
19 20 45 44 37 46 54 34 47 11 52 60 59 42 61 38 30 63 43 23 26 39 18 25 33 55 31 24 22 41 3 29 13 4 32 10 48 40 15 7 17 2 62 21 49 5 12 53 14 8 51 50 58 56 1 0 9 57 16 6
37 29 20 45 30 34 41 12 38 42 50 39 11 19 46 55 18 33 44 49 4 43 51 13 56 3 10 47 22 60 21 5 59 25 16 2 61 57 9 23 14 32 24 52 17 8 40 26 31 7 58 15 54 48 0 62 1 53 63 6
44 29 20 45 34 12 30 52 4 18 26 33 60 17 9 43 25 42 53 1 32 16 41 49 24 59 37 54 40 48 46 50 57 13 62 47 22 56 38 6 51 11 58 19 0 21 8 15 2 23 10 55 5 39 7 3 14 61 63 31
26 18 10 20 21 43 42 22 37 29 30 34 33 31 19 25 23 2 17 46 51 11 38 50 58 16 44 32 3 39 8 12 9 4 47 49 53 45 1 62 60 52 54 15 40 24 14 0 7 61 41 13 6 55 5 57 48 56 59 63
19 20 45 10 13 21 29 44 53 54 63 6 12 43 34 25 18 11 50 62 5 38 7 37 17 46 32 52 9 0 61 2 30 60 8 41 33 1 26 24 59 16 40 31 23 51 22 47 55 49 42 14 48 15 39 57 3 56 4 58
44 45 37 43 51 59 54 30 34 46 50 62 63 33 47 42 61 21 29 41 52 53 19 26 58 11 10 20 32 25 12 18 31 39 55 23 24 40 15 57 9 16 17 5 22 1 4 3 48 56 0 38 2 14 13 49 6 7 8 60
44 43 26 29 45 25 20 46 17 8 38 22 54 47 24 33 42 34 41 21 14 40 30 61 10 12 37 9 19 13 62 11 1 63 5 31 51 59 23 6 18 4 48 56 60 49 53 55 50 0 39 32 57 15 58 52 3 16 7 2
19 20 21 12 13 14 4 11 44 52 18 34 5 3 29 6 26 38 53 25 33 54 37 30 7 42 39 43 60 31 46 51 62 32 17 45 49 23 41 50 22 48 56 8 57 63 9 16 24 47 2 58 40 1 10 61 59 0 55 15
44 45 37 29 22 43 26 15 42 17 54 19 34 49 41 53 56 51 50 48 21 63 33 20 13 5 60 18 14 58 59 23 8 16 40 0 57 11 38 25 6 7 61 47 10 9 46 52 3 4 24 39 62 1 12 32 55 2 30 31
44 45 19 43 53 20 54 26 21 63 51 12 11 18 25 9 4 61 62 52 55 59 50 24 17 34 32 49 33 16 57 13 1 0 10 3 42 29 56 47 60 40 22 37 38 30 58 5 8 39 46 41 14 7 15 48 23 6 2 31
37 43 50 51 34 57 52 29 59 42 33 49 19 26 41 32 25 58 22 12 20 44 18 60 45 30 31 23 13 10 1 16 61 6 4 38 24 40 8 14 39 0 48 21 54 46 53 56 15 62 17 5 63 7 3 47 11 9 55 2
37 43 18 21 50 51 20 49 22 19 57 13 34 31 10 17 6 46 11 2 25 33 44 3 16 9 1 29 42 14 24 5 0 8 4 45 52 41 30 53 32 23 62 40 56 15 60 59 58 54 7 26 48 12 63 38 55 47 61 39
19 34 45 11 10 21 43 42 3 20 41 18 12 4 33 44 30 5 26 22 29 46 23 2 53 9 39 38 17 15 13 32 47 14 0 8 52 49 7 50 1 60 48 62 59 40 25 37 51 56 24 31 57 55 16 58 54 63 6 61
26 18 44 25 24 32 10 16 11 9 29 20 45 38 31 37 0 39 30 19 51 17 43 21 47 52 22 46 59 12 8 13 3 4 2 34 33 40 48 1 42 49 56 58 50 61 55 60 53 62 5 23 54 41 14 7 57 63 6 15
44 43 26 19 18 33 34 45 51 9 46 37 21 55 38 59 54 25 10 53 62 11 50 29 61 63 58 52 17 57 12 30 39 47 41 13 3 20 0 32 22 16 40 2 4 42 1 31 48 23 60 24 14 5 7 49 8 15 56 6
26 20 45 42 34 25 50 44 13 18 43 49 41 52 59 12 21 61 48 54 37 29 22 6 33 56 3 23 53 4 17 16 14 62 9 1 0 10 40 7 32 51 58 46 47 24 11 55 8 38 5 30 63 60 31 57 19 15 2 39
26 20 45 34 18 25 32 37 29 22 33 41 42 43 44 53 19 9 38 47 11 17 13 30 52 6 46 59 23 21 15 51 24 39 0 3 61 31 58 50 49 60 54 1 55 16 5 40 12 14 48 63 10 2 62 7 4 57 56 8
37 43 34 25 51 59 26 19 50 18 42 58 9 10 57 20 1 2 60 16 44 46 3 52 29 38 17 8 11 12 33 45 13 49 22 0 61 5 54 32 53 30 21 6 48 62 47 23 63 4 24 41 40 55 14 31 39 15 7 56
26 34 41 20 37 46 12 33 40 48 42 13 19 18 56 4 11 25 55 44 29 50 24 32 5 3 51 53 49 30 38 54 62 43 22 16 14 45 2 57 8 58 17 9 10 39 21 6 47 31 60 61 7 15 52 0 23 59 1 63
19 20 29 34 21 13 11 30 39 12 3 22 38 4 5 6 14 18 44 46 26 37 53 62 7 17 25 10 1 32 60 54 8 51 41 2 16 42 52 40 31 24 50 23 48 47 55 33 9 61 45 0 43 57 59 15 63 49 56 58
44 45 19 34 43 20 21 51 26 18 59 42 49 12 46 22 37 56 9 17 8 55 25 53 38 52 47 41 4 60 61 54 48 16 57 1 14 5 62 3 30 23 33 29 7 39 0 32 11 6 24 10 31 50 40 63 2 58 15 13
44 43 34 45 26 19 42 25 52 37 16 60 29 21 14 20 12 4 3 24 22 33 18 11 13 31 2 41 40 7 38 46 50 51 9 58 32 39 15 0 61 62 10 17 55 59 47 30 49 5 8 54 63 53 23 57 48 6 56 1
26 34 42 33 43 51 49 52 44 20 25 24 18 19 11 4 17 50 32 8 60 40 41 58 29 48 37 45 21 30 54 22 38 63 57 46 53 62 9 59 15 10 31 14 13 7 47 6 23 55 61 16 39 56 5 3 2 1 0 12
19 18 37 29 9 44 45 53 22 34 61 38 47 30 31 54 46 0 43 39 41 15 17 51 20 11 1 21 13 23 59 48 3 52 63 6 60 42 26 55 25 50 7 10 12 2 40 33 49 58 24 57 32 4 8 62 14 5 16 56
44 43 42 45 19 34 46 49 25 51 52 33 58 60 40 18 17 38 37 54 32 41 39 30 47 21 29 50 59 57 14 20 62 11 26 8 13 48 10 9 3 63 24 7 1 4 53 5 61 12 31 0 6 16 56 2 15 22 23 55
44 29 21 45 37 13 46 53 19 10 30 26 51 55 62 60 43 31 17 42 52 61 3 25 34 9 41 48 16 63 24 1 22 8 2 4 5 33 39 23 15 32 47 12 38 50 20 14 40 11 0 7 6 49 58 59 57 54 56 18
19 18 17 43 44 29 20 13 22 52 45 26 42 16 8 31 60 38 10 50 34 0 12 59 15 2 61 11 3 53 30 37 25 33 58 57 62 9 40 4 51 63 5 46 24 23 39 47 1 7 55 54 6 21 14 49 48 32 41 56
44 29 19 52 21 34 43 42 51 13 53 50 41 26 25 54 60 24 49 10 37 57 46 40 17 33 11 9 14 55 39 12 48 61 1 59 30 7 45 62 3 58 63 23 15 32 31 38 56 5 18 2 16 20 6 0 47 8 4 22
44 29 21 13 22 23 19 42 5 4 20 43 30 37 41 52 14 34 6 12 11 26 3 40 49 18 51 57 33 2 60 25 46 58 39 45 59 10 1 9 8 47 24 31 38 17 55 0 32 54 63 16 48 15 56 62 53 7 61 50
19 20 13 18 44 6 12 11 10 52 5 26 3 4 34 25 14 2 9 1 32 8 45 17 29 30 59 60 31 38 42 41 33 21 61 37 53 39 50 49 22 43 51 62 24 15 63 40 56 58 54 55 46 16 57 23 7 48 47 0
19 18 37 11 26 46 20 45 38 43 12 39 51 29 13 34 22 10 25 33 3 21 47 5 9 23 31 44 55 17 6 50 16 7 42 49 41 24 4 60 57 56 58 1 32 40 15 54 8 59 48 52 53 2 14 63 62 61 30 0
37 43 18 21 50 38 45 26 29 53 34 9 30 19 47 25 13 23 17 33 31 5 52 61 20 57 42 12 16 10 15 8 11 3 24 32 58 22 2 41 59 51 4 14 44 49 1 54 0 46 60 6 7 63 62 55 39 48 56 40
26 34 41 20 44 33 45 37 29 49 42 51 13 6 56 25 60 38 39 54 18 31 46 9 63 43 24 62 55 59 53 50 23 61 30 52 11 32 57 12 14 22 47 58 40 4 5 15 0 21 19 17 3 1 16 2 7 8 10 48
37 43 34 45 52 50 51 38 44 19 30 22 49 41 11 59 29 20 46 18 61 54 21 2 3 53 12 10 62 48 17 16 63 1 58 57 39 23 24 55 60 4 13 42 25 32 14 26 56 15 47 31 7 6 40 33 8 9 0 5
26 20 45 42 13 25 34 43 50 12 18 6 4 11 9 44 52 41 22 59 57 38 61 58 54 0 33 63 37 21 51 53 14 29 30 17 49 19 32 16 24 10 8 2 1 5 62 3 46 39 23 31 15 55 47 48 7 60 56 40
37 45 53 20 18 42 12 38 43 52 39 44 51 29 46 61 60 59 33 54 62 50 49 58 30 22 15 34 26 13 4 25 11 32 17 9 24 23 21 63 10 48 19 8 57 3 1 16 41 55 31 5 2 40 6 0 14 7 56 47
37 43 50 45 29 38 53 52 47 51 26 57 42 41 49 61 54 21 14 48 59 39 20 34 58 22 40 7 44 11 15 32 56 31 23 17 12 63 25 4 30 46 60 62 13 33 9 6 2 18 24 0 3 1 5 55 19 8 16 10
26 18 44 34 17 29 9 52 21 13 42 20 45 49 53 43 56 19 30 46 22 61 4 15 23 14 50 57 7 41 51 11 40 33 31 5 47 8 62 39 25 0 32 16 12 6 24 38 59 60 54 37 2 55 10 63 58 48 1 3
44 29 22 52 26 17 42 18 19 12 53 15 45 54 25 32 8 20 37 43 51 38 60 16 46 62 61 50 5 33 34 39 10 41 21 4 40 24 31 23 59 6 3 9 0 58 57 14 30 48 63 2 56 13 1 11 55 47 49 7
19 20 21 12 37 18 9 30 23 42 29 39 13 14 11 26 4 5 25 46 43 44 7 24 34 3 31 33 2 22 55 45 38 54 51 17 47 10 50 6 63 41 8 1 16 0 48 60 40 49 56 62 32 52 58 53 59 61 15 57
37 45 53 43 42 29 44 54 55 46 22 49 20 21 19 15 14 26 56 18 11 4 23 50 25 47 7 62 39 12 9 13 5 0 61 6 58 24 51 34 17 10 1 38 30 59 16 2 8 52 32 41 63 48 40 57 3 31 33 60
26 20 13 42 43 50 51 18 10 59 45 19 29 1 11 3 4 17 16 54 2 9 8 25 32 30 34 33 52 12 49 5 31 58 44 48 56 38 24 37 53 60 21 62 40 23 61 14 55 46 47 63 15 39 57 22 6 41 0 7
37 43 26 21 51 44 19 17 42 18 29 49 25 58 8 38 10 22 59 60 45 24 46 2 41 16 32 54 57 40 48 30 11 56 50 9 14 33 62 13 4 3 34 5 12 15 20 47 31 1 52 0 7 6 61 63 39 53 23 55
26 18 44 34 17 29 10 42 30 53 62 37 45 38 50 19 20 52 43 23 47 41 49 31 39 46 51 25 16 13 40 60 33 59 21 9 55 11 2 3 15 22 5 6 61 32 58 48 7 1 4 54 56 14 24 12 57 0 8 63
19 18 26 34 9 0 44 37 46 52 42 11 33 55 21 50 25 43 53 16 49 29 38 32 57 39 61 17 30 45 20 60 2 4 62 12 10 3 8 56 47 58 40 63 23 1 41 22 59 13 6 14 15 31 24 7 48 5 51 54
19 34 42 20 26 11 37 45 3 38 54 52 46 33 21 18 43 51 30 31 44 29 47 62 41 40 39 25 50 4 58 53 10 55 32 59 48 9 61 14 13 49 60 23 56 57 7 22 17 6 63 2 12 8 15 24 1 0 5 16
19 34 43 52 44 45 33 18 60 41 51 20 25 32 49 59 16 48 42 61 10 37 38 57 13 12 54 14 11 17 4 47 63 5 6 26 24 21 29 46 22 7 55 2 1 3 15 62 39 0 9 58 56 8 40 31 53 50 30 23
37 29 21 30 19 45 53 26 20 54 34 18 25 24 39 38 33 32 17 10 41 22 11 2 46 42 40 55 9 60 12 31 49 51 13 56 44 3 62 48 58 43 4 0 23 61 8 14 5 7 52 1 50 16 6 15 47 59 63 57
19 20 37 18 12 21 30 34 9 43 33 46 13 42 38 26 55 39 51 59 45 52 44 10 58 49 11 50 41 24 17 3 16 40 5 0 2 1 57 54 25 48 22 56 29 6 60 14 32 4 31 23 63 62 47 8 15 7 53 61
26 34 42 20 13 12 11 4 37 44 21 17 52 49 43 6 5 53 54 60 51 45 50 38 25 61 30 39 23 18 3 16 48 22 7 33 29 47 9 58 59 14 41 57 46 32 2 40 56 0 24 8 10 55 19 31 62 63 1 15
26 20 29 22 13 4 6 11 12 25 31 34 10 2 43 37 16 33 44 38 19 17 30 5 24 51 32 18 9 23 15 3 59 58 47 40 52 60 42 0 1 50 46 39 57 49 45 8 61 21 48 41 14 54 53 62 63 55 7 56
19 20 45 10 11 18 29 43 26 34 51 52 25 59 1 3 50 30 41 21 12 24 33 44 17 2 13 32 31 5 9 37 42 46 22 39 49 48 4 15 58 40 14 16 38 0 47 54 8 7 60 57 63 55 53 61 6 23 56 62
26 34 43 20 37 46 19 42 25 41 38 51 52 10 13 33 55 12 49 48 29 21 50 16 17 58 11 60 44 61 14 7 15 23 9 56 22 30 31 6 4 24 40 5 45 32 59 18 57 8 62 63 1 54 47 53 39 0 2 3
44 43 42 29 22 49 19 30 41 50 56 10 38 26 17 25 20 45 3 21 51 8 46 59 24 57 14 33 40 23 12 18 15 34 58 47 11 37 39 48 31 9 60 53 61 5 55 54 32 16 52 1 2 4 13 6 7 62 63 0
37 45 19 38 44 10 11 42 1 26 20 21 34 52 50 58 33 24 60 51 40 32 41 3 25 48 18 12 29 53 61 2 9 54 46 55 17 43 5 4 49 22 14 30 13 57 63 59 56 16 8 0 15 6 39 31 23 62 7 47
19 18 26 34 41 33 17 29 43 50 21 10 32 20 30 48 51 59 37 42 60 31 3 8 57 58 12 13 24 45 39 16 23 4 38 44 53 40 11 22 25 54 6 1 49 52 5 46 14 15 47 55 63 9 2 56 7 61 0 62
19 34 43 52 51 18 26 20 11 10 33 4 61 42 29 60 2 37 44 21 59 24 32 12 9 25 41 45 16 50 14 30 1 8 23 48 3 13 40 46 6 15 54 39 31 22 5 62 63 38 56 53 47 17 49 58 0 55 57 7
26 20 21 18 10 43 45 34 50 44 25 22 53 54 55 63 14 57 46 29 62 52 37 17 9 8 11 33 19 38 51 0 47 59 30 3 24 15 23 12 42 32 58 49 13 5 40 56 41 7 2 31 4 48 39 1 16 61 6 60
26 18 44 45 19 34 9 21 46 0 17 42 43 25 14 50 24 11 10 52 3 7 51 54 61 8 20 2 22 33 63 59 32 4 41 12 5 30 1 53 16 39 60 29 58 55 38 57 15 48 56 6 31 37 13 49 40 62 47 23
37 43 42 41 26 19 18 17 49 45 51 50 40 59 53 32 33 24 8 54 20 12 52 38 5 58 29 4 16 6 57 21 13 61 39 10 22 31 34 30 15 11 23 25 2 46 47 44 3 1 63 14 7 48 56 62 0 9 55 60
26 34 42 18 20 50 45 54 37 29 19 43 21 10 53 46 55 13 39 44 5 62 11 12 41 30 57 14 22 51 61 49 17 48 63 31 23 33 59 24 58 15 8 16 3 2 40 56 7 32 1 60 4 47 9 38 25 0 52 6
44 29 19 10 20 37 11 52 46 26 43 45 38 34 42 30 17 13 61 60 1 2 31 47 51 18 53 54 3 33 55 22 23 21 58 16 59 12 24 4 41 8 5 62 25 50 9 57 0 6 7 63 39 49 14 15 56 32 40 48
19 34 42 50 33 21 45 24 32 40 20 18 11 41 51 43 29 54 57 13 9 26 25 38 44 52 48 56 47 0 14 31 37 30 23 4 53 17 3 15 22 59 5 6 63 61 10 39 8 58 62 16 12 2 60 55 7 49 46 1
19 20 29 34 42 50 33 11 2 41 26 12 37 46 38 24 4 39 40 17 18 13 55 10 25 21 47 3 1 0 43 63 14 30 32 45 16 6 31 23 44 9 8 22 15 48 53 52 60 61 54 5 7 62 49 56 58 51 59 57
19 20 21 34 43 50 51 13 25 41 29 52 33 37 59 44 57 58 22 60 5 26 46 30 38 39 18 23 31 32 45 10 17 24 1 49 40 54 16 11 3 56 42 12 15 6 47 14 61 62 53 2 48 0 63 55 9 4 7 8
19 18 17 43 42 29 21 20 37 41 11 30 49 9 50 4 3 51 0 46 22 59 39 25 33 48 34 1 57 23 38 44 45 54 16 26 63 62 14 10 52 6 8 32 55 61 2 47 13 5 31 12 40 24 53 60 15 7 56 58
37 43 26 38 46 54 42 20 55 19 44 52 21 50 12 11 18 34 10 30 39 13 49 29 60 25 22 41 53 1 16 62 14 5 9 2 40 32 45 0 31 6 4 51 58 23 59 57 15 61 17 33 3 7 47 8 63 48 56 24
26 34 43 50 51 52 45 38 57 18 19 49 61 53 29 20 59 37 54 55 22 44 31 30 11 60 63 10 33 3 9 40 25 17 32 58 41 47 48 62 24 8 12 13 4 6 14 56 0 5 39 42 23 15 21 1 7 46 16 2
19 18 26 20 9 17 45 43 12 34 25 32 44 54 46 21 62 63 10 11 3 42 30 4 37 39 5 0 13 51 50 58 2 6 33 41 29 53 55 14 61 22 31 47 49 15 23 60 8 38 59 56 16 1 52 24 48 40 7 57
44 29 21 43 30 14 50 31 26 51 42 52 53 57 37 41 18 19 34 60 13 38 11 10 61 54 49 5 7 4 22 12 20 15 62 45 17 56 2 16 46 25 9 55 33 0 59 24 47 3 1 39 6 23 8 58 40 63 32 48
37 43 50 45 34 41 54 38 29 20 22 51 42 52 19 15 44 33 53 26 12 61 39 60 49 47 25 58 63 17 57 56 59 48 9 1 30 13 62 46 31 4 21 10 16 11 18 14 3 5 55 24 40 8 32 2 23 7 6 0
37 43 26 29 42 19 10 20 44 46 22 11 30 38 54 25 12 55 18 1 34 17 8 49 2 33 0 51 52 53 24 9 50 23 59 4 40 45 47 58 16 41 57 15 60 62 5 31 21 13 14 32 61 6 39 48 63 3 56 7
44 43 42 29 22 52 19 18 17 11 20 30 2 15 34 50 51 12 58 49 38 25 26 33 48 3 4 46 60 5 21 8 41 10 32 40 59 56 31 1 54 45 37 63 24 47 9 13 55 61 0 16 57 39 14 7 53 23 6 62
26 20 45 44 29 38 53 25 12 13 24 4 31 52 37 47 51 46 39 61 62 63 21 43 60 59 3 18 19 34 17 23 50 30 33 41 49 9 11 2 55 48 32 16 6 40 54 58 22 14 57 42 15 7 0 56 5 1 8 10
44 45 19 52 54 26 42 12 10 20 53 1 21 37 59 49 13 22 17 43 3 51 29 34 58 25 15 46 18 5 6 11 47 23 41 63 56 4 30 40 62 7 33 32 24 61 14 48 9 16 8 55 60 57 50 31 38 39 0 2
44 43 34 41 26 20 51 45 46 25 37 54 24 52 63 47 60 19 38 33 50 55 32 61 11 59 13 16 30 49 17 42 58 9 10 31 48 3 53 40 39 1 62 8 2 6 23 29 4 56 12 57 14 22 18 21 15 7 5 0
19 18 44 45 46 34 9 11 33 41 10 54 26 47 48 0 12 43 37 3 53 42 51 60 20 17 8 29 38 24 61 13 55 62 6 49 25 32 57 39 5 56 4 2 1 14 23 40 50 7 59 15 31 21 30 58 52 16 22 63
19 18 37 20 12 43 50 38 34 33 10 13 42 4 46 52 32 54 21 25 39 57 6 22 53 49 55 2 11 24 61 41 1 17 3 44 48 14 9 16 45 0 15 29 51 59 30 58 26 40 8 7 60 56 62 47 31 23 5 63
26 18 37 43 44 34 50 29 25 45 10 52 19 24 16 1 2 33 32 57 41 17 30 49 60 23 8 21 22 61 9 20 13 3 38 0 40 48 59 6 42 11 58 53 54 15 5 39 31 51 47 14 7 46 56 55 62 63 12 4
26 20 37 46 13 44 21 17 42 18 34 29 8 25 19 43 41 12 52 50 3 11 16 24 57 9 2 61 22 0 60 45 51 38 39 5 33 49 30 4 56 59 10 47 6 31 55 15 40 63 32 1 58 48 23 14 7 53 54 62
44 43 26 19 34 41 50 52 32 33 42 58 25 37 60 29 21 51 46 14 10 11 20 16 2 24 8 48 30 61 45 39 22 23 31 18 7 55 40 5 47 1 59 4 3 0 17 13 57 53 15 56 54 38 12 49 63 9 6 62
19 20 45 34 18 37 21 12 5 4 42 50 13 22 49 9 44 6 30 29 51 58 26 60 0 23 14 33 15 48 52 43 57 17 31 61 8 53 41 25 62 1 24 54 46 55 3 11 38 32 59 7 2 10 40 39 47 16 56 63
44 45 46 43 18 19 10 11 20 47 26 12 37 1 3 25 9 4 51 8 17 58 59 60 30 42 0 33 41 49 54 63 53 38 21 5 31 14 40 62 2 23 22 39 34 48 61 32 13 52 55 50 15 6 7 29 57 24 16 56
37 43 34 25 26 18 17 29 19 9 8 16 33 44 53 52 24 11 20 12 10 42 13 2 4 6 30 31 45 38 61 62 41 5 63 59 14 40 51 22 23 15 54 58 47 55 48 46 21 32 7 50 3 56 1 0 49 57 39 60
44 29 19 43 42 26 20 53 22 51 60 59 34 50 52 15 45 11 61 46 18 21 37 17 49 30 10 56 33 25 8 1 16 62 9 54 4 2 3 32 14 38 0 13 23 31 47 39 55 12 57 63 58 41 24 40 5 6 48 7
19 20 13 18 34 21 14 33 44 52 41 48 42 6 11 50 9 0 12 4 49 43 3 10 17 25 37 29 26 1 53 7 51 45 40 57 38 62 32 16 22 39 30 2 59 54 46 60 63 58 61 23 31 5 8 55 47 15 24 56
26 34 45 18 41 19 20 29 9 42 11 43 25 54 37 24 32 0 53 12 55 40 33 38 52 61 22 30 39 50 49 51 23 56 58 16 44 46 13 2 48 15 60 31 3 10 14 63 17 1 8 6 47 21 62 5 4 57 7 59
44 43 26 29 51 34 45 59 41 46 50 57 52 32 48 25 22 60 61 33 19 30 31 18 38 14 24 42 49 12 9 10 17 0 20 16 1 8 37 21 55 40 13 23 58 47 54 63 4 3 15 6 39 53 56 7 2 11 5 62
37 45 44 29 38 52 53 43 26 25 20 54 62 61 19 11 10 9 60 39 42 21 47 59 46 30 34 49 51 12 17 41 5 4 50 31 40 24 14 32 8 55 33 6 22 7 16 18 2 0 1 15 23 3 48 58 63 57 56 13
44 43 26 45 53 19 37 62 10 30 52 17 38 39 33 3 34 60 29 54 47 32 31 42 51 22 50 49 1 23 63 41 56 11 13 14 15 57 40 6 59 25 12 9 21 61 48 55 24 7 8 46 58 18 20 16 5 4 0 2
26 20 37 44 53 34 29 62 52 21 19 38 13 25 30 10 18 11 54 22 31 5 12 15 42 50 41 51 17 33 4 16 1 32 24 14 6 9 7 55 47 39 2 23 60 45 40 48 61 49 56 57 3 58 43 46 0 59 63 8
37 43 42 41 49 45 53 38 31 34 29 50 18 56 33 22 13 9 52 54 48 20 19 15 44 47 59 25 55 58 17 60 21 62 40 11 1 32 24 16 3 51 23 5 6 63 30 2 46 39 57 4 14 7 61 26 10 12 8 0
19 20 45 26 33 43 50 11 12 13 4 54 3 21 22 57 42 29 30 15 58 2 37 34 41 5 10 25 23 44 24 48 32 14 38 17 1 18 6 7 51 49 40 53 52 0 55 63 46 39 9 61 47 16 60 59 31 56 8 62
26 20 45 25 19 34 18 37 24 11 12 9 10 54 0 17 29 16 43 5 38 51 42 22 44 21 32 53 30 1 23 52 58 14 60 41 2 3 50 33 61 46 47 59 8 48 49 62 15 40 4 13 31 56 39 57 6 55 63 7
37 45 19 20 53 26 17 43 51 38 13 18 31 16 46 44 52 62 9 30 61 39 22 21 63 59 34 60 12 25 10 54 47 0 41 23 58 11 3 4 14 33 6 2 24 48 8 55 42 32 15 7 40 29 5 1 56 50 49 57
37 43 42 41 26 19 10 11 12 38 44 45 51 29 40 1 39 17 53 61 21 34 30 3 62 46 33 59 58 14 20 57 50 18 7 52 16 8 47 49 25 4 48 13 6 9 5 31 60 54 56 22 0 32 24 15 63 55 23 2
26 34 44 37 45 51 41 19 12 11 52 13 20 29 46 38 6 21 58 25 4 54 53 50 33 22 10 18 61 5 32 9 59 17 0 30 55 24 39 43 2 47 3 63 15 49 62 31 48 60 42 8 1 40 23 7 14 16 56 57
37 43 42 45 53 34 44 54 55 52 26 20 51 33 38 46 13 39 40 12 4 21 41 58 14 19 30 48 25 7 49 17 18 32 22 3 9 1 15 11 2 6 8 23 0 47 5 16 59 31 29 61 60 10 62 50 57 63 24 56
44 29 18 43 21 26 19 11 34 25 20 13 17 45 10 8 42 3 32 49 16 9 1 2 53 0 52 61 50 58 33 60 22 23 62 38 57 54 56 40 24 51 30 39 5 41 47 37 4 12 48 55 63 6 31 46 15 14 7 59
37 43 18 38 51 19 29 21 11 10 2 1 9 3 39 44 4 47 0 17 53 26 14 31 24 8 16 45 46 13 34 25 32 52 61 50 5 33 57 42 20 6 40 22 12 60 15 58 30 7 55 41 48 54 62 49 56 63 23 59
19 34 45 11 18 25 42 54 44 29 3 20 21 52 53 49 26 14 10 2 17 16 46 43 1 62 12 39 24 8 50 51 63 33 40 32 47 48 31 37 38 30 58 9 61 55 60 41 0 23 15 5 4 59 6 13 57 56 22 7
37 43 18 19 50 21 20 38 29 45 14 7 22 12 42 57 58 13 54 26 4 34 56 10 17 52 30 24 53 9 39 6 51 49 0 11 1 47 31 63 41 48 55 33 3 44 15 23 60 8 40 46 25 59 2 61 16 32 62 5
26 20 21 22 44 34 18 10 41 45 14 48 37 29 53 43 30 52 9 62 2 15 19 12 59 0 4 5 42 46 55 33 54 47 38 63 6 31 8 61 39 11 60 17 32 25 3 13 51 1 49 57 56 23 16 50 7 58 40 24
44 43 18 19 10 37 45 1 51 26 17 16 11 12 46 33 25 59 8 24 58 57 34 54 2 41 42 0 62 50 52 20 38 9 29 21 49 47 13 56 30 31 32 6 14 48 40 53 22 55 61 15 4 60 63 23 39 5 7 3
26 34 45 20 18 10 12 19 17 37 3 2 41 8 24 5 1 42 21 22 44 54 11 53 23 29 61 52 25 40 33 13 38 4 30 15 62 14 9 32 55 47 51 43 50 31 48 0 16 46 7 60 6 56 39 63 59 58 57 49
26 20 45 44 37 25 17 9 24 30 52 33 18 34 40 32 12 13 42 41 29 54 10 11 2 21 49 16 4 56 38 19 14 1 23 7 51 48 5 15 3 53 57 6 55 59 60 63 8 61 46 47 39 58 22 50 43 0 62 31
26 18 37 34 19 20 11 44 25 10 1 30 12 16 45 2 32 29 33 9 52 53 46 0 23 60 21 41 59 47 4 51 54 38 58 62 55 61 39 31 50 24 22 42 43 5 13 49 17 40 8 57 63 3 48 14 7 6 56 15
44 29 19 26 18 53 20 21 33 12 43 34 14 11 45 17 3 46 13 40 25 9 1 51 62 37 32 2 55 38 48 61 4 6 52 15 5 50 31 39 7 23 30 10 57 24 47 16 58 49 54 22 8 0 60 59 42 63 56 41
19 18 26 20 21 33 25 22 14 32 30 23 9 43 10 0 24 5 12 13 40 38 11 29 51 17 44 59 16 2 34 45 7 15 1 42 4 3 60 41 49 58 57 37 39 47 6 46 52 31 55 54 62 50 53 48 56 8 63 61
19 18 17 34 45 11 42 16 26 44 3 46 9 33 24 0 52 20 10 53 43 41 51 32 25 4 54 63 12 50 60 8 58 13 21 59 6 22 14 37 2 49 56 15 7 29 38 61 23 1 55 31 39 30 5 47 62 48 57 40
37 45 44 43 52 21 50 38 31 39 20 51 34 23 14 33 25 42 32 46 55 57 53 5 7 18 26 59 61 60 29 30 49 41 54 16 47 62 10 22 58 11 63 13 24 40 2 19 17 1 56 6 0 4 3 9 8 48 15 12
44 29 19 26 22 42 37 53 43 12 45 51 10 30 59 50 38 60 41 1 62 52 21 34 25 15 58 20 61 17 4 49 40 47 11 46 8 16 18 23 9 2 33 32 55 63 39 31 3 5 0 57 54 13 48 24 6 56 14 7
19 18 26 20 21 33 9 29 34 22 40 25 13 41 24 17 12 43 49 11 37 32 15 38 42 6 45 4 51 30 23 50 3 48 44 14 57 56 5 16 46 58 59 39 7 53 61 0 8 54 63 2 55 62 31 10 1 47 60 52
44 45 19 20 46 34 12 37 29 54 26 18 17 21 62 52 41 47 53 11 39 13 60 31 4 33 38 5 6 3 25 43 55 7 10 8 51 16 24 32 40 63 42 2 30 14 9 48 1 22 49 0 15 23 61 50 58 57 56 59
19 18 44 29 37 11 3 43 51 52 21 4 53 2 17 50 45 54 59 13 38 9 61 34 63 60 49 57 20 47 31 55 5 41 12 39 46 6 26 8 0 58 48 25 16 24 62 23 33 42 40 10 56 1 30 22 14 15 7 32
37 45 44 43 26 21 19 30 52 11 46 33 23 47 34 42 25 51 58 16 32 53 18 10 1 50 12 5 41 14 29 38 54 55 9 17 61 3 7 39 4 2 20 59 6 24 8 22 62 57 13 0 49 40 56 60 48 63 15 31
44 29 19 10 11 42 22 52 1 18 17 9 37 3 34 46 55 45 8 2 51 15 60 26 25 32 24 47 33 50 41 63 4 59 30 20 14 43 21 7 13 38 39 5 23 0 58 40 53 31 48 49 57 16 6 61 62 54 12 56
37 29 18 46 20 11 30 38 12 22 15 26 54 23 19 10 3 45 25 2 44 13 21 47 5 34 17 55 41 33 39 63 32 7 62 16 52 60 8 14 4 53 51 50 58 6 61 9 1 24 49 40 43 31 48 42 59 57 56 0
44 43 18 53 51 58 59 26 57 20 29 10 52 37 17 38 22 50 41 8 45 30 12 13 34 15 2 48 42 33 23 49 31 9 4 46 56 25 60 11 7 6 1 32 5 24 40 47 16 0 54 55 21 14 39 61 62 3 63 19
19 20 37 18 12 46 38 42 55 39 29 21 13 54 47 5 31 22 4 15 10 11 62 2 25 3 9 45 43 51 23 17 59 34 16 52 44 50 33 53 57 63 60 30 14 8 0 41 49 32 24 48 61 7 58 6 1 56 40 26
26 18 44 45 10 20 37 46 21 34 19 13 12 4 55 25 3 9 14 5 53 52 41 38 16 24 39 61 51 2 11 22 33 6 0 40 60 42 50 49 32 54 63 48 59 29 43 57 62 58 30 31 1 47 7 23 56 15 17 8
19 20 21 34 45 37 29 18 43 54 25 22 12 5 17 11 63 44 23 15 52 31 4 16 38 61 51 50 26 47 14 6 32 13 8 30 39 33 57 53 42 2 59 58 46 24 41 55 3 40 7 9 60 10 62 49 1 0 56 48
44 43 34 29 37 41 21 22 42 20 15 46 19 50 30 52 51 26 57 11 48 31 38 33 24 53 2 3 18 9 60 59 4 32 54 14 12 5 40 62 47 39 58 13 45 61 7 23 6 56 16 49 10 25 63 55 17 1 8 0
19 20 45 34 37 44 21 46 55 11 52 29 18 10 1 38 41 43 47 61 50 51 4 25 59 60 53 12 32 9 17 42 49 16 3 8 26 33 62 13 24 39 0 63 14 7 31 54 15 6 5 30 23 22 40 48 58 57 2 56
44 45 19 43 54 46 50 63 52 59 47 41 57 34 62 38 51 42 60 37 49 11 40 55 29 48 33 31 26 39 56 61 12 21 14 18 10 20 53 24 13 1 9 25 17 7 22 2 6 0 30 3 8 5 23 32 4 15 58 16
37 45 44 29 22 42 20 43 54 12 50 30 41 53 46 51 52 59 26 33 58 40 19 25 32 11 21 15 60 24 39 31 17 13 10 9 5 14 3 18 8 63 7 34 23 2 1 38 62 0 6 16 49 55 47 61 57 48 56 4
26 20 37 25 18 10 24 32 40 46 12 45 2 4 54 44 53 61 29 38 55 52 13 47 63 22 43 11 30 21 3 9 62 19 14 50 0 6 42 15 23 8 39 1 60 51 34 49 7 31 41 5 16 33 48 56 57 59 17 58
19 34 43 18 44 29 9 37 41 11 22 52 4 42 20 10 60 8 26 51 59 33 24 12 13 49 30 48 45 53 46 54 25 23 1 17 55 15 56 58 21 47 50 62 63 5 61 40 57 16 0 32 38 39 31 3 7 6 2 14
26 34 43 20 25 33 29 17 12 51 24 37 52 18 11 9 42 21 46 19 14 45 50 4 53 30 22 7 10 54 31 61 1 41 55 2 40 59 44 63 3 16 13 62 15 47 58 0 60 39 38 23 32 49 8 6 5 48 57 56
19 34 42 20 26 11 3 33 37 17 21 51 32 29 49 56 43 44 18 2 8 24 52 4 12 60 45 30 31 53 14 22 58 6 41 39 23 10 47 59 46 38 25 16 61 54 7 50 13 9 62 5 48 57 40 63 1 0 55 15
26 18 44 43 42 25 24 34 17 32 19 50 57 37 45 46 51 58 55 21 20 9 8 11 22 52 60 30 16 33 39 29 59 13 53 23 31 54 40 47 3 10 14 63 49 38 0 41 2 1 48 15 7 12 6 4 62 56 61 5
44 29 18 42 20 26 34 43 51 12 30 9 33 25 13 32 0 14 16 10 24 40 17 41 37 31 2 46 38 58 19 45 60 50 53 1 5 62 23 22 8 11 39 52 49 57 48 54 6 15 63 47 55 61 3 4 7 59 21 56
19 34 41 33 25 20 37 18 12 48 26 13 14 38 44 43 30 11 10 17 24 3 40 32 50 8 46 55 29 9 16 45 42 52 53 21 5 6 59 61 54 22 4 57 49 56 1 2 31 47 51 58 0 62 15 7 63 60 39 23
37 43 26 21 29 45 46 38 14 19 44 42 20 54 49 11 12 4 51 22 15 58 3 10 2 18 39 40 34 33 1 0 32 24 55 47 13 63 59 60 53 7 6 31 9 61 50 5 52 25 17 8 30 57 62 41 48 56 16 23
19 34 45 20 26 17 42 12 4 29 8 18 38 50 33 43 44 11 3 16 9 10 24 30 25 2 49 47 1 0 21 53 61 13 39 62 22 40 41 37 63 31 57 56 48 23 52 58 15 7 51 60 32 14 59 5 6 46 55 54
44 29 18 43 21 9 37 30 50 52 51 34 39 45 22 49 53 31 38 13 60 62 5 20 25 47 15 6 26 19 58 46 10 11 12 42 8 23 33 1 40 17 7 32 55 41 54 48 24 4 0 16 2 61 59 57 3 14 56 63
37 45 44 29 22 34 20 21 41 18 30 33 38 15 32 46 14 48 50 12 4 42 43 13 25 53 19 10 39 57 60 49 52 61 1 55 11 40 58 16 26 24 59 2 6 7 3 47 54 5 56 62 8 31 63 17 51 0 9 23
19 34 44 21 33 10 29 37 14 43 26 18 12 20 52 40 30 31 1 2 13 0 17 42 38 24 23 7 45 3 16 53 51 5 4 9 62 8 22 46 6 58 47 11 25 39 49 54 41 57 59 15 32 55 50 60 48 56 61 63
19 18 26 20 21 22 44 52 13 42 17 16 53 62 45 46 31 34 33 40 8 25 54 38 50 5 60 55 11 10 32 43 51 2 6 59 14 41 39 12 24 30 29 37 48 15 23 49 56 7 61 58 63 47 4 3 9 1 57 0
19 20 21 34 44 37 45 51 29 14 52 13 12 18 50 54 15 46 38 4 11 43 17 3 53 61 30 5 33 16 55 59 22 57 10 26 58 6 25 39 56 63 31 41 62 9 49 47 8 2 32 48 60 40 42 24 0 7 1 23
44 45 46 54 19 34 43 47 63 42 41 11 38 37 10 21 53 1 50 49 51 57 52 33 20 59 26 39 29 12 25 22 40 30 15 32 13 16 24 18 8 6 5 3 17 23 58 55 62 14 31 9 60 61 4 56 7 48 0 2
26 18 44 25 17 29 19 52 32 42 30 21 53 31 14 24 34 54 60 33 43 9 62 51 39 11 16 45 40 7 10 2 1 0 46 61 37 41 50 38 4 57 59 48 23 58 13 47 5 20 12 8 3 6 49 15 63 55 56 22
44 29 18 52 45 42 59 26 20 21 34 46 30 17 50 9 38 49 43 51 10 22 24 2 0 19 48 57 47 61 3 8 33 56 13 32 58 60 14 16 11 40 37 54 63 53 62 25 1 7 12 41 6 23 15 39 55 5 31 4
19 20 13 34 45 12 11 26 41 33 25 4 42 24 37 43 21 40 18 6 49 17 29 58 5 22 30 53 8 31 57 51 59 2 61 44 32 60 52 56 7 10 23 46 3 16 55 62 54 63 48 47 50 38 39 0 1 15 9 14
19 34 45 20 43 18 12 5 33 44 37 26 51 32 4 29 11 2 10 53 6 42 40 17 9 3 21 22 15 0 30 31 8 14 25 7 52 24 39 50 46 54 63 41 38 55 60 16 62 47 23 48 49 56 1 57 58 61 13 59
19 34 43 50 51 52 33 32 45 20 42 41 21 11 3 29 49 57 44 13 22 15 24 46 26 25 47 18 30 37 5 23 59 38 17 55 53 54 60 4 63 2 6 14 61 16 58 10 7 12 8 9 40 62 0 1 31 56 48 39
37 45 19 29 54 53 38 31 61 26 39 11 17 33 22 42 23 63 47 15 21 30 43 51 34 12 49 25 10 8 18 20 7 1 24 44 4 40 59 41 2 14 5 56 16 58 52 6 60 9 13 32 48 46 57 62 50 3 55 0
37 29 18 42 30 21 13 44 43 14 41 26 45 46 20 9 15 5 0 51 50 49 58 59 57 56 22 34 4 19 11 48 32 3 47 17 33 6 10 7 2 23 38 54 61 12 25 16 53 40 8 24 39 55 52 31 60 63 1 62
19 18 26 20 29 37 13 22 44 34 30 12 25 53 45 14 6 46 51 32 24 43 55 17 33 47 52 60 21 38 40 11 39 50 8 16 10 9 42 54 1 4 61 0 5 15 58 57 23 63 3 2 59 62 49 41 48 56 7 31
37 45 26 18 44 29 20 34 17 11 10 52 33 41 4 8 42 32 30 23 24 19 38 3 31 25 21 47 51 39 16 58 46 12 48 53 14 5 61 49 59 2 22 62 40 54 6 9 60 13 55 43 57 15 7 56 50 63 1 0
26 34 44 18 33 42 25 16 49 45 24 29 8 32 10 11 20 37 46 13 12 9 4 51 50 54 38 0 14 19 2 43 53 17 59 5 62 52 60 3 41 55 21 39 31 63 30 15 40 22 7 58 23 61 47 57 6 48 56 1
19 34 43 52 33 25 37 32 41 49 48 29 61 26 57 50 17 45 22 11 18 24 12 13 3 10 54 31 15 9 4 14 5 30 38 39 0 59 44 1 16 20 40 51 46 62 53 8 2 60 6 21 55 58 47 56 23 7 42 63
19 34 43 50 37 38 41 11 42 20 21 26 12 14 33 25 10 5 4 48 44 1 46 45 53 24 49 3 52 51 57 62 54 47 59 60 31 61 58 13 55 29 39 63 30 56 18 9 16 8 22 15 7 17 23 6 32 40 2 0
37 29 22 42 19 38 47 21 43 34 13 11 33 41 3 44 45 30 51 49 48 53 54 25 39 60 50 55 20 46 62 14 52 18 40 31 15 5 26 63 4 24 6 2 58 59 10 56 61 57 1 32 23 7 16 12 17 8 9 0
44 43 34 45 19 18 37 11 50 46 21 42 26 58 51 20 3 14 7 52 25 2 41 10 57 56 4 16 9 0 32 22 59 12 38 48 17 1 47 5 49 30 40 6 53 54 39 60 23 33 61 55 8 31 29 62 13 15 24 63
19 34 42 20 26 43 44 50 12 18 9 37 17 21 51 45 14 11 3 4 13 0 29 58 53 16 8 22 41 46 38 54 10 1 55 61 62 15 24 63 6 30 60 48 7 32 33 47 23 31 39 2 57 5 59 25 52 56 40 49
19 20 13 42 43 12 49 34 26 11 29 37 44 21 3 25 14 6 38 45 16 56 46 7 15 5 4 53 50 10 30 47 52 51 61 33 48 60 54 40 59 62 22 39 1 23 31 2 41 63 18 58 57 24 32 0 55 8 17 9
26 34 42 20 13 49 37 18 19 44 33 21 52 25 16 40 9 6 17 38 50 53 62 43 24 57 30 39 56 48 22 60 51 41 23 0 2 32 29 31 15 10 1 12 47 3 11 8 14 7 4 58 5 46 54 45 59 61 63 55
19 18 44 43 50 21 37 20 9 46 29 34 14 0 10 51 11 49 52 3 38 7 58 2 55 47 33 59 57 32 25 45 40 42 26 24 53 63 31 61 22 41 16 17 30 56 4 12 60 15 13 6 39 62 5 54 8 23 48 1
26 20 13 34 44 37 30 17 33 42 25 6 12 16 18 53 49 50 24 32 8 56 41 48 14 11 51 38 19 21 40 5 10 4 59 39 3 2 22 15 1 58 43 52 7 23 62 54 9 0 45 60 61 63 57 46 55 29 47 31
19 34 42 18 26 50 41 33 59 11 49 48 37 38 40 32 10 17 46 20 12 1 24 43 44 29 22 45 51 13 8 58 53 54 56 25 2 57 39 30 4 6 63 60 21 62 52 5 31 61 47 9 0 23 3 16 15 14 7 55
26 34 45 37 46 38 31 54 33 47 53 29 22 19 12 52 21 13 39 11 59 18 14 41 4 25 17 43 20 9 32 51 49 16 61 15 8 60 55 58 42 62 63 10 1 2 3 48 24 56 30 44 23 7 6 0 57 50 5 40
44 43 34 29 51 59 26 37 38 30 18 25 33 40 17 9 24 39 22 20 50 41 45 54 49 16 58 52 1 48 23 57 61 53 60 32 55 62 21 10 8 46 3 15 7 42 63 13 6 47 14 12 31 5 4 0 56 2 19 11
19 34 45 37 44 51 33 26 52 29 20 40 42 50 25 17 24 10 3 13 41 54 11 16 21 14 43 18 9 59 61 1 22 12 47 15 4 53 58 8 23 2 0 57 7 32 46 63 62 30 49 31 6 56 38 39 48 5 55 60
37 45 19 34 44 29 42 18 30 43 52 11 54 21 26 39 12 61 10 38 23 25 24 16 32 40 14 9 53 20 46 1 59 2 17 60 3 8 0 4 13 58 5 41 55 6 49 47 51 31 7 62 22 57 63 15 48 50 33 56
37 45 53 43 26 20 51 42 19 60 21 14 34 11 12 4 22 17 18 10 25 16 6 23 33 29 2 38 5 13 47 41 50 57 46 44 24 15 3 8 49 48 52 40 56 61 32 39 31 1 9 30 54 0 7 59 58 55 62 63
37 29 18 26 21 10 17 30 19 43 3 9 1 0 8 12 31 20 45 53 11 33 34 2 5 13 38 41 50 59 52 61 14 44 51 6 22 7 32 4 57 16 24 46 60 54 25 40 62 42 15 49 39 63 48 55 47 23 56 58
37 45 26 20 54 25 12 13 14 6 19 22 33 11 17 40 3 8 4 34 41 5 21 42 49 16 15 56 51 7 18 44 57 30 32 2 9 48 23 63 29 43 52 0 10 39 1 24 50 38 31 60 61 46 47 58 59 53 55 62
19 34 45 20 21 11 18 14 22 12 29 38 5 23 30 37 13 52 53 6 7 25 33 4 9 43 41 32 10 49 39 54 59 61 31 0 42 47 63 55 3 15 46 50 2 26 58 51 8 1 16 24 48 17 60 44 57 40 62 56
19 20 45 18 11 26 17 2 4 25 12 3 24 29 13 43 1 37 21 8 51 54 53 50 57 22 31 52 59 38 47 49 16 42 34 46 0 9 62 39 30 5 61 44 10 15 41 48 6 60 14 33 56 55 58 23 63 40 32 7
37 45 44 29 46 43 26 34 18 52 41 54 53 38 51 25 16 33 39 62 32 58 19 50 20 60 63 47 59 30 31 17 9 42 57 56 61 21 12 40 48 13 14 11 2 4 55 49 22 3 5 8 0 15 6 24 10 7 23 1
37 43 26 38 42 18 44 34 30 49 19 20 11 10 17 4 2 51 58 52 21 46 55 25 39 14 60 12 22 16 40 23 8 0 13 29 6 53 50 9 45 54 62 63 24 32 33 41 1 7 15 3 31 5 61 59 56 57 47 48
37 29 22 44 26 30 45 14 43 50 51 53 49 17 46 58 25 54 52 59 62 19 23 63 15 31 5 41 39 40 9 61 42 55 20 11 10 24 47 1 57 38 32 6 48 56 7 34 18 33 16 8 0 2 12 13 60 21 4 3
26 34 41 17 44 37 43 51 18 19 12 11 38 48 42 49 9 33 50 20 3 39 56 52 40 58 16 24 53 59 32 60 46 21 13 30 22 55 29 23 54 14 45 61 7 47 63 4 62 15 6 2 10 57 31 25 0 1 8 5
19 18 17 29 21 34 43 26 45 52 20 11 33 54 4 25 51 37 38 3 63 31 41 50 59 12 32 24 47 42 53 60 61 58 57 39 16 5 49 9 2 0 23 44 1 40 6 48 46 10 30 22 13 7 56 15 14 55 62 8
44 45 26 43 54 46 51 42 38 59 53 37 29 62 49 47 58 57 61 41 33 30 39 25 40 55 22 34 56 23 20 52 19 12 50 14 63 24 4 10 21 48 18 5 3 31 60 11 13 2 7 6 15 32 1 9 0 17 16 8
37 29 19 45 30 34 42 50 53 20 33 41 11 13 43 44 21 22 23 32 38 12 5 2 49 56 26 6 48 25 58 46 47 52 14 62 57 17 18 9 61 40 1 39 4 10 63 7 3 60 59 0 31 15 55 24 51 54 8 16
44 29 18 42 20 21 38 12 26 52 49 47 30 37 51 22 60 58 45 33 24 53 23 34 4 19 31 32 11 3 43 61 46 62 54 63 55 13 50 9 0 56 25 41 57 5 10 48 59 2 14 6 39 16 8 17 1 15 40 7
26 34 44 20 42 52 21 41 33 32 40 14 7 50 43 25 24 17 13 49 19 11 12 15 53 30 16 45 48 61 60 29 59 10 4 57 56 37 22 23 58 51 3 1 38 6 31 39 46 47 54 5 9 8 55 62 2 18 0 63
19 20 37 18 10 2 21 45 53 11 44 46 3 51 25 14 29 4 7 60 1 13 6 32 12 5 26 17 34 0 38 31 55 43 24 54 61 22 30 16 47 23 50 52 42 39 62 63 8 57 59 58 49 40 48 33 15 41 9 56
37 43 34 25 19 11 50 29 33 44 20 45 22 18 3 4 5 15 32 2 46 57 52 60 12 13 31 54 53 61 62 16 38 6 59 30 51 42 41 26 17 24 23 58 49 63 10 14 21 1 39 40 48 55 47 9 8 56 7 0
19 18 37 45 53 38 26 34 41 29 10 48 31 54 21 25 63 39 43 1 42 11 12 30 22 52 47 20 9 61 24 2 40 46 33 49 58 32 51 57 13 8 17 14 7 44 4 59 16 15 60 62 5 6 0 50 23 3 56 55
37 29 20 43 44 13 50 57 21 52 42 45 30 38 14 22 60 6 19 61 58 41 54 34 32 47 31 53 56 48 51 49 46 18 9 17 26 23 8 39 12 55 7 33 25 0 59 40 62 4 11 3 2 63 16 1 24 10 5 15
37 43 50 38 44 53 18 19 45 54 63 52 61 59 51 26 11 57 46 10 17 47 31 60 1 62 58 3 55 20 4 25 34 5 24 32 9 16 41 48 29 8 13 42 40 22 2 33 0 12 30 39 49 23 6 14 56 21 15 7
44 29 18 43 45 19 26 46 12 10 51 9 20 17 37 11 55 53 61 59 42 5 4 33 30 54 6 47 3 60 63 23 40 25 16 34 2 8 41 13 52 50 32 38 21 24 39 22 14 62 58 31 1 7 0 49 57 56 15 48
37 43 42 29 21 22 19 38 51 10 30 18 47 39 11 20 45 23 13 3 1 2 9 34 26 52 46 54 12 25 63 6 44 58 16 33 5 14 31 0 41 62 59 55 15 4 61 48 49 17 8 57 32 50 40 60 24 7 53 56
37 45 19 29 54 26 18 53 38 46 17 10 11 55 9 31 21 43 51 50 39 47 61 1 2 34 44 59 42 25 20 52 16 41 22 13 62 60 23 15 5 0 49 56 58 33 63 14 7 57 40 48 8 12 6 32 30 3 4 24
44 43 34 41 50 52 18 59 60 19 10 45 42 29 58 9 51 20 38 47 25 11 12 13 6 57 32 14 3 54 17 33 8 21 56 1 16 26 37 49 5 4 15 30 39 24 48 40 0 61 53 62 46 22 63 2 23 7 55 31
26 34 41 33 45 48 43 37 42 20 32 51 44 52 18 49 50 24 29 10 9 40 61 60 12 38 54 62 11 4 13 57 58 63 56 25 21 5 19 59 2 1 16 17 53 46 31 39 0 23 47 30 55 3 8 14 22 15 7 6
37 43 26 38 44 34 46 19 10 54 42 33 40 50 49 48 58 18 25 2 51 57 11 45 47 55 21 59 63 17 30 4 8 52 61 41 12 53 9 24 60 20 32 3 13 1 16 23 29 62 31 6 14 0 56 5 22 39 15 7
26 34 45 20 18 17 41 21 12 37 30 23 16 14 22 4 7 10 2 48 42 54 3 6 44 43 49 19 13 9 29 33 53 51 55 63 25 40 50 58 8 59 46 47 15 38 57 62 31 0 5 1 60 32 24 56 11 61 39 52
37 29 20 45 34 12 30 21 54 31 4 42 43 11 41 53 38 18 22 47 61 15 13 33 44 63 23 40 50 57 14 7 39 3 52 62 55 19 5 46 9 60 26 25 48 56 49 0 58 59 2 32 16 24 51 6 17 1 8 10
44 43 42 29 19 49 22 37 41 26 20 45 46 15 34 12 17 52 59 54 62 38 13 40 53 55 39 25 51 14 33 63 6 31 18 10 47 60 57 56 50 4 30 32 11 3 23 24 61 48 2 9 16 0 7 21 8 58 5 1
19 18 17 20 21 9 34 12 37 26 11 4 3 2 13 22 23 44 6 31 1 15 43 14 52 16 10 60 29 42 0 38 5 25 47 45 41 8 51 33 50 48 49 59 46 24 32 30 7 57 53 56 39 58 40 62 61 54 63 55
19 18 44 43 26 29 37 34 33 20 51 25 17 50 10 32 40 45 30 53 57 8 46 2 62 48 11 16 1 0 9 31 22 13 21 58 52 60 39 23 42 3 61 12 5 6 15 24 59 55 41 4 14 49 38 7 47 54 63 56
26 34 42 20 21 33 13 12 45 30 40 5 43 25 17 32 24 52 19 37 14 11 10 29 46 4 22 41 44 16 60 6 23 9 8 18 2 53 38 1 7 61 51 3 62 48 56 50 0 39 47 54 59 31 63 55 15 49 57 58
26 34 45 37 44 51 29 20 21 54 58 30 39 52 19 23 46 13 22 25 62 47 33 17 18 32 16 38 31 61 5 12 42 60 4 15 40 10 49 48 43 50 2 57 14 8 53 6 24 3 55 41 59 11 7 63 56 1 9 0
26 20 21 18 19 34 45 54 33 32 42 13 6 22 44 37 11 5 23 51 52 17 50 43 49 3 63 12 4 57 30 39 38 56 9 7 16 59 58 25 2 41 24 10 29 1 8 15 40 14 31 46 53 48 47 61 60 55 62 0
37 45 44 43 53 62 52 38 34 29 18 51 39 47 55 46 54 25 22 15 31 19 59 60 20 58 33 12 26 11 2 10 1 42 17 16 32 24 50 9 13 14 40 57 49 48 5 21 7 30 6 41 56 4 61 63 0 8 23 3
26 18 10 43 42 9 37 41 51 21 8 25 20 59 24 2 50 16 40 17 22 32 58 57 60 49 44 19 56 46 0 12 38 52 5 34 33 48 53 1 11 62 45 14 54 61 7 4 63 30 3 31 39 13 29 47 55 15 23 6
44 45 26 20 54 34 18 25 42 41 19 50 21 11 33 43 12 46 57 52 2 17 60 24 8 62 32 9 47 29 10 16 63 40 51 38 48 1 3 61 31 4 53 58 5 30 22 13 6 56 55 49 37 0 23 14 39 59 15 7
37 29 19 26 33 10 18 40 30 43 20 13 25 46 50 51 44 49 2 23 45 1 57 24 58 54 34 38 47 53 60 17 11 3 48 4 8 55 32 61 52 59 9 39 62 12 42 21 31 22 6 0 5 56 41 16 15 14 63 7
44 43 50 51 52 45 19 18 26 34 17 61 54 10 60 59 25 33 32 24 11 38 58 53 37 57 46 3 42 39 30 49 12 63 1 40 16 9 29 55 4 41 56 48 62 8 0 21 20 13 31 22 5 14 7 47 6 15 2 23
37 45 19 18 17 20 53 54 21 52 63 55 47 29 61 38 39 13 43 10 3 9 8 34 33 0 5 22 12 31 15 4 11 41 26 25 48 49 32 2 6 44 1 24 50 60 46 51 59 16 23 62 42 57 58 14 30 7 40 56
44 45 46 20 21 54 37 43 51 14 53 62 52 38 19 18 61 50 29 60 12 34 17 10 30 24 39 9 16 31 32 11 23 26 47 13 58 42 41 25 3 4 57 48 7 55 1 15 5 22 59 56 33 0 2 6 40 49 8 63
26 20 29 34 11 17 41 12 18 38 45 25 4 9 47 33 1 24 44 42 10 21 40 52 53 31 13 48 50 43 60 30 32 37 22 51 54 14 16 62 56 5 61 19 6 49 23 55 3 7 63 2 59 15 46 0 57 8 39 58
44 29 20 43 30 52 50 21 26 42 12 22 60 53 23 37 45 14 51 3 49 17 13 31 39 58 4 40 25 46 7 19 2 59 9 41 54 8 57 38 61 1 16 33 0 62 34 56 18 11 24 15 47 32 6 55 48 5 63 10
26 34 43 20 19 25 17 11 12 18 3 50 44 13 32 9 1 2 4 53 62 45 33 29 22 0 38 42 37 46 58 57 52 47 39 6 10 31 30 60 15 51 21 24 8 5 56 23 59 61 16 63 49 48 40 7 14 54 41 55
19 18 37 20 10 45 26 17 11 44 24 12 4 46 34 33 29 5 6 3 42 22 13 16 55 1 51 21 14 7 23 41 49 52 25 32 2 56 53 54 63 61 43 59 30 48 50 9 38 62 8 0 47 31 40 58 39 57 60 15
26 20 45 34 33 54 29 38 30 32 43 44 42 41 37 46 18 10 21 13 53 61 48 40 12 25 22 31 15 52 5 4 47 56 49 51 17 8 23 24 58 59 60 7 11 19 55 50 14 39 2 1 9 3 0 62 63 57 16 6
26 34 44 20 42 25 19 12 24 41 4 43 50 37 48 21 38 5 13 49 11 40 22 17 9 46 56 58 30 14 15 45 39 23 51 29 33 31 47 10 6 52 54 59 61 8 3 53 1 2 62 18 60 32 16 55 0 57 63 7
19 20 45 34 37 54 44 38 30 43 42 18 26 17 52 50 10 59 58 49 40 11 21 29 13 5 4 22 31 9 14 51 61 53 8 25 41 56 57 15 24 48 39 6 7 2 1 16 33 46 3 0 55 62 63 32 12 60 47 23
37 45 19 34 53 54 41 33 25 11 26 17 9 52 63 48 3 8 49 29 46 32 21 39 40 16 24 13 51 60 30 23 44 58 0 1 61 20 6 42 38 5 14 12 56 2 43 10 59 47 4 62 22 7 18 50 31 57 55 15
44 45 19 43 53 34 46 21 51 20 12 11 18 3 14 37 25 55 47 54 30 7 61 26 2 33 13 42 29 17 52 62 49 58 4 50 59 39 8 16 9 6 24 40 10 60 15 5 22 63 38 0 32 31 48 23 41 1 56 57
44 45 26 34 43 20 19 50 54 37 41 10 30 52 53 48 59 33 51 60 11 62 61 63 32 23 38 42 1 12 5 57 55 46 47 39 31 4 29 6 49 40 18 3 15 7 13 24 25 58 56 22 14 21 16 17 2 0 8 9
19 34 43 50 33 18 20 12 37 41 57 45 21 13 26 32 54 59 25 44 17 30 6 63 38 29 51 14 23 24 7 10 52 11 16 31 40 46 4 15 60 61 5 22 48 2 49 9 1 58 39 8 3 47 55 56 0 53 62 42
26 18 44 29 20 25 9 53 22 19 10 2 24 45 34 37 61 46 39 47 17 11 55 60 54 8 3 42 52 63 41 33 51 49 38 58 1 31 48 59 40 21 43 12 50 56 57 13 14 7 15 32 4 16 0 6 5 30 23 62
44 43 26 45 54 19 18 20 29 46 53 37 13 60 62 25 34 42 38 21 10 41 12 6 14 52 30 11 51 61 2 22 9 17 7 4 49 0 50 48 33 3 8 1 59 5 58 15 24 47 56 40 39 31 23 55 63 16 57 32
44 43 50 21 19 52 29 34 41 26 25 11 20 22 51 58 45 16 3 2 15 48 59 61 13 37 42 49 46 38 57 18 10 5 31 33 56 54 14 30 1 60 55 6 62 9 23 17 47 12 32 63 0 24 53 8 40 39 7 4
19 20 45 26 21 11 10 13 25 9 6 37 38 22 12 46 18 32 47 14 1 33 23 39 30 43 7 53 54 63 5 2 8 0 42 15 61 16 34 31 29 62 17 41 44 51 4 52 3 55 40 48 49 58 56 57 59 50 24 60
26 20 29 22 30 18 14 43 11 4 42 15 2 12 51 38 47 50 21 59 13 6 31 49 57 45 48 25 44 37 19 10 23 41 40 34 58 53 60 52 54 46 33 61 3 9 62 55 24 17 63 39 8 1 7 56 5 32 16 0
19 18 37 43 34 29 21 11 51 33 42 20 25 14 10 30 3 49 50 59 32 24 16 57 26 38 46 44 13 54 52 17 45 53 60 40 47 4 7 12 61 58 48 15 8 55 9 56 41 1 0 31 22 62 5 39 23 6 63 2
44 43 26 45 51 58 54 42 53 37 38 30 50 46 55 34 25 49 56 20 57 19 60 33 52 41 10 40 31 62 21 29 23 13 5 14 11 6 18 1 39 4 2 16 22 17 48 59 0 32 8 3 24 47 63 9 12 15 61 7
44 29 18 42 30 53 49 26 52 51 58 31 60 45 21 13 38 34 17 46 37 43 39 47 55 56 54 10 22 8 14 62 33 61 9 25 11 12 19 15 59 63 1 50 41 16 20 24 6 5 2 7 40 32 4 48 57 23 3 0
37 29 18 43 30 20 21 34 45 19 50 52 11 54 42 12 63 38 3 23 22 14 25 26 61 5 47 46 15 10 4 51 7 49 6 33 56 9 39 53 8 24 58 48 31 2 40 0 55 13 44 17 32 16 59 60 41 57 1 62
26 34 45 20 42 25 13 50 17 18 41 9 0 19 24 40 12 54 8 11 44 32 33 6 51 5 58 16 10 1 49 53 63 37 14 60 30 21 22 15 52 4 3 43 7 23 31 56 57 62 38 46 2 59 48 39 61 29 55 47
37 45 19 34 53 18 43 54 9 52 61 0 51 38 31 11 44 39 46 23 30 59 60 29 22 55 42 58 25 33 32 62 49 13 4 21 15 17 5 40 56 41 26 12 10 24 1 48 47 16 50 2 3 6 63 8 57 14 7 20
37 43 50 29 20 45 46 38 47 57 52 19 34 44 21 60 53 12 10 54 63 22 42 41 62 39 15 18 59 58 25 51 26 23 13 6 4 9 61 1 56 5 32 48 55 3 11 30 40 7 8 16 31 49 14 33 24 2 17
26 18 44 34 33 45 37 29 46 43 10 47 38 30 21 41 19 2 53 20 12 13 1 0 9 60 23 3 62 32 50 52 54 42 4 17 5 61 51 14 59 49 58 22 15 6 25 24 11 56 57 55 63 39 31 48 40 16 8 7
26 34 44 37 42 52 38 30 60 46 39 19 23 49 50 22 55 17 11 53 20 3 10 29 14 47 21 9 48 6 15 31 8 41 12 54 13 2 33 7 62 25 18 1 32 57 40 61 24 58 51 63 43 16 4 0 45 56 5 59
37 43 42 45 53 20 18 49 34 46 13 61 38 25 56 31 26 12 32 44 51 41 11 30 21 19 23 14 40 3 29 39 15 58 22 24 10 50 55 7 47 6 4 2 52 54 62 48 60 63 17 5 16 57 1 59 0 8 33 9
44 45 26 52 54 20 43 42 61 25 41 63 46 49 57 50 51 58 18 37 21 33 13 55 17 40 60 14 48 59 47 19 24 38 29 16 34 22 15 6 10 30 8 62 23 39 32 11 53 9 4 31 2 3 5 56 7 1 12 0
44 29 18 43 20 45 22 26 50 37 34 51 59 9 30 25 24 15 0 11 14 38 54 23 46 32 13 12 40 31 21 53 7 57 41 52 42 6 4 10 5 39 2 16 60 61 55 19 62 49 47 63 8 17 48 3 33 1 58 56
44 43 42 45 29 51 58 59 50 30 18 9 52 53 20 41 49 60 46 37 61 39 23 19 17 31 34 25 40 15 21 10 11 12 16 32 47 33 5 38 26 57 48 55 0 13 1 54 4 2 3 8 14 22 6 7 63 24 56 62
19 18 17 29 21 43 30 22 42 13 37 11 12 9 44 50 14 16 58 52 10 5 20 34 24 31 41 45 38 2 4 40 49 25 48 47 46 53 60 26 6 57 1 32 33 39 59 51 56 8 23 61 54 7 62 55 0 3 63 15
26 20 21 34 19 25 44 14 22 30 18 11 42 49 23 53 37 13 10 29 5 45 2 4 56 6 61 12 52 50 24 46 39 31 58 60 17 55 59 41 47 9 38 8 51 3 40 48 0 62 33 43 7 54 16 32 1 57 63 15
26 34 43 50 37 19 33 29 10 41 51 18 17 25 42 11 58 2 40 49 3 20 30 38 16 1 48 22 0 9 8 59 21 32 44 13 46 55 4 56 6 12 5 45 24 57 23 15 31 14 7 52 61 60 39 47 63 62 53 54
37 43 18 19 20 29 34 25 38 42 50 30 22 58 57 10 32 56 1 52 49 16 33 11 17 40 61 26 3 39 41 14 15 9 24 12 6 8 45 44 48 53 5 21 54 60 46 23 51 62 31 59 4 2 47 13 55 63 0 7
26 20 29 22 45 44 37 43 51 46 47 25 38 53 19 34 54 59 52 30 15 61 18 12 21 31 60 14 58 13 4 9 23 63 5 57 50 7 62 42 17 6 49 55 16 48 39 10 0 24 8 11 3 1 56 41 32 2 40 33
44 43 42 51 60 59 34 33 58 29 50 41 22 30 18 26 24 53 19 14 21 57 52 49 31 25 13 17 54 37 40 20 15 55 56 7 46 6 10 1 16 32 12 62 2 38 45 23 0 61 63 3 47 8 5 48 9 11 4 39
44 45 19 34 42 52 54 26 41 11 20 12 37 50 3 2 17 40 53 38 48 43 46 25 30 29 33 16 13 9 10 14 32 62 1 49 6 39 22 21 58 55 61 23 5 7 47 24 18 0 15 57 8 4 51 59 63 60 56 31
44 43 50 51 18 45 54 21 20 19 10 46 52 63 34 41 26 37 13 58 53 59 60 12 29 61 42 11 5 4 2 1 57 56 0 6 55 33 40 38 17 3 32 39 14 49 30 22 23 31 48 16 7 62 15 24 9 25 47 8
19 18 37 11 10 43 50 20 3 4 13 21 9 46 12 17 22 5 25 30 29 31 23 51 42 32 14 16 59 44 34 2 0 52 60 61 41 26 53 40 8 24 49 56 39 33 45 58 57 47 54 15 1 48 62 55 38 63 6 7
37 29 21 43 18 19 20 45 26 9 17 30 42 11 3 34 12 50 38 8 16 46 51 44 2 60 41 33 47 52 57 5 32 24 13 25 10 39 22 53 59 55 0 31 49 15 54 48 62 1 14 63 40 4 61 58 56 7 23 6
37 29 22 44 53 46 43 42 45 30 41 54 47 62 18 9 21 38 52 12 55 20 26 51 50 58 31 63 19 34 59 23 49 48 13 60 4 39 57 3 10 25 11 56 8 2 17 16 24 15 61 5 0 14 6 33 1 40 32 7
26 34 45 21 43 44 53 54 37 46 25 24 29 41 19 61 55 39 52 50 42 10 11 63 38 49 47 12 40 30 18 9 57 56 58 62 16 32 3 20 17 48 13 59 2 33 51 60 23 6 31 14 7 22 5 0 8 15 4 1
19 34 44 53 43 52 50 20 45 57 62 54 37 38 46 29 42 41 51 55 30 63 11 31 48 39 61 2 47 10 12 13 4 32 40 22 3 60 24 33 23 21 5 6 15 26 25 14 9 59 49 17 16 58 8 1 56 18 0 7
37 43 50 45 42 20 21 29 22 44 19 15 30 23 31 18 52 39 38 51 13 5 26 17 10 47 12 11 4 53 16 1 14 3 2 9 25 49 46 24 57 6 32 54 7 34 0 58 55 56 60 8 48 41 40 59 61 63 62 33
44 45 19 20 12 43 52 18 26 59 46 54 63 11 42 25 10 29 34 50 32 24 33 51 60 47 37 13 16 41 14 53 30 23 39 3 4 2 48 62 21 38 40 7 15 31 17 9 22 49 0 55 57 8 61 6 1 5 58 56
19 34 42 20 37 38 26 33 43 10 41 49 39 46 29 21 32 47 55 24 45 52 48 17 61 59 18 40 11 3 22 31 16 44 56 51 12 15 23 30 50 14 4 13 25 8 9 63 7 6 5 0 2 1 54 57 58 62 53 60
19 18 17 20 45 34 37 16 10 11 33 41 49 3 9 48 1 25 24 50 26 38 21 12 44 54 42 40 57 30 5 43 29 8 63 53 51 4 23 6 2 0 39 31 46 55 60 59 58 61 47 52 14 7 62 32 22 13 15 56
37 29 21 45 44 13 26 34 41 52 53 25 30 31 46 33 23 15 20 39 14 19 42 51 5 11 38 49 10 47 58 54 32 9 3 40 48 18 56 57 50 22 1 12 55 61 24 60 0 8 17 63 6 43 59 4 2 16 62 7
19 34 42 20 37 50 26 21 33 18 12 38 46 13 44 24 58 11 39 45 4 5 14 22 25 55 32 9 53 51 30 61 29 23 54 40 3 43 62 60 10 47 63 31 0 57 7 6 52 16 59 1 56 8 15 2 49 17 41 48
26 20 29 34 11 12 43 17 4 21 13 45 41 30 54 14 18 10 22 37 38 39 16 23 3 25 31 8 2 42 24 44 6 7 53 62 51 58 50 9 47 49 0 5 59 46 63 32 61 60 57 55 52 40 15 48 19 33 56 1
26 34 42 18 10 43 52 25 19 44 24 21 14 50 45 2 9 46 11 60 57 20 61 62 12 51 59 0 41 32 40 53 16 33 8 17 37 5 54 7 58 48 13 29 55 47 15 4 30 63 38 6 49 23 22 31 39 3 1 56
19 20 37 34 33 44 13 18 51 32 41 49 9 52 45 50 58 6 21 0 5 4 40 10 25 16 53 38 31 22 30 62 12 14 24 46 39 54 47 57 8 48 7 29 1 15 17 2 60 11 3 26 42 59 55 63 23 61 43 56
19 34 45 37 29 11 10 21 12 54 53 52 63 38 61 3 18 17 20 44 47 31 39 30 51 60 2 4 33 46 13 14 43 41 22 1 26 25 59 58 42 49 9 16 50 55 57 15 48 40 24 56 6 62 0 5 32 8 23 7
26 20 45 25 18 44 32 9 11 46 54 2 12 63 34 19 52 42 0 59 17 33 60 13 3 53 58 51 6 29 1 37 41 14 55 48 38 8 49 24 21 5 7 10 43 22 15 39 31 56 40 57 16 50 61 62 47 30 4 23
44 45 46 52 26 38 60 47 31 29 30 43 50 18 10 9 54 63 53 61 19 34 0 22 59 58 62 42 33 39 41 21 13 2 11 14 25 12 55 1 6 7 20 51 3 4 17 8 57 24 16 23 37 56 15 40 49 32 5 48
26 34 45 21 43 52 20 13 50 25 24 37 12 18 29 51 53 38 46 19 11 4 47 10 14 22 1 32 2 16 15 31 44 54 55 6 17 59 60 63 58 33 42 61 40 49 48 56 41 39 30 8 23 3 7 0 62 57 9 5
19 20 37 44 51 38 30 18 21 29 12 43 11 34 9 53 45 22 33 17 31 46 23 59 50 5 52 32 47 54 26 58 25 10 62 0 39 24 1 57 42 41 4 60 40 61 6 2 13 63 3 48 16 49 8 14 56 55 15 7
44 29 19 42 34 26 21 14 18 10 33 43 52 24 17 45 3 59 50 41 37 8 60 11 40 51 57 53 61 38 46 2 58 20 25 16 22 4 39 47 1 9 6 7 0 15 32 49 54 62 63 30 12 13 23 5 48 56 55 31
37 45 53 38 44 61 30 26 51 21 18 52 54 59 34 42 19 62 43 39 41 25 24 20 23 11 22 13 29 17 4 63 60 40 12 14 50 5 48 56 10 49 33 58 57 16 7 3 31 46 47 55 2 15 9 32 6 0 1 8
26 18 10 25 17 11 19 43 20 12 5 1 21 13 42 22 33 9 3 16 23 31 44 34 8 40 14 15 41 50 30 7 24 51 37 39 58 29 38 4 52 53 54 60 61 46 59 0 6 55 2 32 62 57 56 48 45 49 47 63
37 29 20 45 44 11 46 54 26 34 30 17 2 53 51 39 25 16 43 21 14 19 23 18 32 12 55 47 33 7 22 59 42 63 62 60 8 3 24 40 38 61 6 5 58 57 48 9 10 1 4 52 41 31 0 50 49 56 15 13
26 20 45 25 18 10 21 44 42 46 24 22 9 49 54 17 12 4 11 3 43 50 13 5 47 53 14 6 31 30 41 34 60 52 16 0 1 38 29 33 40 32 59 2 7 62 61 58 19 37 23 63 51 39 57 56 55 15 48 8
19 18 17 43 44 11 4 16 9 1 34 37 30 26 50 53 45 33 62 51 20 49 32 54 42 23 46 13 58 63 48 61 12 41 40 5 14 10 6 15 21 52 0 22 60 38 55 25 39 56 31 47 24 57 3 29 8 2 59 7
19 34 41 20 37 48 33 18 12 45 26 4 21 30 9 38 54 42 44 51 43 52 29 0 46 47 14 13 49 11 10 56 57 62 22 50 39 58 8 3 53 31 59 7 23 60 2 24 5 40 61 1 55 63 17 25 16 15 32 6
26 18 19 34 25 11 12 29 37 38 42 24 33 32 30 49 3 10 50 51 43 13 47 23 57 46 21 20 6 14 9 17 15 2 16 8 22 58 39 4 56 40 41 31 52 60 45 61 59 55 0 48 5 1 63 7 54 44 53 62
26 20 37 46 38 25 19 44 24 10 13 17 29 33 45 30 31 22 18 11 47 54 53 4 21 34 63 52 3 8 6 60 14 5 59 23 41 12 9 51 50 62 39 49 55 48 58 1 16 32 15 57 0 7 61 43 40 2 56 42
44 29 19 42 37 45 26 34 46 21 41 53 50 47 54 43 51 49 55 52 60 11 33 18 57 62 14 58 59 40 3 4 5 39 17 25 38 30 9 8 31 13 16 23 63 7 61 1 12 24 0 22 15 10 32 20 48 56 2 6
37 29 20 13 19 45 6 10 54 21 30 23 38 46 12 42 43 44 53 5 41 34 1 62 25 51 52 18 60 33 14 7 11 9 4 59 47 26 8 55 58 49 57 24 63 2 22 50 15 32 17 48 40 16 61 3 31 39 56 0
44 43 18 45 34 29 52 42 30 25 41 9 38 60 20 12 53 31 13 26 4 62 46 6 21 3 10 37 54 39 0 50 22 15 14 5 16 55 51 17 2 32 24 8 11 49 63 1 61 19 58 47 7 57 59 33 48 56 23 40
19 34 43 20 29 52 11 45 50 3 33 30 38 13 59 42 41 37 26 53 22 21 14 47 12 39 61 40 18 25 31 46 32 10 5 57 44 54 55 49 56 58 1 9 24 62 48 60 2 51 16 7 4 0 23 6 63 17 15 8
37 43 18 38 45 19 50 52 11 10 2 9 39 29 46 12 61 57 17 20 44 16 51 34 25 53 4 33 59 42 32 24 41 48 13 5 8 14 49 26 22 47 55 58 30 0 15 1 60 31 23 3 21 6 7 40 56 62 63 54
37 29 19 43 51 50 21 18 17 20 49 57 11 10 45 48 3 42 56 16 26 59 8 22 13 0 58 38 40 52 53 4 39 44 23 41 25 61 46 9 34 47 12 31 6 15 5 32 33 14 7 54 60 30 62 55 24 2 63 1
44 43 26 45 53 29 46 54 30 34 42 50 62 22 14 47 39 52 58 18 10 55 19 25 32 41 37 1 17 59 51 38 60 15 49 16 2 48 11 31 40 9 24 13 56 4 20 33 63 12 6 3 8 21 57 7 5 0 23 61
44 45 46 43 42 50 19 11 26 33 10 20 29 52 59 38 40 34 18 21 57 24 53 2 49 51 22 60 17 14 47 37 30 8 6 9 3 7 16 23 25 4 41 61 15 32 31 55 62 12 58 39 0 13 54 56 5 63 1 48
19 34 44 37 26 51 38 20 21 30 46 54 52 25 50 58 39 13 24 22 43 41 14 12 18 16 4 10 45 3 62 53 29 59 11 31 2 32 33 7 47 55 15 23 17 5 63 61 6 1 57 8 48 56 42 40 9 0 60 49
44 43 18 37 26 20 12 34 45 51 38 17 52 21 33 10 42 4 9 41 59 32 8 25 19 16 49 61 14 39 31 53 3 23 46 7 5 29 24 56 22 55 47 1 11 30 40 54 15 0 57 48 63 2 60 62 13 50 58 6
26 20 45 44 37 17 52 38 12 59 39 18 34 31 54 4 21 22 13 19 14 46 9 33 11 2 41 6 23 0 60 10 30 49 42 62 8 50 7 3 56 16 5 15 29 61 55 43 1 48 24 47 32 63 51 58 57 25 53 40
44 29 20 43 42 51 38 30 58 53 45 59 18 46 21 33 47 57 39 9 19 31 37 23 60 62 56 12 5 26 50 3 40 55 22 14 13 10 61 11 15 4 8 2 1 25 32 54 34 0 63 6 7 41 49 17 16 24 52 48
19 34 42 20 21 43 51 13 44 11 33 41 18 37 40 29 3 58 25 26 38 9 52 49 50 39 48 22 23 12 30 4 47 17 0 32 45 60 59 1 57 14 6 15 31 2 61 46 54 55 5 63 8 10 16 24 62 53 56 7
44 45 46 52 19 54 43 50 42 38 61 34 26 59 57 41 58 18 40 25 37 56 17 32 16 10 49 8 2 51 55 30 33 24 22 29 21 11 62 13 9 31 39 20 0 47 14 12 53 6 4 3 5 48 7 1 15 60 23 63
37 43 42 45 26 34 41 40 49 38 52 18 48 19 32 51 12 25 44 59 11 24 60 4 29 20 10 1 54 56 50 33 30 46 58 57 31 39 47 22 21 63 3 13 2 55 53 61 62 17 5 6 9 16 8 23 15 14 7 0
26 34 42 20 29 18 43 44 53 22 21 25 13 62 38 12 3 19 23 6 17 51 50 52 54 5 32 9 33 37 45 63 11 24 4 57 49 48 61 41 56 30 60 16 39 31 10 14 46 59 1 2 58 40 15 47 8 0 55 7
26 34 41 20 13 17 44 19 10 12 42 50 33 53 58 29 21 1 52 40 37 49 3 46 48 5 8 60 14 11 24 32 30 57 51 23 18 39 56 38 31 25 43 9 6 7 62 45 16 54 63 55 2 0 22 4 47 15 61 59
26 18 10 9 8 25 44 0 17 43 19 11 1 34 3 4 33 42 41 2 12 52 20 5 50 51 59 49 57 53 32 45 60 40 37 58 54 56 48 38 46 13 6 62 16 61 29 21 47 22 14 39 23 55 31 30 24 7 63 15
19 18 37 43 42 11 9 41 50 21 32 25 10 51 4 49 14 3 26 17 1 8 56 20 44 5 52 46 16 60 0 29 53 62 22 33 2 57 59 58 45 30 34 15 55 23 48 24 54 63 38 13 31 40 12 61 7 6 39 47
19 20 21 34 41 18 43 50 51 33 42 60 37 45 26 38 59 48 44 12 10 30 22 1 61 17 16 24 46 58 8 29 32 14 13 39 31 11 6 57 56 15 2 23 40 55 49 9 0 47 54 52 5 7 53 3 4 25 62 63
26 34 44 37 30 19 10 20 21 46 43 52 41 1 51 22 61 48 12 25 55 13 5 45 23 60 53 11 18 14 6 15 3 38 7 54 29 59 47 39 32 63 4 2 33 16 9 17 8 62 50 49 40 24 56 0 31 42 57 58
26 20 37 46 21 44 13 25 38 6 12 29 30 11 55 45 51 52 2 58 17 8 53 14 18 31 15 7 47 3 22 1 32 4 16 34 60 54 42 43 39 24 5 33 61 9 23 50 19 63 57 49 62 40 59 10 0 56 41 48
37 45 44 43 51 29 30 59 58 53 61 57 18 62 20 26 42 52 63 41 54 9 40 23 22 13 0 31 17 19 50 34 6 55 38 39 12 33 46 48 32 10 3 21 60 4 11 2 15 49 1 25 5 16 8 7 24 14 47 56
19 20 13 12 45 18 29 44 9 26 25 22 43 0 15 38 5 52 30 50 10 34 53 11 47 33 40 24 21 31 37 62 4 41 46 55 2 23 51 17 59 42 58 61 32 16 54 60 14 3 39 1 63 7 6 57 56 49 8 48
37 43 18 21 50 19 11 46 55 42 34 10 20 49 2 12 13 17 9 33 29 52 41 38 30 25 26 0 24 5 6 14 7 22 56 32 16 31 44 45 47 23 3 1 15 57 58 8 59 51 39 4 48 40 53 62 61 54 63 60
44 45 26 20 37 18 10 29 19 1 54 25 34 33 30 17 32 42 24 41 9 53 52 11 48 49 56 51 16 8 0 38 3 31 50 21 47 62 46 22 60 59 58 55 23 12 61 43 2 39 14 6 40 63 4 57 7 5 15 13
37 45 26 18 44 34 17 16 10 53 51 38 46 21 8 42 20 0 50 13 31 29 22 30 12 39 23 49 52 3 55 47 54 2 25 60 6 11 59 58 19 62 4 24 41 14 1 43 32 15 33 9 61 5 57 48 7 56 63 40
19 18 26 20 12 34 17 4 44 43 5 16 10 1 45 37 11 25 30 13 9 46 55 0 51 50 41 42 33 32 24 59 49 56 8 47 21 39 60 29 14 6 38 63 23 48 40 22 57 61 3 2 53 52 31 62 58 15 54 7
19 18 44 45 37 29 21 20 46 13 9 55 14 51 52 17 10 54 12 53 24 6 62 1 58 50 60 7 5 16 11 4 15 43 3 2 49 38 31 30 42 23 39 57 0 34 56 22 33 48 47 41 25 59 26 40 63 61 8 32
19 34 43 50 37 29 33 25 21 18 26 11 17 46 20 16 3 30 31 9 44 53 51 22 14 2 42 45 0 13 47 52 62 55 10 4 60 32 49 57 39 15 7 59 23 38 40 8 24 61 12 48 58 1 41 6 63 5 56 54
37 43 26 21 19 38 45 52 14 11 12 13 54 33 31 7 20 63 22 39 10 29 15 3 42 30 59 6 17 25 18 2 47 34 44 61 60 58 50 53 23 46 40 57 5 8 32 49 4 24 41 51 9 16 0 48 1 55 56 62
19 18 26 20 9 17 11 1 0 42 16 10 44 25 45 43 8 4 12 54 32 34 46 38 2 52 49 13 51 50 60 61 21 24 33 3 62 48 5 41 58 29 37 30 47 63 57 55 39 56 40 59 53 14 7 23 31 22 15 6
37 43 18 29 30 22 44 45 15 23 31 19 34 17 50 51 54 46 52 62 11 26 33 42 10 58 24 53 59 2 21 60 9 13 25 39 4 14 5 3 63 20 57 8 47 40 61 49 16 7 48 12 38 6 1 32 0 55 41 56
26 18 37 43 42 45 53 25 19 20 13 41 51 54 49 52 17 11 33 29 61 56 30 23 10 16 38 24 21 47 3 1 32 60 2 14 57 34 39 31 50 62 44 12 7 15 22 46 9 40 6 58 59 8 0 5 4 55 63 48
26 18 19 34 25 20 12 32 24 17 16 9 43 5 13 51 40 33 44 53 50 42 4 21 11 49 58 29 45 54 2 0 41 3 59 52 37 56 22 48 62 31 55 14 6 38 39 47 1 60 23 7 46 15 30 10 57 8 61 63
44 45 37 29 30 52 21 23 39 22 53 43 26 20 12 4 42 31 3 49 15 54 56 34 51 17 60 2 62 50 18 9 25 48 41 19 40 38 16 32 58 13 55 57 5 10 46 33 0 11 24 6 8 63 14 61 59 7 1 47
44 45 37 43 54 38 52 51 50 19 11 58 29 42 49 20 22 46 53 26 33 30 12 62 18 10 47 4 31 40 48 2 3 25 5 60 61 6 63 55 21 23 15 39 24 14 9 7 59 34 13 56 41 17 8 1 0 16 32 57
37 43 34 25 51 52 50 29 53 57 49 42 19 41 30 21 16 33 40 38 14 17 32 13 39 61 44 58 60 15 12 48 22 24 4 54 7 59 62 11 55 45 3 5 20 23 18 26 6 8 31 2 1 46 56 47 9 63 0 10
26 20 37 46 21 44 19 14 45 53 55 17 60 30 22 11 52 62 43 51 25 38 12 33 10 54 6 1 40 29 50 63 47 61 8 59 24 23 42 4 58 3 2 31 15 34 5 7 9 18 39 41 16 57 48 13 0 49 56 32
37 29 20 43 30 38 42 23 44 13 47 45 26 51 54 25 59 49 22 31 33 50 56 34 17 58 52 8 11 32 41 48 57 46 18 60 6 12 16 24 19 14 61 53 4 21 5 62 9 10 15 40 2 1 0 7 3 63 55 39
19 18 44 45 17 52 54 46 53 61 51 59 39 47 37 10 30 24 1 38 63 29 60 34 41 58 31 43 42 11 50 32 16 21 12 9 25 4 33 62 8 0 26 14 20 2 22 5 40 55 3 49 48 57 7 6 15 56 13 23
26 20 37 42 13 17 19 21 29 11 18 12 34 14 2 44 15 46 38 33 25 24 55 39 43 3 40 51 41 7 4 30 52 50 45 59 58 60 49 32 61 47 16 53 10 63 48 57 23 9 5 31 1 6 56 22 8 0 54 62
44 45 37 29 20 43 42 13 26 25 51 59 46 53 60 58 19 18 12 41 17 8 30 61 24 33 34 5 6 38 11 7 52 21 54 2 22 23 47 4 14 55 48 40 32 39 10 16 62 1 0 3 50 63 9 15 31 57 49 56
37 45 19 18 53 38 29 11 3 20 21 4 17 52 2 1 47 25 59 34 42 43 26 14 10 22 44 46 16 50 9 30 51 24 39 60 61 12 31 62 23 8 54 58 32 33 49 41 48 13 5 56 0 15 40 55 7 6 57 63
37 43 26 38 44 29 42 34 25 18 11 19 30 9 12 50 51 45 54 46 57 63 10 41 52 20 33 3 62 31 32 21 39 58 13 24 40 2 14 15 6 60 59 47 22 55 8 49 48 23 16 17 1 5 7 53 61 4 56 0
44 45 19 52 37 30 46 20 21 18 17 43 60 12 4 13 42 11 14 59 53 51 50 62 3 38 39 26 33 10 1 23 61 5 7 40 54 41 57 8 58 34 22 2 49 55 25 48 29 15 6 32 47 56 24 63 31 9 16 0
44 43 34 29 37 46 20 25 38 39 26 22 24 45 47 19 52 13 30 53 54 33 14 60 41 23 18 32 4 62 21 12 31 16 51 48 17 50 59 15 10 9 42 3 0 58 55 11 1 61 40 2 56 63 7 6 8 5 57 49
19 18 37 29 20 11 12 46 22 34 44 38 33 52 26 15 10 9 13 42 55 30 31 5 41 4 0 23 3 32 40 39 53 2 25 21 24 62 6 54 50 16 60 45 8 1 14 59 17 51 63 43 58 57 61 48 47 7 56 49
19 20 29 22 30 18 15 31 21 34 10 14 23 11 26 13 45 44 6 54 63 46 42 7 3 17 25 4 53 33 32 49 50 51 12 61 9 16 24 5 60 0 1 47 58 41 48 8 2 56 57 59 43 40 52 37 39 38 55 62
19 34 45 37 29 20 43 44 51 38 13 58 46 30 31 18 41 47 17 10 54 33 1 61 63 48 59 60 25 21 49 5 52 42 50 12 4 24 14 22 32 62 53 16 11 57 8 3 56 15 7 26 9 2 39 0 40 23 55 6
37 45 26 34 44 38 30 53 62 18 25 32 42 50 24 16 9 22 33 29 23 46 14 51 54 31 52 2 49 40 39 58 48 47 17 63 8 61 41 57 56 11 19 20 3 4 1 6 13 21 60 0 59 12 7 43 55 15 10 5
37 45 53 43 26 18 10 9 34 41 33 29 52 25 20 2 48 61 54 19 21 13 12 47 38 22 44 3 59 60 63 39 6 5 17 24 23 58 46 15 0 49 31 14 57 55 42 32 11 16 30 40 62 7 4 56 51 50 8 1
44 29 20 43 26 12 42 52 22 34 60 38 51 15 4 45 33 11 13 18 47 6 2 30 10 32 40 41 48 24 16 46 53 25 54 49 58 9 14 62 50 17 31 19 3 21 37 8 61 59 55 5 63 1 0 57 7 39 56 23
44 45 37 43 26 29 30 22 53 34 42 61 38 17 14 47 52 31 21 20 19 25 24 50 39 15 23 18 57 11 10 8 13 2 62 49 9 46 54 51 4 33 32 55 41 12 6 56 63 40 3 58 48 16 59 60 0 7 1 5
37 43 18 21 51 42 19 60 34 11 4 3 50 45 52 25 44 20 53 58 13 49 16 12 26 32 9 14 59 5 24 17 10 2 7 62 1 38 33 0 39 23 15 54 46 29 55 31 57 63 56 61 30 48 8 41 40 47 22 6
19 18 17 20 37 11 21 9 34 22 13 46 14 6 55 45 53 54 15 25 62 33 10 2 43 52 44 63 29 12 51 61 5 26 16 47 41 59 50 32 24 42 3 4 1 23 57 0 58 60 49 56 8 48 31 30 40 7 39 38
26 18 19 20 10 17 9 3 37 8 2 46 24 44 4 11 13 21 43 42 45 34 22 29 41 23 25 53 38 51 60 5 14 50 15 39 16 58 49 48 57 31 30 6 12 0 52 32 7 56 54 55 47 33 40 62 61 59 63 1
44 29 19 26 21 12 18 13 11 42 43 50 33 9 5 3 51 34 37 30 57 60 17 25 0 40 58 45 23 1 16 46 32 24 48 14 49 52 22 38 53 41 31 59 2 61 54 39 4 55 15 56 62 20 10 8 47 6 63 7
26 18 19 34 44 53 25 32 17 29 52 10 20 13 22 12 42 41 62 30 31 11 2 16 5 9 48 37 21 43 4 15 14 60 45 33 0 8 51 54 40 6 24 49 56 38 23 3 47 46 63 59 7 1 50 61 58 57 39 55
44 45 46 54 19 34 42 20 26 18 37 41 12 43 52 17 49 61 51 47 33 40 55 11 60 24 53 58 16 63 4 29 50 25 32 38 22 30 62 2 10 15 14 57 56 13 6 9 1 23 59 0 3 21 31 48 8 5 7 39
44 45 46 43 42 34 26 52 37 30 59 55 29 20 47 49 13 22 53 60 38 62 14 54 63 39 61 17 50 19 21 31 18 4 51 58 16 8 23 33 40 7 48 57 12 32 0 10 41 15 2 11 25 9 5 56 1 6 3 24
37 29 18 42 19 26 22 38 45 10 47 44 9 0 34 43 50 39 2 41 8 30 12 14 51 60 15 58 33 24 46 21 32 25 59 5 13 17 53 55 23 54 20 52 63 7 4 6 49 3 16 1 57 11 40 56 48 62 31 61
44 45 26 43 37 29 54 17 30 20 11 19 18 31 34 33 46 47 52 61 32 21 63 4 9 42 60 62 50 1 0 38 22 25 10 12 39 8 3 15 13 57 51 49 16 2 53 24 5 59 55 14 48 40 58 41 56 7 6 23
44 29 22 52 53 34 20 37 41 21 30 45 14 31 43 26 54 63 55 7 6 42 13 47 59 40 38 11 46 61 2 23 50 51 60 62 33 32 18 12 24 17 25 16 8 10 19 0 4 49 9 3 1 15 57 48 58 5 56 39
19 34 42 18 37 50 17 45 33 38 20 26 58 32 54 10 25 53 43 9 24 63 0 1 16 12 4 40 11 8 48 51 39 5 2 46 59 44 52 21 60 41 30 3 22 23 49 56 55 62 6 29 15 14 47 31 61 7 13 57
19 34 43 18 44 29 21 11 10 45 22 20 33 52 61 41 49 32 3 48 53 38 30 2 37 4 1 14 12 42 7 50 25 60 46 62 56 26 5 55 51 6 31 17 15 39 40 57 58 0 54 63 8 59 9 47 24 13 23 16
37 43 42 29 51 34 25 49 41 33 24 45 22 16 57 21 8 52 20 59 17 11 50 56 60 44 13 19 48 14 15 7 61 30 38 23 2 6 5 54 12 46 47 3 31 1 4 40 26 10 58 32 9 18 0 63 62 39 53 55
26 18 10 43 44 25 50 11 12 45 19 42 51 34 49 41 32 16 54 46 47 52 53 57 59 40 24 29 48 61 30 60 8 58 37 33 56 17 9 20 13 23 21 39 55 2 3 6 62 0 14 22 31 5 7 1 4 63 38 15
19 34 45 20 12 11 33 54 44 5 2 10 4 21 13 3 46 37 63 32 22 31 18 14 29 53 38 47 23 1 43 26 61 15 30 42 41 52 9 50 60 17 49 57 8 62 0 59 24 40 39 51 6 7 25 16 48 56 58 55
19 20 29 38 30 34 26 22 45 18 43 50 12 11 37 52 41 5 61 59 4 13 2 25 57 32 17 44 42 8 31 15 33 10 3 6 21 24 58 23 60 14 7 1 47 53 9 51 0 49 56 46 48 40 16 55 54 62 63 39
44 45 46 43 26 18 42 51 58 54 62 21 9 19 20 59 50 49 41 0 34 32 56 63 10 2 40 13 29 37 30 61 12 47 57 14 6 39 24 11 17 16 53 25 5 60 4 48 55 38 7 52 1 8 23 15 3 22 31 33
37 43 50 38 29 45 19 18 44 11 26 20 30 33 46 52 25 22 40 51 42 49 34 23 56 39 15 21 3 54 17 10 59 58 57 8 53 60 47 4 63 2 9 7 61 32 41 16 1 55 62 24 31 48 13 14 0 12 6 5
37 45 44 29 46 52 19 54 43 53 61 20 47 50 21 38 57 13 31 26 22 62 4 10 25 5 42 17 34 51 30 3 59 33 1 63 58 23 6 49 16 12 9 24 15 14 41 56 18 11 32 48 40 0 2 39 7 8 60 55
44 43 50 51 26 37 46 29 52 19 12 61 18 17 34 25 16 9 21 22 15 45 24 47 2 53 60 20 42 23 10 4 62 49 38 8 39 54 13 1 31 33 55 5 11 30 3 32 0 14 58 41 6 7 57 63 59 40 48 56
19 34 43 18 25 29 20 33 45 37 17 13 22 53 38 47 61 52 54 9 32 10 59 44 42 49 6 15 26 11 3 12 1 16 31 51 2 55 63 4 8 14 39 24 60 46 21 62 50 0 5 30 7 41 48 58 23 40 57 56
26 18 37 25 9 10 24 8 2 45 16 0 19 38 44 20 13 34 30 32 53 1 11 46 29 54 55 12 39 22 33 63 3 47 15 41 17 31 42 4 14 6 49 57 23 52 62 51 60 59 48 43 21 5 50 7 40 56 58 61
19 18 26 20 12 4 21 30 22 33 25 43 10 29 5 13 45 1 34 6 32 16 14 23 41 49 11 3 42 9 0 51 24 8 50 58 17 37 40 53 44 52 46 55 57 38 62 56 15 54 31 39 60 61 2 63 7 48 47 59
26 18 10 9 19 11 17 20 13 34 29 22 31 6 43 16 8 45 24 38 42 33 52 37 32 46 54 55 12 0 21 51 1 41 47 30 4 14 49 2 60 48 23 25 7 50 56 15 5 62 57 58 39 40 61 63 53 59 3 44
44 29 19 26 18 43 17 52 53 45 51 61 30 50 62 20 11 54 63 31 38 3 22 33 2 16 58 59 25 13 12 34 8 46 40 4 21 14 15 0 5 57 41 23 39 42 49 9 37 48 1 10 7 32 24 6 60 47 56 55
44 45 46 43 18 21 29 53 60 37 14 47 51 61 39 62 63 31 52 58 59 34 38 26 19 54 42 30 55 12 57 41 49 11 23 56 33 32 10 9 0 20 5 3 40 48 2 8 22 17 4 15 25 50 24 7 13 16 1 6
26 34 45 37 43 20 42 49 13 25 50 6 29 38 56 51 18 11 21 48 19 14 31 53 9 33 24 10 30 8 44 23 60 12 58 40 7 59 52 5 32 57 46 41 17 61 54 16 15 55 22 39 2 4 62 3 47 63 1 0
26 34 41 17 42 20 45 44 21 22 25 18 53 52 13 46 9 61 14 0 37 29 15 48 40 16 10 19 33 3 24 6 38 50 4 39 51 23 59 7 8 30 1 12 2 58 62 43 31 60 56 5 54 47 55 57 49 32 11 63
19 20 45 34 12 43 51 13 25 11 6 37 2 44 30 10 9 3 18 8 21 39 4 17 29 33 0 52 24 16 59 14 5 61 50 26 41 42 31 23 7 22 32 15 47 40 60 54 53 46 62 58 49 63 1 38 55 57 48 56
37 43 34 41 26 20 19 29 12 11 10 2 51 4 44 18 9 8 1 52 0 30 25 58 46 38 16 32 13 6 59 17 61 54 45 53 47 55 57 5 48 33 3 50 24 31 40 21 63 42 60 49 7 62 14 56 22 15 39 23
44 43 26 45 52 29 34 18 22 25 10 59 24 42 51 41 60 16 40 9 33 32 58 11 2 61 50 37 20 12 53 54 38 39 0 49 63 8 30 55 47 23 46 19 48 62 21 15 1 17 14 5 31 57 4 56 6 7 13 3
44 29 20 43 34 19 18 11 21 53 52 13 26 41 54 45 3 10 17 59 25 55 37 24 62 8 5 61 46 4 12 22 16 51 30 23 60 38 31 47 48 33 15 49 42 58 50 9 2 14 32 63 0 1 6 56 57 7 39 40
44 29 18 42 26 43 41 25 19 53 21 9 52 12 54 37 3 51 45 46 34 30 33 14 39 32 17 11 58 63 1 5 38 48 16 55 62 0 7 50 49 24 20 57 59 13 40 22 2 6 60 4 31 10 15 47 56 23 61 8
37 43 18 19 10 9 50 21 26 44 45 46 38 25 47 54 53 12 55 57 34 29 16 39 31 41 13 17 2 0 20 11 51 32 4 63 3 22 8 52 58 24 33 5 60 1 48 30 61 23 59 49 62 42 6 14 15 7 40 56
26 34 45 17 33 29 8 25 20 42 51 50 38 41 32 43 24 18 49 40 9 16 48 19 12 1 2 0 10 13 21 58 6 22 44 54 46 37 57 47 3 56 39 11 59 31 53 60 52 30 15 23 55 4 5 7 14 62 61 63
44 29 19 10 22 43 26 33 42 51 50 30 58 14 18 53 31 21 12 59 2 38 15 57 7 3 13 1 46 39 49 17 52 34 11 37 45 60 20 5 55 40 9 16 25 23 62 54 8 0 61 32 48 56 4 63 47 24 6 41
44 43 34 45 19 20 53 25 13 42 51 60 41 46 62 26 17 33 58 50 29 8 37 21 18 9 10 40 48 38 39 11 49 57 22 15 56 47 1 59 55 32 3 54 23 30 63 2 52 4 61 24 16 31 14 12 5 6 0 7
37 43 50 21 18 51 52 29 22 59 20 15 30 19 14 41 12 46 49 5 3 17 34 31 33 7 39 47 11 23 26 4 10 25 13 9 45 54 2 48 6 32 0 8 55 44 62 53 38 42 24 16 61 1 57 58 40 60 56 63
37 29 22 44 51 15 21 43 42 34 26 20 14 52 11 41 45 19 50 46 47 3 10 6 12 53 38 31 13 30 4 54 60 5 7 23 18 57 61 33 17 24 8 25 40 63 39 9 16 48 2 1 32 59 49 0 58 62 55 56
19 34 43 20 37 11 18 44 51 38 41 26 17 48 29 16 47 39 33 42 31 30 22 52 23 25 3 4 40 10 21 32 60 2 13 49 9 15 45 6 12 54 56 61 24 0 1 50 7 8 58 59 46 55 62 63 14 57 5 53
44 43 26 45 52 19 50 59 54 20 29 41 60 34 18 53 58 37 61 63 55 46 39 10 32 48 11 21 12 2 33 42 22 24 25 47 17 51 4 13 1 16 30 15 40 38 9 3 23 5 62 49 56 31 14 8 0 57 7 6
44 45 46 43 18 53 51 47 54 42 33 61 62 9 55 34 19 32 38 63 26 20 24 52 0 39 12 17 60 37 11 25 29 41 48 16 30 31 8 13 6 59 10 4 50 49 21 2 56 57 23 22 3 1 40 15 58 5 7 14
19 34 44 53 42 20 21 12 37 22 14 29 52 7 15 30 54 23 26 11 10 18 3 51 39 17 43 31 60 45 13 41 33 5 49 50 38 58 57 63 59 24 16 56 25 32 40 48 62 61 46 4 6 2 9 8 1 0 47 55
26 34 41 20 13 25 18 11 16 33 10 17 45 12 9 44 37 32 53 2 4 29 19 46 3 61 22 38 47 5 30 8 51 49 48 52 57 58 24 50 59 43 62 31 15 14 0 63 6 7 40 55 60 54 21 39 23 1 42 56
44 29 18 26 17 42 30 37 46 21 12 25 49 11 19 10 24 52 51 20 43 38 60 55 13 56 47 39 9 14 15 3 2 45 4 58 33 7 22 59 54 5 57 31 53 61 62 41 40 34 6 32 50 0 16 48 1 8 23 63
37 45 19 18 44 43 52 29 17 53 34 11 38 54 20 25 3 59 46 16 62 4 60 21 14 41 12 55 5 7 2 30 47 13 26 31 22 51 63 23 15 39 24 42 9 0 50 58 33 61 49 32 40 57 8 10 1 6 48 56
44 43 34 41 18 20 26 52 48 9 37 25 51 46 33 45 13 40 32 53 19 58 60 42 55 30 17 11 54 61 4 8 12 63 49 10 59 38 21 50 1 16 57 0 31 29 23 6 47 5 62 2 22 24 7 39 3 56 14 15
44 43 18 21 26 45 52 25 42 60 54 38 53 62 14 55 34 29 19 7 17 49 46 50 37 33 56 10 63 9 13 20 41 32 16 24 15 48 40 39 47 23 8 22 1 6 31 12 4 11 5 3 58 2 61 57 51 59 30 0
37 43 42 45 19 18 26 38 17 9 46 16 53 29 39 47 44 49 30 54 8 62 51 22 23 0 10 20 63 61 24 11 3 60 13 1 25 32 59 4 55 34 15 2 41 52 12 31 56 7 6 14 21 58 5 50 48 33 40 57
37 45 19 29 54 34 30 10 44 22 11 52 41 23 31 53 1 39 60 63 26 17 43 20 14 21 46 33 25 50 13 3 12 16 51 38 42 32 55 15 40 47 24 61 5 18 8 48 4 58 9 6 59 49 62 0 7 2 57 56
44 45 46 29 19 52 43 54 60 18 20 13 17 11 21 50 34 12 3 38 22 59 63 42 61 62 49 10 5 25 26 4 9 1 0 15 53 2 24 30 39 16 33 41 40 51 37 55 23 32 57 48 8 47 58 31 7 14 56 6
37 43 26 29 34 25 51 45 19 52 54 59 46 11 22 63 62 30 18 15 42 17 44 50 60 47 33 49 55 41 32 58 4 24 53 38 31 23 8 21 20 2 48 57 3 5 56 9 14 13 40 39 7 12 6 61 1 0 10 16
19 20 29 22 12 4 21 13 6 5 14 11 3 34 37 38 46 7 39 55 31 47 43 2 15 42 41 26 45 51 10 33 18 25 40 23 59 1 9 24 49 8 17 53 54 50 58 56 57 52 60 32 16 62 30 44 61 48 0 63
44 43 50 53 19 42 62 29 49 34 22 20 12 30 41 4 31 38 45 56 11 10 1 46 48 61 52 63 47 60 5 39 37 6 55 33 21 40 3 57 7 13 14 23 18 26 15 2 51 59 9 54 17 8 58 0 16 24 32 25
37 43 18 29 51 20 21 38 13 34 45 19 26 14 22 10 11 23 39 5 9 17 33 30 24 41 42 53 6 59 61 46 54 0 40 63 44 1 58 7 12 57 47 50 3 15 49 25 32 52 2 55 62 48 4 60 16 31 56 8
26 20 37 44 13 42 52 19 18 38 46 60 30 23 43 55 61 62 41 34 51 6 29 39 53 45 47 50 12 21 14 10 17 54 31 9 33 40 2 1 63 7 22 24 48 25 0 15 16 5 11 8 58 49 32 59 57 4 3 56
44 43 26 19 10 21 29 37 46 53 62 42 34 25 14 38 24 17 8 1 12 52 51 54 41 60 3 18 20 40 45 22 50 59 9 33 48 2 0 5 61 23 31 32 63 11 39 16 13 6 15 56 58 30 49 55 7 4 47 57
44 29 20 13 12 43 6 11 30 52 10 22 38 31 60 53 54 47 34 50 51 2 57 4 37 58 14 41 15 56 18 55 32 49 59 26 19 48 62 5 39 42 40 24 33 23 1 45 46 21 3 7 61 63 17 9 25 16 8 0
44 45 26 34 41 53 43 33 52 21 20 42 40 32 25 12 46 60 24 37 29 39 50 48 19 38 22 11 61 16 4 30 2 14 15 49 18 17 8 0 13 3 10 51 55 59 58 23 47 7 57 1 31 54 63 56 62 6 5 9
26 20 13 34 44 6 33 29 21 52 53 25 16 40 60 41 30 19 37 38 48 56 45 46 42 51 55 22 5 62 58 59 18 11 23 43 32 10 4 14 39 12 7 17 61 24 50 49 1 2 15 0 8 47 9 63 54 31 57 3
26 18 37 45 10 20 21 9 8 38 54 53 12 34 41 17 39 19 24 63 61 1 25 22 14 0 11 33 40 49 23 16 42 43 44 4 47 32 56 52 13 30 59 6 46 60 5 57 58 15 2 50 51 48 29 62 3 31 55 7
19 20 13 12 21 18 17 6 5 22 23 34 7 4 3 11 44 25 32 45 10 53 42 16 41 43 54 9 24 37 0 40 51 2 48 55 63 50 62 60 29 26 8 30 49 1 52 33 38 58 59 39 47 57 56 46 31 61 14 15
26 34 42 18 19 33 43 52 44 37 24 53 41 10 38 30 22 17 25 16 20 48 49 32 8 12 62 45 59 57 51 39 4 46 1 21 29 23 31 58 11 54 50 5 6 60 3 0 56 9 61 13 63 55 47 14 2 7 40 15
44 29 22 43 26 19 10 53 18 15 52 51 50 34 58 21 62 57 33 42 41 11 12 48 14 9 23 25 40 54 7 4 20 49 38 59 46 17 32 2 0 47 60 1 37 24 8 5 13 55 16 45 39 61 3 63 6 30 31 56
26 18 37 34 17 38 19 20 42 10 39 43 12 49 2 8 51 44 24 4 45 30 23 11 50 58 48 25 3 16 41 56 9 52 5 1 13 46 60 61 54 55 59 32 53 62 63 29 22 40 0 31 21 47 57 15 7 14 33 6
26 34 41 18 20 42 49 44 45 29 33 48 52 43 38 57 51 61 53 50 25 22 30 46 31 16 40 62 58 54 24 17 14 12 4 32 63 21 60 39 56 3 2 23 8 7 19 55 6 59 37 9 0 11 5 10 13 15 1 47
37 43 50 29 18 45 54 19 11 26 22 21 14 53 34 33 52 17 44 57 30 7 16 39 31 61 6 12 3 5 32 8 60 63 55 10 62 24 51 13 0 59 20 42 38 23 4 15 25 46 41 9 58 40 2 49 56 48 47 1
37 43 26 19 18 21 20 29 44 11 42 49 30 17 3 2 33 45 53 39 13 12 34 52 1 14 56 50 7 62 6 15 31 23 9 54 38 32 51 10 25 0 59 60 63 24 22 48 57 41 61 5 8 55 4 46 40 58 47 16
44 45 26 18 19 52 17 34 42 8 37 29 60 33 40 53 43 50 58 9 30 20 62 49 12 24 0 23 56 51 16 57 31 11 46 10 15 61 25 39 4 21 54 47 22 48 63 3 38 1 59 32 13 14 2 5 6 7 41 55
19 34 42 18 33 41 17 29 26 49 57 40 43 24 30 21 44 10 45 52 59 22 25 38 12 50 51 5 53 32 9 62 37 48 3 1 11 46 0 4 6 20 54 63 60 13 58 61 31 47 39 15 16 8 55 23 2 56 14 7
44 43 42 29 22 52 61 49 20 45 34 60 54 62 50 46 48 56 47 40 59 51 58 53 57 12 37 30 41 33 32 55 63 26 19 39 18 38 13 11 5 6 21 4 3 17 25 24 8 2 31 23 10 16 9 1 15 0 14 7
26 20 45 25 18 10 9 44 29 19 11 1 32 12 21 24 33 40 4 8 42 51 37 14 22 46 54 3 38 17 6 55 2 63 52 7 50 39 30 31 23 58 62 47 0 60 43 15 34 61 41 53 59 5 16 49 57 13 48 56
26 20 13 18 19 25 34 10 29 30 21 41 31 37 33 43 45 14 12 38 46 22 9 32 51 11 6 42 5 59 24 0 4 16 40 2 48 17 8 49 50 53 44 47 58 1 61 62 3 57 63 7 60 39 56 52 23 15 54 55
19 34 43 20 21 29 41 33 37 38 46 18 44 52 17 13 6 49 61 51 59 54 55 11 3 2 47 5 12 62 30 22 14 58 57 26 25 48 15 50 39 53 45 23 4 40 63 60 31 9 7 56 1 42 16 8 0 24 32 10
37 45 26 38 54 52 46 34 30 47 33 62 63 22 14 29 21 20 19 53 60 13 5 55 31 39 59 51 43 18 17 25 50 8 16 42 61 58 57 6 4 12 0 32 24 40 11 2 23 44 7 49 41 48 56 9 1 10 3 15
19 34 45 37 43 50 38 20 21 11 3 29 44 2 51 22 49 26 33 52 23 4 30 57 60 48 42 47 13 15 7 53 58 41 31 24 56 6 32 18 17 25 46 62 9 8 16 10 1 12 0 59 14 61 5 54 63 39 55 40
37 29 21 43 42 45 51 20 53 22 19 50 14 6 58 49 13 52 15 26 33 24 48 57 18 17 34 25 32 12 11 40 16 30 31 60 56 41 44 38 47 8 46 5 4 59 23 39 54 55 10 3 63 1 7 9 61 62 0 2
37 29 18 45 38 46 20 31 39 21 14 13 6 43 44 34 51 52 54 53 62 55 61 19 41 26 50 49 17 33 11 47 40 60 57 25 32 7 63 24 15 2 3 10 58 5 30 12 9 1 59 4 42 23 22 16 8 48 56 0
37 45 19 29 54 43 30 53 46 21 44 11 10 55 18 1 47 38 42 50 13 20 31 52 4 22 2 34 41 5 63 48 26 9 60 49 57 58 16 0 6 12 8 24 59 33 62 17 15 61 32 3 25 56 51 7 39 40 14 23
26 20 29 34 44 52 53 25 12 54 19 13 17 37 60 21 46 45 33 47 38 61 30 10 14 7 15 23 3 43 18 31 39 22 51 9 8 41 42 32 11 4 49 16 6 48 40 2 5 50 56 24 1 0 58 57 62 59 55 63
19 34 45 21 33 26 37 42 20 12 10 13 43 32 22 29 38 52 4 46 51 60 41 39 59 44 47 54 62 55 17 53 63 8 14 5 30 31 6 61 40 50 24 49 58 3 48 56 57 25 23 15 18 7 11 2 1 9 16 0
37 29 22 45 19 18 26 21 44 20 38 15 9 25 46 42 11 13 5 3 24 17 4 2 34 41 23 39 1 6 49 51 33 53 16 40 47 30 31 0 55 14 32 54 52 56 7 60 12 63 62 48 50 43 10 59 58 57 61 8
44 45 19 18 26 52 60 59 17 20 21 8 43 29 53 13 61 42 51 34 37 62 54 10 41 50 14 58 6 32 30 31 40 5 38 15 1 63 24 7 57 49 46 25 11 16 0 55 9 39 23 56 22 12 48 4 2 33 47 3
37 45 53 20 18 44 19 46 21 34 33 29 52 43 55 60 51 32 38 62 42 12 54 49 13 9 25 22 26 39 24 17 4 11 0 16 23 15 2 61 59 14 31 10 30 50 41 63 3 1 6 40 7 57 8 5 56 47 58 48
37 43 50 21 19 42 20 58 14 44 51 45 57 12 49 56 29 30 4 26 46 13 31 47 53 3 25 10 6 7 18 5 52 24 55 54 62 38 1 39 34 2 60 0 22 15 59 63 48 40 41 61 23 33 32 11 16 17 8 9
26 20 37 46 38 25 55 43 19 11 34 44 10 33 40 29 42 39 30 47 16 45 31 41 50 17 22 9 48 58 12 51 53 54 57 23 2 4 18 62 61 8 1 32 21 49 0 63 3 5 56 60 52 13 15 59 24 14 6 7
26 20 37 44 45 46 52 42 13 53 38 19 18 30 61 25 55 9 34 59 16 47 54 29 10 2 51 43 39 21 11 63 0 8 12 22 58 31 23 3 1 15 4 24 17 14 50 41 32 57 48 40 49 60 33 56 5 6 7 62
26 34 41 18 37 43 10 48 50 51 52 17 25 3 32 19 20 59 11 38 44 49 8 29 46 12 57 16 1 2 9 55 5 60 42 33 21 40 47 30 13 24 56 39 22 23 14 45 31 7 6 4 54 53 62 58 61 15 63 0
19 18 26 20 9 42 12 11 44 33 34 37 50 53 29 51 4 0 62 43 38 39 25 57 30 24 32 23 17 21 47 8 58 40 56 3 13 41 52 22 16 5 15 31 49 10 2 1 48 55 6 14 7 59 45 54 60 61 63 46
37 45 53 38 39 29 18 42 30 19 26 46 20 11 12 21 34 43 52 25 22 31 17 44 50 4 47 51 60 62 33 55 3 10 2 13 6 8 16 41 61 1 14 32 54 63 40 24 9 0 5 59 57 48 58 15 49 56 23 7
26 18 44 45 37 25 24 34 17 43 19 10 3 20 42 46 29 16 38 33 51 30 9 1 53 61 39 60 62 11 59 31 13 52 49 56 54 63 21 32 55 5 23 58 0 12 2 22 41 8 47 48 15 7 57 14 50 4 6 40
44 45 19 18 46 52 43 54 37 34 51 59 63 29 21 11 58 50 42 22 26 13 60 33 14 55 17 20 32 49 56 25 23 61 5 41 3 57 30 6 4 15 62 31 10 1 2 38 53 7 24 9 39 47 8 0 48 16 12 40
37 45 19 18 26 20 10 38 21 34 42 1 44 51 46 30 60 55 54 53 12 33 24 3 62 43 22 52 4 17 63 31 2 58 41 14 39 9 7 25 29 49 15 5 11 47 23 13 56 50 6 48 16 8 59 32 57 61 40 0
37 43 26 21 50 17 34 46 18 44 29 10 52 30 20 42 31 58 25 33 22 13 4 51 49 39 41 45 8 11 38 24 54 61 60 47 14 59 32 23 12 3 15 57 2 9 0 5 55 1 53 63 16 19 6 62 56 40 48 7
37 29 22 43 19 38 51 15 45 53 39 47 61 34 31 59 30 20 44 62 46 60 26 11 13 23 18 33 41 4 42 49 2 52 25 12 32 24 50 40 54 17 48 3 6 1 16 10 14 8 5 63 21 57 55 56 9 7 58 0
19 18 37 29 17 46 20 11 10 45 21 34 30 14 55 31 38 12 4 2 44 9 22 16 0 54 42 25 53 43 47 3 41 62 13 5 63 52 60 51 24 48 26 33 8 1 59 50 40 39 23 32 6 15 7 49 58 56 61 57
26 18 37 45 10 43 54 21 34 25 51 63 33 42 19 9 41 52 44 49 46 59 58 11 24 47 3 12 61 38 53 32 20 60 5 62 56 17 22 14 0 57 16 50 30 4 29 31 13 6 7 1 39 15 2 23 55 8 48 40
44 45 26 34 43 42 52 29 46 20 49 25 18 19 30 56 24 33 50 60 53 54 32 41 57 38 11 22 15 48 37 10 13 3 40 51 63 12 39 16 59 58 5 47 1 6 17 9 0 14 61 8 2 4 7 31 21 62 23 55
19 34 43 20 21 52 26 18 44 37 25 10 30 33 17 11 12 24 3 9 40 42 32 22 29 13 49 48 1 31 4 46 16 2 61 50 6 45 55 38 39 14 57 8 41 60 51 54 23 53 5 56 47 0 59 7 15 63 62 58
37 29 22 44 26 30 38 17 51 19 42 45 52 53 43 39 10 23 54 59 46 62 25 33 58 57 60 47 55 11 24 41 56 21 20 40 12 63 14 61 50 34 48 2 13 9 3 18 1 8 32 16 31 7 0 6 4 49 15 5
26 34 45 37 43 52 59 61 38 19 12 25 42 44 24 18 9 31 46 16 8 10 1 2 3 49 41 5 30 54 60 21 62 40 20 53 4 33 14 51 50 47 32 17 48 29 6 11 55 13 39 22 23 57 58 63 7 15 0 56
37 43 42 41 26 19 12 17 34 45 49 38 18 33 44 29 54 11 3 56 30 52 53 20 10 9 25 23 60 61 21 59 48 2 46 13 1 32 22 8 24 50 5 16 57 51 31 6 14 58 4 40 7 47 39 15 62 55 0 63
44 43 26 29 42 34 41 25 19 53 45 51 33 24 59 50 40 49 21 14 20 18 10 2 1 54 22 52 37 12 7 0 5 30 31 23 62 38 63 61 48 57 58 6 56 39 15 11 47 13 4 17 3 9 16 60 46 55 32 8
37 29 20 13 26 44 53 42 43 45 21 38 31 61 11 17 51 18 19 12 46 10 1 30 60 52 22 62 2 47 4 5 6 39 14 59 25 15 24 23 50 41 34 33 54 9 40 32 8 3 48 7 57 0 16 56 49 58 55 63
44 43 18 45 52 9 26 19 46 47 53 33 34 41 38 51 42 54 10 20 32 37 0 30 60 11 62 1 29 8 55 25 17 50 22 61 63 59 4 12 16 21 5 23 49 24 58 39 13 3 2 14 15 40 31 56 57 7 6 48
44 45 19 34 46 18 26 54 17 43 42 38 29 41 50 9 20 22 63 52 53 60 0 12 48 57 62 49 51 10 3 61 33 16 25 40 21 4 23 8 5 56 59 15 24 14 37 31 55 1 13 30 47 11 32 58 39 6 7 2
19 20 45 26 18 42 29 10 25 11 2 21 13 33 34 1 49 30 9 5 0 17 38 54 40 43 16 37 46 41 52 3 14 56 4 47 32 51 6 24 50 22 57 8 63 48 31 12 44 55 39 15 53 58 23 61 7 59 60 62
44 29 18 43 42 49 41 52 56 40 33 19 20 11 4 3 45 58 13 37 38 17 61 26 9 12 8 25 30 53 54 6 57 63 59 31 23 50 46 34 10 21 2 39 32 0 16 15 14 22 7 48 55 24 47 62 60 5 51 1
37 43 42 41 26 19 44 33 51 45 11 59 53 38 49 20 29 2 24 30 21 57 52 14 23 61 54 12 25 34 50 17 3 47 10 4 46 58 7 13 56 62 48 32 63 18 40 15 5 60 16 22 1 31 9 6 39 8 55 0
19 34 45 20 12 21 37 54 26 17 53 11 30 14 63 3 18 46 25 39 29 61 8 43 51 9 41 55 47 50 31 32 33 42 5 59 23 40 60 7 4 16 0 2 13 38 44 22 24 58 62 49 15 6 52 10 1 48 57 56
19 18 37 43 26 20 34 45 51 46 29 42 33 59 44 41 60 49 38 61 10 58 55 22 11 21 50 17 52 40 32 31 53 3 1 62 24 47 48 2 30 8 25 57 16 0 14 6 13 56 4 63 39 12 15 23 5 7 9 54
19 18 37 43 17 9 0 38 44 45 54 53 46 62 39 20 52 16 11 61 59 51 58 3 55 60 42 29 12 49 63 21 25 31 40 47 22 23 10 1 26 34 4 2 41 48 13 32 8 24 15 30 33 14 6 50 5 7 57 56
26 20 21 34 42 33 40 25 24 22 12 13 14 4 43 51 19 11 44 45 2 3 37 15 10 9 5 46 16 41 18 29 7 6 31 8 17 32 38 23 55 1 59 52 54 50 49 53 60 39 47 61 30 57 62 63 58 48 56 0
37 43 34 41 33 25 19 11 18 38 20 10 29 9 44 30 39 21 26 52 14 12 4 46 47 3 42 51 48 5 16 13 61 22 53 54 15 31 2 17 6 7 59 60 24 23 62 40 49 0 8 1 32 45 50 55 57 58 56 63
37 29 22 42 26 38 44 51 46 17 47 39 25 54 43 20 9 34 45 15 11 55 30 8 33 21 49 40 14 6 58 2 7 52 62 1 53 31 13 12 23 63 10 56 18 3 50 59 60 24 4 61 16 41 32 48 5 19 0 57
44 45 19 20 13 18 37 6 26 43 54 34 12 11 53 29 9 52 10 55 3 0 42 25 24 2 17 46 62 38 39 30 4 5 41 40 21 60 8 22 63 16 48 51 49 33 32 1 15 56 50 61 59 47 57 23 14 31 58 7
44 29 22 30 18 52 21 12 60 14 31 43 37 39 50 51 7 13 15 23 45 6 5 49 42 20 19 58 59 26 48 57 47 41 33 25 46 11 34 38 10 61 17 4 56 1 3 55 63 32 62 16 8 0 40 9 53 54 2 24
26 34 41 21 45 37 38 42 19 18 17 48 25 10 44 46 50 52 47 20 59 24 32 39 2 9 29 55 13 6 40 11 16 53 12 31 33 4 61 43 51 14 7 54 3 15 23 49 63 30 5 62 60 58 56 1 22 8 0 57
37 45 19 20 13 10 53 18 34 42 11 12 5 38 31 41 48 54 9 0 17 40 1 61 52 39 63 47 44 33 49 43 46 6 50 3 7 58 32 51 26 29 59 25 55 62 2 21 60 57 22 8 4 15 30 14 16 24 23 56
37 45 44 29 20 13 22 21 46 31 12 54 23 43 53 15 34 26 17 61 60 41 55 47 39 19 42 59 14 38 48 51 50 52 62 25 58 9 33 18 8 32 7 57 49 40 1 16 10 63 24 2 30 6 4 11 3 56 5 0
19 34 44 11 26 43 10 53 50 20 45 51 21 54 42 13 62 49 56 37 29 18 63 30 9 61 41 55 46 17 58 12 52 1 8 57 2 33 14 16 25 47 23 15 39 3 0 22 5 6 38 4 40 48 24 31 60 59 7 32
19 20 37 34 21 43 50 51 26 11 41 49 52 17 25 53 3 29 57 45 59 48 61 32 8 18 33 38 44 2 12 54 39 24 60 16 30 47 31 22 42 5 55 46 4 40 15 63 23 7 56 13 9 10 62 0 58 6 14 1
19 34 45 37 42 18 46 38 39 43 33 25 51 41 9 60 49 52 26 31 48 29 54 47 16 53 55 63 17 12 22 30 32 50 5 13 23 44 21 10 59 15 2 4 14 20 62 61 11 24 3 8 0 57 40 58 6 1 56 7
37 29 22 46 19 26 55 30 38 10 1 15 33 11 3 25 17 42 44 24 41 47 14 52 21 23 49 63 31 34 7 40 60 43 39 45 32 12 53 9 8 56 18 61 5 20 51 4 0 16 50 6 48 62 13 58 57 59 54 2
44 43 34 41 42 45 52 59 40 48 46 29 56 37 30 31 23 49 39 54 50 57 33 24 51 60 21 58 63 26 19 14 53 10 32 18 7 61 2 47 12 62 16 15 55 38 17 25 13 22 11 5 9 0 6 4 1 8 20 3
44 43 50 45 46 51 26 34 29 20 11 25 24 49 59 19 48 16 18 17 41 10 42 21 8 2 14 38 13 37 12 54 33 22 4 57 53 15 7 9 58 61 3 60 56 52 31 6 40 32 0 1 23 5 63 55 62 30 39 47
19 34 45 20 42 54 21 12 26 18 29 22 5 50 9 17 30 1 33 24 15 38 40 31 44 4 39 23 51 43 16 59 2 8 13 32 46 37 14 52 25 3 60 55 63 7 47 58 0 6 11 10 53 41 49 62 61 48 56 57
19 18 17 29 37 45 54 26 33 63 21 10 12 14 7 34 38 42 1 2 3 20 53 24 30 22 9 52 49 56 25 43 44 4 11 13 40 31 39 0 50 57 23 51 41 32 46 5 59 8 6 15 62 61 60 47 16 58 55 48
19 20 37 44 45 30 52 10 11 53 12 43 50 60 38 29 46 55 47 39 22 3 59 51 31 58 9 5 63 42 13 23 54 15 49 21 33 40 56 62 26 17 61 57 25 48 6 4 14 2 32 18 7 34 1 16 41 0 24 8
26 18 44 29 19 25 22 42 24 34 33 45 50 20 43 49 11 12 46 38 41 54 13 9 56 51 59 52 10 40 8 57 31 61 58 32 21 3 30 47 63 14 48 0 37 16 6 2 1 39 23 53 5 15 7 62 17 60 4 55
44 43 42 45 19 20 37 52 46 49 13 34 33 55 59 10 50 53 29 21 48 56 26 6 62 18 41 40 25 61 32 57 51 24 22 58 14 15 11 12 1 2 17 60 54 8 3 5 4 0 30 16 23 38 7 9 39 31 47 63
26 20 37 44 13 25 19 12 29 34 4 6 51 52 43 45 14 38 46 54 17 18 33 24 39 53 42 5 22 15 60 16 9 8 21 40 41 61 3 49 57 23 30 56 31 48 63 50 59 55 32 11 7 58 10 2 1 0 47 62
19 20 21 18 37 45 53 38 34 33 42 13 26 29 14 12 11 5 44 15 17 49 9 41 22 54 47 31 63 2 32 24 30 10 50 40 1 51 4 8 25 23 6 3 56 58 52 59 60 16 48 43 57 62 46 55 61 39 7 0
19 20 29 34 11 22 30 12 43 44 21 52 3 18 51 39 10 4 14 42 5 59 25 38 47 9 50 46 53 45 26 60 23 15 62 13 31 32 17 55 37 49 8 33 24 6 41 0 48 16 2 57 40 1 56 61 58 7 63 54
19 20 45 10 21 22 12 42 26 18 13 33 43 5 41 34 2 54 11 48 24 50 37 29 51 17 40 49 59 44 30 4 58 1 3 14 46 53 56 47 9 25 0 38 39 31 61 32 16 60 15 6 7 57 63 8 55 62 23 52
26 20 29 34 44 43 42 25 13 53 24 19 10 41 33 6 11 18 17 22 45 8 48 3 4 54 37 30 62 16 63 21 51 58 60 61 38 59 31 46 9 39 47 32 52 14 7 12 57 0 23 50 1 15 49 40 2 56 5 55
44 43 50 37 29 53 26 42 38 58 62 19 57 45 49 30 21 25 23 46 52 41 47 56 20 55 39 61 60 13 11 59 34 12 17 22 51 2 63 54 15 31 5 7 40 10 9 3 24 32 14 33 4 1 18 48 16 6 8 0
44 43 42 29 20 45 19 34 22 37 41 53 54 40 49 26 25 55 63 57 51 33 52 61 32 50 48 58 46 47 39 16 17 15 30 18 10 21 24 38 62 60 13 11 2 5 12 1 23 31 8 56 7 9 3 59 6 4 14 0
44 29 20 13 12 11 22 52 19 15 3 10 21 5 60 43 37 38 23 30 26 61 50 34 51 25 16 14 31 2 45 42 1 17 62 39 24 59 6 58 46 9 33 55 18 41 4 53 40 7 32 0 47 63 49 54 8 57 56 48
37 45 19 20 53 10 29 46 13 30 18 60 1 54 44 43 38 9 8 2 34 12 63 26 23 21 50 55 22 42 11 58 47 6 14 16 52 7 25 15 31 17 3 41 40 0 5 33 39 61 57 62 59 49 24 32 48 51 56 4
26 20 29 22 12 4 13 18 34 11 30 14 43 44 21 50 7 15 9 25 3 42 6 23 41 5 51 0 49 39 45 54 38 31 37 48 53 56 19 2 47 33 63 60 59 61 62 57 24 52 58 46 32 55 17 8 10 40 1 16
37 29 21 43 26 38 44 13 22 45 53 31 51 52 15 42 50 61 41 18 34 46 9 49 62 19 39 54 4 5 6 25 57 58 59 48 20 63 17 10 2 30 23 0 8 14 40 1 55 56 33 60 7 12 3 32 16 24 11 47
26 18 37 29 21 43 50 25 24 38 10 17 42 2 39 30 9 16 20 19 22 32 11 45 33 4 34 31 44 40 47 46 23 58 3 15 13 52 1 0 55 12 49 63 8 54 57 5 41 51 6 7 53 61 48 56 62 60 14 59
19 18 17 43 42 11 10 25 26 34 32 2 9 0 4 16 51 37 41 52 8 40 48 3 12 5 50 1 21 44 13 57 38 58 33 49 60 20 56 6 24 45 14 23 7 61 53 62 29 39 46 55 47 30 31 59 63 54 15 22
44 45 26 52 53 18 60 43 38 17 42 50 58 41 40 20 19 10 12 5 11 21 13 29 16 62 2 46 33 9 1 0 14 15 4 3 7 25 39 49 24 57 23 47 37 31 34 59 8 30 51 22 48 56 55 6 54 32 61 63
44 43 26 45 51 17 54 46 42 58 59 29 8 60 47 37 38 30 53 49 20 21 19 11 13 6 34 61 18 9 14 39 3 52 50 7 31 41 0 16 33 32 40 2 10 4 56 48 24 1 12 55 57 22 25 23 5 15 63 62
37 43 50 21 34 41 32 51 19 29 59 20 14 52 45 18 17 54 25 33 30 38 26 8 16 57 63 31 39 11 10 44 53 42 49 47 40 9 22 7 58 23 13 61 0 60 46 55 4 48 24 6 2 12 62 1 15 3 5 56
26 34 41 18 10 17 24 21 37 44 19 29 13 42 45 30 46 5 22 11 52 16 12 32 9 40 33 8 0 2 3 38 50 49 47 25 14 60 43 4 31 59 58 55 20 51 48 54 53 61 62 57 1 15 63 23 7 6 39 56
37 45 26 34 43 18 19 44 46 52 59 61 51 50 25 16 41 11 9 49 24 38 12 54 10 33 58 17 63 62 53 3 55 32 20 5 57 2 31 13 6 39 60 21 47 7 1 40 42 56 48 0 29 30 22 14 4 8 15 23
19 18 37 20 10 44 21 13 53 22 23 43 17 29 50 31 5 15 42 30 38 4 26 25 6 62 34 8 39 58 45 52 24 12 41 14 61 9 0 40 51 60 3 11 16 33 7 54 59 47 48 49 56 57 32 46 1 63 55 2
44 29 22 42 34 43 26 19 12 53 50 17 45 41 33 25 32 51 58 37 24 15 38 16 10 48 46 9 49 18 60 40 20 52 0 39 59 4 30 21 23 1 56 11 2 55 54 63 3 62 61 31 5 14 13 6 47 57 7 8
26 34 42 18 37 29 9 46 22 49 50 25 56 33 38 45 19 15 40 11 53 39 31 17 30 23 14 41 10 21 43 52 32 3 4 12 16 58 2 20 13 54 63 7 59 55 51 24 57 60 47 5 44 61 62 48 6 8 0 1
37 45 44 29 46 43 21 30 20 38 31 47 26 13 22 18 53 52 34 41 9 61 6 19 12 25 24 10 42 39 17 14 59 51 54 62 40 49 60 5 50 16 56 0 55 7 11 3 23 63 1 15 4 2 32 48 8 58 33 57
19 18 17 20 37 29 21 11 3
37 43 18 21 19 29 45 26 13 12 11 22 20 2 33 5 3 25 30 17 44 41 9 14 10 38 34 1 40 53 54 42 52 4 31 60 0 47 23 16 24 32 59 61 6 58 51 7 48 49 57 15 63 55 50 56 39 46 62 8
26 34 45 37 44 20 42 33 18 51 41 46 49 57 32 17 40 48 12 9 56 21 30 4 58 39 54 25 1 50 14 29 13 7 23 8 15 22 11 31 47 6 59 19 10 52 60 53 43 2 3 55 5 24 38 0 61 62 63 16
44 45 37 29 46 34 26 42 30 54 43 52 63 38 41 40 39 20 53 31 18 47 50 17 22 51 8 21 13 62 61 49 48 59 19 33 55 60 25 12 14 32 11 10 24 57 1 3 23 16 9 5 58 15 56 2 4 6 7 0
26 34 44 18 17 37 45 19 12 10 9 5 41 42 25 40 43 52 49 58 3 33 24 54 20 1 4 51 48 11 38 30 2 56 57 46 61 21 50 53 32 13 22 23 14 15 47 39 31 62 59 55 29 6 8 0 7 16 63 60
19 20 13 34 41 33 37 11 25 12 10 38 21 32 42 50 46 54 44 45 43 17 53 29 18 22 48 3 57 4 31 52 5 39 51 59 47 55 2 14 6 30 16 23 9 8 61 60 58 49 62 15 1 0 26 63 40 7 24 56
19 18 17 34 26 10 3 8 24 12 11 21 13 4 33 25 29 32 9 0 40 30 42 22 23 44 14 41 16 2 37 43 52 39 5 20 38 53 51 49 54 46 1 31 57 56 45 47 50 59 58 61 55 7 15 6 60 63 62 48
19 20 45 42 21 10 49 37 38 12 4 22 1 56 13 3 31 18 43 14 2 30 23 51 5 54 11 39 46 7 6 53 62 47 59 60 55 29 41 63 61 0 57 50 26 33 17 40 25 15 52 58 44 34 48 9 32 16 24 8
19 18 17 43 45 11 10 54 3 9 8 16 44 1 46 47 26 0 50 42 49 57 63 20 21 22 12 41 30 13 53 29 24 39 37 25 40 62 4 38 15 32 14 23 61 2 55 6 7 34 58 52 5 60 59 56 33 48 51 31
44 45 26 43 37 20 21 29 13 5 22 11 12 4 54 17 6 7 3 46 50 63 52 2 30 38 62 55 42 60 53 34 18 9 39 23 51 33 32 49 57 19 59 41 0 25 16 14 10 1 56 47 40 58 8 61 15 48 31 24
37 43 50 29 22 51 20 49 18 19 10 45 44 30 59 15 46 53 41 33 54 52 60 34 57 12 31 17 32 2 11 23 42 39 16 26 38 58 13 56 24 3 1 6 14 4 21 40 48 62 9 61 47 55 63 5 7 8 25
37 45 44 29 20 13 18 52 38 9 51 43 59 30 19 26 0 47 22 21 4 17 11 2 23 1 34 6 46 12 5 14 8 60 61 16 10 41 33 39 24 58 3 25 53 55 49 15 42 40 31 62 63 50 54 56 48 7 32 57
44 45 37 29 20 11 18 34 30 43 26 38 46 9 33 41 21 47 42 25 10 22 31 39 13 12 51 23 2 4 16 0 48 40 24 50 53 19 32 58 49 1 14 52 17 61 62 57 3 54 5 6 63 55 15 8 56 7 60 59
44 43 34 25 26 20 42 51 16 29 60 45 21 59 46 50 58 47 12 4 30 41 19 22 14 15 38 31 52 18 40 7 33 57 56 24 13 11 37 53 5 49 2 8 3 6 39 23 55 61 17 1 54 62 63 48 32 9 10 0
26 20 37 46 21 34 19 14 43 50 45 13 47 55 22 12 63 11 3 42 44 51 4 18 17 30 53 52 15 61 49 25 39 41 32 57 48 9 58 24 23 8 56 7 62 6 16 59 60 31 38 2 0 29 10 40 5 33 54 1
37 45 53 20 19 54 13 38 46 34 33 18 62 11 3 61 9 29 39 63 60 30 47 59 31 10 52 12 44 22 55 41 48 14 15 23 21 43 51 25 42 32 16 58 24 7 40 2 1 49 4 0 50 56 17 57 26 5 6 8
19 34 45 37 46 38 41 54 44 51 55 11 63 30 26 52 53 20 29 25 39 43 2 12 59 61 31 22 33 23 16 18 42 50 60 4 9 32 58 0 62 49 10 17 15 57 8 47 5 24 56 14 6 48 3 21 40 13 1 7
26 34 41 19 42 48 44 50 11 18 49 43 51 20 32 59 13 33 52 37 38 29 12 4 30 57 5 39 58 25 24 22 46 21 10 1 31 6 47 3 60 55 23 16 63 14 17 45 40 53 62 61 56 9 8 54 15 2 0 7
26 18 19 34 44 11 9 10 43 37 17 24 38 0 12 52 29 39 46 54 53 13 51 33 55 60 3 20 47 59 14 21 50 15 25 42 4 63 7 41 16 62 32 22 48 61 1 45 58 30 23 57 5 8 49 31 6 40 56 2
44 29 22 52 21 34 26 20 43 14 53 37 51 23 19 61 60 58 25 11 13 62 2 18 45 3 10 33 7 16 41 46 12 49 50 5 30 17 4 38 54 1 40 47 24 42 39 32 55 48 63 31 8 0 15 6 56 59 9 57
37 45 44 29 30 42 54 52 43 51 59 60 58 46 61 50 34 33 41 48 26 62 40 21 47 63 19 38 55 24 12 5 20 22 23 39 53 49 18 10 32 14 15 11 56 57 16 7 13 17 25 1 31 2 8 4 3 6 9 0
37 29 19 45 30 23 53 26 20 43 25 61 38 39 51 11 54 50 46 62 12 13 2 24 14 6 17 5 33 34 47 42 44 59 22 18 40 10 49 32 63 15 52 60 58 56 3 55 1 4 7 21 16 9 0 41 48 57 8 31
37 43 26 17 50 38 45 51 34 53 46 29 18 55 22 30 8 41 25 44 59 33 31 52 48 19 47 10 2 49 42 9 61 23 58 60 40 21 14 57 16 39 32 15 12 5 54 11 7 3 56 1 20 13 4 24 6 0 63 62
44 45 26 34 42 43 53 25 54 20 18 41 24 46 33 10 9 17 39 1 40 52 19 63 51 48 13 6 0 60 21 37 8 50 3 16 11 55 2 62 58 12 32 14 47 49 5 4 61 38 31 30 56 59 7 22 57 15 23 29
19 34 44 37 45 20 21 14 46 54 33 18 11 4 63 42 12 52 51 32 43 50 60 10 7 61 9 47 24 59 58 25 53 29 22 41 2 57 17 26 55 13 30 16 5 15 3 1 40 6 0 62 49 31 56 38 39 8 23 48
37 43 42 29 19 26 17 38 46 34 39 20 33 47 52 51 22 49 50 59 44 60 48 32 21 8 41 30 45 54 62 14 58 61 24 13 4 56 55 16 18 5 53 11 10 25 2 31 23 1 6 7 12 3 9 57 40 63 15 0
37 43 18 21 19 11 34 25 10 42 50 46 41 48 32 45 26 9 20 51 24 16 60 58 0 12 4 3 2 52 59 61 54 40 49 57 22 62 33 38 63 14 30 29 53 47 6 5 56 8 17 15 44 55 1 23 13 7 39 31
44 29 20 45 30 52 60 13 38 31 21 46 12 43 47 11 26 19 34 33 18 50 39 9 2 22 25 24 57 59 53 55 58 54 14 41 63 3 61 62 4 51 40 49 17 32 16 8 48 7 0 1 23 15 10 56 5 42 37 6
19 20 29 18 12 34 10 4 43 37 9 22 21 50 23 14 6 13 46 26 41 31 30 32 52 0 25 24 17 15 1 11 38 42 40 2 57 39 44 59 58 16 8 54 62 7 48 5 33 53 45 49 60 51 55 63 56 3 61 47
37 29 20 45 44 51 54 34 52 19 26 25 38 43 42 13 60 49 41 47 11 33 16 10 31 50 56 17 1 12 32 59 6 48 8 14 4 2 22 5 18 63 40 21 3 39 55 7 58 57 30 53 62 46 61 9 15 0 24 23
44 45 37 29 46 52 19 18 53 38 51 10 20 21 13 34 30 60 26 22 33 31 1 42 54 2 23 4 15 7 58 0 6 63 25 24 49 43 47 50 61 56 59 62 41 40 17 11 57 8 39 5 14 48 12 32 3 55 16 9
26 18 44 45 46 29 9 42 20 21 30 53 62 19 13 33 49 22 11 4 25 38 15 24 40 51 6 52 47 10 34 31 14 7 60 56 58 41 12 43 2 5 3 54 32 48 39 37 23 17 50 57 55 8 1 59 16 61 0 63
44 45 19 20 29 34 11 12 5 10 43 42 1 30 31 4 49 3 54 63 26 6 21 9 8 22 23 56 51 33 18 52 40 25 58 13 14 32 41 59 16 2 50 0 53 61 17 48 57 15 7 24 60 38 39 37 46 62 55 47
37 45 53 43 42 20 21 29 44 38 12 19 47 4 11 26 13 30 39 50 51 2 18 62 10 5 34 1 49 33 61 25 41 57 14 46 55 58 32 40 59 52 17 60 3 48 6 24 54 31 56 7 22 9 16 63 0 15 23 8
26 18 37 25 9 29 22 11 21 43 50 0 19 30 39 20 17 13 24 31 12 51 3 45 54 57 23 8 1 10 44 46 58 34 5 14 38 32 42 62 15 59 52 49 4 6 56 61 40 16 60 41 33 48 2 53 63 47 55 7
44 29 22 43 20 37 42 12 26 52 11 10 45 34 41 38 30 33 2 23 25 48 39 13 60 61 51 47 19 18 4 17 62 50 16 9 1 5 8 14 46 0 55 3 58 53 24 57 49 54 56 32 21 59 7 31 6 63 40 15
26 18 10 29 45 25 34 43 42 33 30 20 32 38 44 51 37 54 53 23 21 14 50 61 13 12 39 24 16 2 5 47 49 56 41 6 48 58 46 40 17 19 4 3 57 8 11 55 7 9 52 59 31 15 1 22 60 62 63
37 43 18 38 51 9 19 50 44 58 52 29 49 59 17 53 60 41 0 61 62 45 33 26 34 40 20 12 30 23 46 22 11 8 14 21 42 6 13 39 16 31 7 4 24 2 57 25 3 5 32 54 15 48 63 10 56 1 47 55
19 20 13 42 45 10 11 26 33 17 34 12 49 50 4 24 25 18 51 5 16 29 37 3 30 8 2 58 6 54 32 52 44 56 0 43 57 38 53 23 60 41 59 9 55 63 47 21 61 39 48 40 31 14 1 62 46 22 15 7
19 18 26 20 21 22 44 42 12 45 23 17 8 4 49 30 37 11 54 52 59 46 10 33 24 39 55 47 53 51 25 32 5 6 13 34 41 48 29 61 60 16 38 3 63 56 43 40 1 15 7 58 2 9 62 50 0 31 14 57
26 34 41 21 45 33 42 37 29 19 18 17 9 53 24 50 43 32 38 51 30 31 61 10 39 0 3 8 60 1 23 49 25 40 56 16 57 52 12 44 48 59 58 20 2 4 11 13 6 14 15 54 47 63 55 62 22 7 46 5
26 18 10 9 19 34 45 29 17 54 42 49 0 33 43 1 22 16 21 14 40 8 11 20 12 37 51 13 25 15 44 41 5 58 2 3 38 4 56 46 62 47 52 53 23 7 30 6 59 31 60 55 57 61 32 39 50 63 24 48
37 29 22 43 26 17 42 15 45 53 30 19 21 23 31 20 11 10 14 18 16 3 34 50 61 24 1 7 32 12 6 13 51 9 57 46 47 52 5 38 41 48 2 8 39 25 44 54 0 49 60 62 58 4 40 56 63 59 33 55
26 34 41 33 40 21 42 49 51 19 56 48 37 25 16 24 10 12 5 60 50 45 32 38 44 8 20 58 0 29 47 3 53 17 4 46 52 6 14 23 62 39 55 13 1 63 57 59 15 43 30 22 7 61 31 54 2 18 11 9
19 18 26 34 44 37 17 20 46 52 33 30 21 43 42 9 45 38 23 29 1 55 39 11 54 16 13 49 10 50 4 63 60 25 32 3 58 59 8 6 22 47 53 51 62 2 40 56 61 57 31 24 12 14 48 0 7 41 5 15
37 29 18 43 21 22 23 34 51 52 44 20 50 30 45 42 59 61 53 60 31 14 19 13 41 49 62 17 6 11 38 54 47 32 46 7 40 55 57 5 2 3 63 15 24 1 26 39 12 56 10 58 33 25 48 4 9 16 0 8
44 29 19 10 30 43 50 31 18 37 45 17 21 46 38 14 13 42 53 62 52 61 22 39 34 25 54 55 51 23 7 15 20 12 6 57 41 4 16 40 60 9 1 32 58 59 26 8 63 47 5 2 48 3 56 49 24 33 11 0
26 18 19 34 42 20 11 10 13 21 9 17 25 33 22 2 44 32 3 8 41 53 1 16 43 24 62 51 50 29 52 58 37 60 57 0 40 48 59 30 31 14 15 46 55 6 49 4 54 61 45 38 39 63 7 12 23 56 5 47
19 34 42 20 26 10 11 25 16 41 40 24 32 44 9 1 21 12 18 30 52 17 13 53 54 14 22 33 4 50 3 6 29 49 5 23 15 62 0 45 2 37 61 7 31 8 59 58 43 60 57 48 63 39 56 51 38 46 47 55
37 43 50 29 18 45 22 21 38 46 20 19 34 13 6 30 53 42 39 55 49 51 44 17 60 59 10 1 52 41 26 33 58 62 54 14 12 11 5 31 9 8 16 56 25 61 40 32 47 57 23 48 3 15 63 2 24 4 0 7
26 20 21 22 14 18 12 6 10 43 7 19 23 11 4 17 33 25 34 41 51 3 2 13 37 9 24 32 8 38 42 40 29 44 52 1 16 31 46 5 30 45 48 60 58 59 53 62 61 39 50 15 63 55 0 49 47 57 56 54
19 34 45 11 18 37 43 50 4 53 54 20 12 63 51 13 38 39 14 3 49 9 29 30 25 33 26 44 40 17 1 5 21 16 22 58 42 10 47 41 61 55 52 31 32 8 0 23 6 59 24 56 60 15 48 62 2 46 7 57
37 43 42 45 19 41 53 54 63 21 50 11 10 29 32 61 46 40 13 5 49 9 38 59 57 24 33 31 18 39 30 25 12 44 52 58 51 47 55 56 1 26 17 14 48 0 8 60 3 20 16 4 15 6 23 2 22 7 62 34
26 18 10 43 42 9 19 41 44 11 12 53 51 45 17 59 2 29 4 13 22 15 0 33 34 16 30 20 52 14 50 49 58 21 46 31 7 60 23 39 61 37 48 54 55 62 63 6 24 56 1 57 5 40 38 47 8 3 25 32
19 20 37 34 33 41 12 38 44 25 30 11 48 5 16 49 3 52 39 46 45 23 50 31 21 17 18 29 43 14 55 59 61 13 47 4 32 10 22 51 2 57 53 1 15 60 26 40 24 8 42 6 0 62 7 9 58 54 56 63
19 20 21 12 3 34 42 4 5 50 44 11 49 43 51 18 10 45 26 41 32 57 46 33 40 59 13 37 53 54 55 25 48 14 38 1 24 29 7 61 2 16 30 56 62 9 58 6 17 31 52 15 60 47 23 22 39 63 0 8
44 43 34 25 18 19 26 17 50 29 33 45 46 54 12 52 10 2 16 24 42 57 60 9 62 11 0 47 30 59 38 22 61 37 58 8 21 31 23 13 5 20 14 63 53 51 55 39 32 3 1 49 48 7 4 15 6 41 56 40
26 20 37 34 12 18 19 45 44 11 54 5 17 25 24 32 4 21 14 22 10 42 49 2 23 16 33 50 9 56 58 7 6 1 40 43 30 38 41 51 39 59 60 8 52 53 29 55 61 3 0 47 46 13 63 31 48 15 57 62
37 29 20 13 21 22 12 43 6 3 42 14 30 19 26 41 4 15 45 5 49 57 51 50 38 59 10 54 23 31 58 44 40 11 53 25 2 9 39 48 24 18 0 33 60 8 16 32 7 62 46 34 55 52 61 63 56 17 47 1
19 20 37 18 9 34 12 0 41 45 17 29 38 13 54 16 11 4 2 26 8 33 14 25 32 40 1 21 10 5 24 43 52 23 6 53 15 47 3 55 39 44 30 42 63 31 61 62 22 7 50 59 60 46 48 57 51 49 58 56
37 43 42 29 19 34 45 21 30 53 12 50 38 14 57 18 22 39 26 17 9 11 61 46 7 58 10 15 41 13 16 2 25 3 23 8 0 52 31 60 54 49 5 4 44 56 47 6 51 40 1 24 33 20 59 55 32 62 63 48
44 45 37 43 53 20 51 52 26 46 39 62 38 59 18 19 29 55 60 21 22 47 34 54 30 25 63 61 50 42 49 14 16 56 13 33 41 17 7 5 15 31 10 3 11 58 48 4 1 32 40 12 24 6 57 2 9 0 8 23
26 18 10 9 44 11 19 37 12 34 20 51 8 13 25 17 52 33 58 5 46 2 6 21 14 16 41 45 43 4 53 54 55 48 40 47 56 3 38 39 29 23 15 0 42 60 59 24 49 63 1 30 22 32 50 57 61 7 31 62
19 34 45 20 12 11 26 37 10 18 42 25 46 3 2 4 21 55 38 1 47 22 17 16 29 50 63 30 8 44 5 39 58 49 24 51 43 41 56 32 23 0 9 53 57 52 40 15 61 31 7 33 13 48 60 14 6 54 59 62
19 20 21 34 44 14 29 11 33 41 3 25 22 42 13 26 6 12 32 15 16 31 23 40 48 43 4 45 37 17 39 10 24 9 1 30 38 8 52 18 50 60 2 57 61 51 58 46 56 49 54 47 5 0 53 59 55 62 7 63
44 29 20 11 26 43 37 45 30 23 12 4 38 46 21 19 53 54 51 42 10 61 52 17 5 1 31 59 2 22 63 60 13 47 3 39 49 41 50 56 33 25 24 6 32 58 14 8 40 18 55 7 16 9 15 48 62 34 57 0
44 43 26 45 54 20 51 17 13 63 37 50 19 53 42 59 62 18 25 41 16 11 4 8 10 24 33 52 46 3 9 40 60 32 1 30 34 47 2 0 38 55 23 5 57 22 58 29 15 21 31 61 49 56 12 14 6 48 39 7
26 34 45 21 43 37 41 19 38 54 10 31 14 20 53 48 42 1 29 44 55 62 18 30 52 17 39 13 25 7 22 24 16 9 23 51 32 46 4 5 12 15 59 33 40 11 0 50 49 3 8 58 47 60 6 63 2 61 57 56
26 20 37 46 38 25 19 10 21 43 50 51 18 14 32 11 2 57 54 9 29 39 0 33 59 53 30 52 13 5 44 12 15 34 60 7 58 3 22 47 42 61 40 31 23 55 4 41 45 6 49 48 56 8 1 24 62 17 63 16
19 34 43 18 25 11 29 30 9 32 3 20 16 26 31 51 42 0 60 33 41 24 17 37 21 13 44 48 2 39 38 23 14 45 54 59 50 4 40 61 5 49 57 47 56 8 52 1 10 12 63 58 62 46 55 53 22 15 6 7
26 18 37 45 44 25 46 53 52 51 42 39 60 43 38 58 54 62 61 29 20 21 9 33 24 17 14 34 30 40 63 16 10 2 1 0 50 49 32 23 11 19 8 5 12 3 56 48 57 47 41 59 22 13 6 31 4 15 7 55
26 34 41 20 13 18 44 48 10 25 33 6 24 17 32 3 16 9 42 50 19 52 0 8 49 57 29 22 40 21 37 11 14 45 46 55 5 43 30 7 1 12 58 59 2 4 56 15 54 23 31 39 60 53 61 62 63 51 47 38
26 20 45 42 43 44 53 25 17 9 29 62 49 54 8 19 12 21 1 22 51 58 59 4 33 24 37 30 23 34 39 13 16 18 3 50 61 10 60 11 47 48 56 52 40 0 63 55 2 32 46 15 57 14 5 38 41 31 7 6
26 20 13 34 45 18 25 12 29 32 10 6 42 43 51 2 4 50 57 37 49 58 38 48 24 22 41 19 14 21 40 47 31 56 1 23 17 59 3 39 44 53 54 9 16 11 30 46 55 63 62 8 0 52 60 61 33 15 5 7
26 20 45 42 13 44 43 18 37 25 21 14 9 11 41 51 2 38 30 40 22 46 58 59 55 53 60 61 33 0 39 57 15 4 16 19 49 7 6 24 29 56 32 31 5 8 52 50 23 12 34 54 10 1 47 3 62 63 48 17
37 43 50 45 44 42 52 58 49 48 18 9 38 41 56 34 33 24 32 25 59 57 16 21 51 39 31 17 10 2 20 53 14 26 19 13 47 8 46 7 22 11 4 60 1 30 62 54 15 12 40 5 23 29 6 0 55 63 61 3
44 43 42 29 20 11 26 50 45 46 51 34 19 37 54 10 3 58 52 53 60 18 39 4 57 49 9 25 13 8 21 12 48 6 41 22 5 59 16 55 7 61 62 32 38 56 1 33 0 14 23 47 63 17 40 15 24 2 31 30
44 29 20 43 38 12 42 30 22 45 21 52 4 13 61 37 11 49 6 31 39 23 46 2 34 53 10 59 41 47 60 26 19 1 57 56 50 62 25 14 5 51 7 18 17 24 33 58 32 16 9 40 48 8 54 55 0 3 63 15
26 18 19 20 9 34 29 21 41 25 45 37 22 10 24 15 2 53 11 0 30 42 54 43 50 31 44 55 63 33 46 17 62 61 1 4 52 60 51 40 3 49 13 47 14 6 7 8 12 32 56 57 39 16 5 23 48 59 58 38
26 20 13 18 10 43 45 12 51 44 11 50 29 22 52 46 57 17 54 19 42 63 30 58 15 41 34 21 8 53 55 38 32 3 4 16 14 33 39 2 25 5 24 61 62 6 31 60 59 47 9 1 23 56 7 48 37 40 0 49
26 18 37 34 19 44 25 11 9 20 33 42 12 17 10 5 16 1 4 13 50 32 43 58 51 45 52 60 46 3 57 53 61 38 21 0 40 39 31 56 47 30 41 48 14 15 6 62 54 63 55 22 23 29 7 59 49 24 8 2
44 29 19 26 22 10 20 13 17 38 1 45 21 15 47 25 6 30 33 24 46 4 37 42 39 31 41 14 49 56 23 9 43 55 54 12 40 51 18 11 16 53 5 7 3 8 61 2 52 59 0 62 57 58 32 34 50 48 63 60
26 34 41 18 10 17 20 2 45 42 49 50 51 60 9 1 33 19 25 48 11 54 59 24 40 21 52 43 12 4 38 61 22 31 62 32 46 47 29 37 5 63 16 6 57 56 8 14 30 15 53 3 23 44 55 13 39 0 7 58
19 34 45 37 46 18 33 20 11 2 21 43 52 51 9 32 41 49 3 16 50 54 62 4 53 14 22 30 48 44 0 26 42 40 17 63 25 10 24 57 55 58 8 56 38 13 23 31 60 61 39 47 5 15 1 7 29 6 12 59
19 18 17 9 44 20 1 45 10 29 12 21 14 37 26 11 46 25 3 43 51 52 61 53 54 0 13 55 39 63 32 50 33 34 41 2 47 7 22 5 60 48 49 4 38 40 6 58 42 8 30 62 16 15 56 31 24 59 23 57
19 34 45 20 18 17 41 33 25 49 11 54 44 21 32 3 22 14 37 29 57 43 52 60 9 50 4 10 63 48 13 6 26 23 61 5 59 16 8 53 15 0 2 51 62 40 1 42 12 24 7 30 58 55 31 39 56 46 47 38
19 34 43 50 33 25 37 41 48 29 59 26 22 38 46 49 24 17 47 57 10 20 21 55 32 40 16 44 42 8 51 1 30 12 11 45 9 23 63 39 56 18 54 58 0 3 60 52 2 61 62 4 15 13 14 7 53 31 5 6
26 34 43 20 19 25 21 51 24 12 45 17 9 8 29 38 5 37 41 4 30 39 22 33 42 50 60 10 31 40 48 18 47 53 3 49 61 11 2 54 52 14 58 44 6 62 16 23 56 55 0 59 46 13 32 7 15 1 57 63
19 18 26 20 12 42 10 25 21 14 33 24 45 4 13 11 15 1 2 9 34 22 49 44 3 6 23 43 51 52 7 31 5 58 8 56 30 29 39 0 40 17 16 38 60 32 50 37 59 48 54 53 47 55 57 61 62 46 41 63
26 34 45 17 43 20 18 10 41 48 12 51 50 59 33 25 19 11 52 29 2 38 54 4 16 9 13 21 30 6 14 44 32 24 5 7 23 40 46 47 53 15 61 39 3 37 1 42 22 0 56 31 8 55 58 57 60 49 63 62
19 18 44 45 17 52 60 11 26 9 3 16 38 34 8 25 41 20 37 43 13 21 10 1 0 46 54 48 12 61 53 59 50 42 51 14 4 47 29 39 63 30 6 57 55 2 40 62 32 33 49 24 56 5 15 7 58 23 22 31
37 43 26 19 50 51 12 29 52 25 33 46 17 24 34 5 20 61 41 21 13 14 30 48 53 9 3 60 15 7 11 10 4 22 16 57 49 39 2 8 6 32 18 42 59 1 45 54 44 38 62 56 47 58 40 23 31 63 0 55
26 18 44 34 19 29 20 45 38 43 51 58 37 52 50 13 53 59 9 39 42 10 12 54 1 5 4 22 15 11 33 8 30 21 61 23 0 24 63 46 2 25 14 60 41 3 17 40 31 16 47 62 57 48 49 32 6 55 56 7
44 45 46 29 20 43 42 13 26 50 51 54 62 18 30 47 58 41 37 38 40 22 23 31 39 63 9 61 12 15 21 0 6 57 59 25 24 5 56 11 55 49 4 52 53 2 48 17 10 60 8 3 19 16 34 33 32 1 14 7
44 45 26 20 46 34 12 54 41 33 63 37 40 52 38 17 59 19 25 55 9 4 29 32 10 30 11 3 18 2 22 1 16 49 47 23 58 8 43 24 42 61 5 6 51 14 60 53 62 13 21 31 15 7 39 57 48 56 0 50
37 29 18 42 22 19 26 38 11 17 25 21 8 24 44 52 20 14 30 23 39 16 31 34 53 4 6 51 45 54 61 7 9 5 3 10 50 60 59 47 58 46 63 0 32 40 12 43 33 2 55 57 49 62 1 41 48 13 15 56
44 43 18 21 34 52 14 25 32 19 26 17 61 20 37 33 53 38 41 50 12 29 11 62 59 16 51 48 47 49 60 22 13 39 42 58 23 45 10 55 24 15 30 6 46 1 7 9 40 5 4 3 56 54 8 0 31 2 63 57
44 43 34 45 19 26 42 50 49 48 58 51 25 20 60 59 46 54 29 41 13 38 40 6 11 17 56 21 9 18 63 8 57 30 10 2 52 53 62 1 0 32 3 61 16 47 37 33 12 4 14 22 24 5 31 23 55 39 15 7
44 45 37 43 26 21 53 46 20 19 39 33 42 51 12 4 29 38 41 62 18 34 13 49 48 30 22 17 3 54 56 14 60 40 47 55 31 58 7 2 10 25 32 52 9 5 57 16 61 15 6 63 59 50 24 11 8 1 23 0
19 18 26 34 43 20 25 44 13 32 24 51 37 16 33 17 59 41 8 12 45 6 48 0 9 46 4 54 30 52 1 11 2 49 38 22 57 58 5 50 39 42 7 40 63 29 15 53 61 60 55 21 14 47 62 10 31 56 23 3
37 45 19 20 13 46 21 12 55 38 39 31 5 4 30 18 44 52 17 34 41 11 23 54 62 63 60 48 42 16 3 61 9 43 25 0 49 26 33 47 10 40 53 15 59 57 50 24 8 51 29 6 58 2 32 22 56 14 7 1
44 45 19 52 37 30 54 34 59 11 46 63 38 21 10 29 18 53 55 39 3 1 2 47 0 51 43 26 61 50 42 49 20 9 17 33 22 12 41 57 13 8 48 60 25 58 23 14 56 40 32 24 15 31 16 7 62 4 5 6
19 20 37 34 33 43 42 45 52 38 26 10 11 32 31 54 25 50 1 12 21 22 4 17 24 3 5 39 40 13 18 6 23 15 51 2 49 58 7 30 46 53 41 16 8 57 9 29 63 55 56 48 62 44 60 47 59 0 14 61
37 29 20 45 38 30 21 13 14 19 53 61 52 54 11 22 6 4 12 2 63 15 23 51 39 31 46 55 62 43 18 47 60 10 42 25 17 26 7 24 9 34 16 0 1 33 32 49 44 40 41 48 56 59 50 57 3 8 5 58
19 20 29 22 21 18 26 25 37 43 34 42 15 38 17 12 32 24 3 40 49 4 33 23 31 16 45 44 52 51 10 1 9 61 60 11 62 53 14 13 54 50 8 46 55 6 5 56 48 47 7 59 58 63 30 57 2 0 41 39
26 18 37 45 53 54 19 29 44 61 17 51 52 9 58 20 46 8 30 38 25 59 11 2 21 22 47 34 14 50 33 13 0 23 4 5 63 31 10 55 42 43 6 49 40 48 62 39 15 1 41 32 16 7 24 3 57 12 60 56
19 18 17 11 20 12 21 9 37 26 0 46 29 16 8 2 3 4 10 25 55 34 33 38 30 39 24 43 31 40 52 45 41 51 13 53 61 47 22 54 42 63 59 6 14 23 44 58 50 32 48 5 62 60 7 15 49 1 56 57
26 34 41 21 29 37 46 17 18 33 30 9 8 31 10 38 19 25 32 54 55 45 44 2 11 0 13 42 23 3 62 22 1 20 14 43 39 5 49 50 57 51 6 48 59 58 4 60 61 40 56 47 24 16 12 7 53 15 63 52
19 20 13 10 21 18 11 34 9 3 42 0 2 50 37 29 4 45 26 6 8 43 30 14 51 52 38 17 57 49 33 1 61 25 5 31 56 41 40 32 16 53 15 46 47 7 48 23 22 44 54 58 24 62 60 12 63 55 59 39
44 43 26 19 50 45 12 51 46 21 37 29 22 49 13 25 18 53 32 42 33 10 34 39 56 5 38 9 30 31 14 41 47 16 58 6 17 24 62 57 52 40 3 61 55 20 23 4 60 59 7 54 11 63 48 15 2 1 8 0
37 43 26 38 45 29 44 34 30 54 46 39 47 17 51 23 41 18 61 21 10 53 25 59 42 33 9 52 20 12 22 31 19 11 5 2 4 14 50 8 0 48 32 57 6 3 16 24 1 55 62 49 58 63 56 13 40 15 60 7
44 43 18 19 34 41 33 37 21 29 38 13 49 42 20 22 23 11 26 10 25 46 17 56 57 32 5 51 54 47 50 24 3 62 53 4 16 8 60 14 30 31 55 45 39 6 1 61 12 9 15 40 2 0 48 58 63 52 59 7
19 34 42 50 44 20 21 11 33 41 51 32 24 25 40 49 58 60 26 43 2 14 18 3 52 56 22 59 7 29 30 9 10 38 45 31 39 1 8 23 15 6 13 17 47 46 4 37 61 5 54 62 0 12 55 53 48 16 63 57
19 18 26 20 37 43 44 29 42 51 60 49 34 46 41 48 22 33 40 59 9 52 57 21 50 61 45 23 10 38 55 11 4 17 58 32 30 54 13 12 31 3 15 0 24 6 14 5 47 39 25 7 53 62 56 16 1 2 63 8
37 29 22 45 26 34 44 18 33 41 19 38 9 0 47 51 46 20 10 31 52 21 54 62 58 23 49 43 30 59 42 32 60 53 25 40 8 1 11 4 39 55 14 17 24 6 12 50 61 3 5 48 7 2 56 16 63 57 15 13
37 45 19 18 44 29 54 42 26 51 43 46 21 62 17 11 49 33 3 20 59 14 22 60 63 12 61 38 13 5 25 31 7 15 10 9 1 50 2 4 30 56 8 53 6 23 57 34 41 16 24 39 55 58 52 40 32 47 48 0
19 34 41 18 43 33 25 50 51 52 57 20 9 16 17 32 59 2 1 11 53 61 13 42 26 8 44 62 54 45 10 47 40 48 3 58 46 60 29 6 24 4 12 37 0 22 14 21 5 55 23 56 7 15 30 31 49 63 38 39
26 18 19 34 44 12 33 53 52 42 43 61 9 21 25 10 41 24 5 50 62 51 29 63 11 0 58 4 3 30 37 20 39 46 8 45 47 59 22 2 38 54 60 48 1 6 16 40 17 49 57 55 32 56 13 15 23 31 14 7
19 34 45 37 46 54 42 20 26 43 51 33 29 17 32 41 49 30 44 48 12 25 23 57 62 63 40 18 22 21 13 58 50 61 52 15 14 47 16 11 38 10 7 31 39 24 3 6 53 4 9 55 5 60 56 0 59 2 8 1
44 43 34 25 18 45 54 46 41 20 37 63 53 9 42 38 29 51 39 52 60 40 55 47 26 62 21 13 48 61 6 19 11 5 49 56 33 59 12 4 17 16 14 31 57 32 10 22 30 15 24 1 0 3 7 50 58 8 23 2
44 43 50 53 18 21 34 26 19 12 14 29 20 11 4 2 45 52 59 57 62 5 30 10 51 54 6 38 22 41 60 42 1 61 31 47 46 9 40 48 49 55 37 0 32 7 63 58 56 15 23 13 39 3 33 25 24 17 8 16
44 45 37 43 54 21 50 42 19 20 41 38 18 53 29 51 22 10 61 26 60 11 31 14 2 49 6 33 48 4 17 59 1 62 12 47 57 5 55 56 32 7 39 52 34 8 24 15 25 16 9 46 13 30 63 3 0 40 58 23
19 20 45 44 21 18 17 54 52 59 26 9 46 12 37 33 3 38 47 8 40 53 34 42 60 32 30 61 0 5 50 39 43 48 11 2 23 10 14 55 25 16 24 57 4 29 63 1 6 31 41 49 13 7 51 22 56 15 58 62
44 43 18 19 50 51 10 45 26 57 53 37 54 20 21 46 55 30 39 9 59 34 41 62 42 33 40 14 25 2 52 29 58 12 17 49 48 23 38 47 1 11 13 4 56 22 31 61 7 32 6 60 24 0 15 16 3 63 5 8
26 18 37 25 17 16 9 44 51 29 33 0 19 20 22 24 42 46 12 58 1 13 45 31 11 30 15 54 60 10 55 3 53 41 34 38 40 14 21 32 23 61 4 48 47 49 50 63 43 8 62 2 5 7 56 59 57 39 52 6
44 29 21 45 30 43 52 59 46 31 20 47 34 26 18 9 42 11 13 19 2 49 12 4 10 33 37 1 16 8 41 3 57 17 0 38 22 40 51 56 5 50 58 14 53 61 48 62 60 25 15 54 32 6 24 39 63 23 7 55
44 45 46 34 18 37 29 20 33 9 21 54 26 38 0 19 47 42 49 51 39 55 60 41 43 52 61 17 53 22 11 63 15 58 50 12 13 62 16 6 30 57 4 23 59 25 31 1 32 3 14 7 48 40 56 5 24 10 2 8
37 29 20 43 34 26 50 42 21 44 18 14 22 9 7 57 53 41 33 32 48 15 25 38 59 6 30 11 46 24 52 40 10 17 19 47 39 45 16 62 51 2 49 58 1 8 60 23 5 13 12 31 3 54 0 61 55 4 63 56
44 29 18 26 20 9 25 45 19 34 33 17 16 13 54 32 0 37 40 11 46 38 24 51 30 8 21 31 39 47 43 23 59 41 55 22 52 1 3 2 42 62 5 12 63 60 15 53 61 4 10 48 49 14 56 6 7 50 57 58
44 45 37 43 26 20 34 42 19 18 12 21 33 29 51 3 10 1 22 30 14 11 4 23 15 5 53 54 63 58 2 25 16 46 31 49 38 40 13 32 6 55 39 61 41 50 60 59 17 9 47 7 48 56 57 62 8 0 24 52
19 20 37 44 45 46 54 26 52 43 33 63 38 61 34 10 18 40 21 25 2 11 41 1 32 39 3 42 29 14 51 30 13 22 0 24 49 48 9 56 59 5 55 4 31 47 17 60 57 16 58 53 7 12 23 8 62 15 6 50
37 45 26 18 10 25 17 38 24 20 29 22 54 52 12 34 42 4 21 19 53 16 39 43 8 47 3 50 9 31 30 5 61 41 11 13 40 51 6 49 59 58 48 14 33 32 57 0 46 60 7 2 23 63 1 15 44 62 55 56
37 29 18 44 19 45 54 10 52 51 38 43 50 9 21 61 42 46 30 34 47 22 60 53 14 31 11 13 25 26 39 62 12 57 33 15 58 41 6 7 20 59 17 5 55 16 24 63 2 40 1 23 32 3 4 8 48 49 0 56
26 18 37 43 10 25 50 21 20 9 34 52 22 11 0 57 41 8 16 19 2 1 61 24 59 38 39 46 53 51 32 29 45 14 13 17 42 54 6 4 62 55 63 30 31 3 44 40 5 47 60 15 12 23 49 48 7 33 58 56
26 34 43 20 25 24 16 33 29 37 12 30 44 53 18 4 42 19 22 49 31 8 11 23 5 14 56 6 40 32 0 10 2 1 45 17 9 50 13 51 61 21 38 46 15 60 55 47 52 3 7 48 62 63 41 54 58 57 39 59
19 18 17 11 10 25 26 34 45 20 32 16 33 41 12 4 2 37 44 3 40 51 42 29 21 38 47 50 58 13 5 53 52 54 46 39 24 43 30 55 8 9 61 22 31 49 59 14 23 48 1 6 0 57 62 15 56 60 63 7
37 45 44 43 54 63 51 20 19 42 12 38 30 29 46 21 13 14 33 4 26 11 3 34 18 49 41 53 7 25 40 52 58 5 60 22 24 48 23 57 2 31 39 32 62 61 10 16 6 50 56 17 9 55 15 59 8 1 0 47
44 43 42 29 19 26 22 52 53 12 37 46 17 54 38 8 60 39 25 33 45 41 11 10 24 21 49 56 51 50 58 18 14 7 40 34 30 16 6 59 2 61 55 31 23 48 0 62 32 57 3 9 20 4 63 1 47 5 13 15
44 43 34 25 26 37 51 58 29 17 41 42 38 48 33 19 49 46 54 39 9 30 20 55 11 13 21 32 47 18 5 45 24 63 10 3 60 1 52 61 2 16 12 22 40 57 53 14 0 62 50 8 7 6 56 4 15 23 59 31
44 29 22 45 26 52 60 59 58 20 43 30 31 38 61 34 46 51 19 37 21 11 33 25 16 40 3 12 32 55 18 53 5 17 54 24 9 50 57 13 62 49 4 47 41 2 42 14 1 56 23 39 10 7 63 8 6 0 48 15
26 20 37 44 45 30 29 46 52 60 13 34 51 19 55 21 31 5 11 47 12 50 53 61 22 43 62 25 24 54 59 58 42 18 6 32 33 7 41 10 17 16 57 4 39 8 9 0 38 15 1 48 14 2 3 23 40 63 56 49
19 18 37 43 34 45 53 33 17 29 21 14 13 46 42 49 15 5 51 61 25 22 12 3 24 32 41 10 11 26 2 59 52 40 38 31 54 1 39 23 47 50 57 4 9 44 60 7 20 48 58 16 0 8 62 55 30 6 63 56
19 20 29 34 42 38 21 13 33 32 26 17 12 5 10 50 4 3 6 14 7 23 49 11 30 56 25 39 47 24 37 18 41 46 58 51 43 52 9 2 45 8 60 22 59 48 44 57 1 0 40 61 53 62 16 55 31 15 54 63
26 34 43 50 37 29 45 20 12 11 21 13 57 52 51 54 5 18 53 49 59 14 4 22 38 44 33 46 7 6 25 42 30 61 48 41 32 58 31 40 15 47 62 55 63 2 60 23 39 16 10 19 24 3 8 0 1 9 56 17
19 18 37 11 3 20 29 21 10 2 9 34 13 6 1 8 12 43 26 14 50 44 17 42 41 4 53 45 7 25 46 51 52 47 16 22 55 48 30 61 62 38 0 32 60 63 40 59 15 33 56 54 49 24 58 57 5 39 23 31
37 43 42 45 26 41 54 19 10 21 51 1 12 25 18 5 20 60 14 7 59 46 24 44 4 11 34 16 48 3 47 50 49 53 22 40 6 39 2 63 33 30 62 17 38 55 9 58 13 31 32 57 52 29 0 15 23 8 61 56
26 20 29 38 13 25 44 11 19 34 12 45 37 6 10 2 18 17 54 9 3 4 1 63 8 0 46 33 39 55 42 16 14 21 53 52 5 15 61 43 7 47 41 40 48 62 51 50 30 56 24 60 49 57 32 22 31 23 59 58
44 43 42 45 46 29 22 30 21 15 19 26 17 54 62 49 41 50 58 25 39 47 33 63 53 14 12 20 37 24 40 56 51 31 55 57 7 4 5 3 23 38 2 9 48 6 1 18 11 0 13 34 52 61 60 32 10 8 16 59
44 45 37 43 52 29 26 42 30 53 34 23 41 25 22 61 31 40 18 15 54 20 24 19 13 16 21 39 49 47 38 11 62 5 51 32 55 46 4 59 10 63 50 57 6 33 56 12 17 1 2 8 0 14 9 60 58 3 48 7
26 18 10 20 37 9 12 11 2 25 8 45 53 54 32 52 34 38 46 39 63 62 31 33 55 16 51 44 60 21 41 3 13 30 22 14 40 0 19 47 4 49 48 42 50 59 23 58 5 56 43 57 17 6 61 15 1 24 7 29
26 18 19 34 44 12 11 53 17 8 33 20 62 2 5 32 10 9 29 4 16 25 43 42 37 51 52 41 24 21 13 6 59 38 45 54 49 50 60 3 58 30 39 31 14 23 0 46 61 57 48 47 56 22 55 40 15 7 1 63
26 20 29 18 10 25 34 11 44 52 53 22 19 43 51 59 24 9 58 33 60 16 42 50 12 13 3 40 8 62 32 45 17 2 14 21 37 0 1 38 54 6 39 61 23 55 49 30 7 47 15 5 46 41 48 31 4 56 63 57
37 45 44 43 34 29 38 30 51 31 19 18 20 50 9 59 54 10 52 21 58 53 22 42 57 14 41 0 46 13 23 55 6 49 11 7 8 25 12 33 48 5 60 15 62 3 4 26 17 2 56 40 32 39 1 61 47 63 24 16
44 45 26 18 37 43 50 29 54 46 47 34 38 51 52 61 20 63 42 21 19 10 1 11 2 57 62 4 12 30 60 13 17 39 22 49 14 55 25 33 40 59 58 56 48 5 6 15 3 31 53 16 23 24 9 8 41 32 7 0
44 45 46 43 26 54 63 19 50 37 12 10 29 17 8 55 30 52 59 31 22 24 53 5 47 62 60 14 34 38 25 18 21 33 51 57 23 13 61 39 9 58 7 11 32 1 42 40 0 6 56 49 4 3 41 15 2 16 20 48
37 29 19 26 22 11 25 46 45 43 18 30 12 10 38 34 50 20 3 42 55 52 59 5 9 17 51 8 1 15 41 48 21 44 23 32 40 13 16 0 33 54 6 53 63 39 31 14 7 60 24 49 61 62 56 58 4 2 47 57
37 43 26 21 20 29 38 45 22 15 52 39 44 61 23 11 13 46 30 14 55 54 47 5 7 12 51 25 59 34 2 63 62 10 41 18 4 53 32 33 17 6 3 58 31 48 57 1 50 42 24 9 0 19 60 8 16 40 56 49
26 20 21 22 13 12 45 4 29 34 42 30 6 49 37 18 39 46 33 32 3 5 38 23 44 19 41 53 50 2 10 9 60 47 25 24 11 48 31 1 40 7 51 59 17 52 56 57 43 16 0 61 15 8 14 62 63 58 54 55
44 29 19 52 53 54 20 11 22 43 12 38 50 21 3 34 62 4 37 57 51 60 49 45 13 15 5 48 61 18 26 63 39 6 25 14 30 2 10 47 55 59 58 17 1 32 16 9 42 24 33 41 56 23 46 40 7 31 8 0
44 43 50 21 18 52 61 60 29 20 11 9 34 25 16 22 37 46 15 32 45 53 47 33 30 54 14 4 55 59 42 41 40 63 51 48 0 62 49 13 17 7 26 57 5 23 31 8 6 12 58 10 2 39 56 38 3 24 19 1
19 20 37 18 9 46 21 34 42 0 33 32 24 10 17 50 55 25 49 48 26 12 58 30 2 11 29 43 56 4 8 40 22 44 3 13 45 15 14 7 39 31 38 47 23 16 41 59 51 1 5 63 60 54 52 53 57 6 61 62
37 43 34 45 19 11 20 46 2 21 29 12 38 18 26 31 52 51 25 41 47 61 44 17 10 39 24 9 14 7 13 16 3 4 8 30 42 54 59 1 22 58 0 55 15 6 57 23 40 48 33 32 5 50 49 56 53 60 62 63
37 45 26 38 44 18 19 43 39 34 41 31 23 42 46 20 11 50 25 33 57 54 53 48 62 51 59 12 52 21 40 60 17 10 1 16 29 32 14 2 5 13 8 0 3 4 6 49 58 22 9 24 30 15 61 63 47 7 56 55
37 29 18 45 30 23 31 9 15 34 43 51 33 25 44 21 14 41 54 53 50 63 0 13 16 19 52 57 62 7 26 59 61 39 20 12 6 17 10 42 40 22 48 49 38 11 5 1 32 47 2 46 4 8 56 60 55 3 58 24
44 29 19 43 45 42 51 52 30 38 33 18 37 11 53 34 26 60 3 41 25 9 47 20 10 2 40 22 59 23 21 62 54 32 31 48 0 16 61 17 63 50 15 14 24 55 46 4 5 6 8 39 7 1 56 12 13 57 49 58
44 45 46 54 19 20 37 43 51 47 12 29 63 53 38 21 62 39 30 61 60 11 55 4 22 42 52 23 14 5 49 18 50 13 17 26 2 56 15 31 48 9 16 7 6 0 10 58 3 59 41 1 34 8 33 40 32 25 57 24
44 43 50 37 29 30 20 11 23 51 34 31 39 49 18 19 4 25 21 38 26 12 58 17 16 52 59 22 13 9 45 14 6 3 33 40 0 42 2 53 41 15 62 10 60 54 61 47 7 5 46 32 24 55 56 8 1 57 63 48
19 18 44 11 26 34 41 45 25 42 49 53 52 21 14 20 62 16 10 61 38 29 2 4 9 7 54 12 3 17 33 32 5 0 60 43 51 56 23 59 22 40 37 55 50 30 1 47 31 63 57 58 24 48 8 39 46 6 15 13
19 20 13 26 33 34 41 25 17 12 37 44 53 24 18 52 5 30 21 62 38 43 32 40 42 39 61 3 4 10 54 9 45 59 14 63 2 48 8 16 29 50 49 60 56 1 23 6 51 46 31 47 22 0 55 11 58 57 15 7
37 43 18 29 51 34 25 20 13 50 21 52 44 33 60 38 57 16 32 5 30 45 42 61 54 41 59 11 14 53 9 26 12 58 2 56 48 22 24 55 63 4 19 46 49 62 6 3 8 7 23 0 40 15 10 31 39 47 17 1
19 20 29 38 12 34 45 11 18 17 3 26 37 2 43 50 51 44 16 10 53 61 57 52 46 8 30 49 60 5 62 39 58 54 47 63 13 55 59 4 33 56 9 24 48 42 32 1 0 40 25 22 6 21 41 14 15 7 23 31
26 18 10 29 37 25 34 44 16 46 45 43 21 30 31 23 15 9 8 42 47 12 49 22 50 54 63 52 13 41 40 14 3 11 7 53 5 0 60 20 33 4 2 56 17 61 62 19 38 51 57 48 59 24 58 1 6 32 55 39
37 43 34 25 18 29 30 22 41 11 9 38 51 19 32 59 4 33 52 50 49 16 39 42 10 3 2 21 23 44 45 46 20 40 17 26 54 55 47 8 24 12 5 63 0 61 62 53 1 15 14 48 58 57 7 31 56 13 6 60
44 45 37 43 18 38 51 26 42 58 39 9 60 34 25 19 29 33 11 16 17 41 53 46 48 3 52 8 49 59 4 57 47 31 61 5 40 21 23 50 1 24 54 10 20 13 0 62 22 30 32 14 6 7 2 12 56 55 63 15
44 43 34 41 26 29 30 20 37 38 46 55 42 53 54 47 45 22 61 51 21 17 50 58 12 19 14 31 13 5 25 23 15 4 59 33 8 9 11 39 63 7 16 18 57 62 10 0 24 60 40 1 3 49 6 56 32 48 52 2
19 20 21 34 42 50 33 12 45 41 37 24 4 43 32 40 57 59 51 52 61 25 58 53 18 44 49 26 60 46 47 14 16 13 62 5 6 38 48 17 23 56 9 1 29 10 3 63 0 2 11 8 31 30 15 7 39 22 55 54
37 29 19 43 51 45 44 50 30 11 34 22 14 46 49 57 20 21 3 39 23 31 12 18 10 41 53 13 33 32 9 8 15 7 4 38 48 62 2 26 25 54 52 6 42 59 17 24 63 56 40 16 60 58 1 0 47 61 5 55
19 18 26 34 44 20 10 11 12 21 42 41 14 4 3 17 5 37 8 52 43 16 13 1 29 50 57 58 25 6 45 54 9 51 49 0 53 61 32 24 38 48 46 31 30 40 33 2 63 15 7 56 62 22 23 47 60 39 55 59
19 18 26 20 21 22 44 33 11 45 14 29 46 52 9 42 23 13 4 10 38 3 60 47 37 6 30 39 5 31 25 53 7 59 62 43 50 51 49 8 0 15 55 61 16 17 54 56 41 1 24 34 12 32 58 2 40 57 48 63
26 20 13 18 44 34 17 37 30 52 33 42 9 10 19 21 53 54 60 38 45 59 62 8 25 22 41 32 2 16 0 12 55 4 46 29 50 1 40 11 23 61 24 48 47 3 43 49 58 63 14 6 31 5 39 15 56 57 7 51
26 18 19 20 9 25 32 42 29 22 43 44 45 33 34 16 17 24 8 54 41 40 63 10 48 0 52 53 15 46 51 55 47 49 3 50 21 56 60 12 13 62 4 30 39 37 38 14 31 6 58 5 57 59 11 23 61 7 1 2
37 45 26 29 38 47 54 25 39 44 34 41 17 31 52 9 19 53 30 59 43 21 16 61 33 24 14 12 10 50 2 3 4 46 1 40 51 42 23 8 62 15 49 11 5 63 18 57 60 58 32 7 55 20 13 6 48 22 56 0
26 34 41 20 45 25 12 33 32 48 24 18 9 17 10 29 22 1 42 30 38 11 2 44 49 54 8 31 63 3 21 57 50 37 52 13 23 53 51 55 5 39 19 4 47 0 46 6 40 60 59 16 56 43 62 58 61 14 7 15
19 20 13 42 37 18 43 21 45 26 34 5 50 54 44 51 63 25 17 41 32 24 49 46 6 57 22 7 16 62 47 29 14 38 55 48 59 8 31 23 53 58 4 61 52 60 10 3 56 11 30 1 40 9 15 39 33 12 0 2
26 34 42 33 43 18 25 17 37 50 8 29 41 40 32 9 16 44 48 46 2 49 20 12 52 24 11 0 1 10 51 56 57 58 13 6 38 45 53 61 54 4 19 22 30 63 5 31 60 21 62 55 7 3 47 59 39 23 15 14
19 20 21 12 37 34 3 4 26 22 14 2 42 44 45 25 17 9 16 24 30 54 8 7 5 6 10 23 13 49 38 11 63 18 32 39 43 52 41 40 15 33 60 51 59 29 31 0 1 46 55 61 48 62 57 56 50 58 53 47
19 20 45 26 18 44 43 10 11 50 33 2 29 34 21 38 17 24 37 30 22 52 57 9 12 51 53 14 41 42 23 4 7 48 3 31 16 61 0 58 40 56 54 55 39 47 1 8 60 59 32 46 49 15 62 6 63 13 5 25
37 43 18 19 34 17 10 45 24 16 44 20 42 52 29 26 8 51 13 46 60 22 25 1 54 59 21 62 31 30 58 32 23 33 50 38 47 49 63 53 9 39 2 0 61 14 15 55 41 57 56 48 11 7 6 5 4 3 40 12
37 29 20 11 18 26 17 25 19 12 13 44 3 8 43 9 45 52 5 34 16 53 60 21 33 42 54 24 32 40 30 62 1 22 41 6 14 7 38 61 50 58 15 0 49 59 57 51 10 4 63 48 46 23 39 2 56 55 47 31
37 45 26 34 43 50 33 29 51 18 22 59 46 38 42 20 57 21 10 24 49 48 40 25 60 44 19 41 56 13 17 16 39 3 53 52 30 23 12 32 5 4 2 11 6 61 31 15 54 14 7 9 8 1 0 62 63 47 58 55
44 43 26 19 34 25 51 59 18 11 42 50 58 52 24 57 61 53 3 4 41 17 16 8 33 49 45 21 60 10 0 32 5 54 56 37 20 12 38 46 30 31 62 13 29 22 48 47 6 14 15 63 40 39 23 7 1 9 2 55
19 18 37 11 10 29 12 46 26 3 22 5 45 9 55 42 1 25 24 54 53 32 13 15 30 63 17 52 49 0 60 31 51 2 23 16 62 44 34 56 20 58 38 61 14 59 7 39 43 21 41 33 4 6 50 57 8 47 48 40
44 43 26 45 54 17 50 42 52 29 41 63 38 53 22 30 21 51 59 57 18 47 55 9 46 37 25 40 49 48 32 20 61 19 16 14 1 11 60 34 56 10 39 0 3 12 31 33 8 2 62 24 5 13 15 4 23 6 58 7
37 45 19 20 53 54 29 18 11 4 9 34 63 21 41 12 5 46 2 26 33 10 30 6 39 61 43 55 1 31 47 13 14 32 44 38 42 22 52 51 15 48 25 62 23 60 49 50 57 8 58 59 16 56 40 24 3 7 0 17
37 45 44 29 20 11 46 53 18 9 62 55 12 52 21 54 38 22 26 19 51 59 39 42 60 25 30 47 63 61 58 31 2 4 49 50 15 14 24 13 0 43 57 56 23 33 48 40 10 7 41 32 34 5 6 17 8 16 3 1
26 20 21 18 12 34 25 4 29 22 14 32 13 15 37 38 41 42 46 45 43 50 47 55 33 40 52 39 58 61 6 51 23 31 3 49 24 54 30 19 57 7 44 59 62 53 11 10 17 56 60 9 0 5 2 1 16 63 8 48
26 20 21 34 42 29 13 49 37 30 39 43 51 60 50 18 44 41 52 5 56 11 10 61 12 25 6 7 53 58 48 2 59 14 17 31 24 46 54 19 9 62 38 32 1 47 45 8 40 33 57 0 16 22 63 55 4 3 15 23
26 34 42 33 45 18 41 19 9 10 11 54 25 17 24 49 57 20 29 30 37 56 53 43 63 48 23 21 52 51 13 31 59 44 46 12 50 40 22 47 55 62 39 60 4 14 61 6 5 3 32 0 1 38 58 8 2 16 15 7
19 34 44 53 33 26 43 42 41 24 17 8 52 45 40 21 51 18 16 48 56 58 37 49 32 25 29 61 46 9 10 38 50 57 1 12 20 11 5 54 59 3 22 23 55 47 13 60 4 14 62 63 15 2 31 7 6 30 39 0
37 43 42 29 19 11 30 46 44 22 20 51 38 33 41 49 26 45 53 47 12 5 15 21 58 39 25 24 13 14 23 62 18 34 3 17 50 31 32 7 16 2 57 52 6 48 10 40 55 9 59 63 1 8 56 54 0 61 60 4
37 43 42 45 44 41 26 21 19 11 14 33 49 30 17 34 39 25 53 18 20 8 54 10 16 61 1 51 12 57 58 38 32 47 55 31 52 40 56 50 59 5 29 13 46 60 62 48 4 3 22 15 0 9 2 23 24 63 6 7
26 18 19 20 45 42 29 34 10 2 12 21 11 44 33 3 17 16 50 41 9 30 53 62 25 32 43 49 40 1 24 57 59 51 31 48 60 38 5 46 8 39 47 54 22 37 23 4 58 13 0 15 61 6 55 14 7 63 52 56
19 20 21 34 45 14 41 10 11 37 38 12 7 30 22 39 1 9 3 33 5 4 42 51 43 2 31 53 59 6 23 18 52 50 44 48 24 46 62 54 55 0 32 15 61 57 58 26 63 60 13 25 56 17 16 49 40 29 47 8
26 18 37 29 20 34 17 45 19 9 10 2 30 16 25 33 43 31 21 51 50 49 1 14 32 12 46 47 7 44 5 40 22 11 38 42 53 62 58 4 54 61 63 59 41 57 52 13 56 8 3 6 48 23 39 55 15 0 60 24
44 45 26 18 19 20 9 25 12 13 34 43 53 5 46 17 42 33 6 1 4 62 40 52 10 41 49 3 32 47 8 57 56 37 29 24 48 21 51 7 11 59 61 0 2 14 55 50 22 30 31 54 38 60 39 23 15 63 58 16
19 20 45 44 53 52 21 46 37 54 47 12 62 18 11 26 60 10 1 29 34 38 4 43 30 3 50 13 22 39 23 51 31 6 58 61 14 49 48 9 42 63 25 59 8 7 2 24 33 41 15 55 40 17 57 32 16 0 5 56
26 34 41 20 44 42 45 37 30 52 50 38 53 22 54 25 18 48 59 63 12 43 55 47 31 39 13 57 58 4 29 33 24 51 40 23 60 19 46 21 11 10 14 3 17 49 1 2 56 6 62 61 15 8 9 5 7 32 16 0
37 43 26 17 50 19 18 51 59 10 8 46 38 33 9 16 54 1 21 45 52 44 11 0 29 60 24 63 25 22 53 49 23 47 62 12 20 15 34 31 5 13 58 61 32 57 6 39 14 40 30 4 55 41 42 7 48 56 2 3
37 43 50 45 44 29 54 57 18 51 20 21 38 30 13 22 59 58 31 12 41 19 26 33 34 42 11 40 56 4 3 6 32 9 52 53 10 23 46 39 47 2 5 14 0 16 48 60 15 55 62 17 25 49 7 63 24 61 1 8
44 43 18 29 45 21 51 26 17 54 63 50 42 34 57 53 37 19 22 10 25 46 62 60 3 2 59 58 1 32 38 8 24 31 20 47 55 15 41 61 23 12 40 56 5 48 30 39 52 49 7 11 4 16 9 33 13 14 0 6
37 45 19 18 26 38 9 34 46 20 21 17 42 33 8 50 40 14 44 0 31 29 22 25 10 39 49 30 51 1 6 16 2 52 60 43 24 56 47 54 12 3 62 59 61 13 58 23 41 11 4 48 32 55 53 15 5 57 7 63
37 43 42 41 51 60 59 21 40 49 61 45 57 50 19 29 22 23 14 18 53 54 33 34 17 30 20 26 25 6 63 12 44 58 15 56 38 39 11 24 7 62 32 10 16 8 31 13 52 55 0 47 9 46 5 2 3 4 1 48
19 34 44 21 33 52 53 42 50 10 26 25 37 58 49 54 17 56 12 38 3 16 51 1 39 43 48 45 62 9 60 61 30 23 22 31 59 32 40 29 55 47 20 41 15 14 7 57 46 18 8 11 13 24 0 2 4 5 6 63
44 29 19 52 53 26 37 20 33 43 30 11 60 17 42 46 45 51 55 23 50 21 12 58 18 61 62 49 48 25 2 40 34 4 38 10 8 47 56 16 14 0 3 41 5 59 1 63 32 54 9 22 13 7 31 6 57 39 15 24
37 43 26 19 34 25 10 45 33 38 17 32 51 18 41 20 11 40 21 4 9 42 49 52 39 31 53 48 23 59 44 13 46 0 1 30 58 57 3 14 29 60 6 16 5 12 56 15 24 62 61 2 22 55 50 54 47 8 63 7
26 34 44 20 19 37 42 33 24 17 41 51 10 50 59 49 57 8 38 48 58 45 52 21 22 60 61 25 18 30 39 53 46 9 43 29 56 15 23 31 0 2 16 55 7 11 32 54 62 1 4 14 13 12 3 47 40 6 63 5
19 34 43 20 21 51 44 13 58 37 42 50 5 52 49 6 38 45 12 30 39 11 46 48 26 25 14 18 2 41 7 47 32 23 40 56 22 16 24 3 33 31 53 29 4 54 61 10 1 59 8 17 57 62 60 0 63 55 9 15
44 45 26 18 46 29 21 20 9 14 13 25 17 19 30 37 12 53 60 11 22 10 15 5 24 16 3 8 6 51 38 47 54 62 58 32 52 43 4 61 59 33 34 31 55 50 39 57 23 63 0 7 2 1 42 41 40 48 56 49
19 18 44 11 3 4 17 2 43 42 25 20 45 33 29 37 16 26 32 12 13 30 38 46 54 5 52 21 47 62 31 1 51 34 24 49 41 58 60 48 14 6 50 39 53 59 10 23 56 40 22 61 57 55 15 8 9 0 63 7
37 29 20 11 30 43 26 44 51 34 19 22 14 50 33 31 21 59 3 38 47 12 4 32 39 23 57 18 40 55 42 2 52 5 13 48 17 25 46 9 1 6 7 15 63 24 10 49 16 53 41 8 54 60 0 58 45 56 61 62
44 29 19 26 22 11 3 42 20 30 37 21 13 45 53 52 60 62 43 14 41 38 47 46 25 54 39 24 33 55 23 2 31 18 12 49 6 34 16 4 48 10 57 32 17 51 61 8 9 50 40 59 0 56 63 15 58 5 7 1
19 34 41 33 43 49 37 52 50 20 12 13 25 17 48 29 18 4 61 46 32 26 9 40 6 51 11 56 30 22 42 38 31 16 60 21 10 0 39 47 24 57 54 44 45 53 62 3 2 55 1 23 59 8 15 7 14 5 63 58
44 43 26 45 53 19 37 33 17 25 51 54 24 20 13 50 18 11 29 46 39 22 21 16 49 34 9 55 31 61 2 10 47 8 30 4 0 12 1 23 15 6 63 57 41 38 3 52 42 62 58 59 5 48 60 32 56 14 7 40
19 34 42 18 44 20 33 37 12 29 11 21 30 43 50 45 10 49 13 32 53 54 26 22 48 31 24 51 59 2 40 17 25 61 23 57 63 5 6 46 16 9 38 4 1 7 3 14 62 52 39 56 58 55 60 41 47 0 8 15
44 45 37 29 38 52 53 43 26 42 30 46 59 22 49 61 51 18 55 58 21 54 47 17 15 33 31 23 63 7 41 50 57 19 9 56 39 60 48 10 20 8 16 24 34 13 6 12 1 32 25 2 4 11 3 14 62 40 5 0
37 29 18 44 53 46 39 42 20 19 10 13 43 21 22 34 11 3 41 31 26 17 8 45 5 12 2 47 4 6 7 55 38 50 51 61 57 30 23 48 40 15 62 32 33 16 63 59 58 49 52 60 24 1 0 14 9 56 54 25
44 45 46 20 21 34 18 37 19 11 29 9 10 13 33 38 22 23 14 6 15 43 51 2 47 31 12 55 26 54 62 4 53 42 5 52 7 39 3 32 50 49 58 30 41 40 63 25 0 17 8 16 24 59 48 1 60 57 56 61
19 20 21 34 44 14 22 13 4 52 6 11 41 26 37 43 18 17 60 23 50 3 29 45 30 42 33 7 9 38 12 25 15 58 57 32 53 56 24 54 51 49 61 0 8 59 10 1 47 46 2 63 16 62 55 5 40 31 48 39
19 34 43 20 29 44 53 42 41 62 21 12 33 49 13 32 56 52 50 48 40 6 24 45 46 11 2 38 37 58 4 39 57 26 54 30 18 17 60 22 8 10 5 14 15 23 1 51 55 3 47 16 7 9 25 63 31 0 59 61
44 43 50 53 45 29 18 37 46 57 21 55 26 14 13 34 30 17 61 60 20 5 42 62 38 9 54 41 48 19 10 2 25 22 31 33 49 39 6 7 32 40 1 8 51 23 16 58 0 63 15 4 56 11 52 24 3 59 12 47
26 34 41 20 13 18 37 46 10 9 0 42 38 12 19 44 51 1 5 4 2 53 3 17 45 29 22 14 52 58 23 60 54 31 39 47 50 48 40 62 61 43 11 6 24 49 7 33 57 56 59 15 30 21 55 16 8 32 63 25
19 18 37 20 11 45 26 4 3 2 44 29 12 43 38 21 52 46 34 59 5 10 51 25 50 31 1 42 54 62 53 49 47 30 55 13 61 63 39 14 33 9 32 22 17 8 41 48 56 57 6 24 16 7 23 15 58 0 40 60
44 43 50 51 18 53 59 58 57 42 49 48 60 34 52 19 62 21 41 37 29 45 11 10 20 54 13 26 9 14 22 33 7 15 30 0 24 6 55 3 4 17 2 31 56 40 25 32 39 63 46 1 8 5 23 38 12 47 16 61
19 18 26 20 13 42 44 45 12 52 17 4 11 25 34 43 60 61 2 9 50 6 54 53 59 5 62 55 24 51 16 1 8 58 46 37 14 23 21 32 10 33 57 30 0 63 47 56 29 39 41 22 49 40 48 38 7 3 15 31
44 45 46 20 18 26 19 34 21 29 38 54 43 37 63 12 10 53 13 11 2 22 41 5 42 40 50 39 25 55 52 51 4 33 48 57 17 31 6 56 49 3 62 30 32 61 23 14 58 24 7 1 0 60 16 9 8 59 15 47
19 18 17 11 3 34 42 9 25 33 44 29 21 37 24 14 20 32 43 4 40 52 16 50 41 12 13 51 38 45 61 53 0 47 10 26 46 5 62 48 22 8 39 23 49 31 1 30 6 60 56 2 59 54 63 15 7 55 57 58
26 20 45 42 12 19 49 43 34 37 11 29 21 18 10 13 51 22 44 2 15 59 30 41 40 4 6 31 23 39 38 9 14 25 60 50 17 47 33 54 58 52 3 1 63 53 8 55 46 16 32 24 5 56 0 61 62 7 57 48
19 18 26 20 37 25 12 43 34 44 51 52 24 5 42 32 61 50 10 13 21 30 17 29 40 38 22 31 16 59 23 8 6 53 47 45 57 15 54 9 11 7 14 46 0 3 4 2 1 58 41 55 33 39 60 48 63 49 56 62
26 20 29 18 44 30 19 34 12 45 46 21 9 52 43 4 59 0 25 33 17 54 42 47 31 22 3 37 5 13 11 24 15 16 38 41 32 2 50 48 49 51 58 60 57 23 63 10 39 14 6 56 1 40 61 8 55 7 53 62
44 43 26 29 37 45 54 46 38 17 25 31 42 33 24 50 30 39 8 62 47 18 63 52 58 23 60 55 15 61 11 19 53 41 59 16 20 57 12 34 21 10 9 3 4 22 14 7 40 1 56 13 5 48 32 51 2 6 49 0
44 29 22 45 19 52 37 26 51 11 54 38 47 58 10 31 3 1 25 13 53 63 61 43 15 30 9 62 46 17 33 39 4 12 21 60 42 5 55 14 18 34 50 20 8 0 7 24 41 2 23 6 59 16 57 40 32 49 48 56
26 20 29 18 11 13 12 43 25 17 42 33 37 19 24 10 4 5 51 41 22 60 1 14 16 31 32 50 44 34 21 3 6 7 52 46 45 38 55 59 48 40 15 54 61 62 57 49 39 47 63 9 58 30 56 8 0 23 2 53
19 20 21 34 43 13 26 29 37 44 53 45 33 51 46 41 14 15 30 18 58 62 17 10 1 38 25 59 9 22 60 24 6 2 3 42 40 50 57 23 31 39 49 0 11 16 32 52 47 61 8 12 54 48 4 56 7 5 63 55
26 18 19 34 9 29 45 20 33 11 30 40 10 8 12 54 25 32 16 4 63 31 1 2 3 44 0 24 53 62 48 17 38 43 21 14 37 52 39 55 23 13 59 46 61 42 60 51 58 50 22 5 47 15 49 57 41 56 7 6
19 20 21 34 44 14 29 13 18 11 33 41 12 32 6 43 22 7 4 30 48 17 51 37 25 9 23 45 15 52 1 5 53 10 2 59 58 8 26 3 0 31 61 16 24 40 42 60 46 39 47 49 56 57 54 38 55 63 50 62
26 20 29 18 12 4 10 30 21 43 37 38 3 2 19 9 47 13 44 45 14 6 39 17 51 53 16 42 54 58 62 15 1 11 7 8 5 52 33 61 23 24 0 55 63 31 40 25 50 57 46 60 49 59 32 41 48 22 56 34
19 20 45 42 37 18 34 46 50 33 41 26 10 1 44 49 13 53 32 21 54 5 11 24 25 40 2 59 51 55 43 3 14 23 52 29 47 61 62 17 16 8 4 63 22 38 6 12 0 9 56 15 7 60 58 57 39 31 48 30
44 45 37 29 21 34 42 51 46 50 52 43 33 13 26 61 5 30 49 18 60 58 31 24 54 23 59 22 39 63 57 47 55 48 17 53 38 20 62 4 3 25 32 10 19 41 12 11 2 56 15 1 0 40 16 9 14 8 7 6
37 43 26 29 21 18 34 22 52 20 10 38 14 25 12 61 39 13 17 15 19 3 5 6 33 4 51 45 53 1 54 47 23 44 55 8 30 11 42 16 2 40 32 24 7 9 50 59 0 58 60 62 46 31 63 41 48 49 56 57
19 34 45 21 20 13 43 42 29 51 22 15 23 54 6 31 30 37 50 11 53 49 25 38 41 12 59 48 40 32 55 18 16 63 17 4 46 26 10 14 2 3 39 52 61 44 62 9 7 47 0 33 57 24 58 56 8 1 5 60
44 29 20 45 37 11 21 30 23 14 54 46 18 31 5 26 17 42 22 52 39 63 43 25 34 16 8 33 61 7 19 60 53 10 3 55 47 9 41 1 59 15 2 12 13 40 51 4 32 58 0 24 48 38 50 57 49 56 6 62
19 18 37 29 21 43 42 30 50 46 38 45 54 14 44 10 1 57 31 11 13 22 20 41 26 33 40 52 53 55 3 9 23 32 6 39 59 7 5 2 34 12 4 48 61 15 0 8 58 60 56 49 16 25 63 51 24 17 62 47
37 43 18 19 26 17 10 20 13 3 11 45 44 4 8 22 9 29 38 46 21 25 42 51 59 49 41 58 52 53 23 33 56 60 61 12 39 31 15 34 32 7 40 30 16 0 50 47 6 57 54 55 63 5 24 62 2 14 48 1
37 43 50 51 52 29 19 26 17 57 34 53 59 45 54 42 20 18 9 44 25 0 21 33 8 46 41 49 47 22 24 32 30 31 15 55 10 1 16 39 2 11 61 14 23 62 13 3 12 38 63 5 40 48 56 60 4 6 58 7
37 29 21 45 53 38 47 43 34 22 44 13 14 41 51 15 18 42 33 26 40 59 17 52 7 46 60 30 19 25 16 9 2 10 1 11 4 12 20 6 5 8 23 24 3 61 32 49 56 48 0 50 54 58 57 55 63 39 31 62
26 34 45 17 41 33 25 19 8 29 22 16 18 44 12 30 42 14 37 20 21 0 13 50 52 4 5 40 7 3 11 51 24 32 31 60 53 61 38 6 62 2 46 47 1 23 15 55 10 9 48 54 58 59 49 56 43 57 39 63
44 45 46 43 42 54 26 52 63 17 61 21 29 19 11 49 20 30 38 13 41 40 25 62 14 18 10 7 47 1 8 33 22 24 6 23 56 58 53 34 2 37 55 31 48 4 16 0 39 51 3 59 5 60 15 12 57 9 32 50
26 18 10 25 34 33 24 17 32 9 1 21 43 42 51 50 44 45 53 60 52 46 38 8 58 3 59 57 2 19 37 16 0 20 47 30 14 29 12 49 54 31 56 48 22 62 40 11 4 15 61 13 6 5 41 55 63 7 39 23
26 18 37 45 53 34 25 17 44 19 43 24 9 1 32 29 30 38 0 22 42 51 10 41 50 3 39 8 60 61 15 20 2 57 11 46 55 21 31 12 14 40 52 47 48 7 13 56 33 5 54 23 49 59 6 62 4 58 16 63
19 34 45 11 18 37 3 20 21 54 42 29 63 50 38 12 41 44 49 26 58 39 5 25 47 10 43 51 16 30 1 4 52 6 33 57 13 46 17 59 53 56 55 9 2 22 14 7 32 48 15 0 8 24 31 60 40 61 62 23
26 18 37 34 17 16 10 44 42 20 51 9 24 52 1 50 49 43 8 41 33 0 45 29 13 56 57 53 59 25 54 32 22 40 38 19 48 39 30 63 31 23 21 60 61 11 55 47 12 62 58 46 2 4 3 5 6 14 7 15
19 18 44 43 17 9 50 16 34 51 58 11 42 37 20 21 30 59 52 39 3 4 13 22 14 41 33 6 57 25 23 60 48 40 45 2 0 29 5 38 49 32 54 26 12 8 61 10 24 63 31 56 1 15 7 47 55 62 53 46
44 43 42 51 60 45 26 20 21 34 52 53 19 61 62 37 29 12 5 10 50 58 18 30 33 11 2 9 23 22 38 46 16 8 15 14 57 41 0 56 31 54 13 59 48 32 55 3 39 4 49 47 1 63 24 6 25 17 40 7
37 29 21 30 22 45 38 43 34 25 18 14 54 44 32 46 51 62 47 42 63 16 61 58 13 4 49 12 59 9 7 39 0 15 57 56 40 26 31 10 11 53 41 60 23 52 17 8 50 19 33 55 20 48 6 24 5 1 3 2
37 43 34 41 19 38 51 10 11 42 29 44 30 46 9 53 52 58 20 22 48 60 55 33 45 3 15 8 2 39 47 14 31 49 40 54 24 1 61 50 21 62 23 18 5 4 0 25 59 12 56 6 57 26 16 17 13 7 32 63
37 43 26 29 30 17 25 20 13 33 50 12 4 38 42 19 46 34 41 57 16 24 32 40 11 22 45 44 14 23 10 1 18 3 21 54 49 5 7 58 59 60 9 48 51 15 53 8 6 62 52 61 0 2 63 47 55 39 56 31
26 20 45 25 12 44 42 43 34 29 37 53 19 33 18 41 46 9 16 13 14 39 17 30 48 24 49 8 38 50 52 32 54 62 58 21 55 56 0 2 31 63 11 59 22 3 51 47 23 40 4 6 1 10 7 15 60 61 5 57
19 18 44 43 9 37 45 29 30 11 50 38 47 23 3 54 22 0 46 15 17 53 52 10 20 57 63 34 42 26 60 12 14 49 33 40 21 31 8 61 32 2 41 16 39 7 13 4 5 62 56 58 1 48 25 24 55 51 59 6
19 20 13 42 43 50 37 29 44 45 38 11 2 30 52 51 21 46 59 5 31 34 55 3 10 53 4 47 57 49 56 9 58 22 26 25 12 18 24 16 23 48 62 60 32 63 61 17 39 15 0 41 54 8 14 1 33 6 7 40
44 43 34 29 52 60 37 50 51 45 30 38 22 14 47 58 15 41 13 31 26 21 48 5 39 23 46 53 12 54 59 55 62 4 57 18 10 11 3 7 61 42 33 32 40 49 24 25 19 17 6 1 56 2 8 20 16 9
26 18 44 43 9 19 20 11 50 17 2 21 29 1 34 45 22 4 3 33 40 13 12 52 0 25 16 14 32 10 30 31 51 57 42 8 37 59 24 38 39 53 15 7 62 23 61 47 58 6 5 54 55 41 46 60 56 49 48 63
19 34 45 20 42 18 33 41 10 37 17 54 43 50 38 11 57 16 52 24 25 2 32 26 3 58 49 61 9 29 59 53 30 31 1 8 51 40 55 4 47 12 13 44 0 63 22 6 46 21 5 48 56 15 62 23 7 39 60 14
19 34 43 52 37 29 41 45 30 11 50 51 20 38 22 15 39 26 2 25 18 4 9 48 14 46 42 47 40 10 61 6 32 33 21 8 23 16 53 24 49 54 44 13 5 12 17 31 60 58 63 55 57 59 3 62 0 1 56 7
44 43 34 45 26 25 37 20 19 11 24 38 12 18 42 50 52 41 40 53 31 48 4 16 54 5 6 49 46 55 39 61 58 29 60 21 32 57 62 59 30 9 13 17 51 33 8 63 0 47 56 3 10 22 15 1 23 7 2 14
44 43 26 29 51 20 13 11 12 14 2 34 42 50 30 52 53 10 57 49 6 54 58 21 62 18 40 31 46 5 7 37 17 48 38 25 59 16 39 15 9 55 4 1 41 45 0 33 24 23 56 32 47 60 19 3 63 22 61 8
26 34 41 21 45 44 29 46 13 17 37 19 52 59 11 12 60 3 20 42 8 5 50 48 18 49 38 33 10 2 43 39 14 22 4 16 32 54 24 58 56 23 7 51 31 53 40 47 9 30 57 15 61 62 25 1 0 63 55 6
19 34 45 21 41 37 29 33 32 42 13 11 43 51 60 49 10 26 50 30 12 46 25 48 20 14 15 5 56 53 38 44 31 24 16 23 7 57 22 58 4 2 6 18 17 8 9 0 52 3 40 54 59 39 1 47 55 63 62 61
44 29 18 26 22 9 19 12 0 30 17 16 38 52 11 10 53 54 13 1 62 42 45 25 59 5 24 21 20 32 49 33 3 43 51 50 63 34 41 58 61 40 57 60 14 37 4 39 2 7 46 55 15 47 48 6 31 56 8 23
37 29 18 44 45 53 22 34 61 54 43 46 20 42 39 21 63 19 12 3 14 13 49 55 4 5 38 30 50 23 41 57 10 32 58 52 40 11 15 17 24 6 7 59 31 26 25 47 51 9 33 56 62 16 8 2 60 48 1 0
19 20 21 18 26 22 44 34 17 37 42 49 30 25 14 39 56 8 13 46 38 50 54 7 10 53 58 1 11 4 3 5 9 43 33 16 29 12 62 57 45 61 47 52 51 63 24 23 6 40 32 2 0 60 59 48 41 55 15 31
19 34 44 37 26 10 29 33 43 20 38 53 1 18 9 52 13 17 41 39 24 49 51 16 8 50 47 12 45 0 4 32 48 3 62 22 30 5 61 60 40 14 11 23 6 31 58 55 42 56 15 25 2 63 46 7 21 54 57 59
44 43 42 29 22 45 20 51 60 30 46 53 21 13 50 14 31 38 15 52 26 25 62 59 19 61 18 9 7 54 4 23 55 47 17 5 33 57 37 3 1 39 34 41 63 16 49 24 40 56 8 48 10 11 32 2 12 6 58 0
37 45 26 38 44 18 10 19 39 33 17 16 21 46 53 62 42 2 25 34 43 20 11 4 3 52 13 6 29 31 61 55 24 54 47 12 60 30 5 8 23 22 51 49 63 40 14 15 32 50 48 56 9 41 7 57 58 0 1 59
37 43 34 29 20 19 52 51 38 22 44 25 18 30 41 61 59 47 39 46 45 33 55 53 21 23 16 12 32 50 42 11 57 49 26 24 62 63 4 8 31 3 56 9 17 5 14 54 1 15 58 6 0 13 2 10 60 48 7 40
44 45 26 18 46 20 12 54 62 4 9 25 32 63 19 17 21 22 13 0 16 43 31 23 34 11 29 38 30 37 14 15 1 24 52 2 53 10 7 42 49 47 5 6 3 61 41 48 60 51 40 33 56 57 58 8 59 39 55 50
37 29 18 26 21 30 19 44 25 10 31 33 2 13 52 53 43 60 14 17 12 34 11 20 41 49 48 3 57 7 40 32 1 39 42 4 16 6 38 23 24 8 50 58 22 56 15 51 47 55 5 45 46 54 9 0 59 62 61 63
44 45 26 18 10 52 19 9 60 34 25 2 0 8 41 59 16 61 54 20 43 50 11 42 1 3 4 32 58 63 37 17 12 24 62 53 47 55 46 13 6 21 40 33 51 48 56 39 22 14 49 23 7 38 29 30 31 5 15 57
26 20 13 12 29 18 34 42 25 32 11 4 49 22 33 43 17 50 52 56 45 54 15 30 57 14 31 51 9 38 6 53 2 19 58 16 5 24 41 3 55 63 10 7 47 59 61 39 60 37 40 0 1 48 44 23 46 8 21 62
37 45 44 29 38 42 19 43 52 46 55 30 26 17 41 53 25 51 50 54 60 49 56 10 21 34 47 14 9 16 3 39 13 2 33 11 62 63 58 20 23 57 48 59 24 1 22 32 0 8 12 15 40 6 61 31 18 4 7 5
44 29 20 43 42 13 12 4 22 31 21 50 26 45 51 52 46 25 61 33 49 14 15 37 7 59 5 41 34 55 48 56 3 11 18 53 60 10 58 40 17 16 62 19 30 6 39 38 47 54 8 9 23 0 32 57 2 63 1 24
26 20 37 34 19 44 29 18 12 4 53 46 43 52 21 60 11 13 25 2 33 16 38 42 30 39 6 9 22 10 41 17 47 31 50 58 49 32 8 55 61 0 62 63 54 45 5 56 24 7 15 59 3 14 1 23 51 40 48 57
37 43 18 38 45 19 31 44 42 51 60 49 11 34 30 53 25 58 29 20 50 2 13 12 48 41 21 26 10 46 32 24 54 33 59 57 17 55 16 4 40 14 7 15 52 39 63 23 62 1 5 61 22 9 0 8 3 6 47 56
37 29 19 26 22 43 18 12 25 44 50 33 20 24 40 11 51 52 45 46 17 57 49 10 4 42 16 8 38 21 55 34 14 15 59 53 60 3 9 62 30 39 41 2 23 5 13 56 0 7 32 31 61 54 47 48 1 63 6 58
19 20 21 34 44 37 45 11 33 54 3 52 63 53 60 26 42 59 46 61 17 47 62 10 18 25 39 49 38 8 2 32 40 30 43 22 16 4 13 41 12 14 55 29 58 48 31 23 0 5 7 1 50 6 24 56 51 57 15 9
44 45 26 20 46 18 10 52 21 38 19 17 16 8 43 12 61 42 13 60 0 30 41 49 22 34 51 62 57 23 24 48 59 58 37 31 14 7 15 4 40 9 54 6 53 1 25 47 56 55 29 50 5 33 32 39 2 3 63 11
44 45 26 52 54 46 53 43 39 62 51 60 37 50 61 17 59 42 33 34 19 38 55 18 30 32 24 40 41 58 10 11 9 20 13 47 63 1 29 22 25 49 8 31 57 48 56 4 21 16 15 0 3 14 7 6 12 2 5 23
37 45 26 29 30 22 46 18 10 38 44 19 31 34 11 55 47 51 52 17 43 1 25 42 20 61 9 16 32 54 49 50 60 56 59 53 39 0 62 13 4 63 33 23 48 3 8 58 12 2 24 5 21 40 41 6 57 14 15 7
44 43 18 29 45 46 54 26 52 9 38 37 0 60 21 22 25 13 42 50 34 24 15 47 59 53 61 33 14 31 16 51 32 6 5 4 20 62 63 12 39 10 58 49 48 19 23 8 17 40 2 57 11 1 30 56 41 3 55 7
44 29 19 42 37 11 26 33 22 43 17 46 12 15 20 21 55 3 30 18 10 52 5 1 51 38 14 9 8 53 60 34 32 59 41 0 50 49 56 47 45 54 39 31 58 40 61 25 23 16 48 7 13 4 6 63 24 2 62 57
26 18 44 45 10 20 29 34 42 30 31 41 19 2 21 22 9 16 0 43 52 38 1 60 54 12 4 46 50 62 11 57 58 49 13 33 3 59 40 17 63 32 47 6 56 8 61 14 5 48 7 37 51 53 25 39 24 55 15 23
37 45 19 34 53 11 26 18 42 43 25 16 24 20 21 32 12 54 33 41 3 13 49 4 5 57 17 14 44 9 7 15 63 22 23 62 52 46 8 10 40 51 61 6 47 60 58 59 30 50 38 2 29 55 0 1 56 39 31 48
37 45 19 29 38 18 26 47 17 34 53 21 44 61 14 51 41 20 13 42 54 11 30 6 62 52 49 15 50 48 43 56 31 33 60 39 24 55 4 40 12 8 5 2 32 9 7 25 63 16 58 59 23 46 22 57 0 1 10 3
37 43 26 29 45 19 10 38 18 1 51 25 34 53 2 42 16 24 50 17 20 58 44 9 46 3 33 60 30 12 32 22 13 47 39 41 21 11 31 23 52 14 62 61 15 7 57 56 6 59 55 5 40 54 49 63 0 48 8 4
44 29 20 45 30 22 38 46 19 11 21 52 54 62 59 12 47 60 14 23 53 18 10 2 5 39 17 16 3 26 43 6 31 50 1 37 63 58 8 25 9 4 24 32 13 51 61 15 7 42 49 57 56 0 33 48 41 55 34 40
44 45 46 54 37 47 63 43 52 21 38 29 31 39 42 60 18 62 59 53 30 20 13 26 55 58 51 61 17 23 22 41 15 9 0 14 49 19 50 33 12 48 56 6 24 57 25 1 10 4 7 34 2 11 5 16 32 40 3 8
44 29 20 13 22 43 11 21 4 6 18 45 51 30 14 42 12 7 52 23 41 50 31 49 46 9 19 60 53 38 17 10 59 25 57 40 32 33 37 56 34 48 2 47 54 55 26 58 0 24 5 3 63 62 39 8 61 1 16 15
44 45 37 43 53 30 50 61 46 51 18 49 57 21 38 39 31 23 54 9 48 62 59 52 47 34 63 55 42 41 19 58 32 60 25 56 15 16 33 24 11 26 20 10 0 3 8 29 4 12 13 40 22 17 2 5 14 1 6 7
26 18 44 34 9 20 42 29 22 52 37 45 19 0 11 12 51 50 58 3 60 38 31 47 17 33 1 53 4 5 54 55 62 8 24 15 10 41 49 40 2 13 32 43 46 59 14 23 30 39 61 48 6 63 57 16 25 56 21 7
19 34 42 20 37 18 12 5 33 43 50 44 21 30 46 57 53 32 24 52 40 55 51 49 48 60 54 58 25 62 13 26 11 9 29 56 31 17 1 4 59 14 38 22 41 8 23 45 47 15 16 10 7 39 6 61 63 0 3 2
44 45 19 20 37 29 30 43 54 18 10 26 52 46 51 38 31 34 42 17 24 63 53 39 21 23 62 22 14 15 12 5 50 11 47 57 1 55 7 9 4 3 2 6 59 58 33 40 13 41 61 60 16 25 49 0 32 48 56 8
26 18 19 20 29 22 11 4 45 43 44 52 10 33 34 46 53 1 47 9 30 41 32 42 14 24 37 62 16 21 2 8 17 15 48 49 38 31 51 25 40 12 0 6 39 55 13 58 57 3 59 61 60 54 63 5 7 50 23 56
19 34 42 50 49 20 37 48 26 18 11 12 4 43 51 44 41 32 58 29 21 57 33 52 40 24 17 13 6 3 60 22 30 45 15 10 9 39 5 2 23 59 14 7 53 56 16 8 0 62 54 63 1 31 25 46 47 61 55 38
44 45 46 43 18 21 34 52 29 37 51 25 53 61 60 20 32 42 19 50 13 38 33 58 30 16 59 31 54 47 62 39 57 55 41 40 49 63 17 5 14 24 12 22 23 4 11 6 15 48 56 7 9 0 1 10 2 26 8 3
37 43 18 21 50 19 10 45 26 20 53 51 59 46 14 22 13 7 15 44 52 9 29 1 34 5 2 60 38 33 61 3 32 54 47 40 17 39 30 31 12 63 62 41 8 23 25 0 11 24 16 57 6 42 49 4 48 58 56 55
26 18 10 25 45 44 43 11 12 53 9 19 20 3 61 42 41 8 33 51 17 13 4 54 2 62 37 29 16 0 60 58 38 21 5 47 1 46 30 40 52 22 59 6 63 34 31 24 39 50 32 57 15 48 55 23 14 7 56 49
44 45 37 29 54 52 53 51 43 38 46 61 22 62 63 47 20 42 50 11 12 57 59 34 33 15 18 58 10 32 56 19 55 39 30 31 41 2 60 9 0 17 25 5 3 49 14 40 4 26 23 24 21 13 7 16 6 1 8 48
44 43 26 45 51 42 54 20 53 25 33 34 19 41 40 52 13 49 50 12 61 55 37 30 32 14 6 29 47 21 57 39 11 2 59 5 18 56 23 46 22 58 60 15 48 16 4 10 7 62 63 24 31 38 17 8 1 3 9 0
44 29 21 45 26 13 37 18 19 52 9 17 30 1 12 22 0 10 34 38 11 8 31 46 23 42 60 51 47 20 54 14 4 5 49 56 6 53 58 63 40 43 61 59 50 7 25 3 16 32 41 62 15 39 2 33 55 57 48 24
37 43 34 45 44 25 42 50 19 29 54 20 51 60 58 59 33 11 46 24 13 30 38 12 61 22 53 18 3 14 6 2 57 47 16 62 32 41 26 15 48 56 1 31 5 40 52 10 49 17 23 4 8 7 55 63 21 39 9 0
37 43 50 45 29 38 46 57 26 20 13 12 53 19 21 54 44 25 11 3 10 5 24 2 6 52 63 9 55 62 60 7 22 34 61 15 30 33 32 47 39 59 18 42 0 31 49 41 1 40 51 58 56 16 23 14 8 48 4 17
44 45 46 54 37 38 47 52 53 34 42 19 51 50 58 26 63 60 30 31 49 39 61 29 23 62 18 43 21 25 20 9 59 12 16 22 14 17 3 57 10 55 56 7 11 15 0 41 24 13 32 40 48 2 33 4 1 8 6 5
26 18 37 29 20 13 9 45 30 0 19 22 6 11 12 23 10 25 46 34 44 38 8 52 24 17 54 63 62 33 14 3 32 43 2 40 59 5 1 15 16 61 31 39 4 42 41 47 48 21 53 7 51 56 55 58 60 49 50 57
44 43 34 45 37 20 21 41 26 38 12 17 25 18 46 30 9 29 11 24 39 13 32 10 50 0 3 48 53 16 31 47 54 22 51 40 5 61 8 59 55 2 15 42 1 6 7 23 63 19 62 33 56 52 49 4 14 57 58 60
26 34 44 20 18 10 33 29 2 43 13 19 42 1 0 6 30 32 12 50 14 4 51 31 22 15 21 45 3 52 59 5 53 61 17 11 49 16 7 9 37 58 60 40 23 46 25 41 54 62 56 8 63 38 24 39 57 55 48 47
44 45 46 20 19 18 21 37 11 10 25 9 1 38 26 55 13 54 0 34 63 51 52 2 41 59 3 24 33 43 42 49 30 23 56 12 29 57 60 50 32 22 48 5 39 53 58 8 17 14 16 40 15 6 47 7 31 4 61 62
37 45 44 43 42 26 53 29 18 49 52 10 41 60 22 34 21 20 2 33 56 23 51 50 13 9 12 54 40 17 46 38 57 24 31 48 62 15 55 14 0 11 59 25 19 61 58 47 4 32 30 5 6 8 7 39 1 16 3 63
19 18 37 29 22 46 26 21 9 23 38 47 13 10 31 8 15 43 45 34 33 40 0 30 51 5 54 59 16 61 4 53 6 25 60 39 32 52 48 44 55 24 58 11 63 42 41 49 2 56 3 1 62 12 17 50 20 14 57 7
26 34 42 20 45 41 40 18 21 44 9 46 12 4 29 10 13 19 43 30 52 22 23 59 61 14 47 60 17 49 6 0 58 5 1 8 24 51 37 16 7 54 33 15 62 53 38 39 3 50 57 31 55 63 25 32 48 56 11 2
19 34 45 20 12 11 33 13 26 37 4 32 44 51 41 5 25 50 38 21 6 18 43 46 24 54 40 17 16 14 58 31 63 59 57 9 29 49 30 56 23 47 0 61 39 52 42 1 2 55 8 22 60 7 15 53 62 3 10 48
44 29 19 52 37 45 54 26 34 46 60 42 38 10 33 63 51 55 30 53 1 12 21 22 20 40 24 18 39 14 23 61 4 31 5 6 47 3 13 50 7 59 17 11 49 25 2 41 48 43 57 58 56 16 8 15 32 9 0 62
44 29 20 45 30 22 26 34 38 19 12 18 17 11 46 47 33 40 13 31 4 37 32 5 21 8 3 54 16 9 15 43 48 23 25 2 51 53 0 6 39 10 1 50 57 59 14 24 42 56 60 58 41 62 52 7 63 49 61 55
37 29 22 44 43 51 58 45 19 34 42 18 52 59 53 21 14 57 9 38 30 62 61 49 46 47 39 54 55 23 31 13 5 11 33 24 15 7 6 25 26 0 63 4 56 50 32 20 41 48 60 40 3 2 12 16 17 8 10 1
26 34 44 37 46 52 60 19 12 38 42 29 30 39 45 20 21 22 31 23 14 13 15 11 47 43 5 7 51 53 3 33 41 2 32 40 48 58 59 24 16 61 1 6 10 54 25 9 4 50 8 18 62 0 49 57 17 63 55 56
37 29 19 43 21 18 17 30 45 14 31 39 13 26 50 5 7 12 47 44 3 16 10 46 54 57 24 62 53 2 1 34 63 32 9 11 20 55 22 23 15 38 33 25 41 4 61 52 42 8 59 40 0 6 48 49 56 58 51 60
37 45 53 20 19 34 44 11 18 52 4 62 13 38 60 51 43 21 14 3 10 26 42 58 2 33 49 1 46 40 32 22 30 7 12 31 17 47 0 61 59 5 6 29 55 9 54 15 39 63 48 23 24 50 57 16 8 25 41 56
44 43 42 45 19 18 17 9 1 52 53 29 37 16 30 38 25 20 10 0 60 41 26 34 33 22 8 32 21 54 15 2 46 24 48 49 56 57 51 13 4 11 3 6 58 55 39 62 50 61 59 23 31 5 63 47 40 14 12 7
37 29 18 44 19 45 54 34 41 63 38 30 53 52 23 9 26 47 60 20 55 59 10 31 8 33 32 61 12 17 22 14 39 21 16 13 25 46 4 43 62 1 3 40 15 42 48 51 11 0 58 24 50 6 5 2 56 49 57 7
26 18 19 34 41 21 29 37 45 20 12 42 10 53 50 11 14 17 24 5 54 48 38 7 44 58 49 43 9 1 52 33 40 60 3 46 30 51 62 16 32 0 47 13 56 39 8 63 59 61 6 57 23 31 22 4 2 55 15 25
19 18 44 20 11 45 26 34 17 29 42 41 46 54 30 43 62 47 38 16 37 39 13 63 51 21 53 61 48 59 23 55 12 4 10 14 31 25 22 1 2 60 15 40 32 6 9 7 0 5 33 24 3 56 49 58 52 50 57 8
26 20 13 25 44 45 46 52 53 62 59 37 43 21 18 10 60 12 30 14 29 61 7 31 39 19 42 47 22 38 5 34 55 58 3 6 23 50 17 9 8 16 54 4 41 11 24 32 57 1 48 56 0 33 40 63 2 15 51 49
26 34 42 20 37 41 21 29 22 30 33 49 18 12 57 19 38 46 44 10 3 13 55 4 6 56 2 31 15 17 24 40 25 43 11 52 53 51 5 14 50 16 45 48 39 47 9 1 54 58 59 7 32 60 62 23 0 63 61 8
44 45 37 43 50 29 34 26 18 9 46 51 42 25 20 21 24 19 10 38 39 41 22 30 53 1 58 47 54 15 12 31 32 63 23 13 55 61 7 52 49 62 60 3 4 14 33 5 0 57 2 17 6 59 48 56 40 16 8 11
44 45 19 18 17 20 54 52 59 9 1 11 37 26 34 30 43 41 23 61 3 53 21 14 51 8 16 46 29 42 50 39 40 25 24 63 31 60 55 32 33 0 13 38 47 10 5 12 2 49 48 4 62 56 57 7 22 15 6 58
37 45 44 43 52 53 51 61 60 50 58 38 30 22 46 54 34 26 19 10 62 33 23 42 47 18 24 49 2 55 40 1 20 25 17 56 29 9 3 59 8 32 39 21 13 14 15 4 12 5 11 7 16 48 63 0 6 41 57 31
26 34 41 20 13 12 44 52 21 14 7 17 3 11 37 22 25 33 60 48 24 45 4 15 23 16 18 19 42 43 32 61 5 6 62 2 49 50 1 31 56 10 39 40 51 53 29 38 59 58 8 30 46 47 55 54 57 9 0 63
19 18 26 20 21 37 11 4 17 25 38 22 9 42 32 8 43 44 23 29 51 59 49 10 12 47 1 0 30 5 46 15 2 52 34 13 16 45 3 31 14 33 53 7 50 62 54 60 39 41 57 56 48 61 40 24 55 63 6 58
44 29 18 26 19 43 34 10 11 33 37 53 45 30 46 21 2 39 31 12 13 14 51 5 42 60 62 9 1 61 58 25 50 57 17 23 7 41 55 63 3 59 49 32 52 24 54 0 16 48 22 8 38 6 4 47 40 20 56 15
44 29 19 52 21 26 42 34 30 11 60 50 33 37 45 54 17 32 20 53 40 59 63 18 10 24 16 38 43 14 41 49 46 47 25 62 56 23 31 22 39 57 15 61 4 2 9 55 5 7 48 8 6 3 1 13 58 0 51 12
26 18 10 34 45 19 42 29 37 43 20 21 52 17 11 53 46 50 38 61 44 12 58 47 54 55 14 13 8 9 51 33 62 49 22 24 25 63 56 41 2 15 4 30 40 3 16 32 31 60 1 39 59 57 5 48 7 0 23 6
44 43 18 45 54 46 34 63 52 42 38 26 33 29 41 50 47 32 61 10 9 0 25 60 58 51 20 16 40 12 59 57 24 48 4 62 49 22 15 37 11 39 30 19 2 1 21 23 8 17 31 55 53 7 13 5 6 3 56 14
37 29 21 45 53 34 43 51 42 38 31 14 60 22 33 47 39 49 15 30 52 50 19 24 13 12 56 7 11 20 23 5 57 26 18 44 55 59 6 9 58 4 40 17 8 41 32 25 1 54 2 63 3 16 61 0 10 62 46 48
26 20 37 46 13 12 38 6 21 29 22 23 11 43 54 2 14 47 3 19 34 15 1 55 51 44 52 61 45 53 63 42 31 18 41 58 25 17 60 33 4 48 9 49 16 8 40 30 56 10 0 62 24 32 39 57 7 50 5 59
37 43 18 19 20 45 53 12 21 14 5 3 34 29 7 38 30 26 47 54 51 39 63 52 17 61 31 25 11 50 13 22 42 10 33 16 60 41 49 48 44 15 6 59 32 55 46 23 9 0 8 24 2 4 40 1 58 56 57 62
26 34 45 37 42 18 38 29 22 49 44 54 19 31 39 47 10 20 21 9 46 25 56 30 17 1 12 3 63 23 0 50 2 24 13 61 41 48 4 5 62 6 60 53 8 51 33 43 7 52 57 32 14 16 59 15 40 58 55 11
37 29 22 42 20 21 13 45 44 6 5 53 51 60 34 14 43 46 47 23 38 39 62 50 59 26 19 54 41 10 25 11 15 61 3 52 31 17 9 40 18 58 57 8 55 4 48 63 49 2 33 0 16 7 1 32 30 56 24 12
37 45 19 29 54 34 41 18 46 33 25 20 10 11 4 9 42 38 21 1 31 22 30 53 8 43 12 32 44 62 26 50 63 2 13 23 49 51 3 48 39 6 61 5 56 57 47 17 40 14 24 16 15 7 60 52 0 55 58 59
37 45 53 38 31 34 26 19 33 25 10 11 3 12 13 1 17 43 51 46 21 24 8 60 55 42 49 5 41 29 52 54 44 9 61 56 22 32 62 23 59 47 14 63 39 15 30 40 6 58 4 20 18 7 0 2 16 50 57 48
19 18 17 34 43 20 37 29 25 16 22 32 21 51 13 23 52 41 12 6 33 61 50 3 26 46 5 59 9 44 60 4 38 11 24 2 58 14 40 53 0 57 8 30 48 47 39 62 54 42 63 31 55 45 10 15 1 7 49 56
26 34 44 20 42 43 50 51 13 37 46 18 10 25 41 30 45 55 16 21 29 33 49 17 47 53 31 40 60 48 32 14 22 15 57 9 23 5 19 58 8 24 7 56 12 11 63 61 38 4 3 59 54 1 2 39 52 0 6 62
44 45 19 34 54 20 43 18 33 52 29 25 41 63 11 4 37 22 9 0 38 21 59 60 61 51 42 50 16 32 46 55 62 53 14 58 26 31 23 15 3 2 24 8 49 5 12 13 10 39 6 7 47 56 30 1 57 17 40 48
44 45 46 54 62 52 53 43 51 29 38 47 26 34 30 31 41 17 42 59 18 19 20 11 58 48 3 22 25 61 63 24 16 39 14 57 32 21 33 23 37 9 60 49 12 5 7 6 8 2 1 50 40 0 15 10 13 55 4 56
26 20 21 34 19 18 44 11 2 45 42 29 33 41 48 49 10 1 46 25 38 4 17 43 24 53 62 9 3 13 37 61 12 47 32 51 5 16 50 57 52 40 39 58 30 31 8 22 23 60 56 14 6 7 54 59 55 63 15 0
19 20 13 42 43 18 41 34 25 51 17 40 45 33 32 12 4 11 2 26 48 10 50 5 9 8 1 37 52 58 49 61 46 54 3 29 63 21 59 53 30 16 14 47 6 44 38 39 60 0 55 22 23 62 24 7 57 31 15 56
37 45 53 43 42 20 19 34 18 21 33 44 52 17 29 38 10 60 39 25 16 61 41 48 54 55 14 31 40 9 51 26 56 24 12 7 22 4 23 11 59 13 63 46 5 30 50 6 1 57 15 62 58 8 2 32 0 3 47 49
37 43 42 45 53 34 18 21 33 46 50 32 26 54 39 9 19 61 63 58 60 29 14 44 41 12 20 47 59 38 17 51 31 23 62 57 52 10 11 40 5 55 22 15 56 3 25 13 1 16 30 2 7 0 8 24 49 48 6 4
44 43 18 21 26 52 37 46 38 17 19 39 51 58 60 42 25 20 34 32 13 53 59 5 9 50 24 12 8 10 29 61 62 16 14 45 49 30 54 40 41 0 48 2 47 23 31 57 1 3 15 22 56 63 33 11 55 7 6 4
37 43 42 29 51 59 44 53 19 45 22 11 46 21 62 41 52 55 38 61 54 47 30 63 10 9 49 57 13 26 60 5 40 14 34 12 1 58 56 20 33 50 17 8 3 48 15 25 16 24 31 2 32 0 18 7 4 23 6 39
26 34 41 19 12 48 44 29 30 20 21 45 42 11 2 31 18 49 54 43 50 13 51 25 16 3 22 24 37 53 40 59 38 32 14 15 6 4 5 46 61 17 8 10 55 7 58 0 56 57 52 60 47 62 39 33 9 63 23 1
26 18 10 29 21 9 37 2 0 34 41 45 20 30 38 33 53 54 42 31 23 22 24 12 13 44 52 14 19 40 43 49 50 59 58 16 17 57 1 61 46 32 60 15 5 11 6 62 63 3 8 55 56 25 48 47 51 4 39 7
37 29 21 45 53 20 19 34 41 12 42 33 3 38 13 14 46 51 44 40 15 52 32 5 30 47 39 24 58 31 48 11 22 7 10 62 25 55 60 23 50 49 43 18 16 2 57 4 54 61 6 56 26 59 1 17 9 8 0
26 34 42 18 19 33 43 51 10 9 37 45 25 20 8 0 12 50 41 11 13 21 30 22 58 57 2 17 44 32 29 16 46 59 1 23 60 53 54 47 52 61 62 63 40 14 3 48 49 24 38 31 7 5 6 4 55 39 15 56
44 29 20 11 18 34 26 10 9 8 41 53 25 17 22 21 19 37 43 14 62 38 6 33 42 50 1 0 51 58 4 3 39 5 2 23 59 12 45 47 30 52 46 24 16 48 32 13 61 57 55 7 15 40 31 60 49 56 63 54
37 45 53 43 44 21 19 11 14 46 39 61 42 55 62 41 52 60 47 29 34 33 63 54 30 13 5 50 38 22 40 6 15 51 49 48 23 20 7 57 10 32 2 58 59 26 4 3 18 17 1 31 16 8 24 12 56 9 0 25
26 34 42 20 13 12 37 49 29 44 51 60 11 30 52 2 58 17 25 43 46 24 16 53 10 8 50 59 19 38 9 55 33 41 48 57 23 18 54 1 21 5 3 32 0 4 45 62 6 40 61 56 63 14 22 7 47 39 15 31
26 20 21 22 45 44 43 50 13 34 29 53 51 12 62 52 42 33 23 54 3 19 46 55 18 15 38 6 7 39 40 32 63 31 57 11 25 14 60 30 58 17 10 2 49 37 24 48 5 16 8 1 61 0 9 4 56 41 59 47
26 20 29 38 45 25 19 42 43 44 37 11 24 53 46 47 12 10 3 2 1 17 21 18 30 34 49 13 33 16 39 50 22 23 55 54 58 56 60 61 51 9 63 59 31 40 41 57 4 8 52 15 48 32 14 7 0 62 5 6
19 18 17 20 45 10 2 26 11 12 21 8 34 44 24 30 43 52 25 1 22 46 4 13 3 5 39 50 60 53 57 9 38 29 33 15 47 42 16 54 41 51 61 58 31 55 59 23 49 37 14 32 0 40 62 48 6 7 56 63
37 45 19 34 53 20 18 38 21 54 55 26 41 9 42 43 29 11 17 52 47 10 33 13 46 16 1 3 6 63 30 31 8 22 62 25 2 4 23 14 51 50 12 32 49 56 48 0 5 44 15 7 39 59 61 57 40 24 58 60
26 18 19 20 13 33 9 42 25 24 34 17 11 10 37 21 50 4 14 46 29 0 12 44 8 30 55 49 52 60 31 58 32 6 43 3 56 45 61 40 41 5 57 62 22 23 1 51 15 16 39 47 53 7 59 2 63 38 54 48
37 45 19 20 29 38 54 53 39 34 61 43 30 31 18 47 22 10 23 15 13 6 1 44 46 21 26 11 5 62 2 52 25 60 7 14 55 16 12 17 33 41 51 4 42 49 40 48 56 24 8 0 9 63 59 58 32 3 50 57
37 45 26 20 19 34 21 14 22 13 53 46 43 44 41 48 47 11 6 7 18 29 5 23 12 51 31 10 30 54 58 61 60 59 50 49 15 57 63 62 56 42 9 3 2 17 4 39 1 55 25 24 33 8 16 40 38 52 32 0
19 20 13 10 18 9 1 21 11 5 17 34 43 0 33 3 37 45 29 24 53 46 38 30 39 41 12 51 49 47 22 61 25 26 6 55 44 57 58 15 48 8 50 7 16 32 52 31 2 14 40 56 4 59 23 42 62 60 54 63
19 20 29 34 42 43 26 21 22 41 50 49 56 13 5 59 48 18 25 23 15 44 10 40 11 16 58 17 60 7 9 2 0 30 51 57 32 33 12 4 24 52 37 61 3 45 39 8 62 38 1 14 6 54 46 31 53 47 63 55
19 20 37 18 10 34 12 2 26 45 17 29 54 13 3 11 4 16 14 33 24 1 25 53 52 5 30 59 43 44 32 50 21 39 9 38 61 7 31 40 47 60 51 6 58 46 55 41 22 23 15 42 8 0 48 63 57 56 49 62
26 18 37 45 10 9 8 38 39 29 52 44 19 25 17 47 24 59 30 22 21 34 42 23 54 43 46 16 14 0 1 15 53 41 55 13 20 61 7 63 31 12 33 51 62 40 6 11 48 49 50 60 58 32 2 4 3 5 57 56
37 45 19 29 54 53 38 18 30 39 46 43 34 25 26 22 9 31 61 52 21 62 24 16 32 11 12 3 50 0 4 40 63 44 14 55 47 20 51 33 41 10 42 13 15 23 2 5 6 7 8 59 49 48 56 57 58 60 17 1
44 45 19 43 53 34 41 18 26 11 42 48 29 50 37 54 10 61 62 30 3 38 58 52 60 49 39 59 21 2 46 14 40 31 25 12 7 32 1 33 20 55 17 9 47 57 16 63 5 0 23 51 56 22 8 15 13 4 6 24
19 18 44 20 11 2 12 45 10 21 46 29 38 43 50 5 26 9 13 30 3 33 0 17 16 4 34 14 15 42 31 23 25 8 22 24 7 39 40 47 32 6 52 37 1 59 55 58 57 41 60 51 48 53 54 62 63 49 56 61
37 43 34 45 51 33 53 52 26 19 10 21 40 18 17 54 63 59 41 8 61 46 25 24 50 3 29 32 42 48 1 30 47 55 58 9 13 12 23 11 14 49 44 7 62 60 2 39 16 57 31 5 56 38 4 0 20 22 6 15
19 34 41 33 45 48 43 20 26 52 42 44 59 61 32 54 49 18 21 29 11 25 53 40 37 46 38 39 63 4 30 31 51 60 16 50 62 17 22 47 13 24 8 23 57 0 10 9 2 58 55 6 1 3 56 12 15 14 5 7
44 45 19 18 46 52 53 38 37 43 59 54 51 61 9 42 34 26 47 29 41 49 22 55 33 50 31 48 63 21 20 17 60 39 62 12 40 10 2 1 30 14 5 3 11 23 6 15 8 7 13 25 24 32 0 16 4 58 56 57
44 45 19 52 37 20 54 34 59 18 12 46 21 5 55 26 53 22 17 29 4 63 13 16 15 51 50 30 11 60 25 38 31 33 32 3 10 61 43 47 8 49 57 58 62 23 42 1 24 7 39 40 9 0 41 56 14 48 6 2
26 20 29 38 44 52 30 34 12 17 41 19 46 33 60 48 8 18 10 11 9 25 3 0 24 21 1 32 42 49 37 53 13 43 16 22 62 45 14 2 56 55 54 57 50 31 39 51 61 23 47 15 4 40 58 5 6 59 63 7
26 20 37 46 13 44 45 12 29 6 11 19 38 3 5 10 21 4 53 60 43 52 59 30 54 14 47 51 31 34 50 25 2 1 17 61 15 23 9 55 22 7 24 39 62 33 16 41 18 8 49 63 0 57 48 42 32 56 40 58
44 45 26 18 37 43 54 34 25 29 9 0 21 38 10 17 24 46 53 30 23 63 8 61 20 19 62 52 11 31 51 42 39 59 58 2 4 47 3 22 14 1 60 16 50 55 33 57 12 13 32 7 6 15 5 40 41 48 56 49
19 20 13 10 44 43 26 37 42 34 25 12 4 21 38 24 1 49 50 3 56 29 2 41 22 58 11 39 33 30 31 48 46 6 17 15 5 54 51 53 47 18 40 59 57 16 9 0 60 32 52 45 14 8 61 7 63 55 62 23
26 20 45 25 17 44 53 52 24 34 51 54 55 63 29 38 43 58 37 18 11 41 47 50 49 8 32 16 0 19 33 61 9 21 22 48 57 31 60 40 42 2 59 1 13 56 39 10 3 14 62 30 46 4 5 12 15 7 23 6
44 45 37 43 26 30 54 19 18 46 51 25 17 59 12 11 33 5 29 63 55 22 9 20 10 38 3 8 42 34 1 41 4 40 31 47 15 24 58 21 50 39 6 57 23 2 16 32 62 61 13 7 49 52 48 56 53 0 14 60
44 29 20 11 19 43 42 34 25 33 10 16 12 49 41 2 56 48 40 9 17 57 22 50 58 45 46 54 21 51 62 47 26 15 1 0 30 38 14 13 4 5 52 63 6 32 37 61 3 8 53 60 23 24 55 39 31 18 59 7
19 34 43 50 41 25 44 20 18 48 12 11 2 4 17 13 42 45 53 26 21 61 32 9 62 24 59 29 49 52 46 16 0 51 22 14 6 31 10 33 58 60 23 38 47 39 8 37 57 63 55 30 54 7 15 3 5 1 56 40
37 45 44 29 18 43 51 9 19 34 22 10 52 42 0 58 50 20 33 8 16 60 61 59 53 17 13 49 11 41 48 40 32 38 47 26 24 3 25 31 57 2 54 56 30 63 55 46 1 62 39 14 4 6 21 12 23 15 5 7
26 20 13 42 44 21 29 14 22 17 43 12 5 23 41 49 25 24 57 51 31 30 50 48 4 53 15 33 38 7 18 10 34 19 6 37 58 45 61 39 46 59 2 47 16 1 52 9 40 3 60 8 11 32 0 62 56 55 63 54
26 18 19 34 41 29 33 20 10 17 37 42 13 11 22 24 8 3 43 38 2 48 44 51 52 21 4 25 45 30 49 57 46 47 12 9 39 50 55 61 40 14 58 31 16 32 53 1 7 5 15 54 56 23 62 60 6 63 59 0
26 18 19 20 21 37 13 14 12 25 17 11 44 52 10 1 24 8 9 0 3 2 22 30 39 33 46 5 23 38 16 32 41 40 34 45 60 55 47 42 6 29 48 54 61 15 4 7 43 56 63 50 49 58 59 51 53 31 57 62
26 20 37 42 12 38 49 34 46 13 44 29 21 52 5 22 30 47 60 43 45 61 33 41 15 57 19 4 59 24 40 39 11 18 2 3 58 51 9 17 62 31 10 8 25 53 23 48 55 1 16 6 50 14 7 54 63 32 0 56
26 34 42 20 13 12 45 6 29 44 37 41 11 18 53 38 21 4 2 19 10 3 43 17 39 61 46 51 60 47 54 62 16 31 14 25 50 8 32 59 22 58 33 30 5 24 9 40 63 52 7 55 23 1 0 15 48 49 57 56
37 43 18 38 45 19 50 54 63 52 34 51 61 44 39 46 11 3 53 49 4 55 60 29 21 30 48 9 0 59 31 57 47 5 20 25 58 41 32 10 42 22 1 26 17 16 8 40 56 2 24 62 23 14 12 13 15 6 33 7
44 43 34 41 26 20 19 52 51 10 33 42 53 32 29 21 24 22 30 45 38 25 48 59 13 37 23 49 50 39 18 12 40 17 9 56 31 58 57 47 46 6 5 15 2 60 62 3 55 16 7 0 14 11 1 8 4 54 61 63
19 20 29 38 45 52 30 18 47 43 10 2 42 34 51 50 37 31 33 24 39 55 9 46 54 21 61 17 14 44 16 63 11 13 6 12 49 26 3 41 1 0 22 60 48 8 25 15 4 56 53 58 59 40 7 5 32 23 62 57
37 45 44 29 46 53 54 43 19 38 30 55 62 11 18 47 20 12 34 63 21 22 52 61 2 50 23 39 51 25 33 3 16 15 49 1 10 13 14 4 60 7 6 26 5 59 17 48 42 8 0 9 24 41 57 32 58 31 40 56
26 18 19 34 33 21 37 42 9 40 25 46 55 12 49 51 11 38 30 0 13 39 14 56 22 4 41 29 45 24 10 31 17 16 20 1 44 3 23 54 8 2 32 48 50 43 57 15 7 47 6 58 52 60 5 63 61 53 59 62
19 18 37 20 11 4 9 44 21 34 45 30 33 29 13 46 2 5 6 22 53 17 25 32 10 8 3 12 54 52 43 16 51 63 0 61 41 42 39 59 58 60 14 31 55 24 38 50 26 47 48 7 1 49 40 57 62 23 56 15
19 18 37 43 50 20 9 34 26 52 12 13 14 44 42 10 53 5 45 33 51 23 21 8 32 49 0 60 22 24 6 29 2 7 61 38 25 1 41 58 4 54 63 46 17 48 59 57 62 40 47 31 11 55 16 3 15 30 39 56
37 43 26 29 21 20 34 42 19 11 44 25 2 22 41 45 12 13 33 3 46 55 38 30 10 54 39 40 52 61 53 17 50 31 14 4 49 62 1 57 8 23 5 51 58 47 56 9 59 18 16 60 63 6 7 48 15 0 24 32
37 45 19 29 38 43 53 39 44 34 46 11 18 54 3 60 31 47 50 10 17 52 20 9 59 25 0 58 62 41 16 33 32 51 55 26 22 63 49 1 30 23 2 12 4 14 42 8 24 21 6 40 13 61 57 48 56 5 7 15
44 29 22 43 20 13 11 21 26 19 12 37 34 2 4 14 7 25 5 52 60 10 16 41 38 30 42 39 33 32 46 50 1 6 18 61 58 31 48 0 51 17 62 9 24 55 3 45 54 8 53 15 23 63 47 40 49 57 56 59
19 18 26 20 13 42 11 4 17 22 37 29 12 21 34 41 14 7 48 43 38 3 23 30 50 10 52 46 31 58 1 32 40 49 54 44 59 2 56 24 5 6 9 15 8 60 33 51 16 57 61 55 25 47 53 0 39 62 45 63
19 18 26 20 13 34 41 21 10 25 45 6 29 37 11 17 43 54 16 1 22 24 2 48 53 8 33 23 32 52 14 15 59 40 0 44 55 61 9 3 12 42 49 4 56 63 46 51 5 30 50 57 58 47 31 62 7 38 39 60
26 18 44 45 10 9 19 11 37 34 33 20 2 29 54 25 16 41 12 4 38 24 42 0 32 13 17 63 46 30 1 53 3 40 50 52 6 22 55 51 60 48 62 61 31 43 49 47 39 57 14 15 5 8 59 23 21 7 58 56
19 20 21 18 26 34 41 11 10 25 42 9 24 33 4 13 12 16 17 29 30 8 44 37 45 43 14 5 2 51 6 40 46 38 0 3 31 7 52 60 32 53 48 47 39 23 54 50 62 49 58 63 59 56 57 55 22 1 15 61
26 18 10 9 8 29 30 22 44 38 15 34 46 45 52 20 42 33 11 25 32 24 43 49 17 47 16 0 1 31 56 37 54 50 53 51 21 14 59 61 7 55 60 58 40 23 62 12 57 39 19 3 13 2 4 6 41 63 5 48
37 43 50 29 21 44 45 57 42 52 58 54 61 22 26 25 53 59 55 20 15 41 12 51 49 62 19 3 17 8 13 56 11 46 48 60 24 4 32 31 63 38 9 2 34 16 47 33 6 39 23 40 18 30 5 14 10 7 0 1
19 18 17 11 10 9 26 20 21 37 12 29 2 4 1 34 5 8 45 14 33 53 25 0 38 44 13 24 16 41 51 42 61 60 23 32 48 47 49 52 54 30 22 15 46 55 58 62 6 43 40 59 63 57 7 50 56 31 39 3
44 29 19 52 45 42 30 21 37 38 53 20 34 43 39 18 13 25 10 2 9 22 60 11 23 5 4 15 17 3 51 16 7 50 1 8 0 47 49 54 26 57 31 46 32 12 62 24 33 59 6 48 61 14 55 41 40 63 58 56
26 20 45 34 12 13 42 41 19 50 33 18 49 43 25 32 17 4 10 48 57 21 5 8 37 3 22 11 24 40 1 2 6 30 38 16 14 51 9 0 58 44 56 59 52 15 29 46 53 61 47 7 54 60 23 55 63 39 62 31
37 43 50 51 42 33 49 29 21 20 44 38 22 14 45 46 59 54 19 52 6 48 24 30 62 7 58 39 60 63 23 41 32 11 5 55 47 4 56 61 26 18 40 15 9 31 13 25 12 0 10 57 8 17 34 3 16 1 2 53
44 45 37 43 42 41 19 20 29 30 49 26 33 18 12 11 31 56 46 54 57 13 34 48 5 50 17 9 63 38 3 53 25 2 1 16 22 32 51 62 52 47 8 0 14 15 21 10 7 58 24 61 40 6 23 4 39 59 60 55
37 45 53 20 19 34 44 29 33 52 21 11 43 54 60 42 62 59 61 12 2 38 50 14 46 13 47 57 58 39 7 25 26 10 51 15 5 41 30 3 23 22 9 17 31 1 32 6 8 24 18 48 56 16 49 4 40 0 63 55
44 29 21 45 26 13 14 18 30 52 43 20 12 4 19 50 54 39 59 15 53 34 37 42 5 10 31 60 3 63 25 62 33 11 23 16 58 57 1 2 6 0 46 17 51 7 61 40 9 22 38 55 24 8 49 56 48 32 47 41
44 45 19 34 42 43 53 41 54 29 30 46 49 22 26 17 52 61 62 59 33 18 38 56 8 25 37 47 32 24 21 20 12 31 14 16 48 63 40 6 10 1 55 5 11 3 51 58 9 0 4 50 57 2 39 13 23 60 7 15
44 43 42 29 18 49 41 37 26 51 56 17 22 33 16 21 34 8 20 10 0 14 30 39 59 45 50 13 2 9 4 57 58 19 54 46 24 1 11 63 47 6 32 31 38 55 15 23 62 7 25 52 60 48 53 61 40 3 12 5
37 29 18 42 20 38 46 21 47 55 34 44 19 22 51 45 14 12 5 13 23 41 43 10 25 31 11 26 54 53 15 7 6 50 49 3 2 39 52 30 32 58 63 24 4 33 59 61 57 17 9 56 48 0 1 8 62 40 16 60
44 43 34 41 42 50 40 51 57 45 52 29 21 60 61 59 37 14 53 48 18 22 20 38 46 13 58 62 56 39 19 30 5 49 63 17 25 16 10 12 32 11 23 31 47 9 4 55 2 7 15 1 54 33 8 0 24 3 26 6
37 45 19 34 43 50 44 20 18 11 26 52 10 2 21 38 54 13 25 46 51 29 22 12 6 32 49 30 33 15 17 57 47 42 4 63 60 5 9 0 23 40 3 56 61 1 55 53 8 7 48 16 41 62 24 59 14 31 58 39
44 45 19 34 46 21 29 52 42 37 30 47 51 39 33 26 60 50 55 32 23 53 25 10 43 63 41 40 57 31 22 14 49 15 61 48 1 11 7 5 58 62 12 38 20 13 54 59 56 17 24 18 9 16 6 8 2 4 0 3
26 20 21 18 37 29 12 45 34 25 53 22 23 14 5 11 9 15 13 30 19 42 7 17 49 61 46 47 16 0 24 44 55 50 41 48 39 8 2 1 59 38 33 4 43 51 60 32 10 52 62 31 57 63 56 3 40 58 6 54
19 34 41 21 45 33 32 10 11 44 37 20 43 2 12 13 14 48 3 29 25 18 22 46 17 1 30 31 26 52 23 15 0 42 60 38 6 8 50 24 16 59 54 61 51 9 7 55 4 49 57 58 53 5 39 47 63 40 62 56
26 18 37 43 44 45 51 52 29 17 42 59 53 33 25 30 11 21 16 19 34 8 20 3 49 62 38 32 9 39 41 50 22 13 57 24 47 54 40 58 5 12 2 14 15 0 1 7 61 4 31 60 23 46 63 48 56 6 10 55
26 18 44 25 19 29 21 45 24 34 33 20 37 40 53 41 10 38 17 1 2 22 23 12 4 11 42 3 13 43 50 6 49 56 48 14 46 58 47 9 32 39 8 16 30 54 61 63 15 60 57 55 31 5 51 62 59 52 7 0
37 45 19 34 53 18 17 54 63 21 41 11 10 25 9 43 33 42 29 26 44 16 12 50 59 40 24 52 49 2 3 38 13 8 31 56 51 14 20 46 1 61 4 55 30 57 7 60 58 22 62 39 23 47 0 15 48 32 6 5
19 20 21 18 44 13 5 22 14 45 37 29 38 43 23 31 42 4 52 34 46 54 25 50 26 15 39 11 17 53 61 10 49 6 33 51 12 16 41 48 58 24 2 57 32 1 8 9 56 30 59 60 62 3 7 63 55 40 0 47
44 43 34 29 21 33 30 14 50 31 19 10 20 52 51 11 22 49 59 38 7 12 25 13 4 37 3 6 60 53 1 18 15 16 46 39 32 54 5 23 61 42 62 45 41 26 47 2 57 48 40 0 9 24 56 55 17 8 58 63
26 20 45 44 53 34 18 37 12 21 22 17 43 14 25 30 39 24 16 9 6 8 1 51 11 61 29 0 42 50 59 15 57 38 10 33 40 32 19 2 31 58 13 7 47 4 41 56 52 49 3 48 5 46 55 54 23 60 62 63
19 18 37 43 51 20 10 45 17 34 29 38 46 52 44 53 60 55 54 50 47 9 33 32 1 16 58 3 21 11 49 48 63 0 59 14 31 39 12 2 26 5 25 61 41 57 24 13 62 42 22 23 30 4 56 40 7 15 6 8
44 29 18 26 17 43 30 53 42 20 62 25 11 34 32 12 52 41 13 49 19 31 56 24 16 2 3 5 40 60 22 14 51 8 9 48 33 59 0 54 6 4 46 7 21 37 15 38 45 50 57 58 23 39 10 1 47 55 61 63
37 45 26 38 44 51 54 19 31 53 52 61 58 34 46 60 41 18 20 21 62 42 9 17 43 49 10 0 59 40 22 13 16 8 33 63 55 57 6 25 48 11 3 39 1 4 50 32 24 12 30 29 47 56 5 2 15 14 7 23
19 34 42 20 33 49 13 26 51 50 48 12 41 60 11 58 44 32 52 21 24 5 22 10 40 29 30 38 25 39 6 17 8 23 15 14 43 57 47 18 37 55 9 7 59 16 61 0 31 62 1 53 45 4 63 2 3 54 46 56
26 20 37 44 51 25 12 53 52 38 24 60 46 42 58 17 8 34 39 50 62 4 49 55 45 61 21 31 43 59 13 47 11 18 19 9 54 16 29 63 10 22 32 1 15 5 0 40 14 57 41 23 30 7 48 6 3 33 56 2
44 43 34 45 52 41 46 51 26 47 59 42 50 58 38 17 25 20 60 54 29 49 63 18 32 30 19 33 48 37 55 12 11 2 23 24 13 61 16 53 3 4 39 9 22 40 10 31 57 56 0 15 6 5 14 7 21 1 8 62
26 20 13 12 29 6 11 34 43 21 42 17 5 51 18 38 30 25 44 33 3 4 41 45 47 39 2 46 14 23 31 53 10 49 32 55 8 50 56 1 57 59 52 48 40 16 24 37 60 61 54 9 58 19 62 63 7 15 0 22
19 18 44 20 9 52 13 26 34 33 45 38 25 24 42 17 32 0 10 43 1 3 21 50 8 22 51 59 53 6 61 29 54 2 58 41 57 63 14 49 56 37 12 48 40 16 39 47 31 15 23 30 60 5 62 11 7 55 4 46
37 45 19 20 13 26 34 42 33 44 21 12 50 6 3 14 30 41 32 38 46 43 51 57 7 47 49 4 55 29 39 52 54 11 22 2 18 25 9 59 40 24 60 31 17 63 15 0 58 8 1 48 62 10 5 53 56 16 23 61
26 20 37 42 19 38 44 18 30 33 13 34 43 23 45 46 49 51 52 59 10 2 25 29 1 24 50 56 31 21 15 17 47 53 9 41 12 22 48 0 61 3 8 40 4 60 58 57 16 54 55 62 14 5 39 32 11 6 7 63
26 18 19 34 45 21 29 37 41 10 30 31 2 53 20 1 54 42 22 3 49 13 17 50 38 52 59 48 51 33 5 14 44 6 47 61 12 8 39 23 46 62 40 24 63 55 9 56 25 32 60 16 7 11 15 58 4 43 57 0
37 43 42 29 51 34 21 52 44 38 53 50 41 48 19 60 45 54 63 55 58 46 33 13 47 25 26 12 61 49 11 62 32 24 22 18 16 17 20 2 10 9 8 59 40 15 14 4 5 1 0 7 56 57 23 31 3 6 30 39
19 18 17 20 45 34 37 43 51 16 12 21 30 46 26 14 9 23 41 42 13 11 33 29 5 1 2 22 55 25 15 54 32 59 63 44 31 3 0 47 53 38 50 39 52 40 49 58 57 6 8 48 10 56 4 7 24 61 60 62
37 29 21 45 53 30 19 44 46 47 54 62 23 13 5 10 20 26 43 42 38 22 11 2 17 4 51 6 3 50 49 34 15 56 33 25 31 39 14 41 24 52 12 40 59 1 57 48 7 32 61 58 63 8 60 16 9 18 55 0
26 18 10 9 44 45 46 52 60 34 0 2 25 20 43 54 63 16 13 61 41 59 32 47 51 12 53 48 37 50 21 30 38 17 55 39 11 5 1 3 4 8 29 22 33 42 19 40 31 6 56 24 57 58 49 62 7 14 15 23
19 34 43 52 44 45 50 42 26 17 25 16 41 20 8 57 29 9 61 21 46 49 58 60 10 2 13 40 32 3 1 30 4 47 53 24 48 12 31 37 55 14 39 38 18 51 7 11 5 6 0 62 54 33 56 15 23 22 59 63
19 20 21 34 45 13 5 14 23 37 22 6 4 11 18 12 43 10 38 15 1 9 7 25 16 26 33 42 49 40 0 32 17 52 59 24 51 39 29 44 41 31 2 8 47 61 53 58 3 54 60 48 30 50 62 63 56 57 46 55
37 29 21 45 43 13 14 50 26 19 5 7 53 17 10 12 25 22 30 46 6 33 39 18 40 61 4 31 51 44 23 59 62 20 24 15 42 11 9 38 57 8 1 47 52 58 55 32 60 41 54 0 49 63 3 34 56 48 2 16
26 18 44 34 33 43 19 32 17 21 42 25 41 50 49 53 57 40 62 16 14 20 10 45 54 2 8 11 12 59 1 13 24 9 58 30 4 3 0 5 6 46 60 37 52 56 23 61 47 39 51 38 48 55 63 15 22 7 31 29
44 29 18 26 17 9 0 43 30 45 52 59 54 19 12 46 34 20 37 25 38 5 32 39 50 63 60 22 62 21 4 11 6 16 31 51 2 57 10 13 33 3 47 55 58 8 42 1 23 24 53 49 56 40 61 7 41 15 48 14
26 20 29 34 11 17 42 13 37 38 25 24 18 2 32 49 4 33 47 10 44 51 6 21 45 46 16 5 9 43 52 1 58 19 40 54 41 31 14 50 22 57 30 23 59 3 0 53 63 55 60 61 48 39 12 8 62 7 15 56
44 29 21 45 30 22 19 31 37 12 5 3 46 42 26 52 53 10 59 33 13 51 11 43 17 24 49 54 1 20 62 25 39 61 18 4 16 9 14 63 40 41 38 47 34 57 58 32 56 7 8 48 2 0 15 6 55 50 23 60
26 34 45 18 33 42 49 44 43 40 32 53 48 29 9 10 2 50 37 25 22 56 61 41 59 15 20 38 58 0 47 54 46 57 19 30 55 60 16 21 13 39 31 52 51 62 12 17 24 5 14 11 3 23 63 1 7 8 4 6
26 18 44 34 9 10 33 0 25 32 24 37 45 53 46 29 52 43 30 47 40 59 61 42 50 19 39 31 51 60 12 38 58 20 21 41 2 3 8 54 49 22 15 13 55 17 1 57 23 62 4 6 56 11 5 14 16 48 7 63
19 34 45 37 42 18 9 20 46 29 21 13 33 43 52 30 6 5 31 7 14 38 44 41 12 23 47 50 48 39 51 3 59 53 15 22 60 4 11 54 61 58 55 63 62 17 10 24 57 8 16 40 32 49 2 56 26 25 0 1
44 45 46 52 26 18 43 29 19 38 30 20 37 47 39 22 11 2 13 4 17 42 31 25 15 9 0 1 53 34 50 14 24 23 16 41 54 7 51 21 6 12 48 58 5 8 57 61 62 10 60 63 49 40 3 56 32 33 59 55
37 29 18 26 19 45 33 43 46 34 30 11 53 21 20 38 22 15 23 55 3 14 47 31 51 9 41 12 0 25 7 61 4 39 44 58 24 42 52 5 49 10 6 16 50 2 60 17 54 13 63 32 1 40 56 59 48 8 57 62
19 34 45 37 29 21 43 52 14 38 50 10 33 51 54 44 26 25 42 49 58 7 30 41 47 17 20 13 8 31 24 16 11 59 1 63 46 55 5 3 61 6 2 22 60 18 32 39 12 48 57 53 9 4 40 0 62 56 15 23
26 18 10 43 44 25 24 45 53 61 46 37 30 47 50 9 19 38 62 11 54 32 0 39 29 8 16 42 4 17 52 20 55 58 3 31 13 51 21 5 33 41 60 12 23 34 1 59 49 63 22 14 15 6 40 2 7 57 48 56
37 29 20 13 18 44 21 26 11 10 42 22 53 19 45 61 14 4 6 43 34 7 3 41 5 25 15 2 23 31 24 32 9 8 1 16 46 47 49 56 12 38 50 33 55 30 54 58 57 0 59 62 40 60 17 52 39 51 63 48
37 29 22 30 21 43 42 15 23 38 44 50 57 51 18 49 46 31 58 19 56 9 0 41 11 20 13 4 34 59 48 54 39 25 52 45 7 40 60 10 17 24 14 1 12 5 33 6 55 47 32 61 2 3 8 16 26 63 62 53
19 34 45 11 18 25 3 20 32 37 43 10 38 46 9 33 54 0 29 21 13 52 17 14 26 53 8 31 7 2 44 22 30 63 12 1 40 5 50 39 61 15 47 23 6 57 16 51 4 59 42 24 41 60 55 48 62 49 56 58
19 20 37 44 21 26 34 30 38 29 33 46 39 31 23 10 1 45 51 13 54 52 59 63 5 18 53 55 12 11 9 25 62 50 41 47 22 14 43 42 3 49 7 15 32 17 40 4 56 8 24 2 61 6 0 58 48 60 16 57
44 29 18 43 21 19 10 52 45 26 33 17 22 3 1 12 60 14 25 37 50 41 13 11 7 34 20 9 30 61 32 15 59 49 8 46 2 24 0 23 16 42 54 63 56 4 51 57 62 53 31 39 5 38 48 6 55 47 58 40
37 43 50 45 42 20 19 29 44 34 30 18 12 49 33 26 17 38 46 58 56 32 57 9 25 21 40 54 59 3 14 51 24 52 1 47 62 13 4 11 5 48 53 39 31 0 10 6 22 63 55 23 15 7 60 61 8 41 16 2
26 20 21 18 10 22 44 25 24 42 29 19 14 38 15 53 47 17 49 37 46 43 50 23 33 3 60 5 52 45 8 57 51 31 12 11 54 32 9 62 7 34 40 48 39 0 16 13 30 6 1 61 63 55 56 2 58 59 4 41
26 34 41 20 37 44 21 22 53 38 45 48 14 18 46 54 30 60 12 6 25 16 47 29 61 13 43 50 17 39 31 19 23 63 42 8 33 62 7 52 49 56 55 40 57 58 51 24 32 11 9 0 59 10 1 3 2 15 4 5
37 43 42 45 19 38 39 18 52 11 26 34 9 49 56 54 44 41 53 17 10 2 40 12 55 61 33 47 3 20 63 50 1 8 59 60 29 31 4 62 0 46 24 16 51 5 30 13 25 48 6 32 14 57 58 15 23 21 7 22
26 34 45 17 41 33 25 48 44 16 9 1 40 18 0 20 2 54 42 29 46 38 12 32 47 43 63 21 22 53 60 24 52 11 10 19 50 30 37 23 39 3 13 51 49 55 61 62 4 14 5 8 31 57 59 6 56 15 7 58
44 43 50 53 18 37 52 21 30 51 34 49 60 19 48 38 45 29 11 39 42 54 46 3 55 25 9 56 41 58 4 61 20 57 2 40 62 10 47 31 23 12 26 33 14 13 17 63 16 32 24 7 5 1 22 8 0 6 15 59
19 34 44 11 26 33 17 43 42 41 18 16 40 32 12 20 3 37 45 10 2 50 13 4 29 25 5 14 48 46 52 51 22 60 21 23 31 1 57 59 58 38 15 56 9 6 54 53 30 55 62 63 8 39 24 49 47 7 61 0
19 18 26 34 42 12 9 17 10 0 24 43 37 25 16 41 33 45 8 20 21 11 3 32 54 2 50 59 1 22 49 29 52 51 13 53 44 57 62 46 55 30 60 5 23 63 48 38 47 40 58 14 56 39 6 15 4 61 7 31
26 18 10 25 44 11 19 20 34 17 13 29 22 2 3 4 12 21 14 38 1 30 9 42 32 6 24 52 5 0 15 33 40 41 43 45 46 49 37 23 61 60 59 7 51 31 57 50 16 53 8 54 63 56 39 47 48 58 55 62
44 43 26 29 30 22 37 25 50 53 51 57 19 34 62 31 17 52 45 54 46 47 38 8 15 18 16 11 23 55 33 41 21 9 61 14 32 40 5 12 20 10 2 6 63 42 59 24 39 3 13 4 49 58 56 0 60 7 1 48
37 43 18 38 46 9 34 41 50 59 39 29 33 45 44 25 0 53 30 21 20 26 12 14 61 4 42 55 24 32 49 16 17 31 58 60 22 47 7 19 10 57 11 54 3 15 8 6 13 52 56 51 5 1 63 48 2 62 40 23
37 45 44 29 46 43 21 14 42 49 18 30 34 52 19 38 7 33 54 55 47 13 5 11 39 17 9 53 63 1 3 20 32 26 12 22 61 40 51 50 31 23 25 2 16 10 4 59 41 24 57 48 8 0 58 62 60 56 15 6
19 18 37 43 34 45 17 38 46 9 52 25 44 11 30 55 20 53 3 26 51 42 49 23 22 29 32 12 8 33 16 50 54 39 0 56 10 58 4 5 13 1 21 62 31 2 48 14 41 59 60 40 15 24 57 7 63 61 47 6
19 34 45 21 29 20 42 38 33 18 14 52 12 13 10 11 3 43 47 26 37 4 17 15 61 31 53 40 7 46 23 59 54 8 5 62 55 51 24 25 63 6 60 32 16 9 2 22 44 50 39 41 30 0 58 1 48 57 49 56
26 20 29 34 11 18 43 51 42 4 17 22 59 52 44 37 15 58 46 21 9 19 45 53 12 0 41 40 10 33 1 8 14 47 32 25 2 24 48 49 50 60 62 57 39 3 55 7 61 5 6 23 38 30 13 63 31 16 56 54
44 43 26 45 54 19 50 25 10 51 18 12 24 46 38 49 11 33 57 47 41 20 52 1 5 3 37 40 2 61 55 58 21 59 48 13 32 29 63 62 60 17 31 39 53 23 22 30 15 42 9 56 0 16 14 6 8 34 4 7
19 18 37 29 20 13 26 34 30 43 50 21 33 38 46 51 5 32 10 49 40 25 57 39 59 11 17 31 45 12 24 16 4 53 61 1 47 60 8 6 44 55 23 22 14 15 58 62 3 56 7 2 63 42 0 54 52 41 9 48
37 43 18 38 46 9 44 45 26 34 25 30 10 16 0 11 51 47 24 42 55 63 12 2 50 41 52 29 40 59 54 20 61 53 60 48 39 49 31 62 58 57 13 17 32 22 3 23 19 8 21 4 6 1 15 14 5 7 56 33
44 29 19 43 51 26 21 52 53 59 50 45 42 61 54 47 30 60 33 58 55 20 39 63 11 13 46 31 62 14 38 22 15 49 37 18 34 32 4 25 24 23 9 5 10 7 57 12 41 48 17 40 6 8 0 56 3 1 2 16
26 18 19 34 42 20 33 40 32 41 37 25 9 46 13 50 29 30 38 17 54 24 23 1 0 11 8 31 48 12 22 16 10 21 2 56 59 44 53 52 39 6 45 60 4 43 14 49 61 58 51 3 57 7 5 47 55 63 62 15
44 29 22 52 21 43 26 17 51 50 37 20 19 11 2 30 39 13 59 23 31 47 8 58 61 3 49 1 42 40 57 60 38 25 56 34 24 62 15 18 14 7 45 53 6 5 54 32 63 9 10 41 46 55 12 33 16 4 48 0
44 29 18 43 20 45 54 46 38 22 51 42 52 59 49 37 34 33 21 14 13 47 19 6 7 50 23 63 57 56 11 2 3 17 58 53 32 25 26 4 41 24 5 15 62 30 61 31 9 16 0 12 8 40 48 10 1 60 39 55
19 34 41 18 26 17 44 20 43 45 11 52 12 50 10 9 8 21 59 0 1 5 25 29 38 22 14 24 3 54 53 61 60 51 42 6 7 47 15 30 4 16 39 2 62 13 32 40 37 31 23 49 56 58 48 57 63 55 46 33
37 43 18 29 34 45 50 26 22 51 54 33 25 16 38 11 52 39 10 20 32 63 40 9 19 61 41 48 21 24 49 12 17 59 47 23 42 30 58 57 14 7 6 55 44 15 46 53 56 31 2 1 3 5 4 13 60 62 0 8
26 20 37 44 45 46 12 18 19 34 54 5 43 63 11 13 47 55 9 2 33 39 38 41 3 51 50 30 1 59 49 17 4 52 16 40 42 25 58 0 14 8 32 29 61 10 53 21 48 56 23 62 31 60 6 24 57 7 15 22
37 45 53 34 42 20 33 43 18 44 29 25 26 52 16 32 24 38 21 10 61 30 39 14 2 9 40 51 8 46 22 15 60 58 11 59 57 49 50 19 54 55 12 0 56 1 47 5 3 17 41 48 63 4 7 23 31 13 6
19 34 42 18 44 50 17 21 20 13 33 16 11 45 29 24 46 4 32 22 37 54 62 52 23 31 26 41 5 14 15 38 3 2 53 10 30 63 51 55 58 47 39 25 48 61 8 7 1 49 12 43 40 9 6 0 60 59 57 56
44 45 37 43 34 20 53 41 19 52 51 60 13 58 50 62 48 33 61 49 25 18 32 46 55 12 54 10 63 6 29 59 9 17 57 16 42 38 22 21 14 8 11 26 2 1 47 5 30 3 4 15 7 23 31 56 0 40 24 39
26 18 10 20 19 1 45 33 13 12 29 14 17 34 32 43 42 24 4 22 37 5 15 3 50 44 51 31 9 30 16 58 11 40 60 21 52 7 49 23 46 38 25 54 63 2 48 0 41 57 56 59 55 62 61 53 39 47 8 6
44 43 26 29 42 25 17 34 21 50 49 9 37 53 24 14 62 30 1 16 13 32 33 51 40 5 59 2 3 52 57 54 60 41 8 48 45 20 31 22 46 38 18 10 11 19 58 56 39 61 6 23 7 63 55 47 15 12 4 0
26 18 19 20 10 43 29 1 50 44 2 9 0 11 12 34 33 51 16 13 21 32 40 25 14 57 42 17 58 48 45 41 60 46 24 5 4 22 23 8 52 15 49 37 38 30 7 3 56 6 47 53 62 59 54 61 31 55 63 39
26 20 13 34 44 37 30 18 33 41 9 53 49 21 22 12 51 46 42 32 25 16 55 6 45 48 5 10 43 38 31 4 62 52 40 47 54 56 39 19 11 14 15 7 17 1 8 50 57 23 29 61 24 2 58 59 60 0 3 63
19 18 26 34 41 20 45 42 33 54 17 32 25 40 29 37 9 0 50 24 16 51 2 10 38 43 53 22 15 52 49 44 58 21 48 8 3 59 62 61 1 31 30 63 60 57 46 14 7 11 4 12 5 6 23 39 47 55 13 56
44 43 18 19 26 17 11 53 52 51 16 3 62 21 58 8 60 29 4 45 54 37 2 24 25 9 34 63 46 50 30 55 42 59 47 23 1 39 10 12 31 22 13 5 14 61 6 41 0 7 20 38 40 32 48 56 57 33 15 49
19 34 43 20 25 42 37 29 49 10 1 45 12 51 52 33 41 24 22 17 32 44 16 15 59 60 18 26 53 2 50 61 38 57 54 39 3 5 21 40 58 8 56 63 46 13 23 47 55 4 7 30 6 11 9 14 48 0 31 62
44 45 37 29 21 34 42 20 53 50 11 52 60 30 49 12 58 46 19 18 22 61 26 23 38 47 13 51 10 43 62 54 55 3 39 56 14 5 33 57 15 63 48 7 6 32 24 16 4 31 41 2 1 9 25 0 8 17 40 59
44 43 42 51 58 21 50 37 29 49 20 19 26 38 41 52 59 18 10 1 53 57 34 9 40 56 2 32 48 17 12 3 33 25 47 60 16 62 13 30 22 6 24 23 31 8 4 15 11 14 46 55 0 39 61 45 5 54 63 7
44 43 42 29 21 50 58 13 51 59 30 22 15 57 5 31 19 11 37 38 60 61 46 53 34 33 52 41 18 17 62 26 3 20 32 23 8 16 25 47 48 10 9 45 56 0 39 24 49 55 1 40 63 4 12 2 54 6 14 7
37 45 53 43 18 19 20 9 0 29 21 54 51 34 55 52 42 12 41 14 50 49 59 25 32 63 57 46 44 56 22 40 38 11 39 24 48 62 7 60 2 17 16 26 10 13 30 15 5 31 47 3 33 58 61 23 6 4 1 8
44 29 20 11 30 31 12 45 10 43 38 13 22 47 52 60 46 15 42 53 14 9 4 34 41 25 50 58 33 24 16 54 21 26 8 49 56 37 23 2 19 57 18 3 61 17 5 51 59 1 55 7 0 63 62 6 32 40 39 48
44 29 19 43 30 45 51 26 52 11 38 31 20 13 34 53 22 59 6 25 41 4 3 21 16 2 18 33 15 12 50 48 60 42 46 54 63 17 10 47 58 49 40 57 14 55 37 1 32 23 61 7 8 24 62 9 0 39 56 5
44 29 21 45 46 43 30 14 26 19 18 47 42 33 13 37 11 5 24 12 3 41 38 31 39 25 20 23 17 9 32 22 52 10 54 63 51 60 1 55 7 8 50 15 6 40 34 4 16 57 53 2 59 58 48 56 62 61 49 0
26 18 10 34 42 29 30 22 45 25 17 31 15 9 38 50 21 44 33 43 57 40 8 0 41 13 53 48 16 20 1 37 11 58 14 2 49 23 3 7 4 56 51 54 52 59 6 5 19 12 24 61 47 46 63 32 55 39 60 62
19 20 37 44 21 30 46 26 23 11 25 18 51 17 34 42 10 29 4 3 9 32 1 5 12 13 50 0 24 31 14 6 39 2 22 58 43 7 8 59 15 38 45 41 33 16 49 57 56 47 54 62 53 60 55 52 61 63 48 40
44 45 46 54 37 43 62 30 52 59 34 25 18 29 41 20 61 60 22 47 12 19 21 14 39 9 0 26 33 51 55 63 17 4 11 16 42 48 32 49 8 3 6 31 24 23 57 40 50 53 38 58 10 1 56 15 5 13 7 2
26 18 37 29 10 45 19 25 17 9 8 43 46 11 54 21 44 33 42 50 32 63 62 1 20 61 0 12 3 47 51 34 53 2 40 38 13 16 58 60 55 4 5 57 31 22 56 30 14 24 49 6 7 52 23 48 39 15 59 41
19 34 43 20 25 10 13 50 51 59 18 33 52 53 57 9 41 49 11 16 0 8 37 45 44 29 58 48 54 56 30 23 46 26 21 55 63 32 24 3 1 14 12 62 2 38 4 5 31 22 6 17 15 7 39 47 60 61 40 42
44 45 26 52 37 17 54 29 43 63 21 34 20 22 25 53 61 18 15 60 8 16 42 50 49 46 57 38 10 51 24 13 30 56 19 33 47 55 6 23 48 1 3 31 59 40 11 7 39 58 41 2 9 12 62 0 4 14 5 32
37 45 44 43 26 29 46 30 53 25 38 61 19 47 39 11 23 21 52 31 17 42 24 15 12 8 9 60 20 18 34 41 62 0 50 58 33 22 13 3 49 14 7 6 54 32 51 59 10 2 40 57 5 63 48 16 4 55 1 56
44 29 19 42 30 37 46 11 26 21 34 52 51 22 53 25 10 38 20 12 49 60 23 18 24 1 14 39 62 45 17 15 5 3 13 32 59 31 43 6 16 56 41 61 9 40 54 33 0 63 50 47 55 4 2 8 7 58 48 57
44 43 34 25 42 52 60 45 38 50 18 29 16 20 13 46 30 33 41 26 57 12 37 21 4 23 22 31 51 10 39 14 47 40 24 6 11 48 9 61 62 19 15 1 53 49 2 58 0 17 59 3 8 54 63 55 5 7 56 32
44 45 37 43 42 29 19 11 21 34 53 14 10 54 46 61 60 9 62 63 26 59 55 17 3 38 24 33 8 12 25 1 30 41 16 18 40 31 52 50 48 13 4 49 58 51 0 47 5 22 23 57 39 6 56 20 32 15 2 7
26 18 37 45 44 25 19 12 17 43 51 34 54 63 24 38 42 33 10 58 5 9 29 49 40 2 46 55 1 32 47 0 20 21 50 41 62 4 30 23 57 52 61 8 3 6 13 53 60 14 7 39 31 11 59 15 22 16 56 48
37 45 44 43 34 30 20 18 51 29 22 59 31 33 53 15 38 46 39 12 42 50 32 54 58 61 62 57 21 19 23 60 17 41 47 11 7 14 26 40 6 24 49 13 4 3 10 2 56 8 25 52 16 9 48 5 1 63 0 55
44 43 34 45 20 33 51 13 32 42 19 11 10 41 52 61 46 21 49 59 6 9 14 29 37 18 0 22 2 53 38 31 39 7 50 4 5 48 15 47 62 63 57 54 55 60 23 40 3 56 30 1 26 17 24 25 58 8 16 12
44 45 37 29 54 34 26 52 30 38 47 63 61 17 33 31 20 40 53 12 11 42 19 62 32 18 8 3 48 43 10 46 2 9 49 21 55 60 22 24 5 50 58 14 16 4 51 41 15 57 13 1 56 0 25 59 23 39 6 7
26 20 29 18 12 25 37 44 24 38 47 4 10 30 31 34 11 22 45 19 14 9 43 51 21 7 58 54 3 2 6 13 17 5 0 50 52 42 49 53 55 60 61 63 33 59 46 40 62 48 1 41 56 32 57 15 16 8 23 39
37 29 22 43 19 15 30 21 26 39 23 31 50 51 34 38 52 25 13 42 49 12 16 4 20 46 5 11 18 44 47 6 53 45 54 33 10 60 40 57 7 56 14 24 48 62 3 9 63 59 61 8 17 32 41 58 1 2 0 55
37 43 18 21 34 19 20 33 14 7 32 46 22 11 42 49 4 25 41 12 29 26 56 50 45 13 6 15 52 51 59 48 44 38 16 60 40 3 5 24 23 17 31 8 0 58 57 47 30 54 61 39 62 53 2 10 55 63 9 1
37 43 50 45 29 30 54 46 47 53 44 51 38 39 20 12 42 63 23 52 31 57 60 62 34 49 41 33 55 22 56 15 18 19 58 48 25 24 40 16 4 11 59 5 21 14 6 61 3 10 2 26 7 13 32 17 1 9 0 8
37 45 44 43 53 62 50 46 54 42 26 17 38 57 34 25 41 39 58 29 47 48 18 11 21 19 24 13 20 30 23 16 31 33 8 22 55 51 9 59 4 1 12 3 2 15 10 5 61 0 63 32 7 40 49 60 52 6 14 56
37 45 26 38 44 18 30 52 51 34 60 53 42 59 17 20 19 8 12 11 16 43 25 49 56 61 3 10 46 5 13 31 9 6 29 2 33 24 41 47 1 48 21 50 62 54 63 23 14 7 22 32 57 0 40 58 4 55 39 15
19 18 44 20 26 45 37 46 38 33 54 53 9 55 47 0 34 29 60 52 59 43 10 39 32 51 13 1 30 17 25 16 2 41 58 12 40 3 4 21 31 23 63 6 15 11 42 50 57 24 8 48 5 62 7 49 61 22 56 14
19 20 45 18 11 34 29 10 25 3 21 30 33 43 37 32 51 22 12 5 23 52 53 39 4 38 50 59 13 54 26 41 57 44 55 14 2 63 47 42 15 31 48 58 61 40 16 60 24 7 49 56 46 8 6 9 1 17 0 62
19 34 42 18 26 20 13 21 45 49 44 43 50 6 14 41 11 37 32 33 17 12 5 22 4 29 30 16 7 54 24 25 31 46 38 59 48 3 52 60 58 51 55 23 8 39 47 57 2 40 62 53 56 63 15 61 9 0 1 10
44 29 20 11 30 52 2 13 26 34 60 18 33 40 19 42 49 12 25 43 32 37 6 51 4 16 21 50 17 48 58 14 22 46 38 8 55 53 10 24 56 5 0 31 62 15 7 47 57 63 61 9 3 23 39 45 41 59 1 54
44 45 37 43 18 19 42 26 46 54 34 25 20 50 41 12 58 52 24 9 13 14 11 47 53 33 17 49 6 16 48 38 40 21 60 32 39 62 22 23 8 2 10 29 63 51 15 61 30 31 55 59 5 4 1 3 57 0 7 56
26 34 42 20 21 18 44 45 46 41 10 29 33 49 12 37 50 53 62 43 52 14 38 58 19 22 30 39 48 54 55 11 23 32 57 56 13 2 3 51 15 5 31 47 9 8 17 7 0 63 40 60 16 1 24 4 6 61 59 25
37 43 18 29 21 19 50 17 9 38 44 13 22 1 4 5 47 53 10 39 6 31 20 57 52 11 62 55 46 45 0 26 14 59 51 61 30 15 49 63 2 12 34 3 16 33 40 48 60 24 8 42 58 56 54 23 41 25 32 7
26 20 29 22 30 38 12 34 41 17 25 19 10 13 21 4 5 48 37 18 43 6 42 50 49 1 31 11 52 33 57 44 45 61 32 39 60 23 14 51 9 15 62 54 47 40 56 53 24 3 46 55 2 16 63 0 58 7 8 59
37 43 42 29 51 34 33 49 21 30 50 32 48 45 19 26 38 56 53 40 20 14 25 58 31 18 10 47 17 22 57 2 39 11 3 46 41 24 12 60 7 8 52 61 16 9 1 4 55 54 62 6 5 59 0 44 13 15 23 63
26 20 13 34 45 19 12 4 21 14 5 3 29 30 11 22 41 33 6 25 23 43 42 40 37 54 17 7 51 59 2 46 50 9 16 31 39 1 49 18 53 32 24 38 10 61 55 44 62 52 0 47 48 63 60 15 57 56 58 8
26 20 45 25 19 10 17 44 13 33 18 11 29 24 3 12 53 52 43 51 4 30 32 5 58 6 7 50 8 40 60 9 34 62 38 22 21 54 46 47 59 61 55 2 49 57 37 39 14 23 42 63 16 0 1 56 15 41 31 48
19 34 44 21 33 26 18 10 29 40 13 30 17 14 15 52 12 25 53 7 32 3 2 42 11 54 62 1 20 8 43 24 31 38 61 5 55 45 49 59 16 39 46 50 9 0 47 56 48 4 22 6 60 37 51 23 58 63 41 57
44 43 34 25 42 50 57 45 49 26 52 56 17 51 33 29 22 30 38 47 46 24 19 61 58 60 59 12 11 8 48 37 21 14 13 15 32 41 31 40 62 20 9 6 7 5 4 39 23 55 63 53 54 1 18 3 16 10 0 2
44 29 22 42 20 37 43 21 18 53 52 11 13 45 50 23 54 12 26 34 19 46 55 33 15 10 31 30 32 14 49 60 9 57 17 25 39 2 51 7 5 59 24 38 58 62 61 3 47 6 63 40 4 56 48 8 41 16 1 0
26 18 37 29 21 43 42 34 9 44 33 41 50 20 32 38 17 8 19 0 47 13 14 15 16 58 51 22 2 49 6 52 61 40 45 24 56 4 5 53 25 46 62 10 7 57 48 31 30 11 12 60 1 3 39 63 54 59 23 55
19 20 29 38 45 34 26 18 30 43 9 31 50 37 42 0 11 10 25 49 12 2 44 53 8 17 56 5 24 51 13 3 52 16 54 6 39 33 14 63 22 21 4 32 55 15 41 57 48 60 7 62 23 1 58 59 40 47 46 61
44 45 37 43 51 38 30 53 52 61 62 21 39 59 19 31 54 29 34 63 12 41 23 26 22 10 1 11 60 15 42 46 13 50 55 47 40 9 17 18 58 14 5 20 25 24 33 3 2 0 8 16 7 4 6 32 48 49 56 57
26 18 10 29 19 42 30 21 45 39 37 53 31 9 17 1 44 16 12 34 47 22 13 15 14 11 49 50 43 51 58 59 25 38 4 57 0 48 5 52 60 24 23 3 8 33 40 20 41 55 32 46 62 54 2 7 56 6 63 61
44 29 22 30 20 13 19 26 17 15 12 11 3 25 14 8 21 5 10 18 34 45 46 53 24 6 43 1 60 41 33 54 49 2 55 48 0 32 9 52 4 62 23 39 61 37 50 51 40 59 47 16 31 63 38 42 7 56 57 58
37 43 42 29 51 34 21 22 23 38 44 59 58 15 46 54 7 14 39 50 19 60 5 30 12 10 53 55 61 20 47 52 45 62 41 57 63 4 3 31 13 26 1 48 40 33 56 32 49 18 24 6 25 2 11 17 16 8 0 9
19 20 37 34 18 17 12 38 26 4 16 10 41 24 32 48 3 8 5 1 44 21 0 53 2 45 42 9 25 33 43 49 50 58 54 29 22 13 39 31 11 30 14 7 23 6 46 55 56 40 57 47 61 60 51 15 62 59 52 63
19 34 42 18 44 11 9 50 20 13 26 25 33 21 16 0 4 37 2 52 58 49 46 51 43 30 53 17 6 3 56 12 29 54 62 1 5 24 41 8 22 7 40 31 10 57 60 55 14 15 38 47 32 61 23 63 39 59 48 45
26 34 43 18 37 29 17 42 41 45 20 11 22 33 25 48 9 10 3 51 40 15 44 16 12 2 58 32 54 53 24 59 60 49 52 63 8 13 14 21 30 6 57 50 4 7 38 0 62 61 1 23 46 31 47 55 19 39 5 56
26 18 44 34 19 37 17 10 29 16 41 51 9 2 45 54 1 22 3 33 53 61 40 48 52 21 63 43 50 47 20 46 56 49 55 11 12 38 14 59 8 32 39 13 24 62 23 57 4 15 42 31 30 5 58 0 6 25 60 7
19 34 42 50 41 18 37 26 49 32 40 48 17 9 1 38 58 25 33 21 57 56 20 16 45 24 43 44 46 13 14 30 52 54 39 12 4 60 22 59 63 53 10 2 0 23 11 3 29 55 47 5 6 31 15 8 51 7 62 61
37 29 18 26 34 44 30 20 19 23 46 41 45 25 17 9 10 47 42 11 1 43 50 2 53 58 40 54 3 32 39 4 31 21 62 61 5 49 12 55 8 14 38 22 6 15 33 0 13 24 57 16 63 52 59 60 51 56 48 7
37 43 50 45 19 29 38 57 51 39 46 53 61 44 21 62 47 20 12 52 59 34 25 18 9 58 30 11 31 55 54 4 42 26 3 0 63 5 17 13 49 24 6 23 15 16 41 33 56 60 14 48 22 7 40 32 10 1 2 8
26 20 29 22 13 34 44 18 30 6 33 41 49 37 12 38 17 43 39 25 19 10 51 11 23 32 9 53 2 4 14 45 52 31 62 61 40 3 60 57 42 8 0 1 21 7 58 5 56 46 24 15 47 54 16 55 63 59 50 48
26 20 45 44 13 17 43 34 41 42 8 18 19 46 51 48 47 60 49 6 21 9 25 29 22 33 40 54 58 59 56 30 16 38 0 10 37 32 12 14 23 24 15 5 3 53 52 7 62 1 50 39 2 63 55 4 11 61 31 57
19 20 21 34 42 12 13 49 3 10 18 9 41 11 56 29 37 48 8 1 40 5 25 2 4 14 33 30 22 43 26 45 39 31 17 16 23 50 54 0 59 15 32 58 52 57 6 7 44 60 53 61 51 47 62 38 46 55 24 63
44 43 18 45 42 9 53 41 19 21 26 52 49 57 51 34 38 46 40 20 56 30 14 33 10 60 59 50 62 61 0 17 11 4 13 12 32 48 29 15 25 1 16 22 24 37 58 63 23 8 6 5 47 7 3 31 54 39 55 2
44 43 26 45 51 42 54 19 52 61 33 29 30 49 41 53 37 20 57 59 60 46 50 21 62 31 11 10 22 40 38 34 9 63 18 55 25 58 56 24 32 16 39 13 15 4 8 0 2 1 17 12 14 3 6 48 23 5 47 7
19 20 13 10 44 37 29 34 43 21 30 52 14 22 11 46 31 7 38 3 18 15 33 9 17 32 26 6 23 12 45 54 4 25 8 47 40 2 39 16 1 48 62 5 61 63 53 24 56 51 59 41 50 57 58 60 42 49 55 0
37 43 34 41 50 59 33 45 57 29 49 42 38 31 21 30 18 44 46 14 22 52 51 15 13 4 54 48 20 23 60 53 56 12 47 19 58 32 40 63 10 11 5 1 24 17 16 9 39 26 62 6 0 25 2 3 8 55 61 7
44 45 26 43 37 19 42 41 18 29 38 17 9 46 22 0 34 21 51 50 11 15 33 25 47 10 49 55 24 32 1 58 54 53 52 56 61 3 4 48 2 63 40 31 57 62 13 59 12 20 60 8 23 5 30 16 39 14 6 7
19 34 41 21 43 26 20 44 29 18 14 37 45 42 33 38 11 12 25 10 22 24 3 54 32 9 13 46 50 2 30 6 23 48 55 52 8 57 1 51 5 4 58 0 16 49 47 39 61 62 17 53 60 15 7 59 63 40 56 31
44 45 37 29 20 51 18 43 54 12 53 34 30 9 21 39 58 62 31 55 11 46 13 59 61 4 19 38 5 3 47 6 23 60 22 10 42 52 2 1 14 26 63 49 40 50 0 8 57 48 7 17 25 15 56 16 32 33 41 24
37 45 19 38 39 18 53 11 44 46 30 54 52 22 10 20 3 42 17 26 47 12 62 60 21 1 31 9 34 16 33 63 25 43 51 50 23 14 61 55 32 13 49 56 2 4 6 7 0 40 59 58 29 8 5 24 41 48 57 15
19 18 44 11 3 4 17 2 25 33 32 9 43 34 16 20 29 0 52 37 1 21 30 46 41 39 38 5 54 53 31 13 62 48 22 12 26 61 49 24 50 40 14 6 23 59 56 57 55 60 58 51 47 45 42 63 15 10 8 7
37 29 20 43 30 22 42 13 19 31 23 26 25 41 44 52 49 24 40 11 3 2 45 34 17 15 59 38 1 54 33 10 12 48 14 6 9 57 63 4 56 53 39 8 7 21 46 47 5 60 58 62 50 51 61 32 18 55 16 0
37 45 53 20 21 34 44 22 12 38 30 29 23 62 46 55 41 18 43 52 59 13 47 15 54 51 26 11 63 19 10 39 3 9 31 25 6 14 1 42 2 40 16 0 48 33 32 24 58 49 4 60 50 17 7 57 8 61 56 5
26 20 45 44 43 54 46 50 21 34 62 53 42 55 61 38 31 33 58 52 47 25 60 63 29 30 32 14 24 39 37 19 7 59 11 17 18 16 8 57 41 40 48 23 51 12 5 9 22 13 2 0 6 56 49 3 1 15 4 10
37 29 22 30 21 14 23 31 7 45 38 46 26 39 55 12 20 18 44 43 3 53 10 19 62 52 54 17 42 5 51 34 25 59 11 15 8 60 47 41 50 1 40 6 2 58 13 61 57 24 33 49 48 9 4 16 0 32 63 56
26 20 45 34 29 18 41 48 19 44 25 11 2 46 52 43 50 51 59 17 37 4 53 16 39 38 3 10 8 58 31 9 12 61 22 47 30 14 57 49 13 6 0 1 5 15 60 55 62 42 23 54 63 33 40 32 24 56 7 21
37 43 18 38 51 34 29 59 33 20 30 23 46 26 22 9 13 45 25 44 10 16 50 12 42 11 60 55 53 61 8 47 21 54 19 2 31 4 63 14 5 57 52 39 1 58 49 41 7 15 24 62 56 32 0 48 40 6 17 3
44 43 50 29 34 45 19 10 46 18 20 54 1 47 38 31 26 11 63 25 21 53 9 2 17 57 51 13 22 61 5 16 3 15 23 52 59 33 37 42 0 60 32 30 39 58 49 8 7 24 62 55 40 48 56 4 12 41 6 14
44 45 19 52 60 43 54 26 25 11 53 29 42 34 30 61 10 55 46 9 50 37 21 58 38 51 41 49 12 22 59 40 15 20 56 24 57 48 39 33 32 4 17 62 63 14 6 18 3 1 0 13 2 31 47 8 5 7 16 23
37 43 34 41 50 51 52 29 33 61 21 59 49 22 44 30 38 20 58 45 42 32 53 39 26 56 48 62 54 40 31 19 13 57 17 23 12 11 15 46 18 8 25 7 9 10 2 5 0 1 14 4 24 6 16 60 63 3 47 55
26 20 21 18 19 34 44 13 17 25 32 52 42 49 56 11 3 22 6 16 8 0 23 12 29 30 5 37 43 10 51 39 9 1 38 53 61 41 50 2 14 33 47 31 40 45 62 48 24 4 46 15 7 55 54 63 60 59 57 58
19 20 21 18 34 22 14 33 11 2 13 6 23 29 4 10 43 52 9 16 51 37 41 50 0 5 38 32 30 3 57 31 7 26 1 42 15 47 61 45 39 58 49 60 25 44 55 56 48 46 53 24 40 17 8 54 12 62 63 59
19 34 42 18 26 20 37 49 11 2 44 41 33 10 29 40 56 57 32 52 51 30 50 45 3 12 31 23 38 47 9 8 48 39 5 43 61 21 54 17 22 46 53 62 16 58 59 60 25 14 55 63 6 15 1 13 4 24 0 7
26 20 45 44 53 42 43 25 12 29 18 52 41 34 32 24 51 60 59 62 61 48 50 4 17 49 13 22 16 46 30 57 39 54 37 10 47 58 56 63 11 31 2 8 14 9 1 33 55 40 19 6 0 3 15 21 38 5 23 7
44 43 42 29 19 49 30 53 34 20 11 10 18 22 15 26 25 51 1 3 12 33 50 13 21 45 60 52 57 41 40 31 59 4 6 9 46 32 58 38 14 23 37 48 39 47 24 5 17 54 63 61 56 8 55 7 16 62 2 0
26 18 19 34 44 53 9 20 45 11 42 33 43 51 21 37 59 58 25 24 4 14 38 13 41 3 22 46 54 29 7 6 62 10 17 55 5 52 2 1 30 32 47 15 57 16 0 49 40 12 60 39 31 23 63 48 8 50 56 61
26 18 10 29 21 20 37 22 11 13 12 30 19 2 4 17 38 5 14 1 16 45 44 3 46 53 62 25 6 47 9 42 49 31 33 23 7 41 8 0 32 15 55 56 50 52 40 24 60 58 43 54 59 48 34 61 63 51 57 39
26 34 44 37 30 21 20 53 33 17 14 40 52 29 19 43 42 45 18 51 58 59 32 41 61 46 55 11 25 24 10 12 4 50 16 8 38 23 57 47 9 2 22 54 48 5 49 13 62 31 7 15 1 3 39 0 6 56 60 63
26 34 44 20 12 29 42 25 22 53 24 49 50 37 52 21 62 51 14 15 46 17 60 58 43 7 10 30 41 4 59 8 38 40 6 5 18 54 33 61 16 63 48 45 39 19 55 56 3 32 13 47 11 2 9 23 31 0 57 1
37 43 42 41 50 45 49 57 53 34 56 20 26 46 21 25 17 18 10 44 19 48 29 11 55 8 24 2 1 54 4 47 3 52 60 51 61 13 58 62 63 38 40 9 12 33 32 16 31 30 0 5 14 59 39 6 22 15 7 23
26 20 37 46 13 12 29 19 21 14 45 43 10 33 47 30 22 55 5 1 25 23 7 39 31 17 24 15 41 18 9 53 63 38 60 61 4 11 52 8 62 34 0 48 44 16 32 2 6 40 3 54 49 42 56 59 58 57 50 51
26 34 43 52 51 50 41 20 21 19 18 14 29 33 44 11 58 30 31 22 25 12 60 53 61 48 45 38 15 16 5 32 47 17 42 49 9 13 4 46 56 3 7 62 63 37 10 23 8 2 24 57 54 39 40 6 0 55 1 59
19 18 37 29 22 43 51 42 17 59 20 38 50 11 30 41 57 16 9 23 25 44 32 2 13 49 4 15 1 34 31 40 7 3 58 21 26 46 54 5 10 47 33 61 14 48 6 12 52 55 60 24 39 56 63 8 53 62 45 0
26 20 45 25 21 54 24 22 44 43 13 12 53 52 63 55 59 19 42 6 61 49 47 46 38 17 41 60 57 50 8 40 18 58 23 11 4 37 33 9 10 48 51 14 30 3 56 34 7 39 32 1 2 62 16 0 29 31 5 15
19 34 42 50 37 20 12 45 53 43 49 38 18 11 41 25 46 13 33 29 30 39 26 54 52 40 47 51 55 58 2 21 5 3 24 6 57 14 10 56 44 32 16 60 61 4 59 48 9 17 31 0 1 22 7 8 23 62 63 15
44 45 46 52 37 29 20 12 18 42 4 30 60 26 23 53 19 47 51 59 49 43 58 9 25 34 33 24 38 31 21 40 55 61 17 41 54 56 48 13 0 62 63 10 11 2 39 5 14 1 6 7 16 3 8 22 57 50 15 32
19 34 42 20 21 13 37 45 26 29 38 44 51 52 5 25 59 6 24 53 11 4 62 49 22 18 3 10 9 30 50 60 43 2 56 12 14 41 61 32 17 8 40 23 15 46 55 7 39 31 16 47 1 48 33 0 54 57 58 63
37 45 19 34 54 20 18 17 43 51 50 38 29 49 25 33 39 30 11 44 52 21 22 4 3 53 48 58 5 63 12 13 46 2 26 47 31 42 10 62 60 40 14 15 57 6 8 24 16 55 32 59 1 56 7 41 61 23 0 9
19 34 44 37 41 18 38 43 17 45 26 8 42 12 52 50 20 46 54 29 5 30 58 55 51 33 47 25 23 57 24 60 63 13 61 4 21 59 53 48 10 39 40 1 11 22 49 2 14 62 56 31 9 15 6 7 0 3 32 16
19 20 37 44 21 30 52 12 46 18 14 60 3 4 29 2 51 55 31 7 38 45 54 43 34 59 9 23 22 39 13 62 47 16 15 33 63 5 61 11 10 26 58 53 8 0 25 50 40 42 17 24 57 49 32 6 1 41 56 48
37 43 34 29 20 12 21 41 51 30 25 42 22 38 48 23 13 5 39 44 49 58 14 47 6 15 53 45 52 11 3 60 19 10 46 7 50 18 55 26 1 24 4 31 16 54 57 32 40 9 33 63 8 0 61 59 17 2 62 56
19 18 37 11 3 20 13 21 12 42 43 45 17 5 6 51 29 4 59 14 54 44 50 25 41 46 9 2 38 10 32 34 52 47 26 53 39 48 61 57 55 63 22 49 58 60 62 31 30 16 56 7 33 8 40 23 0 24 15 1
26 18 44 25 24 45 46 54 10 38 19 43 53 20 37 34 31 29 12 51 33 17 16 61 22 2 1 32 59 4 55 50 9 58 41 40 42 60 5 48 11 8 3 13 0 21 63 52 30 49 14 6 57 47 7 56 39 23 62 15
26 20 21 18 19 22 12 42 30 17 9 0 43 10 49 4 13 44 3 2 52 51 8 34 14 24 16 41 32 56 48 39 29 60 11 7 59 38 31 37 50 6 45 33 47 58 5 53 54 46 23 1 61 57 25 62 40 15 55 63
26 20 37 46 21 34 42 19 38 43 55 45 44 41 18 14 33 10 2 52 59 40 22 49 11 13 6 30 32 24 23 17 4 47 56 60 16 57 51 63 54 58 61 1 48 3 50 53 25 5 0 8 29 12 62 39 9 15 31 7
26 18 37 43 10 25 42 29 45 46 20 19 47 1 34 50 33 53 57 24 38 12 17 51 9 39 54 16 2 3 40 22 31 49 30 44 52 23 59 58 11 60 13 21 32 48 62 14 41 8 6 55 4 7 61 56 15 5 0 63
37 29 20 45 44 43 42 12 19 18 11 2 17 49 3 16 51 58 25 50 59 33 38 31 10 60 32 30 54 9 52 4 34 41 39 21 13 46 48 57 22 5 0 1 24 15 26 55 53 61 62 40 6 63 23 14 8 47 56 7
26 20 21 18 37 45 44 29 9 43 51 13 53 0 38 46 14 22 5 42 10 62 11 30 39 58 8 47 54 6 55 16 60 2 4 25 49 63 32 31 34 50 7 15 33 56 23 24 17 40 19 41 57 59 12 3 52 48 61 1
26 20 13 25 19 34 29 11 41 38 42 43 10 6 30 48 33 21 50 31 18 51 59 52 17 2 37 32 1 9 3 45 39 4 40 58 14 15 12 0 23 24 49 57 5 44 46 22 16 60 61 8 7 53 54 62 55 47 63 56
44 43 18 45 54 19 50 21 20 63 29 17 42 30 46 52 9 47 53 51 58 0 22 23 14 38 15 49 31 41 62 37 48 56 12 7 13 4 32 60 34 11 16 6 3 55 2 5 59 39 40 33 25 57 26 10 24 8 61 1
26 18 19 20 37 34 10 45 21 38 41 42 46 47 17 1 33 14 43 40 32 50 22 9 48 44 53 51 6 24 49 25 39 56 55 30 8 12 59 54 5 58 62 11 13 52 3 63 61 4 16 2 0 23 57 15 7 29 31 60
26 34 41 21 29 33 40 20 11 18 25 16 42 43 17 9 19 32 24 48 51 50 44 13 52 45 54 38 37 46 53 4 57 10 1 61 6 22 23 60 12 3 62 31 15 59 47 7 30 2 49 0 8 55 56 39 14 63 58 5
19 34 45 20 12 21 22 10 42 29 37 50 26 13 33 30 58 15 31 41 23 11 32 39 38 49 18 24 25 43 2 52 5 17 9 6 48 40 47 44 51 8 0 46 61 56 57 55 3 60 14 7 53 16 59 54 62 1 63 4
19 20 13 12 11 34 43 2 37 51 26 4 5 17 41 21 3 6 59 18 9 48 10 38 24 16 33 50 29 30 46 40 25 54 14 32 23 39 0 45 47 8 57 31 61 15 44 62 7 60 42 22 55 52 56 58 63 53 49 1
26 34 41 18 20 42 45 48 49 37 46 50 25 17 11 9 1 13 19 16 43 44 32 2 40 51 12 54 56 29 3 33 59 57 0 38 8 58 30 5 55 4 21 10 62 14 22 24 7 63 47 15 52 53 23 61 6 60 39 31
19 20 29 18 44 38 26 33 10 45 40 52 60 43 17 16 34 41 31 32 30 61 12 3 42 53 9 48 2 25 59 58 50 1 54 11 0 13 21 49 14 6 57 22 5 63 51 62 46 8 4 47 55 23 7 24 39 37 56 15
37 45 19 34 42 50 44 21 46 55 47 20 12 39 29 13 22 10 6 54 18 30 53 62 43 14 2 26 51 11 3 17 9 0 4 60 24 1 38 7 59 58 15 5 52 23 31 25 32 33 57 56 63 41 8 16 40 48 61 49
26 34 43 18 17 29 30 52 42 50 45 8 57 58 59 31 9 20 22 44 16 60 11 38 47 46 41 12 25 15 13 2 4 19 21 24 33 0 10 49 39 14 6 51 5 56 37 55 54 63 62 3 32 53 61 7 1 23 48 40
44 45 19 52 60 43 54 11 34 20 53 42 26 41 21 63 55 50 37 29 18 61 49 56 4 10 22 13 25 12 30 33 2 1 62 39 31 23 57 3 6 24 51 5 15 40 48 47 16 32 46 38 0 8 17 14 7 9 59 58
44 43 18 19 50 29 20 51 52 21 26 11 12 59 38 41 42 49 40 10 30 9 34 32 24 14 17 31 37 3 7 53 39 46 2 8 54 55 0 25 33 22 45 1 48 6 62 61 47 4 60 63 13 58 56 5 15 57 16 23
26 18 10 29 19 9 30 2 37 46 11 4 38 43 55 25 24 21 0 44 13 32 51 42 3 8 1 31 39 5 23 12 20 59 6 52 40 45 60 34 16 53 22 33 61 17 50 49 41 47 58 62 54 57 63 15 14 56 48 7
19 34 44 37 42 20 21 13 38 50 26 18 33 46 17 52 49 12 55 41 3 32 14 39 40 11 58 16 10 25 9 29 45 7 22 8 30 59 51 48 60 24 57 23 1 47 6 43 54 31 2 61 63 15 53 62 4 56 5 0
37 29 19 43 51 18 44 59 42 11 3 20 21 52 61 4 60 46 13 5 30 38 39 45 53 34 10 23 6 1 22 62 54 50 41 25 2 48 26 49 58 12 14 55 24 16 0 31 8 7 47 33 63 15 32 17 56 57 40 9
44 43 42 29 19 26 33 10 20 37 30 51 60 40 34 21 24 45 11 49 38 46 13 25 53 12 18 14 55 61 50 41 2 52 15 22 48 5 16 31 58 57 56 17 47 4 54 23 62 1 8 59 3 63 9 7 39 0 6 32
37 29 18 42 20 45 54 43 30 21 38 12 51 22 33 46 14 55 13 9 11 31 19 3 25 59 26 17 60 53 50 23 58 7 5 32 0 39 2 41 15 49 44 1 63 10 48 56 8 4 57 34 62 52 47 16 24 40 6 61
44 45 26 34 46 20 12 21 30 37 18 55 38 53 62 4 33 42 29 39 47 41 43 9 50 19 63 25 17 49 23 54 10 60 48 58 59 57 52 16 14 22 32 11 3 6 56 40 0 8 24 61 7 13 2 15 5 1 51 31
37 45 44 43 42 29 46 52 22 21 19 41 20 12 40 49 13 55 26 54 30 18 61 39 47 25 17 50 11 63 38 23 59 34 16 3 15 14 7 57 56 5 2 33 4 24 32 53 62 10 58 60 6 9 51 8 0 48 31 1
26 20 21 18 12 34 42 4 17 22 10 25 32 49 45 16 44 11 13 6 29 3 23 52 19 15 56 9 30 39 41 54 60 48 5 53 50 58 1 43 51 61 31 40 62 57 37 46 55 14 24 63 0 38 2 33 7 59 47 8
26 34 45 19 33 37 18 32 43 25 20 13 16 10 21 44 42 50 38 22 17 9 23 31 57 30 46 14 3 1 5 54 39 12 0 29 47 7 11 8 41 52 59 55 15 40 48 56 2 49 51 4 63 62 61 24 6 58 53 60
26 34 44 20 33 43 52 17 18 37 46 41 29 19 12 53 25 11 51 5 10 39 16 8 2 60 13 21 30 24 48 40 32 23 55 45 31 1 9 22 62 58 4 56 59 47 54 3 14 42 49 38 50 63 57 15 7 0 6 61
44 45 37 43 34 25 33 29 51 41 19 26 40 59 42 17 20 18 21 49 10 13 38 12 16 31 58 53 60 8 50 3 1 30 4 5 24 32 39 9 23 52 14 15 61 57 7 48 6 11 56 54 46 47 2 22 63 62 55 0
44 45 19 52 53 20 51 26 12 59 60 11 2 21 38 37 29 30 13 58 50 41 17 3 49 14 31 39 5 61 62 43 7 25 57 15 54 9 42 46 4 34 33 23 10 1 22 18 6 47 0 32 8 48 56 16 40 24 55 63
26 20 45 42 43 34 25 54 37 18 33 24 9 44 16 0 10 41 63 19 40 11 3 46 1 52 38 12 59 49 4 39 51 58 48 47 56 2 30 50 57 8 29 53 60 61 17 21 23 13 55 31 6 14 32 5 62 7 22 15
37 43 34 41 33 45 52 25 38 39 32 29 31 51 16 53 50 49 47 48 61 59 19 20 11 3 21 17 10 30 22 44 2 1 60 13 42 12 18 62 58 57 54 26 40 9 6 15 8 23 7 55 63 0 46 14 5 24 56 4
44 45 46 54 26 18 10 34 63 17 43 53 52 21 8 20 33 60 37 47 51 42 58 24 13 12 41 38 4 5 29 19 30 48 25 62 40 1 3 39 55 50 59 61 11 31 14 32 16 2 56 23 22 49 15 9 57 7 0 6
44 45 19 20 12 18 46 13 26 52 43 34 21 5 10 54 25 17 63 24 6 2 41 22 8 29 37 38 16 14 61 7 31 48 4 15 1 51 59 50 42 0 49 55 30 11 23 39 3 60 53 33 58 56 40 32 47 62 9 57
19 34 41 11 44 48 10 9 18 21 1 26 8 37 4 52 46 38 30 29 25 3 13 55 60 16 33 2 45 54 0 22 24 42 39 47 53 43 63 23 40 17 56 49 31 14 20 51 58 62 12 57 15 6 32 59 7 61 5 50
37 45 19 34 33 29 30 32 43 52 51 18 17 23 54 53 25 10 31 16 50 20 38 55 1 2 11 49 59 3 9 39 63 26 47 0 41 21 61 48 15 57 22 13 6 42 46 24 14 40 60 12 5 4 62 8 58 44 7 56
19 34 45 21 29 11 26 20 10 17 2 12 42 50 41 1 58 30 8 48 4 44 39 3 0 24 33 46 38 22 49 43 9 32 13 51 18 5 53 61 52 59 62 54 40 57 31 25 47 15 14 7 6 37 16 55 60 23 56 63
37 43 50 38 46 51 52 20 29 59 26 57 39 19 10 45 11 22 30 31 23 1 14 3 18 47 21 13 34 17 2 7 6 41 0 25 12 42 53 4 48 40 24 44 55 61 58 49 5 9 60 33 32 54 16 15 62 63 56 8
37 29 18 45 21 34 46 20 44 22 12 9 33 43 0 26 13 30 31 53 60 25 32 24 50 62 52 42 16 58 57 39 41 59 47 11 17 56 61 6 63 48 10 23 19 3 15 38 40 14 7 8 51 49 54 55 4 2 1 5
37 45 19 20 53 34 43 26 18 44 21 14 17 38 42 10 29 52 47 50 7 30 9 39 57 12 60 59 46 62 61 8 41 54 0 49 22 6 33 32 48 40 5 13 58 51 25 56 31 4 55 11 24 1 23 15 2 63 16 3
26 20 37 46 12 34 41 33 43 18 17 29 10 2 19 9 55 8 32 42 22 38 39 45 16 13 49 40 3 57 11 25 4 24 54 14 1 63 53 44 21 62 7 23 31 5 48 47 15 61 0 30 6 51 58 56 50 60 59 52
19 18 26 34 42 50 49 44 25 11 52 17 58 29 43 41 21 37 30 61 12 32 40 45 16 59 54 31 24 5 22 8 4 63 33 10 60 15 39 3 1 53 0 56 46 48 9 20 23 51 57 47 13 6 62 14 7 38 2 55
44 43 34 41 50 59 25 51 48 45 26 20 29 21 54 22 30 46 57 62 63 19 11 42 52 10 9 3 2 38 61 17 23 58 47 14 15 8 6 1 49 53 31 33 60 40 37 13 18 12 32 39 0 7 4 24 16 55 5 56
26 20 13 34 41 19 12 4 29 6 44 48 18 52 45 42 33 38 5 11 37 10 3 43 14 30 17 24 60 1 49 25 2 57 22 61 46 39 62 23 7 53 31 8 51 50 0 15 59 9 56 58 16 40 47 32 54 63 21 55
37 29 18 43 21 19 34 22 10 25 45 13 50 57 41 53 16 9 51 20 46 42 11 32 0 38 40 55 59 33 14 2 12 26 54 49 52 62 48 60 23 7 15 5 24 31 47 8 1 44 61 30 4 58 63 3 39 6 17 56
37 29 18 42 30 19 26 17 10 11 49 45 24 43 20 56 44 21 51 50 48 34 38 23 31 16 52 1 14 59 60 46 47 13 25 41 12 57 8 54 33 7 3 53 15 40 22 6 55 61 63 62 39 4 5 9 32 2 58 0
19 20 45 34 12 54 26 18 44 29 41 5 38 31 17 10 47 24 11 9 4 3 61 42 52 22 33 63 30 25 37 46 1 40 50 0 39 2 62 16 8 43 21 23 49 48 51 58 59 13 53 32 57 55 56 60 14 15 6 7
19 20 45 26 33 54 37 43 44 29 12 10 18 4 21 11 53 17 42 30 1 52 61 3 63 51 9 41 59 8 22 46 39 31 25 24 5 13 16 0 49 32 34 6 23 2 38 55 47 40 48 50 57 56 62 60 14 15 58
26 34 43 18 29 44 19 37 41 20 9 17 38 45 11 1 54 46 33 30 47 21 14 40 16 2 4 42 49 58 12 52 32 25 31 50 59 24 56 60 8 23 39 48 15 13 10 51 5 53 62 63 55 0 57 7 61 3 6
26 34 41 19 37 48 33 25 18 46 11 4 55 12 17 43 44 16 51 29 32 40 9 2 30 52 60 24 10 45 13 47 42 50 1 63 8 38 39 23 3 21 56 53 61 31 49 22 14 59 20 57 58 62 54 5 6 15 7 0
44 43 18 19 26 17 9 53 16 29 45 8 0 37 30 20 50 34 46 23 12 55 33 11 10 54 47 41 31 57 15 25 63 51 24 39 61 1 3 7 42 32 59 52 60 13 4 62 22 21 40 58 49 38 2 5 56 48 6 14
44 43 34 25 51 45 37 52 19 29 54 46 50 42 55 47 41 10 39 49 38 63 60 32 1 18 61 31 58 11 56 9 48 20 53 57 30 33 24 21 12 16 22 5 17 0 2 3 4 26 6 15 14 7 8 59 40 23 13 62
26 18 44 43 10 9 0 45 34 19 53 37 52 17 8 51 46 60 20 16 24 21 42 41 61 2 25 54 22 55 11 12 13 33 50 29 32 57 63 6 4 14 58 62 56 15 47 38 39 48 40 1 3 59 23 30 7 5 31 49
19 20 29 22 12 34 30 21 44 11 15 38 42 3 10 39 31 50 13 14 26 2 47 43 7 25 49 9 33 45 37 48 16 46 54 5 53 41 18 51 40 52 57 17 61 60 58 32 0 56 6 62 1 55 63 23 59 4 8 24
19 34 41 33 42 48 26 12 11 43 17 21 13 18 37 20 29 38 40 8 56 24 25 4 16 30 44 2 31 50 0 45 49 22 59 9 6 51 39 58 15 57 5 47 53 54 10 60 32 3 63 61 62 52 46 7 55 1 14 23
19 34 41 33 44 20 13 53 43 12 25 32 45 50 48 29 61 10 42 6 22 52 24 46 4 40 57 14 54 17 59 30 51 62 37 26 16 8 31 49 1 23 60 56 58 21 11 39 38 18 15 47 9 5 63 7 55 3 2 0
26 20 21 18 10 22 12 43 42 49 45 37 30 25 32 4 44 2 23 46 56 41 17 29 53 15 50 31 19 61 54 13 6 52 59 58 57 8 16 62 1 14 7 48 55 38 0 40 47 34 51 9 3 33 39 24 11 5 63 60
44 45 26 20 29 22 37 52 19 34 33 17 21 11 18 25 2 14 51 4 54 43 10 3 60 9 0 1 41 61 24 16 15 46 53 13 32 62 42 50 58 38 57 12 5 30 47 55 8 31 39 40 7 59 63 23 49 48 56 6
19 18 17 34 45 11 10 21 37 54 4 38 44 3 20 53 43 1 62 29 22 42 52 59 30 31 39 12 50 46 23 15 14 51 5 24 2 26 0 57 8 9 63 13 58 25 6 55 61 47 7 49 48 60 32 56 41 16 40 33
44 43 26 29 42 52 30 18 61 17 45 60 9 38 25 41 34 8 16 0 49 20 53 51 48 32 12 56 50 13 1 57 58 40 54 11 24 62 22 14 6 21 33 59 15 7 4 5 46 55 63 37 47 3 19 2 10 39 23 31
44 45 37 29 20 11 12 51 18 19 21 22 14 9 26 10 30 43 58 7 17 24 8 4 42 38 3 34 53 54 39 46 63 52 5 16 41 59 6 0 60 40 50 23 15 33 25 55 49 13 31 48 32 47 61 2 56 62 1 57
26 34 45 18 42 29 20 44 33 40 17 43 32 41 50 54 30 48 10 25 24 21 52 8 22 51 49 13 16 23 0 58 15 39 56 57 4 7 12 59 38 2 9 5 53 61 60 3 6 19 46 1 63 37 31 14 62 47 55 11
26 34 44 18 33 53 43 42 62 40 32 29 10 52 49 24 30 19 50 21 61 60 51 63 45 41 11 20 14 22 13 2 1 12 17 57 56 59 5 16 8 9 3 54 58 25 46 6 7 4 55 31 23 15 39 0 48 47 38 37
37 45 19 34 53 11 26 33 44 62 51 21 20 13 25 18 61 29 9 32 63 54 5 46 39 52 30 14 15 38 60 31 55 43 41 42 10 0 8 40 16 59 17 7 48 12 23 50 6 4 47 2 24 1 57 56 58 49 3 22
37 45 19 38 44 51 52 59 46 34 43 11 29 53 47 21 42 31 25 41 61 54 3 10 63 55 62 12 40 18 50 60 20 33 4 5 6 22 17 1 58 48 56 39 23 57 49 9 26 14 0 15 8 16 7 2 13 32 30 24
19 34 45 37 29 54 63 11 42 46 21 44 18 62 20 13 30 9 52 43 3 60 12 31 26 49 17 14 50 25 41 51 57 33 55 40 22 48 39 38 15 47 61 2 23 7 53 10 5 59 24 6 32 1 0 16 8 4 58 56
19 18 17 29 45 43 30 20 11 12 21 9 25 13 4 34 6 16 32 14 26 54 0 5 50 51 33 3 22 38 46 39 31 24 52 37 63 41 8 7 10 1 15 53 40 23 61 44 48 59 42 57 58 49 60 2 55 62 47 56
19 20 37 44 13 10 51 18 21 46 30 34 41 53 55 26 17 58 52 48 62 38 25 14 2 54 50 5 12 16 43 61 60 33 29 42 57 11 22 59 4 8 6 7 15 45 32 39 47 56 40 49 23 63 24 31 0 1 9 3
44 29 22 45 43 42 18 26 25 15 30 20 51 24 34 38 49 58 32 33 16 40 50 10 59 17 11 8 48 12 54 19 0 60 2 37 13 9 39 47 53 52 23 4 1 56 5 6 46 62 63 57 3 31 61 55 14 21 41 7
26 34 44 37 45 21 33 32 41 53 54 55 52 49 61 20 63 17 8 60 51 18 38 50 47 46 48 43 29 62 19 16 12 3 11 57 22 0 40 59 24 30 5 23 31 13 2 4 25 42 56 6 58 10 7 39 9 1 15 14
19 34 43 52 44 37 60 10 42 51 26 49 53 25 38 39 16 41 58 50 29 20 40 61 62 48 11 45 30 22 47 55 46 59 14 54 1 12 21 13 4 6 56 3 7 63 2 57 23 24 5 33 18 9 8 31 32 0 17 15
19 34 44 20 21 45 42 11 41 33 46 12 13 30 3 54 25 18 29 52 26 38 17 10 60 59 1 61 31 49 4 43 57 24 47 51 50 14 40 48 7 16 56 2 62 6 53 5 9 22 23 8 37 15 58 0 32 55 63 39
26 20 21 22 12 18 19 42 45 11 34 4 13 43 5 41 50 10 3 49 48 44 29 40 1 46 17 59 23 37 51 15 55 25 31 2 53 16 24 39 33 54 30 38 62 56 52 47 32 61 63 60 9 14 7 58 8 6 57 0
26 18 44 43 42 51 58 29 21 25 19 11 3 52 53 20 24 59 50 57 17 37 45 14 49 62 61 41 34 13 33 30 7 10 9 40 12 6 56 0 23 2 1 16 63 5 32 15 38 22 8 31 46 48 39 47 54 55 4 60
26 18 37 43 10 25 34 41 51 29 33 42 30 31 20 13 24 44 50 16 48 32 6 17 9 58 38 19 57 40 23 12 11 21 49 56 45 22 52 54 60 0 46 39 15 14 59 61 47 53 4 5 1 7 2 8 63 62 3 55
44 43 34 41 19 29 33 18 49 45 17 48 30 32 54 26 25 46 52 63 47 21 13 38 20 8 9 0 11 10 1 31 39 2 23 12 37 6 14 22 5 60 53 51 58 15 7 62 55 42 3 16 50 61 4 59 40 56 24 57
37 43 42 41 49 57 44 21 18 19 26 25 17 11 20 51 14 8 16 13 3 15 59 22 7 2 33 34 0 24 12 45 30 9 32 4 50 58 60 39 53 10 52 29 23 48 38 62 1 40 5 31 47 6 61 54 46 55 56 63
19 18 37 29 20 45 34 26 38 11 52 47 12 5 21 30 13 59 17 33 2 3 42 9 1 41 54 51 46 6 40 0 31 39 14 16 49 55 44 48 60 25 58 22 15 56 4 61 24 50 23 53 10 43 57 7 8 32 63 62
44 43 26 45 54 46 50 20 47 25 12 53 61 21 34 42 33 41 22 37 24 59 51 52 60 55 30 32 40 23 38 14 62 48 58 13 6 16 17 9 63 31 8 10 18 19 1 2 29 7 49 39 56 3 5 57 15 0 11 4
37 45 26 18 44 34 53 54 46 43 55 29 9 47 22 10 17 38 41 20 50 8 13 52 25 24 30 12 39 48 61 59 33 31 19 32 40 51 60 15 42 14 23 62 63 21 2 58 7 49 4 1 56 3 57 11 0 6 16 5
26 18 10 43 42 41 49 34 40 56 20 33 51 50 58 9 19 11 1 60 8 12 44 59 24 53 5 57 52 32 54 25 2 37 45 3 29 22 21 16 15 13 17 23 14 7 4 38 48 61 31 0 30 39 62 46 6 55 63 47
44 45 19 43 52 11 10 9 46 61 3 38 1 21 26 25 50 51 8 54 42 34 33 41 59 49 14 7 29 22 47 17 58 53 40 48 57 32 31 18 15 20 62 56 60 63 37 39 6 55 12 4 24 23 30 5 13 2 16 0
44 43 50 21 20 53 42 51 18 49 57 37 34 12 48 41 29 45 25 38 40 56 19 10 13 11 58 17 54 46 22 5 52 60 39 23 1 9 55 30 3 14 61 31 26 33 24 16 0 8 59 63 15 32 62 47 2 7 6 4
44 43 18 29 26 52 53 34 60 10 25 19 2 21 30 22 45 31 15 37 13 50 20 33 40 11 12 62 57 38 41 4 61 51 6 16 59 54 63 5 39 47 17 8 3 42 24 32 23 14 46 55 0 49 56 1 58 7 48 9
44 43 42 45 19 50 58 34 41 11 52 53 46 54 38 57 10 47 20 25 59 12 29 40 16 30 48 26 37 56 49 60 17 33 51 24 13 6 39 8 62 63 55 3 9 5 4 31 21 22 14 7 15 2 18 1 0 23 32 61
26 20 29 34 12 22 44 25 17 18 33 41 9 24 48 43 30 0 50 38 16 45 11 8 37 13 15 4 47 53 46 49 23 39 55 19 14 59 10 5 57 2 60 62 58 21 42 52 61 31 6 7 32 51 63 54 40 56 3 1
26 20 13 12 21 30 11 2 45 5 39 22 10 9 6 42 14 29 49 7 4 43 38 19 1 3 50 44 17 57 51 0 53 8 37 41 56 24 32 59 58 15 16 54 52 25 18 40 34 61 33 46 62 63 47 55 31 60 23 48
37 43 18 21 51 26 20 59 42 29 38 19 11 12 44 52 22 41 45 15 25 13 5 4 23 32 7 34 40 48 17 10 61 14 58 30 60 54 2 39 33 9 53 6 31 50 63 47 1 46 49 56 57 8 16 55 3 62 0 24
26 20 45 44 43 25 37 52 53 46 47 55 51 34 63 60 54 50 42 49 12 19 30 4 39 62 48 59 41 58 10 23 61 18 11 56 13 33 21 1 29 3 24 22 32 31 5 38 9 6 57 2 15 0 14 40 17 16 8 7
44 45 26 52 37 30 54 53 38 29 51 61 46 55 20 17 22 23 63 60 47 14 59 43 34 58 25 11 2 33 42 21 62 18 24 19 12 39 7 4 15 41 32 40 8 9 10 5 3 1 6 16 48 13 31 49 56 50 0 57
19 18 37 45 44 29 20 13 26 34 17 11 33 52 4 9 53 40 25 2 32 54 3 12 0 51 48 42 46 16 60 38 55 30 21 10 24 56 47 8 22 5 41 23 43 39 1 61 15 49 50 59 14 63 58 7 6 57 31 62
37 43 34 45 51 41 33 32 25 18 20 52 42 29 53 12 38 26 22 46 4 21 48 23 50 3 15 19 47 59 58 57 31 44 24 39 9 54 62 10 40 8 49 56 55 17 0 1 16 30 5 7 13 11 2 6 14 60 61 63
37 45 19 29 38 31 22 18 53 30 9 46 21 13 47 61 14 39 5 12 54 10 44 26 33 23 60 7 1 11 62 34 52 8 20 55 17 63 15 6 43 25 24 51 42 50 59 2 4 32 40 16 49 58 41 48 0 3 56 57
37 45 26 18 44 43 54 63 53 52 42 50 10 25 62 46 58 11 55 30 60 59 29 51 19 34 9 57 33 20 49 22 15 47 4 2 12 40 56 3 41 21 32 61 38 39 14 5 13 6 7 23 48 0 1 24 8 16 17 31
44 43 34 41 50 45 32 52 37 26 60 29 38 46 20 18 30 31 17 12 47 42 4 51 10 57 39 21 23 54 58 33 19 61 59 3 22 15 2 16 24 40 14 53 25 1 56 5 9 8 7 11 49 13 48 55 62 63 6 0
44 29 22 45 37 42 26 18 19 20 49 38 54 34 9 15 21 50 47 53 43 13 62 39 25 61 23 14 58 31 46 51 30 63 60 33 12 55 52 24 7 57 16 11 6 0 56 48 4 3 40 10 8 41 32 1 59 2 17 5
26 20 37 34 19 18 10 44 42 46 53 1 39 43 2 33 17 16 24 32 11 12 21 52 13 62 51 60 50 22 61 4 38 58 14 30 41 49 45 5 59 47 25 7 23 3 57 56 55 48 9 6 29 31 15 54 40 63 8 0
19 34 42 20 26 25 18 43 44 49 16 50 51 10 9 0 29 37 57 24 30 53 2 23 62 38 13 17 21 3 12 14 8 33 39 6 15 7 40 41 32 45 1 11 4 5 46 54 22 52 59 55 58 31 47 48 56 60 61 63
19 18 37 29 17 11 3 42 21 46 38 14 54 26 25 39 49 53 13 9 45 33 55 43 24 41 47 63 44 5 0 12 32 10 62 31 8 56 1 61 51 34 30 59 4 20 40 2 58 50 52 60 22 48 57 16 7 23 6 15
44 29 21 43 42 51 37 53 26 17 52 14 59 60 19 30 45 34 54 62 61 10 25 50 41 63 11 48 23 12 47 49 9 58 20 55 22 15 46 8 18 13 1 24 40 33 7 31 16 3 56 0 57 39 32 6 4 5 38 2
26 18 10 9 44 29 30 45 19 2 54 34 1 37 43 21 42 0 14 31 38 53 62 47 39 13 52 50 25 15 23 32 57 60 20 41 16 59 55 17 58 63 6 61 7 12 46 56 11 49 33 3 5 4 8 51 22 24 48 40
19 18 37 29 9 10 22 8 11 46 38 26 20 12 55 13 25 44 2 42 43 51 4 5 53 3 59 52 0 50 60 21 57 54 41 34 58 40 45 23 63 39 47 33 31 16 30 49 6 17 14 7 24 1 56 62 32 48 61 15
26 18 44 45 46 34 25 17 43 20 37 33 24 55 11 52 13 19 59 50 9 53 29 10 1 4 38 32 61 12 40 14 42 62 58 2 47 8 60 22 3 41 16 51 15 39 30 31 23 5 63 54 6 0 49 7 21 56 48 57
44 45 26 18 10 52 19 17 24 20 13 1 54 12 11 46 34 42 38 47 37 6 55 30 43 62 9 2 39 53 61 63 49 16 51 4 8 58 14 22 21 29 15 25 0 3 50 60 41 7 32 5 33 23 59 56 48 31 57 40
37 45 53 20 18 26 19 34 33 9 10 43 42 17 13 21 11 2 3 29 12 46 8 16 55 54 0 25 38 30 41 1 24 50 14 5 39 44 6 23 51 40 22 52 48 32 59 60 61 62 47 58 57 7 15 4 31 63 49 56
44 29 21 45 19 43 54 20 37 26 25 14 12 46 50 4 55 10 13 33 1 42 5 63 49 56 40 24 15 38 30 47 34 57 62 22 51 52 6 18 31 7 32 41 53 48 17 2 59 8 3 23 16 58 39 60 9 61 11 0
26 18 44 45 10 20 21 52 54 17 25 3 53 33 16 24 19 37 2 51 29 30 11 42 39 43 41 49 34 63 58 50 59 61 56 22 8 9 13 12 48 1 38 14 32 40 6 23 15 57 31 46 4 47 0 5 55 62 60 7
19 18 17 43 45 11 10 37 26 25 12 1 44 53 20 29 62 4 3 2 5 52 0 54 46 13 60 24 50 47 21 42 49 30 38 41 16 8 32 55 33 57 39 63 34 59 58 51 48 6 56 14 9 22 31 15 23 40 7 61
19 18 17 20 45 26 34 9 12 21 13 25 0 42 32 4 43 22 41 1 8 24 10 40 11 48 29 37 15 2 14 30 3 16 46 31 5 6 33 49 56 38 57 55 50 51 47 54 7 58 39 44 53 52 60 23 61 59 63 62
26 20 29 22 12 11 13 4 6 34 44 52 30 14 15 31 43 18 2 42 53 62 60 37 45 10 46 19 17 25 51 61 63 8 50 41 40 3 9 49 24 38 56 47 57 33 5 16 58 32 0 48 23 21 39 7 59 1 55 54
37 29 22 43 20 13 50 38 26 51 44 52 53 42 6 15 30 61 31 59 34 12 47 49 45 62 57 41 48 14 60 19 46 17 18 11 2 9 25 3 33 1 4 24 56 39 16 8 21 55 58 32 54 63 10 5 0 23 7 40
44 43 42 45 46 29 19 34 26 54 30 20 63 38 22 62 31 25 61 53 18 49 12 17 24 10 3 21 52 51 41 39 14 33 59 50 32 5 60 6 11 37 57 9 47 48 0 16 23 2 40 55 4 13 8 15 1 56 7 58
37 29 22 30 21 43 50 38 45 20 39 13 18 23 34 47 55 33 5 4 14 26 25 57 32 6 15 54 12 11 53 9 31 46 7 24 16 44 10 63 0 2 42 8 19 61 52 3 1 51 17 41 60 59 40 62 49 56 48 58
44 29 19 10 20 37 21 13 6 11 45 34 18 38 3 52 2 26 33 5 4 9 46 17 51 47 42 50 60 49 55 25 22 24 48 1 32 58 54 53 16 0 62 56 43 12 39 63 8 15 41 40 59 31 57 7 23 61 30 14
37 45 53 38 31 39 29 34 44 21 26 23 14 52 54 20 51 60 33 42 50 25 12 13 24 49 56 32 43 61 40 58 46 16 5 63 18 10 2 22 30 6 19 4 47 11 55 41 8 62 3 1 48 9 7 17 0 57 15 59
26 18 10 9 37 11 19 20 2 25 3 29 38 43 0 12 13 4 21 8 42 45 1 34 33 6 5 31 17 24 47 30 53 50 7 16 41 14 22 54 59 57 49 52 51 23 61 40 32 56 48 39 15 58 44 60 46 55 63 62
37 43 50 21 19 42 34 26 14 12 20 46 3 4 38 41 17 45 10 30 40 58 53 7 59 51 22 54 33 49 52 25 31 8 62 63 32 29 5 11 44 24 23 55 57 47 9 60 39 13 16 61 0 56 2 15 18 1 6 48
37 45 53 43 44 38 26 54 51 19 29 59 12 30 63 25 50 62 46 57 60 21 18 47 20 10 13 22 23 4 24 39 6 34 11 17 1 3 33 41 8 52 5 42 31 55 58 7 14 16 40 32 9 15 56 48 49 0 61 2
44 29 20 11 30 31 22 13 21 37 46 43 42 50 23 45 53 52 19 12 6 61 3 26 58 55 38 57 39 59 33 15 60 2 54 18 10 34 62 63 49 5 1 32 25 9 14 7 41 17 16 51 40 8 24 47 0 48 4 56
19 34 43 52 45 11 26 33 51 50 10 29 17 12 59 44 3 60 41 58 5 49 53 38 46 20 57 54 21 2 61 22 55 42 31 30 15 8 39 4 13 1 48 6 37 47 9 25 40 14 16 32 24 62 18 56 0 23 7 63
19 34 43 18 25 29 17 33 45 26 44 12 32 54 21 8 10 24 22 52 16 53 50 14 13 42 3 37 63 2 59 41 20 55 49 56 11 51 62 6 7 23 38 47 9 1 61 15 57 40 39 5 30 48 46 60 58 31 0 4
19 18 26 20 13 42 29 12 11 10 44 45 17 37 21 25 38 5 52 34 50 41 48 9 46 54 6 55 24 49 2 59 53 62 60 51 47 61 43 16 57 39 0 7 32 14 58 56 33 1 3 22 23 8 4 30 15 31 63 40
37 29 22 43 34 46 26 25 51 52 55 50 57 49 61 15 42 38 44 33 59 58 56 19 11 20 39 10 9 41 17 3 13 16 31 48 21 8 18 6 32 24 5 60 0 4 40 14 45 1 7 12 53 30 2 62 23 47 54 63
26 20 37 25 18 44 24 17 9 19 53 16 11 46 29 33 40 51 32 41 45 12 10 30 8 42 34 0 47 61 31 22 60 21 2 59 43 52 5 54 62 39 55 23 15 49 58 50 48 56 57 63 13 38 7 1 3 4 14 6
44 45 46 52 53 20 37 55 21 34 60 29 12 19 22 51 26 43 59 62 30 61 54 15 42 13 14 50 41 5 38 17 18 58 4 32 6 33 47 10 57 23 31 39 9 1 63 11 40 3 24 25 8 48 56 16 0 7 2 49
37 45 26 20 54 44 43 63 19 34 53 29 30 17 25 51 8 41 59 18 9 31 21 24 39 62 23 1 16 38 61 33 2 60 42 0 40 58 10 49 46 11 55 52 32 22 3 12 13 14 4 48 5 7 15 6 57 56 47 50
26 34 45 21 41 19 12 17 37 33 25 48 49 16 44 42 24 50 9 1 51 32 30 11 58 14 40 53 62 52 7 38 59 5 39 23 20 54 10 13 43 3 8 18 55 46 15 63 57 61 29 6 60 2 22 56 4 31 0 47
26 34 44 18 41 53 25 45 11 33 62 43 20 9 52 17 1 32 16 24 46 13 6 19 42 50 57 21 10 61 29 22 51 63 37 59 60 47 40 38 39 49 23 30 58 15 54 8 0 2 3 55 31 12 7 48 5 56 4 14
44 45 19 18 26 43 37 20 53 42 12 17 8 54 55 13 46 4 49 63 21 16 10 62 61 9 25 33 0 3 5 6 1 52 60 14 34 47 24 40 22 59 7 15 32 39 29 50 58 57 38 2 11 56 23 30 51 41 31 48
37 45 44 43 53 46 39 21 51 59 19 11 10 62 12 29 30 1 42 34 60 5 13 50 26 18 49 55 2 61 0 58 22 25 24 33 54 52 32 47 38 3 63 9 20 48 16 23 17 8 31 40 15 14 41 4 7 6 57 56
44 29 18 42 30 53 43 20 37 34 12 4 33 50 45 21 3 31 49 32 26 48 54 13 39 25 58 9 10 63 23 51 61 62 16 24 41 8 40 52 5 38 47 2 17 22 19 55 0 15 60 11 57 14 46 6 56 1 7 59
19 20 13 34 41 18 44 37 42 51 26 17 10 9 16 6 2 1 11 25 0 33 32 24 43 48 45 53 21 40 60 52 38 31 56 29 22 58 49 15 46 54 5 30 7 4 59 50 57 14 62 39 61 63 55 3 47 12 8 23
44 29 22 30 19 26 20 43 42 15 25 12 4 11 13 51 50 53 3 41 62 49 58 59 56 45 54 2 31 38 40 14 5 6 60 17 33 34 57 16 9 24 32 63 10 8 55 52 21 47 18 48 23 39 37 61 1 0 7 46
37 45 19 38 44 18 26 52 60 34 42 20 31 39 17 43 10 2 9 51 29 59 11 30 22 14 13 1 3 21 15 16 46 47 33 53 8 23 58 12 55 25 61 54 5 4 63 0 62 41 6 7 49 24 32 48 50 56 57 40
26 34 42 20 37 46 38 49 55 44 45 41 19 25 24 39 48 11 12 18 2 53 56 5 10 33 13 1 40 6 43 9 0 32 29 21 17 51 47 3 59 8 62 54 16 60 22 31 4 14 63 30 7 58 61 50 23 57 52 15
37 45 19 18 44 29 17 51 54 10 43 9 22 53 46 52 1 16 61 26 42 12 25 34 11 47 24 8 41 49 33 63 58 21 50 57 20 62 5 23 13 38 4 6 2 59 14 48 56 15 40 32 3 60 55 39 0 30 7 31
26 18 10 9 8 29 45 42 22 17 34 44 37 3 20 12 25 0 43 38 39 53 62 24 11 31 50 16 13 61 60 19 23 41 46 57 58 14 33 47 40 48 49 51 54 21 6 15 55 32 5 52 30 59 7 4 56 1 2 63
19 34 44 21 20 11 22 14 26 42 29 30 23 12 49 13 31 45 4 15 41 25 46 52 33 6 10 39 16 47 38 56 5 9 51 24 7 58 8 43 37 3 50 57 53 0 17 60 59 32 40 61 55 18 2 1 54 48 62 63
37 45 53 43 34 41 26 38 51 52 29 50 49 22 30 59 42 48 56 20 40 61 33 25 14 44 24 23 31 16 13 12 15 18 11 21 58 3 4 2 39 57 1 46 62 60 47 63 17 19 32 8 54 55 0 10 9 5 6 7
19 34 43 52 45 20 51 38 54 37 42 59 46 21 44 18 58 62 47 49 41 55 13 57 63 5 14 7 17 26 60 12 22 9 56 50 10 30 61 16 29 25 6 39 8 15 33 24 31 2 0 23 1 40 4 11 3 32 48 53
26 34 45 19 12 11 10 29 42 49 37 33 22 25 18 4 24 20 2 1 13 38 17 6 50 30 32 9 47 58 0 39 43 52 61 21 14 44 3 55 54 60 59 23 15 8 57 40 48 51 31 46 63 5 41 56 7 16 62 53
26 20 13 18 37 46 38 44 54 34 51 55 33 41 49 42 21 50 19 10 59 52 30 12 1 60 11 24 32 6 61 40 48 56 53 2 17 22 4 25 31 58 16 29 39 45 43 15 9 5 23 47 57 3 7 0 8 14 63 62
19 20 37 34 21 38 41 12 39 42 49 26 3 44 52 5 10 50 33 48 43 13 58 60 56 32 25 57 51 40 29 1 53 46 6 24 30 45 14 11 62 54 47 22 31 59 2 7 63 55 15 23 9 8 18 17 61 4 0 16
37 43 34 25 18 19 20 21 50 51 41 26 33 9 24 49 52 11 44 48 58 12 10 60 53 1 22 40 2 23 14 46 38 7 4 17 42 3 16 45 55 59 54 47 61 63 57 62 29 30 31 56 5 39 15 6 0 32 13 8
44 43 26 19 18 33 20 29 40 25 32 13 17 34 51 16 9 59 42 0 30 37 45 24 41 10 8 23 3 38 60 46 12 4 58 1 5 50 2 6 21 57 39 48 56 47 49 31 22 14 15 11 53 52 54 7 61 62 63 55
37 45 19 29 46 34 41 18 21 38 39 20 10 31 26 33 43 13 6 42 44 53 49 2 30 51 14 48 32 57 61 12 40 23 60 58 17 7 22 4 15 5 11 47 50 24 1 0 59 25 52 9 8 62 56 16 54 3 63 55
19 18 17 20 21 29 37 11 26 46 2 3 38 25 4 22 54 47 10 16 9 34 43 12 14 0 33 13 32 45 15 62 55 30 53 6 23 63 44 52 8 41 39 1 61 60 7 31 50 51 42 5 59 40 24 57 48 56 49 58
44 45 26 18 37 29 19 42 10 43 46 30 51 17 16 1 23 47 22 53 34 25 33 59 52 31 11 15 55 49 38 54 21 9 8 0 39 63 60 2 62 12 20 61 4 24 14 5 32 13 56 50 6 3 57 41 58 7 48 40
19 20 13 26 17 25 21 29 33 34 42 6 37 22 15 43 51 38 4 50 14 16 45 11 41 9 18 5 24 59 31 39 30 10 0 53 2 1 57 58 54 23 3 63 7 8 46 55 47 48 40 56 60 49 61 52 12 32 62 44
44 29 19 42 26 52 30 21 45 31 43 34 33 25 59 10 12 41 37 18 50 54 24 16 8 46 47 57 2 11 58 53 14 61 63 20 40 1 13 22 3 55 62 4 38 7 17 48 56 9 32 15 60 51 23 39 6 5 0 49
26 18 19 20 10 42 37 38 44 51 12 4 29 21 22 9 45 23 43 34 15 1 59 52 53 61 17 24 30 14 54 62 41 55 33 11 7 5 8 50 3 25 60 13 57 48 6 32 0 58 49 46 63 56 40 16 39 2 47 31
37 45 53 43 34 41 51 29 22 30 33 15 48 44 23 59 52 62 18 50 61 46 49 19 54 60 20 47 55 11 10 17 14 9 13 25 16 63 42 57 21 26 8 6 5 39 3 1 2 4 32 31 12 0 40 24 58 56 38 7
37 45 26 20 29 22 44 52 30 23 54 43 60 46 15 34 18 17 47 38 39 19 25 41 11 10 53 32 21 12 31 62 3 61 63 55 33 42 1 14 40 50 8 51 24 2 49 4 7 48 57 58 56 6 59 13 5 16 9 0
44 29 22 52 43 45 26 17 60 21 20 42 25 33 34 12 3 30 32 23 53 4 8 50 37 19 15 18 11 10 31 62 1 61 13 59 5 14 9 16 51 40 48 2 7 0 58 49 57 46 63 41 39 54 24 47 56 6 38 55
37 29 20 13 18 26 22 43 25 34 33 38 52 41 21 24 39 32 19 45 42 59 14 31 16 9 40 11 44 6 2 0 53 51 60 48 4 47 7 8 58 3 15 23 5 1 50 49 12 61 10 54 55 62 46 57 30 63 56 17
26 34 41 21 45 25 18 37 44 43 24 51 38 10 29 16 50 53 22 52 8 19 20 12 3 13 60 31 54 63 23 48 17 9 42 49 5 33 59 15 40 6 30 58 56 1 47 57 14 7 2 46 32 0 11 61 55 62 39 4
19 18 37 45 53 20 9 17 12 54 11 38 55 34 44 1 29 21 33 26 30 14 39 42 43 5 41 62 61 23 10 25 4 50 13 48 6 40 58 60 7 59 16 57 0 51 2 8 46 15 22 32 3 24 31 47 56 63 49 52
37 29 21 43 34 30 39 31 19 11 22 13 20 47 18 12 23 15 6 17 44 5 4 26 9 1 8 25 3 38 24 45 46 32 42 41 14 7 53 60 49 52 61 62 16 57 48 54 2 50 33 0 51 56 40 58 55 10 59 63
44 43 18 53 51 58 59 60 52 20 37 26 54 10 17 30 12 19 29 4 13 16 9 0 11 45 25 62 31 42 61 21 50 41 33 23 63 6 1 40 38 49 57 34 15 47 14 8 22 48 24 32 46 3 2 5 7 55 56 39
44 43 26 19 10 11 42 33 24 45 29 53 54 21 61 9 13 62 18 37 2 49 41 22 57 40 23 55 16 8 20 60 30 3 63 38 46 58 25 15 1 31 47 34 52 12 4 6 39 48 7 5 51 14 17 50 59 0 56 32
26 34 44 37 43 51 52 20 12 13 25 11 4 33 41 48 30 29 19 60 45 50 14 53 49 23 58 42 62 10 18 56 9 61 21 0 8 17 38 7 46 54 22 39 57 40 55 16 24 5 3 47 59 31 15 63 32 6 2 1
37 43 42 41 19 29 44 21 40 11 14 45 53 50 58 57 26 20 10 52 2 17 25 33 9 54 62 13 12 49 51 32 22 34 55 48 30 38 47 5 24 60 61 8 1 59 6 15 23 39 4 63 56 18 3 0 16 46 31 7
26 34 43 50 37 38 42 18 51 44 52 58 25 21 45 24 30 61 19 12 60 39 23 54 10 53 59 22 49 29 20 57 46 2 41 31 63 13 17 11 14 15 4 3 5 33 9 47 7 16 0 6 32 62 55 8 56 40 1 48
26 18 19 34 42 50 45 54 33 32 44 29 20 12 25 11 46 21 3 52 58 4 40 41 22 38 37 30 2 48 5 14 17 43 63 53 61 8 23 62 16 10 55 59 9 15 0 7 13 1 51 6 39 31 60 47 49 57 56 24
44 45 26 43 51 58 37 42 54 17 52 61 34 38 41 20 25 46 8 48 40 63 47 55 18 39 33 53 12 32 60 21 31 9 24 19 14 50 59 29 57 4 22 23 10 30 13 56 5 3 11 16 15 6 7 2 62 49 1 0
26 18 19 20 29 33 11 12 37 30 10 44 9 34 5 4 46 2 1 38 25 55 17 24 32 6 21 3 42 50 53 0 16 43 45 54 39 47 49 60 51 52 41 8 61 13 22 23 15 40 62 57 56 63 48 14 58 59 31 7
37 45 26 18 19 34 9 29 46 20 53 0 43 42 30 52 41 33 32 25 24 11 44 55 39 31 59 16 21 49 8 54 50 61 17 40 1 47 62 57 38 60 2 4 10 13 22 23 56 63 12 58 48 5 51 3 14 6 15 7
37 29 19 43 51 20 22 34 25 42 21 44 26 11 12 58 52 14 2 33 40 24 18 5 50 30 7 60 13 3 32 6 23 41 10 31 45 48 53 38 39 17 15 54 55 61 46 63 4 49 62 47 8 16 57 56 1 59 9 0
19 20 13 26 44 45 46 34 25 18 17 54 33 52 63 38 43 16 24 62 41 21 12 49 61 32 9 42 22 1 8 0 29 59 57 50 30 11 10 47 60 6 4 15 14 53 58 23 39 31 40 51 37 3 2 55 7 48 5 56
44 29 21 43 30 20 42 22 19 26 33 39 12 51 38 17 8 37 45 24 59 54 49 13 23 11 5 52 46 6 18 47 63 3 61 62 14 10 2 50 55 9 0 48 25 16 32 60 58 1 41 15 7 57 56 40 34 53 4 31
19 20 37 18 11 44 21 30 45 54 53 12 25 52 38 3 10 26 14 2 4 7 63 9 33 32 8 46 34 41 29 55 16 0 47 24 22 39 5 1 23 13 43 31 62 50 59 42 49 48 40 15 51 60 61 17 6 58 56 57
37 45 44 43 26 20 13 46 54 25 38 6 19 29 11 39 52 62 18 22 17 60 21 34 42 10 16 14 12 33 7 30 3 24 59 9 32 15 4 53 63 41 55 5 8 2 50 48 40 1 56 57 61 51 58 47 0 49 31 23
37 43 26 17 25 21 9 29 44 34 30 18 13 31 33 41 39 5 11 40 14 8 42 24 48 51 49 53 52 57 62 15 32 38 20 19 16 2 23 10 56 60 59 22 61 47 50 58 1 0 3 63 12 54 55 4 45 46 7 6
26 34 42 20 21 18 13 50 44 53 52 19 9 10 1 45 33 14 15 6 46 32 60 0 8 11 29 2 58 49 12 17 30 22 38 51 40 48 31 3 7 16 43 62 59 24 4 37 57 23 61 47 41 25 54 55 5 56 39 63
19 18 37 20 10 45 44 52 17 30 53 54 12 13 46 26 51 5 61 29 22 38 55 21 23 9 8 62 34 60 4 33 11 1 42 24 63 58 6 50 59 3 31 7 32 43 57 47 16 14 41 25 0 48 40 49 39 56 2 15
37 43 18 38 46 54 55 19 30 29 34 9 10 41 22 31 50 45 39 57 51 44 26 14 49 42 21 11 52 53 12 20 0 4 2 1 60 59 40 8 33 23 6 48 58 25 3 47 24 13 56 5 7 61 17 16 15 32 63 62
44 43 18 19 42 9 26 45 12 29 20 25 33 13 46 50 51 59 17 4 60 8 1 52 58 11 21 32 30 34 3 2 5 0 41 6 37 31 22 54 38 53 55 39 23 47 10 57 56 48 49 24 40 63 16 62 14 15 7 61
19 18 17 34 26 8 42 9 20 44 25 32 45 54 10 11 16 33 0 37 12 1 40 3 63 29 21 22 30 5 52 43 2 53 13 41 38 39 49 50 57 60 62 55 61 51 14 7 46 47 23 58 15 24 31 56 59 48 4 6
37 45 53 38 18 34 42 52 54 55 31 19 33 26 61 49 12 32 40 11 20 29 58 56 51 25 46 30 24 13 17 50 21 16 59 44 23 14 62 10 22 43 57 9 0 41 4 6 3 63 5 1 48 2 7 15 47 39 8 60
44 43 50 21 18 37 45 19 38 17 10 20 9 52 59 39 13 1 22 26 29 42 47 46 16 58 33 60 53 24 55 63 2 12 3 8 25 11 4 5 0 54 6 30 31 15 23 34 41 14 32 40 48 49 61 51 57 56 62 7
37 29 21 43 26 38 51 13 45 52 53 34 41 19 44 25 46 48 10 50 31 47 24 61 30 16 33 39 23 15 57 42 5 14 54 11 8 20 3 22 17 62 55 58 7 32 60 18 12 1 63 49 56 6 9 2 40 0 4 59
19 18 44 45 17 34 54 21 41 53 20 46 43 62 22 42 51 58 49 40 56 12 13 26 63 8 16 37 60 30 61 10 11 14 39 47 55 38 4 24 2 1 7 3 23 33 6 57 0 15 48 9 52 59 32 50 5 31 25 29
37 43 50 21 34 42 18 51 52 33 29 59 49 20 44 58 12 13 14 30 41 26 32 56 39 24 19 11 16 15 22 9 48 38 3 2 7 5 1 40 46 8 0 57 4 25 45 6 23 47 53 54 62 31 55 17 60 10 63 61
26 18 37 45 10 9 53 38 44 51 0 19 20 61 52 17 31 39 33 46 42 60 55 23 43 1 58 54 34 29 16 41 8 13 2 21 62 50 49 57 25 63 22 40 4 11 12 32 30 56 24 3 48 47 14 6 7 15 5 59
44 45 19 34 54 20 33 41 12 25 26 13 40 4 18 37 49 21 42 63 30 53 24 17 3 57 52 2 9 60 51 46 29 43 48 1 38 39 22 50 0 10 47 55 31 15 8 32 14 6 11 16 56 23 59 58 5 61 62 7
44 29 20 13 18 43 12 45 51 9 14 34 26 58 10 2 54 42 25 6 50 46 0 41 22 63 11 4 32 16 52 31 33 59 60 38 24 57 49 56 15 30 53 61 55 40 19 62 37 21 23 17 7 3 48 39 47 5 1 8
44 43 26 29 45 46 50 17 52 19 30 42 49 20 25 57 8 38 34 59 12 11 60 61 21 16 24 48 41 31 39 40 56 58 54 18 10 2 1 13 33 47 62 53 37 22 32 0 15 63 14 23 51 4 3 9 55 7 6 5
26 18 10 25 44 9 19 53 43 12 62 45 17 50 37 34 24 29 33 38 0 51 42 61 54 63 11 3 31 55 13 21 52 47 20 59 4 32 41 5 46 48 58 49 40 8 16 39 6 22 2 57 23 14 7 1 30 15 56 60
19 34 43 20 37 38 44 53 46 21 39 10 51 59 1 30 52 54 50 18 55 62 23 41 49 2 25 48 42 22 3 45 17 12 14 33 60 47 63 16 40 6 56 57 24 61 8 31 4 5 9 0 26 11 58 32 29 15 7 13
37 29 18 26 20 10 25 24 34 42 33 12 13 41 38 44 19 14 40 39 16 8 17 30 2 43 53 3 49 50 23 9 51 1 22 59 5 32 60 31 48 56 21 61 47 11 52 58 57 46 62 4 45 6 15 55 0 7 54 63
37 29 21 45 44 30 54 63 39 34 26 43 42 23 31 18 53 22 52 41 55 25 9 0 10 33 40 47 17 2 14 62 19 20 51 60 61 24 13 46 38 50 49 12 1 3 11 4 8 6 7 16 59 58 32 48 15 5 56 57
26 18 44 34 17 43 33 42 9 20 49 37 45 41 50 56 13 21 32 19 12 51 57 10 25 48 59 53 52 6 29 8 61 24 30 14 2 54 38 4 11 46 0 58 15 60 40 31 55 3 62 1 5 63 23 39 16 22 47 7
37 45 53 20 19 38 29 54 12 61 39 18 17 21 44 10 62 34 52 4 26 9 3 1 42 25 2 41 55 47 32 51 24 31 16 46 0 8 30 11 33 63 43 50 5 23 59 49 60 40 22 58 57 13 48 56 15 14 6 7
37 29 21 30 19 12 22 23 5 44 31 39 13 10 38 46 47 42 45 20 1 43 15 4 3 14 51 50 11 26 6 53 34 55 49 25 52 7 62 60 24 9 61 56 48 40 54 58 41 63 18 17 33 2 57 59 8 0 16 32
37 43 50 21 20 38 26 12 44 51 29 34 52 25 46 54 11 59 14 53 47 41 55 30 48 42 49 10 3 45 23 62 33 40 16 17 60 58 39 61 9 2 56 22 31 19 57 18 63 13 4 0 8 1 32 5 6 15 7 24
19 20 21 12 45 42 37 26 18 29 43 13 22 46 34 10 11 31 55 30 33 3 15 53 50 32 14 23 38 52 60 5 40 44 9 61 41 49 51 59 25 7 54 48 39 8 56 17 4 63 1 16 6 57 24 2 58 0 62 47
26 34 44 37 30 53 62 18 25 38 46 52 42 23 51 55 10 58 50 17 39 3 16 54 21 60 45 8 9 29 61 49 31 47 48 14 20 11 4 40 0 5 7 43 22 32 33 63 13 59 56 12 24 19 2 15 6 57 41 1
19 34 42 18 33 11 26 32 12 49 45 21 17 44 43 46 30 10 40 13 58 29 54 31 3 56 38 1 39 20 41 37 24 14 2 4 7 9 6 47 5 52 0 15 23 62 22 8 53 50 55 25 57 51 59 61 16 48 60 63
26 34 42 18 20 50 25 12 13 6 29 38 4 24 33 40 16 8 58 44 22 41 47 49 10 59 45 51 32 19 57 48 43 53 37 5 0 17 11 21 30 9 60 46 52 54 55 39 23 15 7 31 3 63 56 61 14 1 2 62
37 29 21 43 34 45 19 11 50 38 53 30 18 44 26 33 4 61 41 12 54 17 62 42 23 46 39 10 2 3 60 47 5 58 55 40 32 20 49 31 1 24 16 56 22 48 51 15 25 59 52 63 57 8 14 7 13 6 9 0
26 18 19 20 10 43 29 17 44 30 24 1 12 5 25 8 9 52 21 0 53 54 31 22 13 15 14 37 60 34 46 38 41 7 6 62 4 51 2 39 16 11 45 42 50 49 47 3 59 40 55 23 32 58 57 56 33 63 48 61
19 20 45 10 29 34 33 37 11 42 38 32 41 39 47 40 50 18 25 22 24 4 46 21 9 55 17 26 15 23 44 43 3 58 54 2 48 63 53 16 51 56 1 30 59 8 57 62 12 60 14 6 52 13 7 5 0 61 31 49
26 18 37 43 44 25 50 45 46 57 17 29 51 9 30 34 41 52 58 31 19 38 8 20 1 33 59 16 61 60 53 62 24 47 13 42 10 11 55 21 22 39 2 14 49 40 54 4 5 63 32 12 48 56 3 0 6 7 23 15
37 29 21 45 26 34 54 20 19 11 2 33 41 42 25 18 17 10 9 24 32 3 51 30 38 48 39 49 50 52 16 63 56 12 5 0 53 31 8 47 55 14 7 43 40 58 23 4 46 61 13 44 59 1 62 22 15 6 60 57
44 43 42 45 29 41 50 21 52 60 46 22 26 51 30 57 59 37 40 18 38 49 10 25 24 58 56 34 15 32 13 2 11 19 33 3 12 47 1 16 61 20 39 5 6 4 17 23 55 53 8 48 62 0 31 54 14 7 63 9
37 29 19 26 33 43 21 25 17 22 23 11 12 24 51 9 8 41 45 5 3 10 30 13 14 59 42 44 52 46 58 49 56 53 38 54 34 31 40 61 55 7 20 62 16 1 63 4 39 48 6 32 60 15 50 18 2 0 57 47
26 20 45 25 19 10 17 24 21 29 12 54 18 4 33 22 23 40 16 8 43 51 32 44 0 30 38 39 34 41 31 15 14 11 53 61 42 7 5 13 1 37 9 50 46 2 48 52 6 55 47 62 60 49 58 59 56 3 57 63
44 29 19 10 20 37 21 43 38 22 12 11 26 25 51 42 30 46 17 4 1 9 31 14 33 24 45 59 55 8 13 39 7 41 2 47 50 58 3 34 49 63 54 6 52 61 62 23 53 32 57 48 60 16 56 5 40 0 15 18
44 29 19 43 42 34 30 52 50 41 48 33 25 21 13 26 49 12 18 39 51 24 37 46 17 32 20 11 2 14 60 16 5 57 8 4 38 58 45 54 3 59 7 61 40 9 1 6 56 22 53 10 62 63 55 47 15 23 31 0
44 45 46 20 19 54 12 47 63 43 38 4 5 26 18 29 25 52 37 17 39 32 10 21 30 2 42 31 16 24 34 61 60 59 13 8 3 6 62 11 53 50 51 55 57 22 58 49 41 40 14 48 23 7 15 33 9 0 1 56
37 43 42 29 51 59 60 38 44 49 41 52 57 50 22 20 45 32 53 46 54 15 30 39 58 61 19 31 23 34 26 21 48 33 7 17 8 11 3 47 63 56 40 25 18 62 24 16 14 12 55 2 9 1 0 6 13 5 4 10
19 20 13 10 29 34 45 21 11 44 52 37 26 5 38 30 1 47 41 42 31 17 6 18 24 48 43 4 40 32 25 46 3 23 53 51 49 54 33 16 15 12 55 14 62 22 8 9 58 56 2 60 57 61 59 50 7 0 63 39
26 18 37 45 10 34 53 54 44 43 50 25 32 62 61 21 29 42 51 58 49 20 47 9 11 19 13 12 3 46 17 52 59 60 30 56 63 4 55 2 33 23 31 40 48 14 57 8 6 41 16 5 7 24 0 39 1 22 15 38
44 29 21 43 37 22 23 38 46 14 39 55 30 31 19 11 7 52 53 15 60 5 50 20 34 42 2 26 13 54 17 51 18 49 56 12 4 45 57 16 59 47 9 33 63 10 1 8 3 62 0 61 40 58 25 48 41 24 32 6
37 43 18 21 50 38 29 20 30 34 12 51 47 49 26 10 44 19 58 5 40 53 57 14 13 23 39 6 42 41 4 31 9 11 25 59 52 55 62 56 48 33 24 0 3 32 1 22 8 46 45 61 60 16 15 2 17 7 54 63
44 45 37 29 38 47 18 52 21 13 60 59 58 9 31 39 46 23 5 34 42 30 26 12 19 54 17 33 14 50 41 53 61 20 55 40 43 22 48 7 32 4 1 57 49 16 6 56 15 2 10 62 8 51 24 25 11 0 3 63
19 20 45 34 12 54 26 18 37 11 9 0 2 21 16 43 25 38 10 4 52 59 61 51 14 53 5 32 47 22 17 41 23 13 42 1 24 50 39 46 40 33 57 62 29 6 55 63 44 31 48 15 60 49 30 3 8 56 58 7
37 45 44 43 54 46 53 38 39 47 42 29 30 31 51 63 19 52 55 34 23 60 33 32 61 11 26 18 12 59 50 5 24 16 9 22 58 15 20 10 1 0 2 57 17 41 14 25 4 62 6 8 21 3 49 48 13 40 56 7
44 43 26 19 34 33 11 37 46 20 42 18 10 21 14 25 24 41 12 51 60 16 40 48 49 50 59 32 17 8 29 58 56 38 57 4 5 30 0 22 23 31 9 6 7 13 45 1 2 53 62 52 54 61 39 63 3 15 55 47
26 34 43 18 17 50 37 38 46 20 44 55 42 52 45 33 58 16 47 19 9 54 25 41 49 32 12 57 53 59 40 24 63 8 51 21 48 2 0 5 22 56 29 61 10 13 14 11 6 30 60 62 39 15 7 31 3 1 4 23
44 29 19 42 30 21 26 10 49 33 20 37 14 53 51 38 45 60 31 56 25 22 12 5 1 17 34 23 39 43 59 3 24 16 6 18 13 32 41 40 52 54 50 15 2 0 48 11 55 47 8 46 62 9 7 61 4 57 58 63
26 20 37 25 21 43 34 45 16 42 33 41 17 18 53 8 44 32 9 52 19 10 0 38 39 13 40 54 2 14 12 24 50 51 59 58 57 60 48 3 4 1 22 31 15 30 23 11 63 55 62 29 46 49 56 7 61 6 5 47
26 20 29 18 43 34 25 38 22 32 12 45 10 33 54 51 42 52 40 41 59 13 49 57 11 21 6 63 61 4 16 48 47 19 37 44 3 14 30 2 9 1 7 17 0 46 56 8 5 31 55 24 23 60 50 58 53 15 39 62
19 20 37 44 13 34 51 38 43 52 21 18 46 54 60 22 9 59 23 30 33 45 62 31 53 11 29 32 39 25 10 8 17 24 2 55 41 47 58 15 61 4 5 14 63 49 48 6 3 42 1 12 0 26 50 56 16 57 7 40
44 29 20 45 37 43 30 13 42 38 51 41 26 58 54 46 49 18 39 23 33 62 11 25 34 4 6 21 17 40 63 32 48 9 12 22 50 52 24 16 59 3 47 53 8 55 1 31 57 56 60 61 19 10 2 0 14 15 7 5
26 18 37 29 19 20 12 21 10 42 43 1 14 46 13 33 11 50 34 25 32 7 52 3 30 22 6 51 5 16 60 41 48 61 44 49 40 53 9 15 59 8 58 23 38 31 55 39 24 17 0 57 56 4 45 62 54 63 47 2
19 20 45 18 9 34 33 41 12 25 26 13 24 43 21 0 52 42 48 17 32 14 30 54 49 4 3 61 11 40 15 6 51 50 8 5 53 60 38 7 37 2 55 47 22 63 10 46 23 44 58 1 16 29 39 31 62 59 57 56
26 18 10 29 37 44 45 25 17 42 32 53 54 55 30 9 51 2 34 43 11 16 24 38 47 12 33 41 50 59 0 23 46 19 4 49 61 21 63 52 48 31 8 20 39 1 60 62 40 57 56 58 22 15 14 6 7 13 5 3
26 18 10 43 44 45 37 29 51 17 54 50 25 24 32 53 34 19 16 58 62 61 42 47 9 2 59 60 38 49 3 63 41 4 20 31 48 8 39 21 30 23 0 40 52 46 55 57 14 1 33 56 12 5 6 11 7 22 15 13
44 43 34 29 42 41 20 37 40 50 38 51 52 61 30 13 18 21 11 48 56 19 57 39 12 59 10 4 45 1 60 25 3 2 33 54 58 46 6 14 23 22 7 32 9 49 63 5 24 16 8 26 17 62 55 0 47 15 53 31
37 43 50 29 22 38 45 20 21 52 47 31 19 57 54 13 23 15 6 53 51 12 30 5 44 61 11 59 46 3 49 55 4 62 10 9 18 58 34 17 14 33 2 48 32 26 24 40 42 25 60 1 63 7 56 41 0 8 39 16
44 43 50 29 20 53 18 57 52 19 22 17 16 11 26 38 13 51 60 21 30 23 58 4 56 25 3 59 5 8 47 37 24 45 46 34 61 54 15 41 33 7 31 6 9 2 55 39 48 0 12 10 42 49 1 14 63 62 40 32
44 43 34 25 18 29 32 19 26 24 16 42 41 11 30 51 12 22 60 59 9 0 3 38 17 53 46 33 40 61 8 45 37 4 49 48 52 50 5 54 55 13 14 31 21 10 15 39 2 7 58 23 20 1 62 57 56 63 47 6
19 20 21 34 42 50 45 37 46 54 62 18 49 12 51 47 5 10 33 43 9 26 17 58 11 13 57 63 25 56 29 60 44 3 6 32 40 41 38 55 48 31 39 61 16 59 52 53 4 30 24 1 2 8 14 15 7 22 0 23
26 20 45 34 18 42 13 10 33 40 17 54 44 24 9 53 2 1 8 19 16 25 52 12 0 21 55 5 38 11 32 62 61 60 37 3 6 30 49 14 7 41 29 58 59 51 31 63 57 22 43 23 4 15 39 47 46 56 48 50
44 45 46 20 12 13 26 11 4 29 30 38 14 15 18 2 22 54 63 43 52 25 6 31 21 5 34 7 37 41 24 3 53 19 23 51 50 16 8 59 57 55 62 61 9 49 58 10 42 47 32 56 33 0 48 40 17 60 1 39
37 43 26 38 51 50 49 18 39 45 52 29 20 12 11 59 25 30 31 22 15 48 4 53 61 54 47 55 63 19 10 24 42 3 33 13 34 41 40 32 57 9 5 58 16 6 56 46 14 23 60 44 2 62 7 21 1 0 17 8
19 18 26 34 45 11 25 16 12 29 20 13 24 44 43 51 10 33 14 32 59 9 41 40 22 2 17 37 0 58 52 61 1 50 46 53 57 30 49 42 23 5 21 8 3 54 38 6 48 60 39 56 55 4 7 63 62 15 31 47
26 20 37 44 29 38 46 30 53 55 31 51 45 19 52 25 39 60 21 34 12 5 58 50 4 62 6 54 18 47 32 9 33 10 42 14 61 49 13 17 23 11 59 40 48 7 41 3 2 24 16 8 22 56 57 1 43 15 0 63
44 43 50 45 42 34 19 58 54 29 51 60 30 63 59 21 49 40 41 10 57 26 46 33 20 38 14 22 61 7 25 53 15 52 47 23 62 55 31 39 13 48 12 17 8 24 6 5 3 11 4 56 9 18 37 2 16 0 32 1
37 45 44 29 19 43 53 61 30 22 46 11 21 39 42 20 13 38 18 25 2 52 17 10 3 4 6 9 24 5 47 54 60 26 8 49 63 34 23 31 62 1 12 51 15 33 0 14 58 50 57 55 16 7 40 48 56 41 59 32
44 29 21 45 37 43 50 20 34 30 22 13 53 31 18 51 6 49 23 33 39 5 38 15 26 52 14 54 60 59 58 9 40 47 10 17 46 19 55 7 42 1 8 16 11 25 41 61 24 32 63 56 62 3 48 12 2 0 4 57
26 18 19 20 11 34 17 3 45 10 33 43 9 25 51 24 21 54 29 42 8 60 41 0 1 38 63 16 13 50 47 44 59 22 2 48 53 12 5 32 61 62 49 37 46 52 57 39 23 4 58 55 31 30 14 6 15 56 7 40
37 29 18 26 17 45 38 46 20 13 11 43 34 30 55 44 6 8 39 22 21 14 16 33 12 4 52 24 42 47 23 50 5 61 57 31 32 10 15 63 9 40 3 7 60 1 0 53 25 51 41 19 58 59 54 2 48 49 56 62
37 29 21 30 19 43 23 38 44 45 22 34 50 13 42 39 33 15 7 10 20 26 51 58 54 32 47 55 41 12 25 61 11 24 59 3 2 53 4 49 48 6 40 57 62 56 1 9 14 52 16 18 63 8 5 60 0 31 17 46
44 29 20 13 26 52 30 22 14 34 42 17 12 6 60 53 18 31 54 21 38 45 19 59 58 41 16 43 51 9 10 62 25 33 4 61 24 1 40 5 50 63 46 3 2 48 32 8 7 49 11 47 37 23 57 15 0 39 55 56
44 43 18 45 34 19 20 12 52 17 54 60 4 25 50 5 61 51 59 3 10 13 53 63 46 29 37 49 58 26 24 55 47 39 30 62 41 21 23 38 6 16 40 14 22 7 9 31 8 0 11 32 1 48 42 33 56 57 15 2
26 18 10 43 42 9 44 45 46 50 37 25 51 52 24 54 11 41 40 29 22 34 20 47 59 30 31 33 49 48 63 32 57 13 12 2 56 4 0 38 19 14 1 17 5 6 55 62 16 8 21 58 39 60 7 15 23 3 53 61
44 45 19 43 37 11 10 29 51 59 12 1 26 3 53 13 58 61 20 25 62 63 2 34 9 17 14 4 38 39 46 60 41 30 42 49 8 22 54 47 24 33 18 23 50 31 15 57 32 6 0 21 7 52 16 40 48 5 55 56
37 29 19 26 20 13 21 12 17 43 50 33 25 46 42 44 18 14 38 49 52 24 40 11 9 45 32 10 4 2 15 58 16 34 53 61 51 22 1 47 23 7 48 56 41 0 8 57 3 30 5 60 62 6 59 63 31 54 55 39
19 34 42 20 37 43 26 41 18 44 45 10 50 52 13 46 17 11 38 58 48 40 1 6 21 29 2 9 5 30 33 3 47 14 60 12 23 24 49 0 4 31 39 22 15 56 7 53 61 59 8 62 54 16 51 63 55 25 32 57
26 34 41 18 44 43 9 29 42 25 22 10 17 8 2 30 20 11 1 48 24 51 12 49 19 15 33 3 4 37 21 5 23 16 50 59 45 53 7 46 56 40 57 0 13 6 61 32 38 14 47 62 39 58 60 31 52 54 63 55
44 43 26 19 34 29 11 33 45 12 13 5 30 53 52 22 54 4 10 63 41 62 38 9 40 21 61 47 51 31 15 17 8 23 37 25 39 48 3 14 1 2 42 16 20 7 18 58 6 24 0 32 56 49 55 50 46 60 57 59
19 18 44 29 9 10 30 43 34 41 42 50 26 22 37 46 51 17 25 45 53 52 38 47 48 60 59 57 54 16 14 1 24 61 62 32 0 55 2 58 8 3 33 31 56 15 4 40 21 11 49 6 12 5 20 39 23 63 13 7
37 43 18 19 34 41 26 17 51 45 33 59 52 20 8 29 11 25 10 50 13 42 40 6 32 61 54 3 49 24 21 22 9 47 2 38 14 7 46 1 12 55 44 4 39 30 23 31 60 48 62 53 5 63 0 15 58 57 56 16
26 18 10 29 21 13 44 42 30 17 25 39 9 19 14 7 31 53 62 33 47 43 34 52 41 54 20 12 45 49 22 46 38 8 4 2 1 32 15 3 59 40 56 6 11 0 24 63 48 51 5 37 61 57 60 50 16 58 23 55
19 20 45 18 11 2 3 44 21 26 1 4 42 46 17 29 52 60 30 43 10 25 12 16 50 49 24 58 56 48 54 41 47 32 33 34 51 31 53 5 40 55 59 8 0 14 37 61 6 38 63 57 23 13 62 39 9 7 22 15
19 20 37 18 10 44 17 34 45 38 21 13 43 9 33 50 29 53 62 16 51 52 26 41 49 57 54 60 24 25 32 3 30 40 46 47 22 58 61 23 55 39 8 42 11 59 48 12 31 63 14 2 4 5 1 0 15 7 6 56
19 20 37 18 13 21 14 46 11 10 12 45 55 38 44 3 30 54 53 29 34 33 43 50 26 61 17 39 52 59 9 60 62 63 42 8 58 15 0 1 32 57 4 5 25 16 31 23 47 49 22 51 56 24 2 40 41 48 7 6
44 45 26 34 43 42 54 19 18 17 33 46 51 40 53 63 8 41 11 52 60 12 39 4 48 56 24 38 47 37 29 55 5 61 21 32 3 16 50 49 9 22 59 20 62 0 25 31 23 14 58 2 30 13 1 57 7 10 15 6
37 45 19 29 54 43 46 18 30 38 31 22 17 62 39 9 0 10 15 14 51 59 21 44 26 8 34 20 6 41 12 42 49 11 3 33 2 56 32 47 57 13 16 7 4 23 50 24 1 25 63 48 58 53 60 52 55 5 40 61
37 45 26 20 53 25 21 29 18 14 34 11 7 42 22 54 19 15 9 52 23 38 44 51 39 13 60 10 12 2 49 56 33 31 16 8 62 46 55 24 17 59 4 43 41 3 61 32 57 30 1 0 40 6 58 50 47 63 48 5
37 43 34 25 51 45 29 30 18 9 53 54 19 26 55 10 0 46 39 61 31 17 1 52 42 11 16 33 32 47 4 50 44 23 59 2 20 12 58 57 15 40 56 22 21 8 63 60 41 62 38 13 3 49 5 14 7 6 24 48
26 20 37 46 38 44 13 17 43 42 19 11 10 21 12 39 51 3 5 58 30 4 25 50 54 53 49 33 45 14 8 6 59 48 52 22 31 18 41 62 57 32 9 1 24 60 2 16 15 34 63 0 40 56 47 55 29 7 61 23
37 43 26 17 34 29 20 25 33 46 21 13 6 40 30 44 51 42 19 52 53 58 49 38 24 18 12 4 45 22 9 11 39 56 23 14 50 41 7 47 31 15 2 1 54 3 48 63 10 8 0 59 62 57 5 61 32 16 55 60
26 18 37 25 17 45 53 54 10 34 33 52 63 41 51 24 32 9 19 2 48 38 40 21 43 59 0 16 1 3 29 44 4 56 11 49 42 50 60 46 8 20 13 61 57 22 15 30 14 23 31 58 55 39 12 6 62 7 47 5
26 18 37 45 53 20 9 25 21 43 24 17 10 22 13 4 50 8 23 14 34 42 41 12 16 33 40 38 31 52 51 54 63 58 5 39 59 6 57 11 0 61 44 7 29 32 3 2 15 60 47 49 48 19 62 30 46 55 1 56
44 29 21 13 22 42 34 30 4 26 17 43 38 45 52 31 20 59 39 37 33 6 54 18 5 8 23 14 11 19 50 58 25 24 40 16 51 46 7 60 47 55 10 12 49 48 53 1 41 32 56 3 61 57 2 62 0 15 63 9
37 45 26 34 42 18 44 41 40 48 19 38 10 43 50 9 17 1 20 8 46 33 30 55 2 54 25 13 56 49 21 11 63 3 24 53 5 22 31 14 29 52 60 23 7 12 62 32 4 51 58 59 61 39 0 57 16 15 47 6
26 34 45 21 29 19 10 30 33 44 14 54 39 11 53 43 52 17 25 42 50 61 63 41 16 1 12 31 48 47 51 59 9 38 60 32 62 18 46 4 24 20 58 49 13 3 57 5 40 56 6 0 37 15 7 8 23 22 2 55
44 29 18 26 20 10 22 45 34 52 2 9 43 30 8 50 57 12 4 17 42 0 19 21 61 16 38 58 13 5 25 14 11 56 24 39 6 15 51 60 59 46 7 32 47 33 41 37 1 3 23 55 31 40 49 48 54 63 62 53
37 45 44 43 50 51 54 46 38 29 52 39 30 47 34 21 31 41 26 60 59 42 58 18 20 13 10 23 11 33 5 49 25 57 32 22 14 19 40 62 63 4 3 24 55 53 17 1 6 48 12 16 61 2 8 9 56 15 7 0
37 43 26 29 44 19 30 21 13 45 51 46 50 14 53 33 25 60 42 17 10 59 47 5 7 23 39 1 52 41 49 58 62 61 11 34 8 18 54 40 32 63 38 16 24 22 20 9 15 3 31 12 48 57 55 2 4 56 0 6
37 29 20 45 44 51 52 19 46 55 18 53 21 43 59 50 60 26 38 11 3 13 57 2 33 58 47 17 12 61 16 41 1 39 22 34 14 56 49 25 24 23 40 5 9 10 6 7 48 0 15 42 31 30 54 4 63 32 8 62
37 43 26 29 45 38 42 20 30 53 11 21 54 41 50 59 14 31 47 13 49 44 61 56 46 52 39 7 40 62 6 17 58 57 15 60 23 33 19 2 3 22 8 34 51 55 1 25 16 5 48 9 12 4 24 32 63 10 18 0
19 20 45 42 43 26 49 12 11 34 37 51 13 5 18 14 60 21 15 17 52 7 29 46 9 4 16 25 10 8 6 30 31 50 57 39 32 24 47 54 62 23 41 55 2 56 0 33 38 53 63 22 3 58 61 1 40 48 59 44
44 45 37 43 18 38 52 9 46 61 42 29 39 54 22 55 21 30 47 34 19 20 26 12 23 15 14 53 4 51 59 25 50 6 41 58 57 11 5 49 60 31 16 56 7 13 10 32 24 1 62 63 48 40 33 8 0 2 3 17
19 34 45 37 29 18 17 38 44 52 47 30 22 9 20 51 53 46 60 10 39 61 54 31 0 15 58 62 23 59 14 24 2 21 43 3 11 13 55 63 5 12 6 26 33 4 25 1 57 42 50 16 40 7 41 32 49 56 48 8
44 45 19 43 37 26 53 30 42 10 38 49 23 39 46 47 17 34 50 57 12 18 54 31 9 52 58 0 1 62 29 25 48 56 51 22 61 16 55 20 15 3 21 4 8 33 2 24 32 41 11 14 13 59 5 63 40 6 7 60
19 18 37 29 17 45 46 9 53 43 42 38 44 61 54 63 62 16 21 34 25 13 1 51 39 2 22 26 0 50 59 30 33 58 20 31 6 41 3 5 49 7 15 60 23 12 47 40 57 52 14 32 4 48 24 11 56 55 10 8
44 29 22 43 20 30 38 15 26 18 19 12 10 11 45 17 2 1 16 3 25 47 5 37 46 24 8 4 32 9 0 52 13 42 14 53 54 31 60 55 23 51 7 21 39 33 62 34 59 50 63 6 49 56 48 61 41 58 57 40
44 29 20 43 26 19 34 11 52 50 37 33 18 25 32 42 22 61 9 30 31 45 13 21 24 39 60 40 46 23 3 47 57 16 54 17 15 51 12 53 10 1 59 55 38 2 63 58 41 62 14 49 48 56 8 4 5 0 7 6
19 18 44 20 12 5 9 52 11 10 2 17 13 43 26 3 16 6 29 33 4 21 40 0 1 38 51 50 7 8 30 14 15 39 34 41 42 22 59 48 23 57 31 24 60 32 49 45 54 61 37 47 25 46 53 58 62 63 56 55
26 34 43 20 42 49 44 25 17 50 56 52 19 9 53 18 33 62 13 40 21 29 61 51 32 48 10 6 16 60 12 14 0 3 37 30 7 41 39 22 23 2 11 24 58 59 15 46 5 57 8 1 38 4 63 47 54 55 45 31
26 20 21 22 45 44 14 6 52 34 19 42 41 11 2 18 25 17 43 60 9 38 33 12 37 10 29 46 61 40 54 62 48 59 15 3 4 56 7 24 47 23 8 51 50 13 53 32 55 30 57 0 49 58 5 16 31 39 1 63
19 18 26 34 17 10 9 0 44 29 21 13 2 43 16 20 12 25 42 3 38 52 53 1 8 22 11 49 41 62 61 37 4 33 57 32 40 5 30 46 31 51 24 60 39 50 58 48 54 45 14 15 7 47 55 63 6 23 56 59
37 43 26 38 46 21 29 22 30 18 15 17 34 25 51 59 50 31 13 41 19 20 23 47 57 49 10 52 39 12 4 2 9 7 1 6 8 3 32 33 5 55 42 24 56 0 44 16 45 40 53 58 11 60 48 54 61 62 63 14
37 29 19 26 18 10 17 46 20 11 13 43 45 25 47 21 12 24 38 5 22 55 34 30 63 23 4 33 9 2 51 3 15 16 32 42 54 59 41 44 58 48 8 57 40 39 31 0 14 60 6 49 56 52 50 7 53 62 1 61
19 20 13 12 29 18 11 22 31 21 44 43 30 38 50 2 3 34 41 23 14 39 1 45 25 48 37 5 10 51 26 49 59 16 24 52 33 15 54 53 47 42 46 17 7 63 9 32 6 55 60 0 56 62 40 61 58 4 8 57
37 45 19 38 44 43 39 20 54 46 29 26 51 31 33 62 12 42 47 24 55 11 61 58 63 30 34 4 49 18 53 40 52 59 9 17 13 21 8 50 2 16 41 5 14 3 32 0 25 15 48 22 7 60 23 1 6 57 56 10
26 18 44 29 20 25 34 45 24 43 30 32 9 22 14 0 38 41 37 15 52 16 21 6 48 61 23 12 7 42 33 31 54 46 51 62 39 40 60 13 5 53 50 58 59 56 19 10 47 4 55 63 57 49 17 8 11 3 1 2
37 43 42 45 51 34 29 38 25 22 44 33 32 19 20 11 46 55 3 53 39 47 62 61 30 31 54 63 14 6 23 50 21 2 13 4 49 56 52 18 10 57 7 1 5 26 9 40 24 12 58 41 17 16 48 59 15 60 0 8
37 43 42 29 44 38 30 50 51 31 39 46 23 22 19 20 45 47 53 10 1 15 12 52 57 4 13 62 5 54 21 41 61 59 49 6 33 34 63 14 26 40 7 25 24 60 58 17 16 3 8 9 55 18 2 0 32 11 48 56
19 20 29 22 21 12 37 43 45 11 4 38 30 5 34 33 23 52 51 50 2 14 6 13 7 3 47 39 57 15 46 44 18 10 26 49 54 31 9 1 59 58 42 16 0 60 41 40 61 25 24 55 32 8 17 48 56 53 63 62
37 45 19 29 44 43 51 20 30 38 39 31 12 11 23 18 53 13 9 22 10 26 17 52 3 34 21 59 5 54 33 46 63 55 62 14 58 61 7 1 47 25 24 6 8 57 4 0 42 2 60 50 49 15 56 48 41 40 32 16
19 20 37 34 18 38 45 44 46 30 31 21 43 10 33 54 2 52 29 26 59 1 13 22 39 60 11 12 0 47 9 58 15 40 32 14 55 41 51 4 63 62 17 25 24 16 6 50 8 53 61 42 49 48 23 3 57 56 5 7
19 34 45 37 43 50 44 51 33 32 59 58 57 46 29 18 38 39 17 21 55 20 53 30 25 52 54 26 60 63 23 41 40 9 13 10 47 61 48 56 16 22 0 42 11 6 12 1 49 62 8 5 31 3 15 14 24 7 4 2
19 20 13 18 17 6 37 11 3 34 21 45 33 29 44 9 30 43 22 4 51 31 23 26 38 53 2 39 1 15 62 61 25 52 47 46 60 16 5 50 54 41 58 63 14 0 10 12 57 42 40 48 59 32 8 55 24 56 7 49
44 45 26 18 46 43 42 29 22 34 17 16 33 50 21 53 61 52 60 24 8 19 51 14 20 30 40 0 49 10 15 54 13 23 38 32 55 56 48 57 11 31 25 6 37 39 58 5 41 12 1 62 47 2 4 3 63 9 7 59
19 18 37 29 9 43 21 34 51 22 45 13 41 53 14 50 59 0 17 57 12 5 26 42 46 32 30 60 4 11 49 10 25 58 54 39 47 33 16 15 3 20 2 40 6 23 61 55 56 63 31 52 48 8 1 38 62 7 44 24
37 45 19 18 44 29 21 10 9 13 22 0 4 5 20 3 1 17 6 7 53 30 25 42 38 12 43 32 49 46 11 34 55 15 33 26 23 2 14 39 47 51 41 24 50 62 59 40 61 54 16 58 31 8 56 60 52 63 48 57
37 45 53 20 19 54 44 43 52 60 63 18 12 4 42 55 11 2 5 29 22 6 38 47 61 51 10 33 62 30 9 1 31 8 46 15 13 14 50 26 34 58 57 39 0 23 59 25 17 49 41 24 16 21 32 40 3 48 56 7
26 18 44 34 19 12 25 45 11 16 46 33 24 37 41 17 29 40 43 53 42 50 13 32 49 3 60 57 9 55 8 0 47 39 10 51 56 48 58 52 20 30 2 61 54 6 23 4 22 38 21 1 62 15 14 59 5 63 7 31
19 34 44 20 18 52 43 50 45 42 12 21 33 17 26 46 9 29 54 62 59 61 60 10 8 4 11 24 51 37 5 1 41 2 30 16 55 0 25 31 13 38 47 22 3 32 63 57 40 49 39 23 6 53 56 48 14 7 58 15
26 20 13 42 45 25 34 12 4 43 33 19 24 37 38 16 8 21 52 18 49 56 10 44 11 1 22 32 51 5 41 9 2 59 3 48 60 17 40 14 57 61 7 15 6 46 30 31 53 23 29 0 50 39 55 58 47 62 54 63
26 20 45 34 12 43 44 37 18 51 59 4 13 10 11 54 17 42 41 33 25 19 3 9 29 21 46 5 0 32 24 49 6 16 30 47 8 14 52 1 38 39 23 7 40 31 50 58 48 56 53 61 15 60 62 57 22 55 2 63
37 29 21 30 22 14 18 43 31 34 12 20 45 38 13 52 33 5 47 3 59 23 15 26 19 39 11 32 46 53 44 6 4 60 41 10 62 55 9 49 42 25 56 17 8 58 51 40 24 2 54 1 63 16 7 50 57 61 48 0
37 43 42 29 19 26 51 45 17 59 21 11 30 20 60 61 3 34 46 47 44 50 41 13 12 31 33 58 38 8 55 54 57 10 53 56 25 40 18 16 1 9 49 24 5 62 32 4 2 0 39 48 23 22 15 52 14 7 63 6
26 20 29 38 30 22 45 52 54 44 13 17 43 53 31 19 18 12 34 50 8 9 57 6 59 51 1 33 42 63 4 16 25 2 11 37 10 15 61 60 47 58 21 3 41 24 40 39 32 49 56 14 48 46 7 0 5 55 62 23
44 43 18 21 42 53 14 26 34 41 62 20 51 7 29 19 33 17 12 13 11 49 40 59 15 24 30 52 45 54 57 10 61 37 60 5 9 48 38 2 55 0 8 32 22 50 4 58 25 16 1 3 6 63 46 56 23 39 31 47
26 20 45 44 29 18 10 46 37 43 11 17 53 54 24 12 51 2 25 60 63 52 13 34 38 6 59 61 9 8 41 16 0 47 3 58 4 5 39 1 42 33 49 30 50 19 62 57 56 21 32 40 31 22 48 23 55 7 15 14
37 29 21 43 42 30 18 49 56 45 22 12 44 19 53 26 31 9 14 39 11 23 5 51 60 7 0 61 33 10 20 50 54 59 1 47 52 46 55 57 58 2 38 13 4 41 15 63 62 8 6 24 32 25 17 3 16 48 40 34
37 43 50 45 26 18 10 17 53 21 34 19 14 42 11 7 41 38 46 29 31 2 25 49 1 47 30 57 13 3 9 22 56 24 12 33 23 54 55 16 20 51 58 59 39 62 0 5 61 63 44 60 48 15 40 4 32 52 8 6
26 18 10 9 37 11 2 45 4 38 16 20 29 0 47 12 19 21 17 33 22 42 54 39 30 13 49 8 14 43 1 15 34 55 5 24 32 40 31 53 52 46 44 25 61 62 63 60 6 23 3 50 7 58 57 51 41 56 59 48
37 45 53 38 31 43 34 41 50 51 33 57 49 48 18 19 20 25 59 52 32 17 61 21 13 6 26 42 29 30 40 39 12 24 16 3 46 54 47 10 11 8 60 55 62 4 2 63 9 1 44 23 0 22 14 58 5 7 15 56
19 20 45 44 13 26 34 12 18 25 32 41 29 37 42 49 53 43 50 17 48 30 38 57 31 46 58 6 52 33 21 60 3 59 8 14 15 4 24 47 39 7 10 2 1 23 11 51 62 16 9 0 40 56 54 5 22 63 61 55
37 43 26 17 51 29 8 59 20 21 38 12 11 44 19 30 52 39 42 53 46 50 5 54 62 2 22 45 34 18 3 15 1 13 23 61 14 63 7 47 49 4 57 58 55 40 41 32 10 60 33 6 31 48 56 16 24 0 9 25
37 29 21 45 44 30 20 11 19 13 5 12 23 26 4 31 17 42 22 38 53 51 18 15 46 52 50 16 14 33 40 34 39 7 43 55 47 2 41 54 61 60 25 6 8 57 63 62 24 59 49 10 3 58 56 48 9 32 1 0
26 20 29 34 43 18 11 21 25 19 10 45 44 42 53 9 12 30 50 24 38 51 33 22 14 32 37 5 41 59 60 15 40 23 0 61 46 1 16 2 13 47 7 17 39 49 58 6 8 56 54 62 55 4 63 3 48 57 31 52
44 29 20 43 26 52 60 11 13 19 34 25 22 30 18 51 24 14 58 45 15 21 23 7 5 9 50 6 3 38 37 32 31 61 59 47 40 2 17 57 16 53 4 33 39 10 41 49 54 12 1 42 48 0 8 56 55 62 63 46
37 45 26 20 54 34 18 38 29 10 11 52 25 12 42 32 24 41 39 50 44 30 46 55 23 22 19 62 5 51 3 2 40 16 59 58 49 48 13 6 33 57 43 60 9 53 21 1 17 0 8 14 56 4 31 7 15 63 47 61
19 18 26 34 43 29 25 12 22 51 10 44 5 11 45 9 20 15 59 58 1 46 54 63 8 42 4 13 52 0 6 16 38 24 17 60 62 2 50 47 31 21 32 33 37 39 55 53 61 3 57 30 41 49 23 14 48 40 7 56
26 18 19 20 9 17 25 33 41 43 12 34 44 13 10 4 5 16 14 53 50 6 42 37 52 60 61 11 29 38 59 51 39 15 3 47 55 49 40 0 1 30 31 32 56 22 7 48 23 2 57 21 8 24 54 58 45 62 63 46
44 45 26 43 52 18 51 50 37 53 58 20 19 38 17 59 62 61 46 63 39 54 42 41 40 8 29 12 13 10 25 55 2 49 5 1 11 9 60 57 16 6 3 24 34 48 21 4 33 30 14 15 7 22 31 0 47 23 56 32
19 34 44 11 26 37 30 53 3 10 62 18 9 1 45 46 42 17 8 16 20 33 24 32 29 2 39 25 41 22 40 12 13 38 14 4 21 47 43 50 51 48 55 15 5 61 58 0 7 60 52 54 49 59 31 57 56 6 23
44 29 22 30 20 43 34 45 38 15 37 46 52 18 39 12 14 6 21 59 23 13 5 33 11 42 41 31 7 49 53 2 60 51 10 47 58 62 48 50 54 56 19 25 9 55 61 4 3 57 63 32 40 0 16 1 8 17 26 24
37 29 20 13 18 26 12 10 9 44 2 21 5 46 45 14 43 53 52 42 61 19 55 47 54 1 7 60 11 62 25 22 59 24 30 3 33 6 63 4 49 16 50 31 32 34 23 40 17 38 39 57 41 8 51 58 56 48 15 0
44 29 22 52 19 10 37 43 50 45 53 34 18 46 2 62 60 17 25 51 39 15 24 49 54 47 55 20 12 63 11 59 30 38 23 9 1 3 26 33 41 16 7 48 42 31 61 13 57 32 40 56 8 0 21 14 5 4 6 58
26 18 37 25 24 45 44 32 9 43 50 0 40 42 19 57 54 63 52 34 46 20 62 38 30 60 59 21 33 41 61 55 47 53 16 22 29 51 13 58 49 12 10 56 8 6 14 2 11 5 3 7 4 23 1 17 15 31 39 48
37 45 26 20 29 34 44 38 42 25 12 50 49 13 51 43 46 58 31 30 59 53 41 47 14 48 55 63 23 56 19 22 52 39 62 57 33 54 32 11 21 15 17 60 18 10 6 5 2 3 7 61 4 24 40 8 16 9 1 0
19 20 21 18 44 13 17 9 0 16 25 29 14 52 45 38 53 26 5 61 37 7 46 39 60 24 47 2 22 30 62 54 33 41 55 43 8 59 58 10 12 34 23 3 11 15 32 6 49 1 4 63 42 40 31 56 51 57 48 50
37 45 19 20 13 26 17 12 53 25 34 9 8 14 10 41 42 1 11 33 48 50 6 32 43 21 49 57 56 18 51 4 24 46 47 55 7 58 16 2 0 29 5 52 44 38 63 22 15 31 60 61 30 23 59 3 62 54 39 40
44 45 19 52 37 26 53 20 29 38 30 12 60 34 11 2 54 21 33 63 39 31 46 62 51 50 42 55 13 22 18 25 3 14 24 4 23 41 47 15 10 49 57 48 5 43 1 16 8 17 32 58 59 9 40 61 0 56 7 6
37 45 26 20 19 38 46 47 12 18 34 33 42 21 40 32 53 54 24 49 11 52 25 2 55 4 63 29 58 9 43 61 0 10 41 50 44 8 3 56 13 48 30 51 16 14 22 15 17 31 1 39 57 59 23 5 7 60 6 62
44 43 42 51 18 49 26 21 34 19 20 29 22 15 37 10 58 13 12 38 45 46 11 4 53 59 9 8 1 2 6 14 40 52 50 30 54 61 17 60 3 7 5 62 31 39 55 0 47 16 23 56 63 57 41 48 32 24 25 33
26 18 44 25 19 45 46 54 17 43 62 9 10 11 24 63 52 37 12 32 34 50 42 51 2 16 0 41 8 13 58 47 4 53 55 3 39 30 22 20 48 59 5 57 38 1 29 6 7 23 61 31 40 21 60 33 15 14 49 56
44 45 46 54 37 38 18 9 39 52 55 29 53 42 21 31 26 62 47 30 51 58 49 20 12 59 50 3 14 40 22 60 61 15 19 41 23 33 25 6 56 57 24 13 4 32 7 43 34 5 48 11 63 17 2 10 16 1 0 8
26 34 44 20 42 52 13 25 37 41 60 43 33 40 48 12 49 46 32 61 18 24 19 59 30 45 4 17 54 62 55 5 10 29 63 31 51 1 22 21 58 56 53 50 9 15 6 38 3 2 14 16 57 7 8 47 0 23 39 11
19 20 29 34 26 38 13 21 47 11 43 45 12 25 30 14 6 51 22 31 4 7 18 9 37 10 17 8 32 33 3 44 41 42 16 40 52 2 15 23 59 53 24 50 1 5 48 0 49 57 54 58 39 63 55 61 60 46 62 56
44 29 22 52 19 42 45 11 34 46 60 30 18 59 54 62 3 14 21 38 31 26 23 20 5 10 33 12 13 43 37 40 63 61 49 58 32 24 17 7 47 6 53 39 56 4 15 50 55 2 51 8 41 57 25 16 1 0 48 9
19 20 21 34 41 11 18 33 44 14 3 10 22 53 42 37 9 17 46 38 25 50 45 1 61 23 31 49 26 52 58 4 32 54 16 30 15 40 0 48 57 56 29 2 43 62 51 39 63 60 6 7 8 5 59 13 47 24 12 55
26 34 44 20 12 43 18 53 52 51 41 29 60 45 38 21 61 4 11 22 50 17 15 58 42 59 16 25 33 32 2 30 49 31 10 56 54 13 6 14 37 9 46 63 19 24 62 57 3 55 0 1 47 5 48 7 8 39 40 23
26 18 10 20 19 34 44 42 50 1 29 21 12 17 11 4 30 58 3 14 25 31 9 16 22 5 13 52 45 33 15 38 49 51 32 41 24 40 60 43 48 6 54 8 39 47 23 56 7 59 57 37 46 53 0 2 61 63 62 55
44 43 26 19 50 25 11 53 33 3 18 40 4 20 29 51 59 12 32 38 17 34 13 10 21 30 48 9 37 2 24 58 62 6 1 52 39 42 14 47 61 5 7 0 8 31 49 22 15 23 46 45 54 60 55 56 57 16 41 63
44 43 18 19 26 29 45 17 22 37 20 33 10 34 41 11 16 53 40 1 38 8 61 42 52 12 21 46 0 39 49 32 25 13 31 62 2 48 55 4 14 6 60 57 51 5 3 47 30 23 56 58 59 50 24 54 7 9 15 63
26 20 21 22 44 34 33 43 12 13 14 4 11 32 50 6 25 37 29 10 23 24 45 38 17 52 40 48 30 15 39 42 51 49 53 47 59 31 18 9 5 19 7 54 57 58 60 46 61 56 8 3 1 2 16 41 63 55 62 0
37 29 19 45 54 10 38 42 11 43 34 3 22 63 1 33 51 52 53 15 49 17 32 47 39 26 20 25 8 59 2 9 44 18 60 4 24 62 46 21 55 61 41 16 13 40 30 50 31 14 0 23 5 48 56 6 57 58 12 7
19 20 29 34 44 45 42 30 21 43 52 50 46 47 39 37 53 31 25 13 12 60 22 41 18 14 5 17 40 32 15 38 24 49 56 51 58 4 61 6 59 54 10 48 7 11 23 1 33 16 9 2 62 63 55 26 57 8 0 3
44 29 20 43 38 21 34 45 13 30 22 18 42 12 53 15 4 11 51 31 25 41 23 59 46 62 40 37 39 5 60 2 52 61 50 58 14 3 49 32 57 6 63 54 16 33 19 17 26 10 55 47 48 56 1 0 8 9 24 7
26 18 37 25 19 45 53 38 24 10 11 54 46 12 62 55 5 13 2 61 60 1 21 20 44 22 31 51 3 6 0 42 17 9 4 33 41 40 30 52 43 39 49 16 8 32 47 63 7 57 48 14 50 23 34 56 58 59 15 29
37 45 44 43 18 21 54 19 42 53 61 51 26 30 11 29 14 46 39 41 40 63 38 52 47 13 5 17 16 33 62 55 49 57 56 60 24 23 59 20 12 34 31 25 50 22 58 10 3 2 9 48 1 8 32 15 6 7 4 0
44 29 21 43 30 22 37 45 52 53 23 61 42 26 25 13 51 31 14 58 38 41 62 19 59 46 11 50 54 47 32 40 33 15 39 3 60 57 10 49 18 24 63 12 34 2 55 20 7 6 17 9 16 8 48 56 4 5 1 0
19 18 17 29 21 11 26 43 44 45 4 20 51 13 12 3 37 52 61 33 5 46 47 55 34 25 9 8 41 53 62 39 38 30 23 50 59 54 31 57 22 32 10 14 42 58 7 24 2 6 48 15 40 56 1 0 60 49 16 63
26 20 45 34 21 43 18 22 14 6 44 37 19 10 30 46 41 23 38 25 17 11 39 29 13 47 15 24 8 42 49 9 2 5 55 56 12 48 40 1 16 52 31 7 0 3 58 32 54 51 53 50 57 59 33 63 62 61 4 60
44 43 18 37 26 20 51 9 29 58 13 17 46 30 45 50 0 12 19 10 23 52 21 11 59 47 57 49 1 22 24 61 34 39 4 5 38 53 31 42 40 33 54 8 2 56 32 14 3 63 62 60 7 6 25 15 55 16 41 48
44 43 42 51 26 41 40 19 18 53 50 49 11 32 52 29 48 61 30 9 60 34 25 20 62 45 24 31 38 17 33 13 22 54 47 56 37 46 6 58 16 3 1 8 57 10 39 21 23 5 12 4 2 63 55 14 0 59 7 15
19 20 13 34 45 11 18 26 41 10 9 42 33 17 12 4 29 0 51 2 5 44 16 6 37 54 1 8 43 50 57 30 22 21 3 52 14 49 39 25 56 38 15 31 47 59 63 48 40 55 24 61 53 58 23 60 7 32 46 62
44 29 20 43 42 13 22 31 19 34 26 18 10 50 58 11 21 45 52 37 12 14 6 4 7 3 53 9 2 51 23 41 40 48 59 1 25 24 56 49 17 30 5 15 16 32 39 8 0 38 46 60 61 54 63 47 62 57 33 55
44 45 46 43 26 54 63 47 52 19 38 17 10 61 8 11 18 33 50 16 60 1 9 25 62 53 41 2 3 55 0 40 24 21 29 37 14 13 20 22 34 59 30 32 51 23 58 6 39 12 4 31 15 7 5 42 57 49 48 56
44 29 20 43 26 19 34 33 38 52 45 37 59 60 42 49 61 50 17 53 12 31 56 25 16 5 30 51 47 24 46 48 18 39 41 55 4 40 57 22 6 21 13 54 58 10 62 8 9 0 14 15 23 7 63 11 32 3 1 2
19 18 37 45 17 38 44 34 43 10 41 9 20 51 39 11 50 13 58 21 46 16 26 54 12 47 0 2 3 4 6 30 14 22 25 59 23 57 5 29 8 7 42 32 48 40 62 61 33 31 49 63 24 55 60 56 15 52 53 1
26 20 45 42 13 25 18 10 43 54 34 44 50 12 46 19 16 14 63 51 52 60 59 49 29 17 33 21 5 30 31 6 53 55 57 58 23 7 62 22 4 3 48 37 2 41 11 9 38 61 15 40 8 47 56 0 24 39 1 32
44 29 22 52 43 34 26 19 10 30 50 1 20 25 41 51 11 49 59 12 53 62 13 18 16 48 54 57 32 15 17 9 5 4 31 33 2 6 37 60 45 0 21 55 14 24 63 3 40 42 58 39 38 46 47 56 23 8 61 7
26 20 45 25 18 10 13 44 24 32 40 54 9 8 29 34 63 12 41 43 42 22 21 53 3 37 23 5 46 48 33 19 56 31 39 47 62 15 6 14 2 60 38 52 51 30 11 61 17 50 58 55 4 1 49 16 7 57 0 59
19 20 45 18 21 37 11 14 9 17 13 26 7 22 30 3 44 52 53 23 12 38 51 1 10 4 33 58 39 60 5 61 34 43 42 2 0 24 50 41 62 31 16 46 54 29 49 56 40 32 25 47 55 6 15 48 57 63 59 8
44 29 20 43 30 31 38 46 47 12 26 52 11 19 60 3 4 22 34 25 2 41 33 10 17 51 14 24 49 42 58 48 21 57 54 15 32 9 40 61 18 16 53 62 45 50 8 0 23 7 37 39 6 59 1 5 56 55 13 63
37 43 18 19 42 46 20 9 17 29 45 44 1 0 55 30 51 25 38 2 54 13 53 62 63 41 11 3 10 34 12 59 48 33 61 40 32 60 49 16 39 31 23 57 6 4 52 47 56 50 24 26 21 15 58 8 7 14 5 22
44 29 21 13 14 45 26 52 53 61 46 15 30 54 43 20 63 25 59 51 50 31 7 34 19 38 16 10 17 58 47 62 18 42 23 37 3 1 49 33 12 56 9 11 4 60 2 24 55 8 39 6 0 22 57 5 32 40 48 41
19 18 26 34 33 20 44 43 42 52 12 4 37 51 13 29 45 49 38 54 56 40 58 41 50 31 11 48 53 46 59 61 57 2 3 6 47 39 17 60 5 55 62 9 30 10 25 22 1 21 7 16 8 32 24 0 15 63 14 23
37 45 19 18 26 20 13 33 9 29 38 43 53 21 25 5 42 47 44 24 12 50 11 62 31 39 30 0 55 46 54 3 34 4 57 58 60 56 32 63 17 23 6 22 16 10 52 51 15 8 59 14 41 49 40 61 1 48 2 7
19 18 17 11 20 9 1 12 45 25 5 4 13 6 10 21 37 44 32 54 29 0 22 34 14 38 47 2 42 31 41 33 24 3 53 49 16 30 57 48 23 61 39 43 52 50 62 60 40 46 26 51 56 8 59 58 15 63 55 7
44 45 46 20 19 52 43 50 13 38 30 34 59 60 61 47 25 26 54 31 37 29 42 53 22 11 41 24 18 62 21 4 16 48 39 9 33 51 3 57 32 23 12 2 0 55 63 58 14 40 56 17 49 5 6 7 10 15 1 8
26 34 43 52 51 50 59 20 49 57 33 25 19 11 3 41 42 12 56 60 40 2 16 24 13 44 5 29 37 6 30 31 22 18 4 38 53 45 10 9 58 8 23 15 46 47 0 39 1 61 62 48 54 17 7 14 32 21 55 63
26 20 37 34 42 45 21 41 19 29 40 13 30 38 6 12 53 49 56 54 4 61 47 33 24 31 46 18 10 5 60 55 22 15 14 59 52 32 44 7 25 1 39 16 23 50 63 62 11 2 51 9 48 3 17 8 58 43 0 57
44 45 46 43 26 19 12 25 17 11 33 54 3 38 47 52 29 8 50 40 60 5 42 18 21 53 24 49 9 37 41 14 48 39 13 30 63 59 32 34 58 0 61 20 15 56 31 62 55 23 57 22 7 4 10 51 6 1 2 16
37 43 50 38 44 19 20 51 34 29 52 26 18 58 21 10 22 60 12 17 59 14 33 32 39 11 4 30 31 49 16 42 15 3 56 40 2 23 61 7 25 8 41 24 45 1 0 57 6 47 13 5 46 55 48 53 62 9 54 63
44 45 37 43 54 20 34 30 50 63 46 51 62 25 18 9 52 38 29 21 0 59 41 32 39 33 58 11 48 19 12 61 47 14 3 49 42 26 10 55 16 53 7 13 40 56 57 24 60 1 2 23 22 8 17 6 31 4 5 15
26 18 10 29 21 20 37 46 12 19 34 4 55 22 11 42 15 1 13 23 2 6 43 45 44 17 30 7 50 33 14 38 39 5 31 51 59 47 32 24 53 58 41 60 3 57 8 49 0 25 62 52 16 54 40 9 48 61 56 63
19 20 37 18 9 44 29 26 10 38 21 2 42 13 25 16 17 8 47 12 11 33 34 46 40 32 14 30 55 50 24 22 23 54 52 3 4 15 0 43 6 5 49 60 61 31 45 48 59 1 57 63 56 7 53 41 39 58 51 62
19 20 37 18 9 43 21 13 42 44 53 22 45 34 23 38 6 46 26 52 60 11 39 59 10 8 4 3 2 25 50 61 24 29 54 47 0 57 41 33 16 55 62 40 32 15 58 1 12 14 48 17 5 30 31 63 7 49 51 56
19 20 29 18 11 12 21 4 43 51 17 45 59 50 41 25 37 9 2 30 16 22 34 3 54 57 10 8 49 1 23 53 44 55 42 33 24 15 38 26 63 40 48 52 61 58 56 60 7 31 46 47 14 32 39 13 6 5 0 62
19 18 17 43 42 20 44 11 45 51 21 25 9 33 59 60 3 58 41 24 49 26 40 57 32 37 46 30 38 48 52 1 0 54 8 4 2 34 23 50 55 10 16 29 39 13 62 47 12 61 14 31 22 15 7 6 53 63 56 5
26 34 42 18 44 50 19 12 17 20 21 33 11 53 25 3 10 16 32 30 5 29 62 43 45 24 37 52 13 6 57 46 40 60 14 9 54 38 4 55 63 22 47 39 59 41 7 51 61 49 31 15 58 2 23 48 56 1 0 8
26 18 19 20 29 43 10 11 45 37 4 22 51 42 41 49 13 50 44 52 57 33 59 21 31 23 30 5 25 53 12 14 62 56 6 34 38 46 15 54 60 16 24 1 39 55 63 17 48 58 8 7 32 40 9 61 47 3 2 0
26 20 45 42 44 34 21 43 41 49 56 52 37 46 19 12 51 50 3 40 61 48 59 10 17 58 13 22 30 5 54 60 55 23 53 14 29 62 39 33 7 1 32 47 57 24 11 15 2 4 6 18 8 63 0 31 16 38 25 9
44 43 50 37 29 30 26 45 23 52 51 34 20 31 39 21 18 25 13 22 19 11 3 12 32 57 53 17 10 2 16 9 41 4 59 62 6 60 38 42 0 46 54 14 5 15 33 48 1 63 49 40 56 58 47 24 55 8 61 7
37 29 21 43 42 22 51 34 26 18 44 50 49 45 38 13 54 41 9 58 20 57 25 17 56 48 14 6 40 46 7 31 23 16 55 15 60 30 24 63 8 59 39 10 53 11 33 1 32 52 12 19 3 4 2 0 5 62 61 47
19 18 26 34 42 12 17 50 33 20 5 32 10 9 44 25 0 21 40 2 41 45 22 4 46 43 58 23 11 3 24 16 1 8 29 49 57 47 30 14 7 37 55 6 52 56 38 53 62 13 39 61 54 59 15 51 60 48 31 63
26 18 44 45 19 43 9 11 54 29 52 21 3 10 50 60 17 51 22 49 59 37 48 33 53 25 61 23 34 42 40 2 13 16 20 14 41 58 8 0 31 62 7 12 24 55 15 57 56 4 5 32 63 6 46 38 30 1 39 47
44 29 19 52 37 20 53 18 12 13 21 43 17 22 60 61 51 9 14 5 34 16 30 41 62 45 46 54 47 11 25 33 10 4 3 15 7 23 26 31 39 59 0 63 8 24 32 40 58 50 49 38 6 48 57 42 56 1 55 2
19 34 45 21 33 42 43 44 50 49 48 10 29 46 14 24 41 57 11 51 9 26 32 20 52 2 18 40 53 60 61 12 4 0 37 38 17 56 8 3 25 62 58 54 63 30 31 16 47 39 13 5 6 7 1 59 22 55 15 23
19 20 21 34 43 13 29 22 23 45 26 12 33 30 31 32 41 15 7 51 14 17 44 37 52 59 53 11 6 49 10 5 42 9 61 46 48 39 58 25 38 47 16 50 3 60 1 62 18 54 4 24 40 56 63 8 55 2 57 0
37 29 22 43 34 25 21 38 45 14 6 53 20 7 50 51 47 31 54 44 26 30 18 55 42 17 59 10 23 52 63 46 2 41 24 12 4 9 49 57 19 11 1 62 5 15 39 0 40 32 61 16 48 56 8 33 13 58 3 60
26 34 43 50 42 18 51 44 19 21 37 60 57 20 12 13 49 3 17 30 5 56 39 10 53 4 33 32 58 14 2 1 41 24 22 48 7 45 0 52 11 62 59 23 31 15 38 54 8 47 46 16 25 40 61 9 55 63 6 29
37 43 26 29 34 25 18 10 30 31 19 11 22 14 15 46 20 45 24 38 6 33 51 16 17 59 2 21 55 32 40 54 39 23 13 48 62 12 52 9 44 63 50 4 8 47 56 0 41 58 1 57 60 7 53 5 3 61 42 49
37 29 20 45 30 43 26 18 50 31 19 42 22 21 54 51 52 53 34 58 49 63 12 40 33 15 46 25 10 9 14 47 16 7 39 38 48 60 23 24 61 5 44 1 17 62 3 2 59 8 0 13 32 41 57 4 11 56 6 55
26 18 10 43 44 45 19 11 20 21 54 1 53 33 14 29 2 7 37 62 0 38 31 17 24 47 34 8 13 25 39 9 61 60 55 63 50 46 52 42 32 58 16 30 41 49 3 51 48 12 5 56 15 40 23 6 57 4 59 22
19 34 43 18 29 37 25 33 41 50 57 11 3 52 61 45 26 21 17 24 22 4 54 16 20 10 8 9 5 53 0 51 38 63 32 1 44 40 46 39 59 14 6 58 42 7 60 12 23 49 47 62 30 13 48 56 31 55 2 15
26 18 37 29 21 34 33 30 23 40 19 31 17 44 46 45 43 51 39 50 53 9 59 41 38 47 32 52 55 13 20 49 22 61 58 42 6 5 14 60 57 8 62 15 54 48 16 24 56 63 1 7 10 11 4 3 25 12 2 0
26 20 21 22 45 34 42 29 30 37 13 19 31 23 10 43 15 33 44 25 41 51 50 57 59 58 17 53 56 48 12 6 46 11 40 39 14 1 3 4 47 16 60 49 5 61 62 52 7 9 8 18 32 0 38 55 63 2 54 24
37 45 44 43 50 51 58 29 22 59 46 41 57 55 20 19 18 11 52 13 60 38 30 54 26 34 39 25 16 31 10 47 23 1 12 21 3 15 48 17 24 4 9 32 6 33 53 2 42 49 63 14 40 0 7 8 62 61 5 56
26 20 45 34 33 43 29 38 50 25 12 37 31 11 24 53 2 17 61 40 9 57 51 44 32 21 18 59 58 62 22 0 1 41 19 46 60 42 55 3 49 47 54 23 13 10 52 15 39 48 7 8 4 14 63 16 56 30 6 5
37 29 21 45 44 43 54 63 42 20 46 51 50 52 53 38 47 57 26 49 18 14 61 25 11 19 22 4 33 12 58 10 1 23 5 3 48 6 56 41 13 59 24 2 15 0 40 17 16 34 60 9 8 62 31 55 30 32 39 7
37 45 44 29 20 19 54 11 38 47 31 52 43 53 60 63 3 59 46 39 61 26 55 23 21 50 58 30 17 51 62 34 49 8 18 9 41 42 22 48 16 2 57 56 1 12 0 15 4 10 33 24 25 13 5 32 14 6 7 40
44 29 19 10 20 21 1 52 30 26 11 22 43 12 61 31 38 42 4 46 33 3 50 24 40 17 25 5 8 51 59 37 47 60 41 62 14 49 56 13 55 45 23 32 16 58 57 18 2 15 34 0 48 39 7 6 63 54 53 9
37 45 26 29 44 18 10 25 24 43 46 38 53 47 54 52 22 61 60 9 51 59 11 17 50 21 16 23 30 39 14 41 0 34 33 6 62 42 49 2 15 20 4 63 55 8 1 40 3 56 19 58 48 32 13 7 57 12 5 31
19 34 41 20 43 48 25 10 37 51 18 44 13 16 32 26 29 17 59 58 11 52 8 21 33 40 57 24 2 1 14 3 50 22 23 42 53 62 56 7 9 46 45 60 55 12 15 39 49 6 61 30 38 54 47 0 5 4 63 31
19 34 42 18 17 11 45 20 10 37 4 3 26 25 44 41 46 55 29 38 24 54 12 13 30 5 47 31 61 53 33 2 14 23 51 8 22 21 48 49 15 60 63 43 1 9 57 16 7 32 39 0 40 50 62 52 58 56 6 59
37 29 22 45 19 15 21 13 30 20 43 34 5 14 41 33 23 26 25 12 4 38 7 6 53 51 52 50 49 59 44 11 46 61 10 55 18 24 17 9 39 2 58 32 60 16 42 31 62 3 40 54 1 47 8 57 56 48 63 0
26 18 37 43 10 17 16 21 34 46 20 33 55 19 45 1 41 24 52 29 11 49 38 42 22 30 31 12 48 25 32 61 4 13 56 40 9 44 2 14 5 57 23 47 53 0 59 8 3 6 39 54 58 62 50 51 7 15 60 63
37 29 19 45 46 26 54 10 21 30 18 13 11 12 17 25 5 8 23 42 24 14 3 16 7 4 34 31 22 55 44 6 39 38 53 2 47 32 9 1 0 52 40 20 33 41 50 58 59 43 15 48 62 57 56 63 51 49 61 60
19 18 17 20 45 26 33 42 51 16 29 44 53 22 10 54 12 11 37 13 3 61 21 1 62 63 46 55 6 25 34 58 47 2 15 38 43 52 24 39 8 50 0 9 4 41 32 40 57 30 31 14 49 56 59 23 48 7 5 60
37 29 22 42 34 45 43 51 19 30 18 14 20 9 38 13 59 46 55 33 31 21 23 15 53 26 17 52 54 60 61 10 39 12 4 5 0 8 32 3 50 57 7 6 2 47 11 40 48 41 58 49 16 62 56 44 63 25 24 1
44 29 21 45 26 18 46 54 19 20 9 22 12 25 38 3 62 52 15 42 24 11 5 47 14 4 49 6 37 17 51 50 34 61 58 32 8 33 40 1 30 63 60 39 10 59 43 57 13 55 53 23 7 16 41 0 2 56 48 31
26 34 45 21 43 18 14 20 25 32 9 29 13 12 11 50 37 6 16 2 5 41 48 15 3 38 30 53 7 31 1 42 54 22 46 55 52 19 57 39 33 40 24 58 49 10 63 59 61 23 60 56 4 8 51 17 0 44 47 62
26 18 37 29 22 46 38 44 51 15 21 43 34 25 9 11 42 20 14 13 2 59 10 53 5 0 54 55 60 61 8 16 24 62 31 4 23 7 12 19 17 1 6 33 52 45 32 3 63 41 48 39 49 40 30 56 58 50 57 47
26 18 37 45 44 34 33 42 54 43 41 29 9 49 22 24 25 38 50 51 39 30 56 10 59 32 31 20 53 23 15 48 12 13 4 21 19 60 61 57 11 63 40 14 58 0 7 3 47 17 52 46 16 5 6 62 55 2 1 8
44 29 18 42 22 53 43 26 20 45 41 40 34 12 48 25 13 14 24 15 32 16 8 9 11 17 30 10 62 33 3 49 0 2 19 37 57 23 54 1 52 60 38 63 51 4 46 56 50 47 5 59 21 39 55 58 6 7 31 61
37 29 21 43 42 22 44 45 38 13 54 63 14 41 49 47 5 34 31 56 39 23 53 61 30 12 26 4 3 15 62 25 17 18 6 8 55 7 60 59 19 52 33 24 40 46 20 2 9 11 48 1 16 10 0 32 51 58 50 57
44 43 42 29 19 49 26 45 30 21 34 11 18 37 3 39 50 10 31 33 25 58 20 16 1 23 52 13 54 60 40 24 51 17 59 63 32 53 46 2 22 0 38 48 61 14 6 4 55 12 57 62 9 8 47 56 5 7 41 15
26 20 21 34 44 37 12 53 52 17 33 19 38 42 51 32 10 29 22 39 41 30 40 15 47 50 45 55 24 43 48 25 58 5 18 8 61 46 9 57 49 54 23 13 6 60 56 16 0 62 3 2 4 31 11 14 7 1 63 59
37 45 44 29 38 52 59 47 19 34 51 53 31 50 43 58 57 18 17 39 30 9 33 49 42 26 25 41 60 61 62 12 24 20 21 54 48 32 13 11 63 46 55 23 8 16 2 14 4 40 0 22 10 5 6 56 15 3 1 7
26 34 45 21 33 44 14 18 43 41 10 32 19 20 12 5 4 37 6 50 29 1 2 46 54 7 38 17 9 39 57 53 24 11 52 0 3 51 31 42 55 23 40 61 59 13 22 15 25 30 62 47 16 58 49 63 56 48 60 8
37 45 26 34 33 29 46 47 30 19 21 18 38 42 10 40 50 11 12 3 20 22 23 5 32 13 48 15 39 44 6 7 2 9 8 41 25 58 59 31 55 54 57 17 62 61 43 4 60 49 63 52 24 53 51 16 14 56 1 0
26 34 43 50 45 19 44 37 42 18 9 10 11 20 17 29 46 0 58 52 59 38 31 41 51 16 32 55 33 40 49 47 24 12 2 54 21 57 4 53 63 3 8 61 56 1 25 22 62 5 14 23 15 60 7 48 39 30 13 6
37 43 18 38 46 21 30 19 20 13 45 17 50 34 10 54 14 47 62 3 33 22 6 29 31 11 16 26 53 63 25 51 55 41 44 9 32 61 0 48 58 40 39 57 2 15 49 42 12 24 23 8 4 60 56 59 52 5 7 1
44 43 18 21 20 37 26 51 45 34 53 9 42 61 62 41 46 25 52 38 40 33 58 47 39 60 32 19 49 63 50 30 55 31 22 23 10 54 14 1 11 6 16 17 7 57 13 4 56 59 24 5 8 48 12 3 2 0 29 15
19 20 13 42 37 21 34 26 14 29 41 11 49 46 55 18 10 44 3 45 53 48 33 7 15 30 23 56 57 17 43 61 54 50 62 40 58 1 32 51 24 2 59 16 8 63 22 38 12 0 39 47 25 31 9 4 6 52 60 5
26 34 44 18 25 32 24 20 19 16 12 37 9 29 38 51 46 2 42 11 53 33 17 13 0 52 40 10 14 54 58 60 8 21 22 41 43 4 59 15 55 23 7 47 6 62 61 1 5 45 3 48 50 57 30 31 39 49 63 56
19 34 41 33 25 21 45 16 20 11 17 29 12 37 43 54 38 3 26 40 2 8 10 30 22 42 4 31 39 46 32 14 55 47 18 9 7 63 48 44 24 5 62 56 13 15 52 53 61 23 6 49 51 50 60 59 1 57 0 58
26 34 42 18 20 12 45 54 37 49 19 33 63 38 44 51 43 52 9 46 25 17 59 58 30 47 29 0 53 21 39 23 13 31 41 11 1 8 50 5 6 60 48 2 4 3 16 55 22 10 15 40 32 14 57 7 61 24 56 62
26 34 42 18 44 43 52 25 24 21 20 33 10 49 14 53 32 12 41 9 56 40 3 16 29 58 45 60 59 54 38 11 17 4 5 2 61 8 37 62 13 22 51 46 63 31 30 7 50 47 15 23 55 19 0 57 39 1 48 6
44 45 26 34 42 43 52 41 53 19 40 48 33 37 56 61 54 32 12 10 20 5 11 62 13 49 50 57 58 6 38 21 18 51 29 59 25 22 2 4 30 23 3 55 9 24 63 8 17 47 1 0 46 39 14 16 60 7 31 15
19 34 42 18 44 45 37 43 51 20 33 46 54 52 13 59 17 24 47 38 41 53 60 49 31 55 39 23 32 6 58 40 21 29 48 26 57 12 4 50 11 2 22 16 63 3 8 56 9 10 30 5 14 61 15 1 62 7 25 0
19 20 37 18 12 43 26 34 51 45 53 11 25 4 29 41 42 44 48 54 46 50 13 33 59 52 10 21 55 62 61 57 58 22 32 17 15 30 8 2 1 31 6 60 3 9 39 16 0 23 24 63 38 7 5 14 49 40 47 56
26 20 37 34 18 10 33 46 25 32 24 19 42 50 29 38 30 22 39 43 12 16 58 17 15 11 2 9 44 13 23 41 40 31 3 47 14 49 21 4 8 51 53 5 57 52 60 59 6 61 55 0 1 62 45 54 63 48 56 7
19 20 29 18 11 34 17 12 43 2 33 30 21 25 5 45 26 3 9 0 16 41 24 42 1 50 10 13 14 6 51 15 39 52 23 32 59 4 40 22 54 8 61 37 38 48 49 58 57 44 7 60 31 47 53 55 62 56 63 46
19 20 29 38 37 34 46 54 42 50 26 21 45 44 41 10 12 48 13 6 51 60 47 25 17 22 23 53 14 39 58 43 30 9 33 31 61 4 5 57 1 59 11 62 49 52 7 18 2 8 3 32 16 0 24 56 55 63 40 15
44 29 20 45 26 52 60 59 58 18 30 13 46 22 19 38 17 9 37 43 12 25 16 47 54 63 6 5 33 4 55 8 34 24 62 42 31 23 14 7 49 51 10 2 40 41 32 11 0 56 15 21 57 48 39 53 61 50 3 1
44 43 18 19 42 45 54 51 10 46 38 9 0 11 20 41 59 58 12 26 33 24 40 3 60 47 34 25 16 37 21 30 13 50 32 2 22 61 17 23 53 31 57 56 62 8 29 55 1 4 14 15 7 39 49 52 6 63 5 48
37 29 19 43 45 11 18 25 22 46 51 53 3 26 61 4 9 2 33 60 32 42 34 44 50 16 59 49 47 55 38 24 0 12 48 41 21 39 8 57 17 10 40 20 62 23 31 52 54 1 14 7 30 63 58 56 13 15 5 6
26 18 10 34 44 25 19 2 41 37 9 51 20 33 11 49 40 21 43 12 13 16 22 6 38 45 54 23 59 32 8 30 39 0 24 63 17 58 50 48 5 42 14 3 7 4 53 62 1 60 29 31 61 52 47 55 57 46 15 56
37 45 26 38 46 47 54 52 30 31 44 61 62 43 53 63 51 17 34 18 20 29 23 59 58 42 19 60 8 21 10 39 22 15 25 16 11 12 9 33 13 4 50 14 32 2 24 40 3 49 55 41 48 57 5 6 56 0 1 7
37 29 21 30 18 46 31 23 45 39 47 44 15 20 13 22 51 34 14 19 33 52 11 54 38 32 59 10 1 6 12 7 26 5 41 49 4 9 3 53 17 60 43 58 61 2 57 8 25 55 42 24 62 48 16 50 40 56 0 63
19 18 26 34 9 0 25 17 41 21 45 12 11 37 46 20 1 33 29 53 54 43 60 48 49 63 42 47 5 10 55 38 13 32 44 50 56 22 30 6 57 39 23 31 40 15 16 52 24 4 7 51 2 58 14 61 62 3 59 8
26 20 21 22 37 42 44 52 29 30 60 34 14 7 15 17 43 51 12 13 6 31 41 53 59 23 33 5 61 58 19 48 38 3 40 50 45 62 56 39 4 24 2 32 16 18 10 8 49 57 63 1 25 54 0 11 46 55 9 47
44 43 26 29 30 20 50 38 21 34 12 37 45 4 46 31 42 22 19 53 15 52 14 25 3 55 5 57 54 49 61 63 41 18 56 7 47 33 32 51 39 40 59 13 9 24 60 48 10 17 16 58 8 2 11 1 6 23 0 62
26 20 37 34 12 18 41 44 9 33 52 19 40 17 42 29 30 53 25 32 43 60 45 16 62 49 56 31 24 10 59 54 11 46 55 39 8 38 61 4 21 1 2 14 7 22 13 63 15 50 51 48 57 5 47 0 6 58 3 23
26 34 45 20 18 44 53 52 41 42 50 46 54 48 47 59 58 62 29 37 11 22 38 63 33 43 61 21 40 60 51 55 15 23 39 9 10 12 2 7 16 31 19 25 24 8 5 13 14 32 4 30 6 3 49 1 17 56 57 0
26 34 45 20 44 43 18 52 53 38 29 9 50 61 46 17 31 21 0 42 60 37 19 47 62 11 54 1 2 57 30 25 33 40 10 16 49 55 13 58 24 41 51 63 8 5 48 12 14 32 39 56 22 59 7 15 4 3 23 6
19 18 26 20 13 42 44 33 10 53 17 8 43 12 11 9 62 34 24 6 1 16 14 51 50 41 58 60 0 22 45 5 29 46 15 21 52 38 4 61 49 2 3 56 40 63 7 37 54 32 47 48 30 31 39 25 23 59 57 55
37 29 19 43 44 11 34 41 21 46 18 52 50 25 48 13 9 57 45 42 3 40 5 30 38 10 59 47 49 4 23 33 24 20 26 16 8 6 51 22 2 58 53 56 39 61 31 0 14 17 60 15 7 32 55 54 62 1 12 63
19 20 37 18 11 4 3 44 17 34 43 52 41 10 1 26 53 33 12 45 25 21 60 9 42 48 30 38 31 32 49 2 8 51 5 50 29 13 57 0 16 14 58 47 22 62 23 59 61 56 63 54 46 55 40 24 39 15 7 6
44 43 26 19 34 37 52 41 38 51 20 53 50 30 48 39 10 21 54 12 46 18 11 59 14 60 3 49 9 62 29 4 61 0 13 1 25 45 55 15 2 32 57 58 8 56 22 47 6 40 16 23 42 33 17 63 31 24 5 7
26 18 37 43 44 45 53 54 19 20 21 52 63 30 50 12 61 42 11 46 34 59 17 2 38 62 51 9 55 10 13 49 5 25 29 60 47 33 31 41 57 14 8 39 24 22 15 6 7 1 40 23 48 3 4 32 0 56 58 16
26 20 13 12 21 18 3 6 37 45 44 34 17 22 53 43 14 29 30 8 25 7 41 24 50 11 2 19 15 54 10 57 51 48 42 39 23 4 5 61 32 31 58 1 62 59 38 9 16 63 46 40 52 60 47 49 56 33 0 55
26 18 44 29 21 45 19 13 17 9 30 52 53 54 5 20 43 22 61 60 31 16 11 39 62 37 25 42 59 2 0 24 38 12 63 14 8 23 34 33 50 57 32 41 4 3 7 40 10 47 49 48 56 51 1 55 58 46 15 6
44 43 50 29 26 42 18 45 51 57 21 60 30 19 20 25 24 22 37 12 59 14 6 46 55 23 4 9 38 13 53 52 11 7 34 58 49 5 0 3 2 16 8 15 33 47 39 10 1 17 54 40 48 31 41 61 32 56 62 63
26 34 43 52 41 25 42 19 16 40 61 37 11 18 21 4 33 20 3 32 48 22 10 50 58 2 12 1 24 5 44 45 14 6 7 9 23 60 29 62 49 38 54 13 8 15 59 63 0 57 47 30 51 39 17 56 31 53 46 55
26 18 10 43 42 34 45 21 50 49 20 13 25 58 6 44 56 48 52 5 22 31 57 14 7 2 51 53 59 32 41 60 61 46 37 40 38 62 4 54 39 12 23 15 16 24 63 47 29 8 55 30 17 9 0 11 33 19 3 1
19 34 45 20 21 37 46 29 33 55 22 10 26 23 15 32 14 44 13 12 42 6 1 5 43 49 54 62 53 17 25 41 31 51 59 24 8 9 57 60 61 16 18 0 7 2 39 38 50 48 3 11 47 4 30 52 63 40 58 56
19 18 17 11 20 9 34 12 3 33 43 25 41 49 13 26 10 14 16 50 37 46 21 22 0 8 2 4 15 7 32 6 23 1 57 52 42 30 40 58 59 48 29 44 38 51 24 47 5 45 55 54 53 62 56 31 60 63 39 61
44 29 21 43 42 34 19 20 37 30 33 50 13 52 39 10 45 22 14 38 53 15 12 11 18 54 5 17 63 26 23 32 61 6 7 46 16 24 47 51 58 60 41 55 59 57 4 8 49 3 40 56 48 25 2 1 9 62 0 31
44 43 26 19 18 17 11 29 16 9 33 53 2 34 25 32 41 12 20 4 30 31 5 10 3 42 62 49 50 13 57 8 38 22 14 58 1 56 45 15 51 46 23 37 52 24 47 21 40 61 0 39 60 7 6 55 59 48 54 63
37 43 26 29 42 20 30 22 45 31 44 34 12 13 18 50 23 52 51 25 61 38 49 11 21 54 33 32 4 58 10 2 39 15 59 6 24 41 9 19 40 5 3 47 63 46 7 53 14 16 1 62 48 57 55 60 0 17 8 56
37 29 22 43 26 21 44 52 45 38 54 53 14 25 17 55 50 9 39 30 46 34 60 62 8 18 61 12 0 23 31 10 63 16 41 57 11 32 47 42 48 2 51 6 15 4 49 33 5 59 7 20 13 1 56 3 24 19 58 40
19 18 17 11 4 20 29 42 44 53 26 16 52 51 8 12 60 5 34 3 10 24 50 21 1 0 46 49 48 33 25 45 14 61 38 2 9 37 54 55 47 32 63 23 7 39 31 22 62 56 40 30 13 6 15 41 58 59 43 57
44 43 50 37 19 34 30 11 25 21 10 33 12 16 42 3 24 38 17 20 26 32 46 58 29 45 41 49 59 8 51 52 61 48 18 60 53 23 40 9 0 1 13 62 2 39 47 22 56 31 14 5 54 15 4 63 55 57 6 7
26 18 19 20 12 25 44 21 30 22 14 53 24 5 11 33 41 10 4 3 2 40 43 29 42 13 6 23 31 49 38 45 46 37 62 17 34 61 51 39 16 7 56 32 15 57 48 1 58 9 8 59 60 50 54 52 47 63 55 0
44 43 34 41 26 37 30 52 48 20 45 46 13 33 32 17 19 25 54 62 59 12 42 14 21 49 38 61 47 22 10 29 11 9 24 53 40 55 7 50 6 5 8 3 2 31 60 4 58 16 39 57 23 1 18 56 51 0 63 15
26 34 43 50 44 45 51 42 41 25 59 60 46 37 52 58 53 40 57 49 48 32 38 29 19 18 24 54 55 56 21 61 33 20 12 14 13 16 10 17 9 3 11 22 62 2 15 39 4 7 0 63 30 6 1 5 47 31 23 8
37 29 22 43 50 30 19 26 33 45 21 57 31 23 46 15 13 47 38 14 53 54 44 42 52 11 34 25 63 40 18 10 7 20 16 39 9 59 60 6 17 62 32 0 55 41 49 61 2 3 51 1 24 12 8 58 5 4 48 56
19 18 26 34 43 20 33 41 37 44 11 25 17 38 48 50 24 12 51 3 4 16 32 59 9 0 5 6 1 40 13 22 45 2 39 54 29 8 42 10 60 52 57 56 53 49 15 58 62 47 31 46 21 23 61 30 14 7 63 55
19 34 44 11 33 45 20 43 26 40 42 50 41 29 37 38 25 16 46 55 47 39 17 18 9 51 52 48 31 8 59 53 4 24 61 30 32 49 63 3 56 2 22 57 58 10 54 23 15 60 21 13 6 62 14 5 12 7 1 0
19 18 26 20 13 43 34 12 10 1 21 42 41 11 17 24 9 48 25 3 16 8 2 30 0 5 50 49 29 33 40 4 14 45 58 56 57 15 7 23 44 37 6 32 54 46 22 62 52 51 55 59 31 47 63 39 38 61 60 53
26 20 29 18 12 22 37 13 9 25 15 10 21 31 11 4 24 34 43 45 38 51 2 0 30 46 50 42 54 57 5 63 33 41 55 17 39 14 44 23 19 3 59 52 7 47 1 6 16 8 53 60 40 58 62 48 61 49 32 56
37 45 19 29 30 34 46 20 43 55 25 26 38 47 22 51 59 42 54 11 12 13 10 16 41 44 6 62 18 40 2 31 24 9 21 4 39 17 53 14 50 58 15 33 3 60 0 32 63 5 57 61 48 23 52 1 8 49 56 7
44 43 18 19 34 41 33 25 50 52 42 11 40 58 61 49 10 9 3 21 1 29 37 2 26 32 48 12 16 46 17 8 30 53 45 60 4 13 22 0 5 39 20 51 24 15 62 56 38 47 31 14 57 63 55 6 7 59 54 23
19 34 44 53 43 26 25 42 62 21 20 17 50 37 45 33 30 52 24 46 22 54 51 29 63 49 60 61 57 55 48 15 39 18 8 31 9 16 13 59 58 0 47 14 41 12 4 32 10 11 6 40 3 56 1 38 7 2 23 5
44 43 50 21 19 42 29 51 34 49 58 25 26 57 13 18 48 52 37 53 54 62 24 20 41 40 45 56 12 59 17 4 11 16 8 30 61 6 32 0 31 2 5 14 7 10 22 23 3 39 15 55 63 46 47 38 9 1 33 60
37 29 20 43 44 21 13 12 50 46 42 30 38 47 14 6 19 51 4 11 39 7 18 41 15 22 32 10 23 31 2 1 9 58 49 56 5 3 55 40 52 63 26 54 57 25 59 45 17 24 34 61 8 33 48 16 0 60 53 62
44 29 19 43 37 45 38 26 51 31 53 10 22 20 17 52 12 46 60 42 50 11 47 21 13 24 8 62 1 14 34 49 61 55 41 32 40 30 59 57 4 3 16 33 7 54 48 39 25 15 5 58 9 6 56 2 23 0 63 18
26 18 44 34 19 29 9 20 12 0 25 21 10 11 43 37 4 50 42 2 8 33 14 52 17 51 13 6 22 24 53 1 45 23 31 39 58 30 15 60 59 57 16 62 41 54 46 5 61 32 47 38 40 48 7 3 56 55 63 49
37 29 20 45 19 26 21 10 53 34 41 33 11 49 42 51 56 44 52 38 17 2 32 59 13 24 3 12 8 40 54 14 7 25 22 31 15 55 63 9 50 30 6 58 18 62 48 5 43 60 47 46 39 23 16 4 0 1 61 57
19 34 42 20 37 50 21 29 18 43 41 33 44 32 24 14 13 11 2 12 25 38 6 9 26 17 57 52 39 30 8 49 4 3 60 46 51 40 31 59 16 53 7 5 58 45 48 56 55 0 1 61 54 15 22 62 47 10 23 63
26 18 10 43 45 17 34 25 41 11 24 2 4 42 33 40 9 16 0 29 21 1 30 44 52 54 51 49 50 61 19 31 46 32 60 3 56 13 62 58 48 57 59 63 20 12 8 53 22 47 39 5 23 14 38 37 7 55 6 15
44 29 21 13 18 43 30 34 41 53 37 23 38 20 50 26 25 19 12 42 5 17 33 57 62 32 52 22 14 47 51 15 9 11 10 24 48 3 1 58 31 0 60 49 7 59 16 54 6 2 46 61 4 63 55 8 39 45 40 56
19 34 44 11 26 20 33 52 37 42 50 45 29 46 13 40 24 21 30 6 51 58 55 22 54 53 41 23 49 63 62 56 60 48 32 25 12 61 15 47 2 43 39 7 4 57 10 18 59 16 17 31 38 3 8 14 1 5 9 0
26 18 37 25 17 29 30 16 8 0 33 44 42 41 52 53 43 60 61 31 45 49 40 50 59 46 20 19 9 51 38 1 48 10 39 21 11 57 24 62 14 13 6 54 12 4 32 15 23 22 7 58 2 34 55 3 5 56 47 63
26 34 44 37 43 18 25 50 38 29 11 39 52 19 21 13 10 24 57 33 30 60 51 49 58 53 54 23 45 42 5 14 15 20 12 62 22 17 31 55 16 2 59 32 1 41 3 4 61 0 56 48 9 6 40 46 47 7 63 8
19 20 13 26 37 11 17 25 24 33 2 29 18 46 40 44 53 52 38 54 55 8 34 10 12 30 16 14 0 43 45 32 59 48 31 9 63 23 3 22 41 62 42 1 61 21 39 50 58 60 5 47 56 57 6 49 51 15 7 4
37 45 26 20 13 38 44 34 30 29 41 19 12 10 39 5 53 48 22 18 1 31 21 47 17 2 9 24 42 4 3 8 23 0 55 54 43 62 33 25 51 49 6 7 46 14 50 57 58 59 15 52 32 40 60 61 63 11 16 56
44 45 19 52 54 20 53 18 60 43 9 62 29 21 61 38 11 17 22 26 25 34 33 46 37 40 55 2 39 32 12 59 14 13 42 23 16 49 30 1 0 31 4 10 15 7 24 63 6 5 50 41 58 57 3 8 47 51 56 48
37 29 20 11 26 34 22 38 43 21 33 45 39 23 19 25 2 31 54 44 15 12 18 52 5 13 47 32 14 3 50 6 53 42 51 10 41 63 61 60 59 48 1 58 49 30 40 62 46 9 7 55 16 8 17 24 4 57 56 0
37 29 18 45 30 21 12 26 34 14 19 39 31 33 13 5 7 10 25 20 47 22 44 52 51 6 40 46 42 41 11 2 23 17 16 49 57 56 50 15 43 48 60 58 38 55 1 8 4 59 54 62 63 61 24 32 3 9 0 53
19 20 37 44 51 10 21 34 12 46 41 33 30 22 29 5 13 53 18 17 42 50 31 49 48 39 24 6 52 38 55 54 1 56 62 23 16 32 15 40 3 45 26 8 4 9 47 11 14 60 2 58 43 63 0 7 59 61 57 25
37 43 42 45 51 20 19 18 44 46 9 26 17 49 34 33 25 41 11 52 13 10 61 4 2 3 50 24 38 6 16 54 29 1 56 60 59 12 21 57 55 22 8 30 47 58 5 62 40 14 32 53 23 7 31 48 39 0 63 15
44 43 50 29 26 42 34 51 22 37 52 30 38 49 18 58 19 53 56 17 25 33 21 39 24 14 54 60 45 40 7 16 8 11 9 20 4 46 32 63 61 41 55 2 10 62 15 57 47 12 48 59 5 0 3 23 31 6 1 13
19 18 44 43 50 11 26 33 9 10 25 32 40 0 12 13 1 20 4 34 14 15 8 48 3 53 41 16 17 52 51 59 37 2 24 46 21 22 31 6 38 5 60 61 7 30 42 45 39 58 56 29 49 57 62 54 47 55 63 23
26 18 19 20 45 54 10 42 63 44 37 30 52 53 62 21 29 25 12 17 33 34 39 22 23 32 40 61 49 43 16 56 24 31 50 4 11 3 60 41 5 57 58 13 2 51 15 14 46 59 7 48 6 8 38 47 55 9 1 0
44 29 20 45 37 11 21 13 22 31 15 38 14 52 19 42 5 26 49 43 3 7 51 30 23 6 61 59 53 10 18 4 33 58 60 25 2 12 34 40 57 17 24 62 41 32 48 16 47 9 0 1 46 54 8 56 55 50 39 63
37 29 22 30 18 15 19 26 23 46 7 31 39 45 13 34 25 21 42 11 14 5 44 9 4 41 33 24 40 51 50 43 17 10 59 48 8 1 47 53 12 58 56 60 6 55 57 3 38 49 0 20 63 32 52 54 16 2 61 62
26 34 43 20 29 37 46 17 33 41 8 52 51 18 12 16 49 40 32 13 6 58 19 21 48 3 10 45 22 14 44 53 7 47 54 25 42 0 5 23 39 38 56 59 15 30 50 55 31 63 11 2 24 61 1 57 4 60 9 62
44 43 50 51 58 21 34 29 37 46 30 31 20 57 23 11 22 41 55 59 26 18 48 53 10 25 19 38 2 1 52 4 17 39 62 54 47 3 49 42 33 9 45 15 56 63 24 40 14 16 60 61 8 32 12 13 7 5 6 0
37 43 42 29 19 41 49 18 17 9 30 16 33 20 11 56 0 46 57 21 12 22 51 31 13 1 15 58 2 25 40 5 6 14 26 44 4 50 39 32 23 48 59 3 10 60 8 52 55 45 24 7 61 62 38 54 63 53 47 34
26 20 37 42 43 46 12 21 41 51 44 3 58 19 29 49 33 40 34 52 25 50 45 22 59 48 10 18 11 53 47 32 5 4 13 30 57 54 24 38 23 1 2 31 0 17 8 14 62 16 56 60 7 6 39 9 63 55 61 15
37 45 26 18 19 20 11 42 9 25 21 0 53 12 49 29 13 3 34 50 24 16 58 22 8 6 14 5 44 23 4 32 15 46 38 47 30 7 2 61 17 56 43 31 54 52 62 51 60 63 57 59 1 55 39 33 41 48 40 10
26 18 44 29 22 42 10 52 53 54 45 37 60 43 21 20 61 51 41 19 59 30 12 17 50 57 47 63 31 32 25 3 34 15 49 58 9 4 62 48 14 33 24 8 0 13 7 1 38 11 56 39 16 23 46 40 6 5 2 55
37 45 26 38 39 18 53 29 9 47 19 34 30 11 44 22 42 25 55 33 10 17 23 43 3 12 16 51 20 31 4 46 59 52 54 62 21 0 1 63 49 58 57 14 40 50 61 13 15 48 41 32 24 8 60 2 5 56 6 7
44 43 42 29 22 49 34 30 19 10 41 26 56 53 45 37 17 8 21 40 11 25 24 20 51 60 50 12 32 23 62 18 58 52 15 14 7 16 46 39 5 38 55 54 9 6 13 33 63 1 0 3 4 48 2 59 57 47 61 31
37 29 22 45 53 46 43 21 14 44 38 47 52 34 31 60 26 18 33 50 59 54 25 42 57 7 51 39 10 15 13 12 6 32 24 11 63 23 30 17 40 55 41 49 48 19 4 58 3 56 61 2 20 5 16 62 9 0 1 8
37 45 19 38 39 18 53 29 21 34 17 22 30 9 14 25 33 20 13 43 42 46 11 61 26 23 31 44 51 2 8 47 62 7 16 52 0 6 60 15 55 59 50 24 32 40 41 58 48 10 54 63 1 12 57 56 49 5 4 3
37 45 26 38 44 51 39 31 58 18 19 29 17 47 54 25 20 11 10 52 30 8 24 21 3 34 43 33 40 4 42 2 12 49 60 13 23 53 6 46 1 62 50 0 22 15 63 41 57 5 61 7 55 59 9 32 14 48 56 16
19 18 17 9 37 45 44 16 26 29 0 10 12 34 25 52 53 8 21 33 2 3 4 20 40 41 42 43 1 14 7 11 50 46 47 30 59 54 38 13 55 49 24 32 57 39 22 15 5 60 62 56 23 58 31 63 61 48 51 6
19 20 37 34 18 44 13 12 21 9 33 30 38 42 4 26 0 24 51 52 50 10 14 17 1 11 25 22 60 46 23 7 39 16 8 58 41 43 57 3 32 53 2 56 6 40 45 5 55 59 49 48 61 54 63 29 62 15 31 47
44 43 18 21 34 25 42 50 41 32 14 26 17 29 19 10 11 20 38 13 51 9 16 37 6 4 57 53 52 49 3 5 24 1 58 33 0 23 30 8 48 60 7 12 61 56 40 22 45 2 15 47 39 46 62 59 31 63 55 54
26 34 43 20 29 44 11 50 51 30 57 12 21 17 31 42 25 60 41 16 19 33 9 32 4 48 52 14 18 59 49 10 7 24 40 37 53 56 38 22 15 61 1 0 8 39 13 58 45 3 2 62 5 6 47 54 23 46 63 55
19 18 44 43 26 34 17 29 45 10 42 12 1 16 9 2 30 20 4 21 14 53 11 46 47 54 60 50 62 63 57 22 41 6 7 58 13 40 0 31 3 61 38 15 49 39 8 37 24 52 51 33 55 25 5 56 48 59 23 32
26 20 37 25 19 34 24 18 10 32 42 43 44 50 40 17 16 2 1 53 58 21 33 38 3 57 14 11 52 60 39 51 45 9 12 13 56 49 61 22 29 54 5 41 23 4 48 30 47 46 0 55 63 62 8 15 31 6 7 59
26 18 37 34 17 45 44 43 9 30 53 10 23 38 11 61 54 19 31 52 51 20 42 60 13 55 21 16 29 4 24 12 8 2 62 63 3 41 1 25 48 14 32 50 33 22 6 5 57 39 58 46 47 0 59 49 56 7 40 15
19 18 26 20 12 42 10 4 44 9 29 21 13 2 37 52 60 17 8 46 0 34 25 51 50 33 30 31 41 32 23 1 11 53 40 5 3 59 55 38 43 39 47 48 49 45 61 56 58 62 57 22 54 24 6 63 16 15 14 7
19 20 37 18 11 44 21 22 25 26 23 24 43 42 51 12 13 38 49 34 29 3 39 14 32 47 55 50 16 9 41 48 58 30 4 2 1 53 5 15 56 31 52 60 10 33 61 57 7 6 40 0 59 62 45 17 63 54 8 46
26 18 19 34 44 21 37 53 14 45 17 10 43 29 61 62 9 30 52 12 20 8 38 42 13 46 51 22 0 58 4 60 23 11 1 7 15 5 3 2 47 31 25 6 50 33 32 40 48 57 16 54 63 41 49 56 59 24 39 55
26 18 19 34 42 44 33 21 17 9 53 49 20 24 0 37 46 62 52 10 43 38 16 60 30 13 11 2 56 50 1 55 40 25 61 22 45 32 47 59 51 12 41 3 58 8 63 48 14 23 29 15 6 31 5 7 4 54 39 57
44 29 21 43 37 38 50 30 26 12 31 42 34 22 45 49 13 18 41 52 19 54 46 20 17 51 60 15 5 9 56 48 0 47 23 14 25 16 10 1 40 11 8 53 58 57 7 33 39 61 63 55 3 4 6 59 62 2 32 24
26 20 37 34 42 25 17 49 19 21 24 41 44 52 51 43 60 8 10 38 29 18 46 1 3 22 39 32 13 30 50 54 15 33 31 11 57 53 4 45 40 23 55 5 6 12 14 48 56 47 16 0 62 61 59 9 7 63 2 58
37 43 50 21 20 45 26 17 34 19 14 41 8 22 18 10 12 29 23 5 3 15 30 13 46 39 53 57 6 61 31 38 51 11 48 52 54 7 2 63 59 47 62 33 25 32 55 9 16 42 40 58 49 0 4 44 1 60 56 24
44 43 18 19 26 17 12 29 16 52 53 34 41 9 37 20 2 42 51 62 33 45 13 10 38 0 50 40 3 30 31 11 49 23 48 5 54 59 1 46 4 56 32 22 25 6 55 57 47 21 15 39 60 24 14 8 7 58 61 63
44 43 34 25 42 50 41 29 58 52 19 26 22 51 24 48 61 37 30 59 57 49 33 17 8 45 53 54 62 56 63 40 60 9 32 55 46 16 10 1 12 21 20 5 3 14 13 15 6 31 23 7 11 4 47 39 38 2 18 0
37 45 53 20 19 38 44 51 31 18 11 4 3 2 12 34 43 54 33 61 30 52 63 46 59 60 55 58 62 13 50 26 10 25 17 41 48 32 14 24 9 22 57 6 49 39 15 8 47 1 29 16 42 21 40 56 5 23 7 0
19 34 45 20 12 29 22 44 37 21 33 4 51 30 18 14 7 17 23 39 31 54 10 26 3 2 11 40 53 42 25 15 63 6 5 9 32 38 16 60 49 50 43 52 46 56 48 24 8 1 41 59 47 62 61 57 0 13 58 55
44 45 37 43 52 61 34 25 18 9 42 20 21 22 29 30 0 41 23 38 51 31 48 33 17 46 26 15 54 24 47 58 50 62 19 11 13 10 59 4 8 49 2 1 55 57 39 14 32 12 5 16 53 63 7 6 56 40 3 60
44 43 18 45 34 20 13 26 54 10 29 25 42 63 41 53 52 50 17 32 3 2 19 61 51 6 11 60 62 24 49 59 40 22 9 0 30 48 16 21 46 38 56 39 23 37 4 57 55 5 47 33 31 8 58 15 12 14 1 7
37 43 18 19 26 29 12 17 33 25 16 45 44 41 51 10 49 52 38 9 59 5 3 50 11 42 34 60 58 40 30 46 32 23 48 24 31 2 53 61 20 57 1 56 39 62 13 4 15 55 54 0 8 14 6 63 22 7 47 21
19 18 26 34 9 10 17 24 25 8 43 29 21 44 0 33 2 52 16 13 51 11 61 20 3 12 30 5 32 58 53 62 45 1 42 41 50 60 6 46 59 39 63 7 22 57 56 23 49 40 48 37 47 4 54 55 14 38 31 15
26 20 37 46 38 25 21 22 19 10 54 39 29 34 44 30 1 52 14 47 24 53 33 42 49 41 12 6 60 32 48 17 9 43 31 55 62 56 51 50 58 59 63 11 13 45 57 5 2 15 23 16 3 61 7 18 4 40 8 0
19 18 17 11 45 16 10 43 50 1 3 37 20 53 9 2 54 26 61 21 8 4 38 44 13 22 14 63 12 29 31 57 51 59 34 25 41 32 30 46 62 42 33 55 0 60 48 23 58 5 15 47 39 7 24 40 52 49 6 56
19 18 44 43 50 37 30 21 12 20 17 14 29 38 22 11 3 4 13 26 7 10 33 34 9 16 41 52 25 23 42 32 15 45 53 5 6 57 60 2 24 1 46 51 8 40 31 61 58 0 54 63 48 59 55 47 39 62 49 56
26 20 21 18 19 22 37 34 25 42 13 4 6 44 9 24 41 33 11 10 17 16 29 0 1 48 31 40 53 3 32 14 49 15 50 57 8 38 7 5 12 59 46 43 45 54 58 52 56 23 51 60 2 30 47 55 63 62 39 61
37 45 26 20 19 38 13 18 44 25 9 43 39 10 24 31 51 46 29 8 2 33 42 40 54 60 41 21 23 63 47 55 12 52 59 30 22 34 61 1 53 16 17 49 3 5 50 15 0 11 48 62 32 58 6 7 4 56 57 14
26 18 19 34 42 20 21 22 37 44 51 38 12 49 23 60 33 13 9 24 39 30 58 31 32 14 16 53 5 41 52 25 17 50 29 4 48 46 40 43 54 61 45 56 57 6 11 62 59 3 55 1 0 8 63 15 7 10 2 47
26 34 41 33 43 20 13 12 29 14 32 44 45 38 21 52 19 10 47 17 46 37 1 50 6 42 30 22 31 15 8 40 60 54 59 53 25 11 2 57 58 24 51 61 23 48 18 4 63 49 56 55 62 39 9 3 16 0 5 7
19 34 44 21 37 53 33 42 43 24 62 38 20 45 14 12 13 6 46 54 11 29 55 61 26 47 51 10 40 18 49 2 39 60 32 56 17 48 52 5 50 15 4 9 7 8 23 22 30 3 25 31 0 1 63 58 59 16 41 57
44 43 34 45 19 20 29 41 51 22 33 59 21 13 30 38 37 25 14 6 15 23 39 46 5 18 47 26 48 4 53 42 11 61 60 40 58 12 10 9 49 57 54 55 32 62 24 50 17 8 0 31 3 7 63 16 52 2 1 56
44 29 18 42 20 21 30 53 14 19 49 45 54 43 10 7 37 12 34 56 22 9 8 15 41 31 17 1 52 61 23 38 5 63 3 25 46 39 16 4 13 51 60 33 40 11 24 32 50 0 58 57 47 48 62 26 2 59 6 55
26 18 10 20 29 22 45 44 37 34 33 17 15 40 43 30 13 38 47 50 16 8 25 19 9 1 31 51 59 11 2 42 41 21 0 6 4 52 46 39 12 54 55 48 62 58 23 3 60 32 14 7 24 49 56 63 53 61 57 5
44 43 34 29 21 33 42 51 26 25 17 45 30 8 24 14 60 58 50 19 18 16 13 40 46 10 7 31 37 55 11 32 47 4 3 49 41 52 20 53 5 48 2 39 57 1 61 12 59 62 22 23 15 38 56 54 63 6 0 9
19 34 41 21 43 50 51 18 20 26 17 48 25 16 11 44 57 24 45 10 13 37 38 52 9 12 32 58 22 54 3 42 63 1 49 14 6 39 60 30 2 56 31 61 47 53 8 4 59 29 46 62 33 40 23 15 7 0 55 5
26 18 19 20 37 43 34 42 9 44 13 21 45 29 33 10 49 54 51 53 1 59 63 5 60 58 50 41 61 12 17 56 40 30 38 46 14 2 57 16 8 22 15 23 25 62 55 39 4 0 31 7 47 6 52 48 11 32 3 24
19 20 45 26 33 10 12 13 1 29 14 11 22 54 37 18 53 2 55 34 25 16 42 40 24 43 3 6 4 5 32 46 7 9 47 41 50 38 30 51 60 61 52 23 31 17 62 44 48 49 0 63 58 21 15 57 56 8 39 59
19 20 45 10 21 22 1 18 14 54 30 37 26 25 63 7 12 11 2 4 24 43 50 17 9 16 3 44 8 51 42 38 33 52 46 49 13 34 6 0 29 5 56 23 15 55 60 39 41 62 31 32 48 47 59 61 53 40 58 57
37 29 22 46 38 30 19 26 39 11 53 15 23 44 10 9 21 55 43 42 51 62 52 45 7 50 49 34 25 16 59 17 3 31 54 14 5 60 57 58 12 47 1 48 56 61 63 13 33 32 40 8 24 6 20 4 0 2 41 18
44 29 18 43 42 50 30 9 57 31 19 26 33 49 34 45 17 10 37 52 41 8 0 25 16 11 2 56 20 32 23 58 21 3 61 46 59 38 53 14 54 15 13 40 48 63 4 51 12 55 62 24 39 1 60 6 7 47 22 5
19 34 45 21 33 44 14 46 54 62 43 18 37 10 47 51 9 38 63 17 20 52 39 12 13 8 4 31 58 7 16 53 29 24 0 59 60 32 11 55 40 2 15 5 30 26 22 6 50 3 61 57 56 1 23 41 49 48 25 42
37 29 20 13 18 45 46 44 54 43 53 42 6 61 52 9 26 47 34 59 38 12 21 19 49 14 10 39 30 60 3 41 8 2 63 22 40 16 15 55 1 48 0 32 33 50 56 7 51 25 23 4 31 57 5 17 58 62 24 11
19 34 42 18 44 11 9 25 10 20 33 8 3 2 17 52 13 1 37 21 22 24 16 41 29 51 0 23 12 38 46 30 26 5 60 55 50 4 14 43 39 58 48 7 6 53 57 31 40 15 59 49 45 61 56 47 62 54 32 63
37 45 26 20 54 44 13 46 38 18 9 55 21 30 52 51 39 60 59 62 50 22 31 19 43 0 17 34 41 25 42 53 47 61 63 12 3 57 16 32 58 10 56 5 48 24 11 14 2 33 4 49 6 7 8 1 15 23 29 40
19 34 44 21 37 38 41 10 20 51 1 12 45 18 43 48 11 3 46 47 26 9 33 42 58 52 5 60 22 13 49 23 39 24 14 56 8 6 55 4 57 29 17 0 53 2 30 25 16 31 7 59 32 61 15 40 50 54 62 63
37 45 44 29 21 43 53 22 34 46 15 61 20 30 54 47 38 18 62 39 50 41 60 31 19 52 33 57 9 0 49 32 17 13 12 4 25 59 14 23 51 11 16 42 5 7 26 63 2 24 3 40 48 58 10 55 6 56 1 8
37 29 19 45 30 23 53 44 43 51 38 26 18 61 54 39 46 55 25 47 31 10 20 12 11 50 63 17 58 22 9 52 15 62 13 14 57 3 60 49 40 8 2 4 59 1 21 42 33 41 34 5 48 56 16 32 0 24 6 7
44 43 26 29 42 52 45 38 30 41 49 17 54 37 47 22 21 19 40 46 53 62 34 56 18 12 16 25 55 8 59 9 61 48 31 24 13 14 0 2 63 10 15 32 39 60 51 20 6 58 33 23 50 5 57 7 3 4 1 11
26 18 10 34 45 17 25 33 8 11 9 37 44 53 42 0 38 50 54 16 19 12 62 3 41 40 2 46 55 63 4 30 39 21 23 1 29 61 32 47 48 5 60 31 51 49 20 22 13 52 43 14 15 59 24 56 6 7 58 57
26 20 37 34 19 44 13 46 42 17 38 12 8 6 5 4 51 30 39 10 54 43 52 53 3 49 60 59 21 2 58 41 33 22 48 18 40 55 9 56 14 50 29 47 61 23 63 45 1 32 25 16 31 15 62 0 11 24 57 7
26 20 45 34 33 44 18 46 52 59 29 41 47 32 60 9 0 19 21 30 17 13 42 61 37 12 40 43 31 55 14 54 4 16 5 51 8 50 49 23 10 2 38 22 63 39 15 3 53 57 11 7 56 62 48 1 24 58 6 25
26 34 43 52 45 19 18 21 29 33 25 37 12 17 30 14 59 5 32 9 44 39 13 22 23 61 3 46 11 10 6 31 41 16 20 49 38 47 8 54 53 1 48 4 63 2 50 57 51 62 60 42 0 56 40 15 24 58 55 7
26 20 37 44 13 17 52 29 21 38 43 12 47 6 18 34 42 39 30 51 8 33 31 23 15 14 3 61 5 4 49 45 40 24 11 10 41 22 25 32 59 60 19 54 1 2 63 56 50 53 58 55 7 57 16 46 48 9 62 0
37 45 19 29 46 38 44 55 31 53 52 30 23 10 20 51 47 43 59 12 1 26 4 5 34 42 41 50 54 60 25 18 21 14 6 62 11 48 63 22 33 2 57 24 49 56 17 40 3 9 15 58 13 7 0 8 16 39 32 61
37 45 44 43 53 30 52 61 62 20 26 25 21 29 51 58 60 13 5 12 11 50 34 3 4 46 59 22 15 42 2 19 57 38 17 14 47 6 7 55 63 10 54 39 23 33 49 9 40 18 32 24 0 31 1 48 16 8 56 41
26 20 21 34 44 43 19 18 17 11 50 16 25 13 4 33 6 53 24 14 29 12 15 9 40 2 8 41 62 59 48 51 37 7 3 45 30 32 10 5 52 60 61 42 46 54 57 31 47 0 58 38 1 63 22 49 55 39 23 56
44 43 26 45 52 59 51 20 54 42 37 38 46 62 31 18 33 17 19 41 29 11 34 50 58 40 60 25 55 61 3 53 10 4 8 21 30 16 5 39 2 12 9 0 14 1 24 49 57 23 63 22 47 7 15 6 13 56 48 32
26 34 43 50 33 19 20 12 29 40 45 44 52 38 22 46 11 42 51 61 54 37 41 2 57 58 55 18 39 48 9 15 49 53 32 10 3 8 62 56 1 21 59 60 17 31 14 7 30 23 13 47 63 5 4 0 25 24 16 6
26 18 19 20 13 12 29 43 5 25 51 44 45 11 17 38 24 54 21 9 34 32 37 52 63 4 59 61 33 50 10 6 60 40 47 3 62 22 0 42 2 46 15 16 55 31 53 1 41 48 23 14 58 49 7 57 30 39 8 56
19 20 29 18 10 38 17 11 44 45 37 9 30 22 26 52 47 33 1 8 21 39 0 34 25 14 53 32 40 42 41 16 51 46 31 49 43 50 23 60 59 48 24 54 63 58 3 15 55 12 62 61 56 4 6 13 5 7 2 57
26 34 45 37 43 18 29 54 53 44 42 30 33 61 38 46 19 41 39 25 23 10 20 13 60 59 1 11 9 22 3 0 8 16 32 62 49 50 55 21 51 2 63 12 5 56 17 52 48 6 15 57 58 14 7 4 47 31 40 24
26 18 19 20 21 22 12 4 45 42 9 34 23 33 49 30 11 37 29 54 53 17 44 14 7 1 10 25 43 62 0 8 61 50 58 46 3 52 47 2 31 63 24 60 15 51 38 41 16 59 40 57 32 13 56 55 48 39 5 6
37 45 44 43 51 53 42 58 26 41 62 61 54 29 30 19 40 46 12 25 59 22 47 63 24 52 15 23 31 49 60 17 34 10 18 50 1 33 16 11 20 8 3 2 57 5 38 55 21 56 0 32 48 4 13 14 7 6 9 39
44 29 20 45 37 43 26 11 21 17 19 22 54 12 3 5 25 18 53 32 51 14 38 13 30 4 6 52 60 63 55 47 46 31 24 39 16 9 34 58 15 42 1 7 33 8 2 49 10 59 61 0 57 62 41 50 48 40 23 56
37 29 20 11 21 22 18 45 12 3 54 34 13 30 42 4 14 6 41 33 25 63 43 9 26 44 7 48 39 38 19 15 0 16 46 17 23 55 24 52 53 51 62 49 60 47 40 58 50 2 8 59 57 56 31 32 10 1 5 61
19 20 29 18 43 45 10 2 12 22 15 21 11 42 25 4 13 38 34 44 9 33 54 16 50 51 37 14 6 49 39 63 41 31 8 0 23 1 56 3 26 48 59 46 57 30 32 40 53 52 62 5 24 61 47 17 58 60 55 7
19 18 26 34 33 21 29 11 44 43 50 25 14 52 60 37 42 57 30 32 51 46 10 13 24 31 4 2 22 61 40 7 41 20 6 49 12 23 39 45 15 48 47 59 58 56 38 55 3 17 16 5 54 53 9 0 8 1 62 63
37 45 53 54 19 61 63 55 47 18 26 38 29 39 52 22 9 10 2 17 8 33 34 59 31 16 11 3 21 43 23 0 44 13 12 15 46 5 50 1 62 20 7 41 32 42 49 48 40 25 56 51 57 58 4 6 14 30 60 24
19 34 44 53 42 26 18 11 52 17 25 51 4 33 32 43 9 37 61 16 29 40 48 3 49 45 50 60 41 2 62 58 59 22 12 57 20 13 56 10 46 55 5 54 39 47 8 31 63 1 30 6 15 38 0 21 24 14 7 23
37 29 22 45 21 30 23 31 43 14 7 44 53 20 18 34 39 52 38 46 33 42 51 25 50 49 26 54 13 6 57 9 15 41 62 59 24 47 10 11 0 60 55 16 32 8 56 63 40 48 12 19 17 61 1 5 58 2 4 3
44 29 18 26 20 53 52 21 54 19 12 17 22 13 8 30 37 42 5 4 10 6 34 9 0 31 3 43 39 25 41 62 23 61 45 15 14 55 33 49 50 51 57 32 60 38 63 2 11 56 7 48 40 16 47 46 1 58 59 24
37 43 50 21 18 44 19 57 42 9 26 11 52 38 12 51 30 23 3 53 46 33 22 17 34 25 62 20 32 24 13 54 40 5 1 4 6 10 41 16 49 56 45 48 55 39 47 14 8 29 7 15 61 63 31 60 59 0 58 2
26 18 10 9 8 0 37 16 19 45 17 43 54 38 29 25 32 21 1 46 50 30 47 20 31 2 14 51 44 49 11 3 58 13 57 63 52 53 12 42 60 7 22 59 15 34 40 61 41 48 62 33 24 23 39 56 4 55 6 5
37 29 22 42 26 38 44 20 13 11 46 43 21 52 45 17 30 34 41 53 59 33 32 31 2 12 23 5 54 47 25 48 3 50 14 16 39 51 9 7 19 4 6 40 55 58 49 1 56 10 57 18 8 61 62 15 60 24 63 0
19 34 44 21 29 20 42 43 12 45 41 11 22 33 10 48 24 13 51 2 14 58 52 25 59 6 54 9 4 60 40 7 1 46 17 23 15 62 18 16 53 26 8 30 31 39 3 32 63 49 47 38 61 37 56 0 50 5 57 55
44 29 21 45 46 43 26 13 30 37 42 52 12 41 51 50 14 19 10 38 49 57 53 22 59 47 56 1 54 17 40 15 11 6 7 33 32 31 23 61 25 5 4 55 9 60 62 39 63 58 20 3 48 8 34 24 2 18 16 0
37 45 26 20 13 12 21 14 19 42 44 34 46 52 22 10 33 43 7 54 11 3 9 47 18 0 8 16 60 1 49 23 50 41 55 24 30 58 17 5 63 2 15 29 57 61 31 56 4 39 59 6 32 25 48 53 38 40 51 62
37 45 19 29 54 53 22 63 46 38 47 10 61 30 39 43 34 55 20 33 51 12 21 31 32 41 4 11 1 44 26 42 52 3 13 58 50 49 60 17 56 15 9 40 24 6 18 8 48 14 2 59 16 62 23 0 25 5 7 57
37 45 44 29 20 19 46 34 30 11 21 38 42 51 10 22 26 1 12 25 14 54 17 39 24 55 62 31 18 50 9 23 43 41 33 5 15 47 13 7 52 61 49 32 63 59 57 4 16 48 53 2 58 8 56 60 3 40 0 6
19 20 29 34 42 30 37 43 33 11 12 45 18 10 54 44 52 26 2 1 23 63 9 32 0 61 41 17 25 50 49 16 21 22 13 6 57 53 15 59 51 46 38 3 24 58 4 60 40 31 62 5 14 47 8 55 39 48 56 7
26 18 44 43 50 25 42 29 9 10 22 30 24 15 20 32 31 38 47 45 13 16 2 41 52 6 51 58 33 53 19 46 11 14 60 61 59 4 34 17 40 1 8 37 49 3 57 48 23 39 7 56 5 21 0 54 55 62 63 12
44 45 37 43 50 42 54 30 38 39 49 46 53 57 51 61 26 34 52 62 47 21 31 55 63 59 33 56 22 17 48 40 19 25 32 14 41 29 16 10 20 24 6 8 9 58 12 5 3 7 13 4 15 11 1 2 60 18 0 23
44 29 22 52 21 20 53 34 51 38 43 62 25 58 45 23 50 42 49 59 13 12 47 33 11 40 26 57 31 39 41 19 54 5 4 55 14 30 32 16 48 2 63 7 10 1 56 61 60 3 18 17 6 15 0 37 8 24 46 9
37 45 26 38 54 34 42 52 46 33 24 19 30 50 49 20 21 32 18 31 41 16 25 62 53 60 47 39 58 9 11 59 40 57 51 43 44 12 8 56 10 0 23 2 13 22 29 48 15 14 6 4 1 17 61 3 5 63 55 7
19 20 45 26 33 11 12 43 51 13 5 29 30 44 52 59 18 25 34 38 6 50 3 22 10 41 31 37 24 4 49 14 57 17 53 7 23 32 48 58 46 39 15 54 16 2 55 42 60 63 21 47 62 8 40 9 1 0 61 56
26 34 41 19 20 18 12 11 17 48 45 37 46 13 42 25 3 4 40 2 9 43 56 0 6 55 44 22 38 29 21 47 33 52 54 63 53 32 23 14 31 60 61 50 58 30 62 51 5 49 10 8 57 59 1 15 16 39 24 7
37 43 34 29 51 41 25 33 32 17 22 44 16 50 26 15 21 59 18 9 52 53 57 42 54 60 11 46 61 62 23 31 19 49 2 10 55 4 40 30 56 0 1 48 39 24 3 47 45 8 58 38 5 13 63 6 12 14 20 7
44 45 19 34 54 53 43 20 52 18 25 51 9 60 29 16 26 46 41 63 50 33 55 17 11 21 14 37 12 61 47 48 59 57 40 42 32 1 58 22 13 5 62 7 6 4 0 10 23 15 56 2 8 31 24 49 38 30 3 39
26 20 45 44 13 25 17 42 52 37 33 19 34 18 51 6 29 32 12 53 24 8 54 30 41 63 55 10 11 3 23 16 1 62 2 59 38 39 47 22 14 4 5 48 49 56 43 9 31 21 7 40 46 58 57 0 60 61 50 15
19 18 17 9 37 20 26 46 1 44 45 43 42 41 10 0 53 61 8 33 30 16 34 11 50 49 32 51 59 40 12 57 47 25 4 54 48 21 62 52 60 3 14 55 39 22 56 6 63 23 2 5 29 38 31 13 15 24 58 7
37 29 20 45 34 33 38 12 32 44 43 21 46 53 62 52 30 23 51 59 54 55 4 50 63 26 18 47 31 17 60 3 22 5 16 13 15 42 6 9 1 14 19 25 2 8 41 48 11 10 61 40 24 58 57 7 0 49 56 39
26 20 29 18 10 38 37 43 39 21 30 22 42 46 13 9 53 12 11 34 44 4 19 54 3 2 8 52 60 16 51 58 0 17 55 1 45 61 62 5 31 33 49 56 6 23 59 14 50 47 24 57 48 41 25 63 15 40 32 7
44 29 18 43 21 20 19 52 45 42 51 60 30 11 26 46 12 14 59 17 3 31 37 58 34 10 33 2 1 24 41 5 25 48 54 9 55 63 22 23 62 32 8 0 53 47 38 61 13 16 39 4 50 57 7 15 6 40 49 56
37 43 34 45 51 20 21 33 32 41 19 38 44 18 50 42 30 24 17 14 29 39 16 10 22 52 2 48 6 59 23 15 54 1 57 49 3 31 25 12 60 5 4 53 0 63 61 26 13 9 11 46 62 56 58 40 8 7 47 55
44 43 50 29 34 57 20 19 52 11 10 33 32 9 30 38 22 18 47 45 1 60 21 51 37 31 12 23 39 5 13 42 14 24 15 3 49 25 4 26 2 41 8 17 48 40 53 59 58 6 56 54 55 63 46 7 16 61 62 0
37 29 21 30 19 44 38 20 53 42 39 18 26 43 10 22 14 17 41 23 34 49 57 56 16 31 12 2 15 13 5 33 40 11 1 0 25 51 3 58 50 8 9 45 48 24 52 4 32 60 59 54 61 7 6 47 55 46 63 62
26 20 29 22 44 34 30 43 12 45 14 17 50 37 41 23 53 33 38 42 8 19 32 21 25 16 49 52 11 62 51 31 18 2 10 40 54 57 58 55 15 0 61 13 60 46 47 7 56 1 3 9 24 48 5 4 39 59 6 63
44 43 18 45 34 9 52 59 0 20 61 33 54 60 13 46 29 63 58 37 38 30 47 55 31 19 32 39 21 62 26 17 11 57 10 3 2 23 4 41 42 12 24 51 14 53 22 6 5 16 40 25 7 1 15 50 8 49 48 56
44 29 18 52 53 9 60 34 26 42 10 2 20 37 46 38 49 54 19 51 41 50 1 0 58 33 45 21 59 17 13 30 16 25 24 12 23 57 3 5 22 11 56 31 32 48 55 43 39 40 4 14 63 8 7 62 15 6 61 47
37 29 19 43 45 26 17 42 34 46 21 10 50 44 38 30 53 12 39 24 1 25 33 40 31 3 11 55 18 23 13 14 54 61 4 51 20 47 62 5 16 58 6 52 41 63 60 2 15 8 9 59 49 0 22 56 57 7 32 48
37 45 53 43 26 54 34 29 51 25 22 52 50 49 38 15 61 47 39 42 16 46 59 60 63 24 20 12 13 18 4 55 10 58 19 62 21 11 30 33 23 2 40 32 31 5 56 8 17 3 1 44 7 14 57 0 6 9 41 48
26 18 37 25 19 12 10 44 5 29 22 38 46 20 52 53 34 39 11 17 51 45 43 58 50 21 47 23 62 30 13 2 16 6 31 57 33 55 54 3 49 59 7 60 15 9 1 14 63 0 8 24 32 42 41 40 48 4 61 56
44 43 50 51 18 29 42 34 41 53 60 20 45 33 13 48 25 57 32 26 40 10 11 12 49 9 2 17 16 58 61 24 19 62 63 6 46 3 30 31 4 0 37 21 8 54 56 38 47 59 23 22 5 14 39 1 7 55 15 52
37 29 19 26 20 44 34 11 13 30 25 24 46 42 23 21 33 41 52 60 51 5 49 31 14 18 3 12 32 38 16 58 53 9 17 50 59 55 2 8 0 62 6 10 4 15 43 40 22 1 39 45 54 7 56 61 63 47 48 57
19 18 26 34 42 50 9 0 49 11 33 48 44 45 58 20 12 21 13 24 29 22 46 53 62 38 37 43 56 4 31 41 25 39 23 32 40 57 5 15 3 6 47 52 17 61 14 54 55 30 1 59 60 16 63 10 2 8 7 51
37 43 42 41 50 58 40 32 18 48 57 59 60 29 44 45 53 34 46 21 13 52 19 20 12 22 51 17 31 38 14 26 30 62 9 4 16 23 49 8 25 33 10 56 0 47 5 2 3 61 39 6 11 24 7 1 15 55 54 63
26 18 19 20 11 34 43 2 41 51 13 25 3 4 29 48 24 16 8 38 10 6 30 9 52 17 50 33 1 12 32 59 47 31 14 46 37 49 5 42 22 21 0 23 56 57 45 54 44 61 58 53 62 39 40 60 7 55 63 15
44 45 19 52 53 20 46 42 37 11 59 55 30 60 34 29 18 26 22 58 61 10 17 16 33 41 9 1 43 40 50 62 54 38 21 25 0 47 51 12 49 15 63 14 13 56 23 32 48 2 39 8 7 24 57 4 3 5 6 31
19 18 26 20 11 42 17 8 34 25 13 12 21 33 5 22 41 43 45 40 48 44 50 57 31 23 52 46 38 60 58 39 56 29 15 54 10 51 24 59 61 9 47 37 53 55 30 14 0 7 3 4 49 32 63 62 2 1 16 6
26 20 37 46 21 19 13 44 45 25 53 42 47 62 29 5 6 55 63 11 54 7 22 23 18 4 12 10 38 39 61 30 17 16 14 51 43 34 9 60 31 3 52 1 8 24 2 0 49 41 48 15 50 57 59 40 33 32 56 58
26 34 45 17 43 20 19 52 8 37 41 21 44 51 53 61 59 18 60 42 30 48 62 38 25 33 29 16 50 54 12 58 57 49 40 4 39 31 9 11 46 63 55 24 32 1 2 56 5 47 3 0 13 10 22 6 14 7 15 23
19 34 43 50 33 11 26 40 51 59 52 29 18 9 22 45 3 25 32 42 0 30 54 24 20 4 2 1 17 13 41 63 31 8 57 44 46 16 61 38 58 10 37 15 62 55 12 60 14 23 53 48 49 56 21 5 47 39 7 6
37 45 26 34 41 18 53 38 20 19 39 12 9 17 10 3 16 48 5 46 42 33 47 54 11 30 21 60 29 51 44 24 32 14 61 55 59 4 25 8 13 6 58 43 15 31 49 52 1 0 22 2 63 57 50 62 40 23 56 7
19 20 21 12 29 26 4 22 13 44 43 50 38 5 18 3 15 31 14 10 45 30 52 46 51 42 6 61 2 37 34 58 54 33 25 23 39 11 60 55 40 24 41 32 49 48 16 59 57 17 56 47 62 63 9 53 7 8 0 1
37 45 19 20 21 29 53 18 26 54 17 34 41 9 43 61 63 25 16 55 0 13 46 48 22 11 60 47 2 31 6 24 33 3 62 30 38 44 10 8 15 39 23 50 32 1 59 40 52 51 42 5 14 57 58 49 56 7 4 12
19 20 37 44 51 26 12 11 3 53 33 4 45 10 43 17 5 25 18 40 52 46 47 60 34 38 2 55 54 58 50 62 63 59 32 42 49 29 24 41 31 30 48 8 23 9 16 0 61 1 57 6 39 56 21 14 13 22 15 7
26 18 37 25 24 34 43 42 17 21 44 20 33 41 51 45 11 16 49 4 29 48 19 50 22 15 2 52 8 32 23 30 59 12 46 53 10 47 55 0 38 39 7 9 56 58 54 63 57 14 5 3 13 60 61 1 31 62 40 6
37 45 44 29 46 52 18 34 41 26 20 12 43 9 4 25 19 38 60 5 0 21 42 55 54 49 6 50 58 17 30 48 10 59 24 61 13 8 51 47 40 11 62 32 53 57 16 31 1 39 2 3 33 63 22 15 56 23 14 7
19 34 41 21 29 11 26 20 37 38 13 25 3 12 39 47 17 22 31 48 14 2 10 6 4 23 18 42 33 32 46 5 43 51 52 24 45 55 15 53 50 30 59 58 54 61 57 60 9 0 16 56 44 8 49 1 62 63 7 40
44 29 18 42 30 21 20 39 14 7 43 37 49 52 60 56 31 53 45 46 47 23 12 51 15 19 34 4 5 13 54 6 22 25 62 26 11 61 17 63 24 59 38 9 58 16 32 40 55 33 10 57 8 2 48 3 0 1 41 50
19 18 37 11 3 4 5 45 26 29 25 9 38 47 54 34 46 62 17 52 55 20 63 10 39 33 32 41 2 43 50 12 42 30 40 49 0 53 61 1 24 8 48 56 31 57 60 22 16 21 58 6 23 14 13 59 7 15 44 51
44 45 37 43 18 29 42 9 38 41 21 22 49 13 19 30 31 11 53 39 40 20 26 54 2 51 60 61 62 4 3 12 16 33 15 0 6 52 24 1 17 23 34 50 14 7 47 46 55 8 57 32 25 48 5 63 59 10 56 58
44 45 37 29 46 43 20 13 26 19 42 33 22 52 11 47 17 51 60 53 38 31 61 34 55 21 58 54 32 3 18 25 14 40 6 4 63 9 39 15 48 62 41 50 7 12 23 30 16 49 10 59 56 24 1 57 8 0 2 5
44 45 37 29 20 19 30 13 21 52 51 22 14 50 10 23 53 43 12 61 34 4 59 18 46 38 39 47 54 5 26 41 57 31 7 9 33 32 25 17 16 11 49 55 1 58 15 2 42 8 60 48 0 56 40 6 62 24 63 3
44 45 37 29 46 54 21 13 26 34 62 17 30 43 53 31 19 38 8 52 5 55 61 22 59 10 63 4 12 11 14 60 9 23 25 6 47 42 50 49 18 33 15 58 51 3 57 39 48 56 20 1 40 7 2 32 41 0 24 16
26 34 41 21 37 42 43 46 29 19 20 51 10 33 44 13 38 49 32 18 57 48 9 2 60 40 14 24 54 52 50 45 61 47 11 56 31 63 12 6 22 15 5 23 55 3 53 16 8 62 25 58 7 1 4 0 30 59 17 39
19 18 17 34 42 11 3 9 25 29 21 43 0 50 44 53 51 60 22 37 59 58 49 48 46 30 38 14 41 26 6 16 33 1 20 45 62 23 15 47 10 52 39 2 56 55 40 31 54 32 63 7 57 61 12 13 24 5 4 8
44 29 22 52 21 43 50 34 26 15 42 17 37 57 53 19 8 41 18 14 40 10 1 12 9 45 33 54 61 51 60 48 47 49 25 20 23 11 5 32 16 0 46 7 30 62 4 31 63 38 6 13 24 59 58 39 3 2 55 56
26 18 37 45 44 43 10 29 53 9 21 38 39 46 51 61 62 31 54 2 0 47 11 20 19 59 42 22 15 33 17 30 14 12 63 23 52 8 60 55 1 25 24 32 40 7 6 13 5 58 3 41 34 16 48 50 49 4 57 56
19 34 41 11 20 18 26 17 2 4 3 12 9 48 25 10 21 0 42 29 40 22 8 16 37 49 43 46 23 15 7 1 57 51 44 14 30 5 58 56 33 53 55 39 31 59 52 24 47 13 60 62 54 61 50 38 45 32 6 63
19 34 45 37 41 53 43 33 42 51 44 40 48 26 59 21 30 20 62 39 13 61 60 29 54 12 32 24 50 55 22 14 17 10 31 56 63 58 57 46 38 25 47 23 1 11 16 8 52 18 5 6 7 49 3 15 9 4 2 0
19 20 37 44 53 46 39 42 29 62 49 34 12 50 60 56 26 4 41 48 11 13 5 55 38 6 58 59 18 10 54 57 21 14 2 45 33 24 15 43 51 47 9 63 30 61 40 32 25 31 17 52 23 0 1 16 8 22 7 3
26 34 45 37 43 20 18 52 29 22 13 12 30 4 11 9 50 51 10 21 59 46 42 41 32 44 23 53 54 31 5 6 49 15 38 40 25 19 48 61 0 58 60 47 55 1 2 56 14 33 62 24 57 63 17 8 7 39 16 3
19 18 26 20 21 33 25 34 17 10 11 3 41 9 44 42 2 22 51 1 43 45 46 12 29 8 13 49 24 40 31 6 16 32 5 53 52 61 0 47 37 30 48 14 62 4 56 38 55 63 60 59 39 50 23 57 58 54 7 15
37 43 18 29 34 19 52 45 11 26 20 2 25 33 22 61 4 10 51 50 12 15 54 13 31 16 32 14 57 3 38 44 59 30 1 40 46 53 60 42 21 24 41 48 17 62 63 58 23 56 47 39 49 5 7 55 6 8 9 0
26 20 37 44 21 38 46 34 12 30 39 23 22 19 33 5 3 41 52 51 29 60 18 25 40 45 48 17 9 8 43 32 11 55 54 53 42 16 61 50 63 47 57 10 14 56 49 31 2 1 58 62 24 15 7 4 13 59 0 6
37 29 21 30 19 44 53 26 22 45 46 38 47 52 39 13 43 20 5 15 31 12 17 54 34 42 4 18 59 16 10 3 60 14 63 11 41 6 7 40 2 61 8 62 24 25 51 58 9 1 50 33 32 48 55 0 49 57 56 23
26 18 44 43 10 21 34 9 42 2 29 37 30 50 25 22 45 32 24 53 57 33 0 8 14 11 62 52 49 20 19 13 5 58 40 56 1 41 4 16 51 6 59 17 48 54 63 60 61 15 7 31 12 3 23 39 47 46 38 55
26 18 37 43 34 41 10 2 33 40 32 29 50 25 21 49 44 24 19 38 30 12 51 59 57 39 48 46 31 45 11 53 61 56 5 22 58 62 63 42 60 54 13 14 3 4 52 20 6 15 55 7 17 23 9 47 1 8 16 0
19 20 13 10 45 12 21 44 18 30 37 42 43 14 2 17 23 26 4 11 49 46 55 51 25 56 34 16 8 47 15 9 22 63 53 52 0 38 33 24 50 41 48 29 40 58 59 1 31 39 32 6 7 62 5 57 3 60 61 54
37 29 21 45 53 38 39 54 52 43 42 61 26 13 44 47 46 17 25 41 8 19 5 33 40 24 18 14 34 12 31 51 60 49 57 10 11 16 20 55 30 22 7 6 4 2 15 0 9 32 58 48 62 50 59 3 56 23 63 1
19 18 26 34 41 21 45 44 29 30 10 46 20 25 33 9 38 37 16 13 43 1 12 4 11 22 31 40 2 24 3 23 52 60 0 49 5 42 15 6 55 17 59 8 51 61 48 14 50 58 39 54 63 62 7 56 47 53 57 32
37 43 34 45 19 25 54 29 51 53 44 10 21 55 38 46 20 22 61 59 42 39 18 60 14 6 7 50 23 13 47 15 58 17 52 63 62 31 30 26 1 11 8 9 41 49 16 57 5 33 32 4 0 24 3 2 48 40 56 12
37 43 50 29 21 44 26 57 34 25 41 30 52 13 19 51 46 42 24 61 58 17 8 10 3 16 31 22 56 18 12 40 32 14 48 55 53 0 33 60 15 20 11 7 62 45 47 9 6 49 5 39 4 63 54 2 23 38 1 59
44 43 50 51 52 61 18 20 53 59 29 49 45 38 12 62 22 21 30 9 19 26 42 15 56 4 23 33 3 5 25 32 17 48 6 39 31 14 0 1 2 37 57 58 16 10 47 24 46 11 60 55 34 54 63 8 13 41 40 7
26 34 42 18 20 12 37 45 21 30 10 33 23 51 49 38 40 39 14 50 54 53 41 22 43 29 13 4 58 32 24 17 60 6 46 56 15 44 25 61 16 55 62 31 52 47 57 63 11 9 19 48 1 59 5 0 8 7 3 2
26 20 21 18 19 34 25 22 45 16 33 54 10 43 51 32 40 2 12 41 44 37 46 53 48 5 62 49 50 56 4 39 24 3 9 59 38 42 17 29 60 11 1 61 13 0 15 23 31 6 47 52 58 55 63 57 30 14 7 8
19 20 37 34 12 11 10 45 53 38 18 1 9 3 41 33 26 2 31 13 32 17 5 54 14 29 8 47 25 24 39 40 63 61 22 42 16 15 6 23 50 51 46 55 62 59 21 0 48 56 49 58 7 30 52 43 44 60 4 57
37 43 34 29 21 33 50 14 19 45 30 20 54 31 32 51 46 25 23 38 59 26 39 10 16 44 1 47 7 40 18 52 61 63 48 22 13 15 55 17 62 3 53 12 4 60 24 58 41 11 8 9 42 5 2 49 6 0 57 56
19 34 41 11 10 29 3 48 37 21 13 30 33 44 53 51 38 12 52 46 5 32 58 1 17 60 39 31 55 20 22 6 23 14 4 45 26 18 43 8 25 2 40 16 50 54 47 49 9 42 24 0 56 61 63 15 62 57 59 7
26 20 29 38 37 44 39 47 45 30 53 43 21 46 12 13 52 51 55 62 61 17 63 59 60 34 33 41 18 22 16 9 23 3 1 0 5 40 50 8 2 54 32 42 11 14 6 25 4 58 19 10 57 31 24 49 48 15 7 56
19 18 44 11 10 45 37 20 12 21 25 3 14 30 53 51 38 1 26 33 17 46 13 9 2 60 34 42 62 61 40 5 22 6 59 52 16 41 24 50 39 8 49 58 4 31 0 29 43 32 48 47 15 7 23 55 57 56 63 54
44 45 19 18 46 52 9 47 54 38 30 63 59 26 62 20 43 0 17 42 12 37 55 39 34 33 1 23 41 53 32 8 29 49 56 40 16 2 31 4 51 57 5 61 13 50 48 25 24 21 10 22 11 58 15 14 6 7 60 3
26 18 10 43 42 34 44 50 25 2 11 24 17 12 32 40 58 29 3 57 1 52 53 33 4 8 41 45 9 51 37 48 21 59 60 22 49 16 19 54 56 5 62 13 0 38 31 15 55 39 46 47 6 63 14 61 20 23 30
19 20 29 34 26 38 21 18 44 43 37 14 47 13 5 52 41 33 17 11 4 8 23 46 54 55 51 62 40 22 45 39 59 3 10 32 42 6 31 9 12 25 24 50 2 30 16 15 49 53 0 61 1 48 60 58 56 57 63 7
37 29 18 44 19 20 51 46 55 34 21 22 42 12 4 50 23 52 60 15 33 9 7 13 6 53 14 43 58 39 17 5 1 45 62 25 32 54 47 26 38 31 30 40 41 16 24 48 3 11 59 0 49 61 10 2 8 57 56 63
19 18 26 34 42 44 33 11 52 29 21 40 25 45 10 60 30 2 3 12 1 20 37 24 17 43 53 39 13 50 59 4 58 14 7 22 15 16 38 49 8 0 48 47 46 62 6 54 32 5 51 41 61 56 63 57 9 31 23 55
19 34 41 11 44 29 22 52 43 48 18 37 3 50 51 58 21 20 45 2 61 60 4 42 25 53 59 26 49 46 1 15 62 17 57 38 40 13 5 24 55 6 9 30 14 31 56 0 16 23 32 33 7 12 39 10 8 47 54 63
37 43 26 29 21 17 44 30 39 38 34 45 53 42 33 22 20 46 18 14 23 25 7 32 16 13 41 24 12 5 52 48 55 3 54 10 4 62 2 31 9 0 1 19 51 6 11 15 49 47 63 8 61 56 57 59 50 58 60 40
37 29 20 13 21 45 19 10 11 34 46 2 30 39 1 9 3 18 16 12 53 0 14 54 17 8 33 52 61 4 62 43 5 24 42 41 31 22 47 55 44 60 25 32 40 50 26 7 51 48 57 49 58 63 15 23 59 38 56 6
44 43 34 41 19 29 48 33 30 45 51 18 26 22 53 50 42 40 54 62 32 38 10 55 58 37 15 20 49 2 39 46 52 12 25 56 13 17 23 14 24 57 60 59 16 9 61 8 21 11 6 47 63 31 5 3 4 7 0 1
37 29 20 13 12 43 30 4 34 22 21 45 14 23 44 51 38 41 53 54 26 25 19 11 50 42 18 7 58 33 3 61 48 52 17 9 10 15 6 32 24 47 46 5 0 2 55 31 39 62 63 59 49 56 57 40 60 8 16 1
37 45 44 43 26 18 52 59 53 54 34 42 51 29 17 8 55 63 22 30 25 58 11 41 20 19 21 62 23 46 10 47 16 60 33 3 4 14 5 12 2 40 48 31 39 13 32 38 49 9 61 15 7 6 1 50 0 56 57 24
44 29 19 42 20 53 38 11 2 21 18 47 34 43 13 9 25 41 16 17 37 0 52 3 10 32 62 51 50 59 48 6 8 26 5 24 7 40 12 30 57 58 4 56 46 54 55 63 61 14 22 15 33 31 49 60 39 45 23 1
44 29 19 42 22 52 45 10 20 46 18 26 17 24 54 12 13 14 47 63 34 33 4 5 2 38 41 1 37 11 50 49 0 3 16 25 39 6 32 43 59 15 51 53 57 9 30 58 60 31 55 48 21 8 23 40 56 61 7 62
26 18 19 34 9 12 43 17 44 20 8 37 11 42 30 50 21 10 5 46 29 14 23 4 41 51 1 40 55 2 58 16 48 45 3 7 25 57 13 33 49 24 53 6 32 56 15 38 39 60 52 0 22 61 54 59 31 47 63 62
19 34 41 33 44 11 10 45 42 9 20 43 24 21 13 25 29 40 17 37 49 38 39 32 46 47 3 18 55 6 12 57 56 22 1 51 53 16 58 0 5 4 15 23 30 7 8 61 48 54 63 59 60 50 14 31 26 2 62 52
37 43 50 51 26 19 42 57 10 25 33 41 18 29 49 38 39 12 22 46 40 45 32 24 34 30 52 59 31 23 15 1 17 58 47 20 16 14 11 48 2 3 5 21 54 6 7 62 4 8 55 13 61 60 9 53 44 0 56 63
19 18 44 43 9 37 30 11 45 53 20 21 4 10 29 22 51 17 16 38 1 54 47 46 23 0 34 12 25 52 61 24 8 3 2 59 55 15 60 62 39 5 63 33 14 6 7 50 31 26 32 42 13 41 49 58 57 56 40 48
19 34 45 11 42 37 26 53 29 20 2 25 44 3 62 33 18 51 16 32 38 31 47 43 10 1 59 21 46 39 22 30 49 17 8 50 40 58 24 54 61 55 60 13 12 52 14 6 5 9 4 41 48 23 7 57 0 15 56 63
26 34 45 18 41 29 10 44 37 30 31 20 51 48 43 25 17 11 21 38 22 19 42 54 13 5 3 39 46 49 63 60 33 52 12 16 40 47 61 32 50 55 8 23 15 53 59 1 56 57 14 2 62 6 24 9 58 4 0 7
19 20 21 12 3 22 14 4 37 26 30 44 29 7 5 23 15 18 45 53 31 39 38 47 33 10 2 1 6 13 17 11 62 16 8 34 24 32 46 52 25 61 0 9 42 41 49 50 48 63 43 54 40 51 59 56 58 60 55 57
37 29 18 26 22 10 21 45 19 34 9 0 43 46 38 42 1 30 50 25 39 2 17 8 54 11 3 53 32 55 61 20 47 41 63 4 40 52 12 44 16 33 60 14 13 31 51 49 6 57 58 24 5 7 56 59 15 48 23 62
19 18 26 34 42 29 10 49 50 33 44 2 48 12 21 52 30 43 3 41 20 37 9 8 40 17 25 56 45 16 51 13 6 22 53 57 58 5 4 46 39 38 23 15 1 31 54 32 7 11 14 63 62 55 60 47 59 61 24 0
19 18 37 29 20 43 34 45 46 25 21 13 22 55 33 31 51 32 44 42 49 60 41 48 15 30 39 14 54 26 58 63 23 53 4 11 12 50 56 38 61 57 2 6 7 5 3 10 17 1 59 16 9 0 8 52 62 47 24 40
26 34 44 18 25 45 10 20 21 29 12 24 37 13 17 2 38 3 33 52 59 41 51 53 30 39 46 54 47 22 55 19 11 58 43 61 62 63 6 14 9 60 48 31 7 40 23 50 42 49 32 15 57 16 1 4 5 8 0 56
26 18 19 20 9 33 34 41 37 46 21 11 48 25 2 29 38 12 3 5 4 44 42 49 40 13 16 22 58 10 14 17 43 57 6 59 54 47 53 52 24 8 23 15 7 50 39 31 51 60 30 61 0 32 55 45 62 1 56 63
26 18 19 20 10 33 34 42 32 25 13 43 51 6 37 59 24 38 44 52 53 2 41 54 1 49 3 40 21 14 46 12 58 55 50 57 39 16 4 48 9 11 22 23 62 60 7 15 31 29 17 8 56 45 0 30 61 5 47 63
26 34 44 37 43 19 45 42 12 53 46 39 50 33 41 49 48 56 55 38 32 24 57 10 31 51 61 54 21 30 47 5 23 20 11 40 58 59 4 14 6 25 29 18 17 60 1 16 8 9 0 2 3 22 13 62 63 52 7 15
37 43 18 38 51 50 44 59 57 19 39 45 20 10 2 21 52 54 22 61 29 9 26 14 16 0 53 41 49 23 63 31 15 25 24 55 32 12 62 1 11 42 5 3 47 58 60 7 46 48 40 34 56 30 4 17 13 33 8 6
37 45 44 29 54 53 21 13 38 55 19 42 61 47 5 52 39 11 63 14 18 46 20 30 60 51 43 59 15 62 58 50 4 10 23 2 49 6 3 26 1 56 12 0 34 31 22 9 48 25 33 7 32 57 40 16 24 17 8 41
44 29 18 42 26 25 34 43 24 16 20 45 49 11 51 17 10 33 46 60 22 32 2 9 41 54 58 12 21 47 4 48 19 23 3 53 40 50 37 59 8 0 63 30 61 13 57 56 55 62 52 38 39 14 1 31 6 7 15 5
44 29 21 13 14 45 26 52 37 18 19 38 60 15 54 53 31 63 30 34 61 12 42 43 25 22 55 49 50 51 59 46 6 39 58 32 40 56 47 33 41 23 9 7 48 57 16 20 24 5 11 10 1 62 4 0 8 3 2 17
26 18 19 20 45 44 37 46 9 17 25 34 33 8 13 10 0 41 24 1 21 22 23 12 32 42 16 6 3 11 50 29 43 58 51 49 57 52 14 4 5 30 54 38 59 63 31 53 60 2 55 40 7 15 56 47 48 61 62 39
37 43 42 45 26 29 38 18 30 31 51 50 10 49 54 46 21 44 39 59 34 17 23 2 19 11 58 53 52 62 55 41 57 63 60 20 56 48 40 47 25 22 8 24 15 14 16 7 61 33 1 9 0 32 12 4 5 3 6 13
26 20 13 18 10 34 29 12 44 14 6 30 45 52 4 46 31 11 54 2 43 62 61 37 42 41 49 22 51 38 33 59 39 60 23 40 24 57 15 19 21 32 53 58 7 16 3 50 5 47 9 0 17 25 8 1 55 63 56 48
37 45 19 20 53 18 9 44 29 54 43 46 12 51 39 47 34 26 38 62 55 21 52 41 33 17 60 4 22 30 11 10 1 14 58 2 61 25 63 59 50 13 24 42 23 31 16 32 7 15 49 8 3 5 0 48 6 57 40 56
37 43 50 38 44 53 45 54 62 42 26 61 39 29 30 58 63 17 51 21 12 47 46 60 19 23 8 25 20 5 33 11 10 18 9 24 22 3 34 55 4 1 57 13 40 32 0 31 14 6 41 2 16 49 15 52 48 7 59 56
37 29 22 45 26 34 33 18 20 12 11 30 13 14 25 4 15 38 31 6 46 9 10 24 8 0 52 39 19 54 21 23 17 42 1 7 5 3 16 32 43 2 63 62 61 50 47 41 49 48 40 55 58 51 57 56 59 53 44 60
19 18 26 34 43 50 44 20 57 51 10 2 33 25 42 29 60 58 21 12 24 59 22 15 52 40 41 53 3 14 23 49 45 17 8 31 32 13 48 54 30 37 61 5 7 16 46 4 6 11 39 56 55 47 38 63 9 0 62 1
19 20 37 44 13 10 21 38 53 52 11 26 25 12 46 55 39 18 5 34 60 6 14 16 3 45 43 51 30 22 29 54 41 42 63 2 9 62 32 8 59 58 47 61 49 17 4 50 24 1 31 15 57 48 56 40 33 23 7 0
19 18 37 11 9 46 4 17 29 34 10 20 26 1 2 33 16 21 25 0 22 8 30 14 12 13 41 32 40 15 6 3 38 7 24 42 5 44 51 31 23 50 49 56 43 52 61 60 55 48 59 54 57 58 47 45 39 63 53 62
44 45 46 54 26 38 63 62 61 52 60 59 43 42 50 20 53 57 21 19 18 14 47 12 29 37 5 31 23 25 34 11 9 7 22 13 3 15 30 4 49 51 2 56 58 6 40 39 24 0 10 32 8 55 17 1 16 33 41 48
37 43 26 17 50 38 44 51 25 57 42 34 45 21 33 52 39 18 61 32 20 30 14 19 11 13 22 2 59 15 9 58 6 31 56 1 4 10 46 60 29 55 53 62 0 3 23 8 24 47 63 12 5 16 54 7 41 48 40 49
26 20 45 34 21 54 33 43 52 51 42 53 44 41 62 29 60 59 12 18 37 24 17 13 55 30 5 3 31 46 50 8 40 38 39 49 22 19 32 61 16 9 1 48 4 23 25 10 14 58 2 47 56 11 15 63 57 6 0 7
44 29 21 13 14 15 37 42 34 43 26 22 52 50 7 25 12 46 30 60 33 41 17 19 55 31 51 38 24 45 23 54 20 4 39 9 5 47 53 32 48 40 10 63 62 6 8 56 49 59 58 57 18 11 3 61 16 2 1 0
26 20 29 34 43 51 44 52 59 25 53 62 12 37 54 13 46 61 17 4 24 18 11 8 50 32 40 45 33 22 6 42 41 38 19 10 47 55 9 57 31 2 30 48 49 14 15 16 23 58 21 60 56 5 39 1 0 7 3 63
37 29 22 30 19 44 31 20 11 12 13 42 45 26 51 10 1 21 43 60 25 5 41 23 6 17 15 3 59 49 34 33 9 52 61 46 48 50 24 4 14 40 38 2 53 39 57 18 32 0 47 58 8 56 62 54 55 63 7 16
37 45 19 38 44 18 17 43 51 20 13 10 29 21 52 59 14 5 26 34 22 8 6 12 4 9 25 24 30 53 33 31 16 3 50 49 39 7 11 15 57 2 23 41 32 46 47 42 56 54 62 55 40 48 61 60 58 1 0
37 43 50 38 42 34 26 17 45 19 11 33 31 20 25 24 40 39 46 53 55 57 9 18 44 8 51 52 41 47 61 23 49 12 15 54 21 22 16 59 3 48 29 60 63 10 1 62 56 5 58 30 13 2 0 6 4 14 32 7
44 43 42 51 26 19 60 41 18 17 40 21 29 53 10 12 45 59 24 61 34 1 50 33 25 37 14 30 49 57 31 8 58 7 11 9 56 16 13 20 32 4 0 2 52 5 22 39 23 15 46 38 3 55 62 54 63 48 6 47
19 34 45 37 46 11 42 20 33 54 44 52 63 49 10 30 38 31 50 41 53 9 32 62 55 18 0 8 61 43 57 51 16 40 1 17 12 58 56 24 2 5 29 48 47 4 22 23 13 14 59 21 7 3 26 60 15 25 39 6
26 34 42 33 44 20 32 43 52 49 18 37 13 24 46 38 40 53 30 17 45 48 56 10 16 39 55 51 60 21 8 59 2 61 54 12 14 9 3 25 22 47 1 19 29 4 62 5 11 0 50 6 31 7 15 63 41 23 57 58
19 34 45 37 46 20 33 54 44 38 30 11 39 32 10 53 60 29 26 43 55 47 40 1 21 61 51 31 12 3 62 13 23 18 42 49 9 25 5 48 24 22 50 4 56 58 2 0 17 16 63 6 59 41 57 52 15 14 8 7
37 29 20 43 26 21 45 25 34 19 22 33 32 46 52 30 12 10 31 40 11 53 18 39 61 38 9 3 48 51 54 60 50 23 59 57 49 2 41 42 47 24 1 56 17 63 15 13 4 58 14 5 62 16 6 44 8 0 55 7
19 18 37 29 9 26 17 44 30 38 47 8 16 24 43 20 51 52 45 50 60 31 12 53 57 0 25 4 46 32 10 3 13 39 2 14 59 62 21 42 6 22 49 61 15 23 11 54 63 48 58 41 55 5 56 34 40 1 33 7
19 34 42 20 26 49 29 18 56 43 50 45 12 51 17 22 60 21 38 58 33 59 14 4 57 10 9 16 8 44 30 47 24 6 25 41 2 48 32 0 40 13 46 52 23 31 53 61 15 54 7 1 11 3 5 37 39 55 62 63
26 18 10 34 45 2 9 20 25 21 29 16 33 54 43 51 44 37 12 11 30 31 17 13 38 42 50 32 1 57 3 46 53 19 59 60 4 52 22 23 63 58 40 0 8 14 47 24 49 56 48 61 6 5 41 15 7 55 62 39
37 43 34 45 51 33 42 59 32 41 54 21 20 19 60 46 58 29 11 18 13 25 48 63 16 3 9 17 4 22 2 38 39 30 31 49 52 44 55 1 50 57 12 23 62 53 61 6 40 47 24 5 26 10 56 14 7 8 15 0
37 29 20 45 19 11 30 38 39 31 21 26 33 13 3 34 46 18 10 54 14 2 5 6 53 61 23 55 42 12 60 47 9 44 52 22 17 49 41 24 40 59 15 25 50 62 32 43 48 4 63 8 16 56 1 0 57 58 51 7
19 20 21 18 17 9 34 16 44 22 14 37 12 51 0 33 30 23 13 2 38 4 42 43 46 6 26 29 11 5 7 39 52 49 56 55 32 31 59 40 24 60 8 50 53 10 54 41 48 57 45 62 63 58 47 61 3 1 15 25
37 29 21 30 39 45 53 34 42 43 26 54 50 14 13 19 7 31 55 51 52 47 12 57 18 61 20 25 23 3 49 59 4 44 32 11 2 17 10 41 9 16 48 0 24 5 8 15 38 58 6 33 40 56 22 46 60 62 63 1
37 43 50 29 18 38 30 51 45 57 39 19 20 13 11 54 53 9 63 12 14 2 10 15 21 61 22 55 17 24 3 4 47 31 8 26 34 25 23 1 6 44 59 52 41 46 0 16 60 48 33 58 49 42 32 56 7 62 5 40
26 18 44 25 17 45 24 52 19 20 29 16 11 21 60 34 12 5 54 4 10 9 3 42 50 2 14 38 0 63 33 13 31 43 37 58 30 41 32 39 51 7 15 61 40 49 8 6 22 53 59 23 46 57 62 47 48 1 56
37 45 26 18 19 29 46 20 53 33 13 55 25 24 47 54 21 34 10 22 32 61 15 6 62 42 11 9 44 16 17 30 4 12 2 63 3 5 0 38 40 48 50 39 43 23 31 1 8 14 56 58 51 41 59 49 52 7 57 60
19 20 45 42 13 11 34 29 22 38 31 41 21 43 2 3 48 1 50 33 26 14 40 51 60 32 12 4 15 44 10 25 18 37 17 9 8 6 30 58 24 0 5 52 7 47 59 57 46 54 49 23 56 39 53 55 63 16 61 62
44 43 42 51 58 45 46 52 18 20 37 19 11 50 13 47 59 30 21 41 55 3 54 25 32 57 17 12 22 26 56 60 33 23 5 16 34 38 39 62 63 14 8 29 61 49 40 53 24 48 15 31 6 7 9 10 2 1 0 4
19 34 42 20 26 11 12 4 37 41 3 38 43 33 39 52 51 18 10 17 21 44 5 22 40 2 9 25 16 8 49 59 13 0 30 32 31 24 45 53 1 6 29 56 62 47 57 15 58 23 61 46 60 50 54 48 14 63 55 7
19 20 37 34 33 11 12 45 18 29 38 31 53 42 22 26 43 4 49 44 3 10 47 50 17 48 56 30 2 9 57 54 1 46 39 51 52 0 41 62 23 15 60 13 21 14 61 63 55 8 24 58 25 32 6 5 40 59 16 7
44 29 19 26 20 12 38 53 25 17 34 43 9 8 18 33 32 21 5 42 62 52 50 49 37 45 14 4 22 58 56 15 3 0 1 41 46 54 59 11 30 61 10 57 60 7 23 2 13 39 63 31 47 55 51 40 48 24 16 6
26 20 29 38 37 34 46 17 33 32 42 54 18 19 39 41 11 49 62 12 4 3 48 45 2 30 52 21 44 55 13 40 43 53 50 6 60 59 31 10 5 61 24 22 25 8 7 57 58 14 9 56 51 0 63 16 47 1 23 15
37 43 42 41 50 51 34 57 58 59 52 45 48 20 21 25 26 33 12 18 24 13 53 11 3 29 19 54 61 10 17 32 4 9 1 38 47 30 22 5 8 16 40 23 2 46 60 0 31 62 6 14 39 7 15 44 63 56 49 55
19 20 21 18 37 13 17 16 12 43 9 38 14 4 45 53 51 34 42 6 25 59 46 41 26 8 33 1 48 22 7 55 3 40 49 5 39 44 29 23 11 31 61 54 47 52 30 10 32 2 58 50 57 24 63 62 0 60 15 56
37 29 20 11 26 25 18 43 21 44 24 30 53 38 4 51 39 45 12 13 52 46 58 60 22 19 54 6 50 10 1 59 14 31 47 17 9 63 42 49 33 3 2 57 61 7 48 34 41 23 5 40 32 16 15 55 8 62 56 0
19 20 45 42 29 37 46 54 53 21 43 38 14 13 41 44 30 39 6 52 47 50 23 31 60 51 62 32 57 11 34 25 2 12 40 63 26 17 55 3 59 49 56 33 10 1 16 4 9 61 58 22 24 7 18 15 5 0 8 48
44 43 26 29 51 50 30 59 42 52 53 54 61 18 45 31 57 60 22 25 55 49 24 46 56 19 12 20 37 32 38 15 34 63 62 23 9 17 8 1 13 11 58 16 10 3 2 47 40 4 0 33 21 48 6 41 39 14 5 7
37 45 26 20 54 34 18 44 51 10 21 52 19 46 33 43 2 22 38 47 13 4 11 61 50 41 63 1 59 42 29 24 40 39 31 62 9 48 60 12 23 14 15 5 30 3 49 16 25 53 0 7 58 17 8 57 55 32 6 56
26 18 44 34 33 41 9 25 17 11 48 29 32 53 16 45 10 24 19 1 4 49 37 42 8 30 46 20 13 0 23 39 61 40 52 31 47 3 22 54 55 5 2 63 62 15 21 60 43 51 50 38 14 7 12 6 58 59 56 57
37 29 21 30 23 45 38 47 20 31 39 15 19 18 34 22 44 43 26 42 10 46 53 60 9 12 50 49 51 33 62 54 56 0 14 61 3 55 17 41 25 59 58 11 1 6 4 40 7 32 52 5 63 8 24 48 13 16 57 2
19 18 44 29 37 11 10 45 26 20 30 17 12 43 50 21 52 60 54 31 61 5 38 51 24 46 13 6 25 14 55 63 22 33 53 47 42 2 34 23 7 57 59 16 3 4 41 49 39 9 1 62 15 58 40 32 56 48 8 0
26 34 43 50 33 19 20 12 52 18 13 42 41 40 21 37 9 44 48 61 11 49 51 59 30 14 17 6 15 3 58 7 24 56 45 16 53 1 5 57 8 4 32 29 62 54 46 39 38 23 2 47 22 10 60 25 0 31 55 63
19 18 26 20 9 0 11 42 44 34 17 52 49 2 29 22 30 38 33 16 31 32 41 51 13 21 3 37 10 5 24 39 1 4 47 12 43 56 14 25 45 7 8 48 61 23 58 59 40 6 60 55 50 53 46 62 57 54 15 63
37 45 19 18 26 29 44 51 17 43 54 46 50 10 3 25 52 34 47 61 59 16 24 9 21 11 1 57 8 0 33 60 49 42 41 53 62 55 12 48 32 38 20 2 58 40 22 63 56 39 4 5 13 15 31 14 7 30 23 6
19 18 26 20 29 43 10 25 32 30 21 14 37 38 42 13 12 24 33 4 5 9 45 11 39 6 7 54 3 46 44 51 2 31 58 50 41 60 55 1 57 53 63 40 0 17 47 34 52 22 16 61 62 15 8 59 23 56 48 49
44 29 20 13 12 11 26 34 22 30 21 25 18 23 17 10 14 8 33 41 19 6 1 43 7 5 48 53 37 42 4 3 40 32 31 56 50 51 49 46 24 39 45 54 58 59 52 15 38 16 63 62 55 47 2 9 61 57 0 60
19 20 29 38 21 18 37 34 43 52 41 22 11 3 39 44 51 50 61 45 30 46 58 32 31 59 53 60 14 15 13 54 9 47 55 33 10 17 49 6 7 63 23 26 12 2 48 8 16 62 25 5 4 24 0 40 1 57 42 56
26 20 45 34 21 25 33 42 12 54 17 29 19 4 5 24 32 41 3 13 40 43 18 16 30 37 22 6 14 2 63 53 52 59 44 23 7 48 9 50 11 61 38 55 46 47 1 0 10 8 49 58 62 15 51 60 39 31 57 56
19 18 37 20 26 34 9 44 41 30 38 17 53 51 21 33 11 12 43 0 25 49 48 10 4 13 14 52 32 62 16 42 2 29 22 39 47 8 5 55 45 7 50 23 58 24 1 56 59 40 61 60 57 6 63 46 15 54 31 3
26 20 29 34 44 37 12 4 30 52 43 51 58 31 22 38 23 18 17 46 21 39 33 16 8 0 14 45 61 19 5 59 53 57 13 42 3 60 41 54 10 9 47 63 1 2 62 50 25 24 40 48 49 55 56 32 11 6 15 7
26 20 21 18 19 22 11 42 9 10 23 17 43 44 1 14 5 3 52 8 25 34 2 32 49 56 4 53 29 24 33 45 62 12 38 7 41 30 57 54 6 47 13 31 55 61 46 63 39 15 37 16 59 48 40 51 60 58 0 50
26 18 10 34 42 9 19 2 0 33 43 20 1 49 37 44 21 13 56 50 12 30 39 5 6 48 4 23 25 17 3 14 51 52 11 8 53 54 46 45 61 62 41 38 57 24 29 22 16 60 31 32 15 59 63 55 58 7 47 40
37 45 19 18 26 29 54 34 44 53 33 25 16 24 17 55 52 42 38 39 62 59 50 8 20 11 13 10 21 32 46 58 47 12 63 6 2 31 51 61 43 22 14 60 41 30 9 0 23 4 49 40 48 1 57 3 7 15 5 56
19 18 17 20 37 45 12 4 54 26 21 44 33 9 43 30 13 46 1 51 10 8 34 14 47 3 2 42 41 50 25 16 6 11 0 22 24 32 5 49 48 52 53 55 29 61 40 62 39 31 60 38 63 59 7 15 58 57 23 56
44 45 26 18 10 34 54 37 46 52 59 19 43 61 33 25 24 20 12 42 51 32 41 38 13 55 31 50 58 63 49 1 47 9 2 40 21 39 30 16 0 6 11 8 17 53 62 56 14 7 29 4 15 5 3 23 57 48 22 60
26 34 43 52 37 20 50 18 33 45 29 21 61 40 13 42 38 53 10 11 22 47 44 57 30 17 16 15 24 25 19 39 23 59 12 31 54 49 56 6 51 5 14 9 8 41 1 58 60 0 3 62 7 4 48 46 63 55 2 32
37 29 22 43 18 26 34 9 0 19 52 17 25 8 11 12 10 51 5 61 59 2 45 44 16 24 33 38 46 47 39 20 13 50 49 60 1 3 53 58 4 40 30 23 31 42 15 62 41 7 54 55 32 14 48 21 63 6 57 56
37 43 26 17 51 29 21 44 42 45 46 54 62 47 38 39 25 53 30 41 49 63 52 31 61 14 22 33 55 15 7 20 34 6 9 32 23 60 50 40 12 57 18 19 5 1 13 59 58 11 16 24 48 4 2 56 0 8 3 10
44 45 46 43 26 54 42 34 41 19 29 48 18 53 25 33 24 40 11 50 52 39 58 12 17 9 16 30 10 60 20 8 49 3 0 56 5 32 61 21 38 47 59 37 31 57 1 23 13 14 15 4 51 22 63 2 55 62 6 7
19 20 45 42 13 44 43 46 51 50 54 10 37 52 47 18 59 34 49 6 41 56 12 55 30 48 26 25 1 39 17 62 29 11 3 31 23 57 58 8 5 9 33 0 32 16 7 15 22 60 21 14 4 2 63 24 53 40 61 38
19 20 45 26 17 43 50 51 34 44 18 8 37 46 25 16 13 11 58 57 33 6 52 60 21 22 10 30 53 3 1 61 55 2 4 32 56 29 14 39 54 12 38 42 24 47 59 9 62 15 41 49 40 48 5 31 7 0 23 63
37 29 21 45 26 38 46 18 30 47 53 34 42 54 62 13 10 49 44 33 50 9 14 19 11 15 25 61 7 52 48 31 0 24 20 43 63 58 59 39 41 60 12 8 55 57 1 2 6 51 3 22 56 5 32 16 23 4 17 40
19 20 13 42 37 21 44 11 26 5 6 7 22 46 2 51 52 23 31 60 49 39 12 34 53 43 29 33 3 54 10 15 62 56 55 4 30 1 41 9 25 24 59 14 57 50 18 58 32 38 0 48 16 40 45 8 61 47 17 63
26 18 10 34 42 41 19 20 45 44 43 1 2 33 40 51 13 12 4 5 17 49 32 16 57 37 8 21 11 46 9 56 53 29 24 25 58 62 6 59 14 50 60 52 48 61 54 63 47 38 0 7 39 31 30 3 55 22 23 15
19 20 29 38 45 52 21 11 12 13 22 43 42 44 53 14 26 61 47 33 7 15 51 59 5 41 3 37 31 39 10 30 34 1 9 8 32 23 18 17 48 24 25 16 2 40 46 54 4 56 50 57 63 62 55 49 6 0 58 60
19 20 13 12 21 30 4 5 37 26 14 29 17 11 3 2 31 38 22 34 10 25 43 18 16 45 47 6 53 39 44 52 59 60 51 23 15 54 61 46 7 32 9 62 33 42 50 49 41 1 24 8 55 40 63 58 48 56 0 57
44 43 18 53 34 25 33 20 37 19 52 51 21 13 42 30 32 16 26 12 5 4 50 49 6 29 38 10 22 40 48 7 62 23 58 46 31 60 15 45 24 17 8 14 55 56 59 61 2 39 41 1 11 9 54 3 47 63 0 57
19 34 45 21 29 20 12 30 33 18 39 5 3 41 9 13 49 26 17 10 14 0 25 43 11 4 51 37 44 22 42 32 15 56 16 50 8 2 57 23 6 60 1 24 31 52 40 48 58 59 61 38 54 46 53 47 55 62 63 7
19 20 13 26 21 12 37 43 11 29 42 6 51 4 3 5 22 46 7 10 38 45 52 53 18 47 54 31 1 9 30 61 62 39 44 50 25 34 55 59 23 24 41 32 2 15 48 49 0 63 58 33 17 57 14 16 40 8 56 60
19 34 43 50 51 52 44 20 59 18 25 41 11 10 57 2 13 42 4 16 53 17 45 12 26 58 3 60 40 38 61 37 31 32 49 56 33 6 8 0 1 54 5 48 47 29 30 22 7 63 62 9 55 39 24 21 15 14 46 23
44 45 19 52 37 30 54 10 21 46 55 12 51 47 14 63 23 50 60 43 53 61 39 59 34 26 42 33 57 62 25 41 48 16 58 32 24 29 3 31 38 15 11 20 13 7 49 40 1 9 17 56 4 18 2 5 6 0 22 8
44 43 34 41 18 20 50 9 0 52 29 42 11 59 57 26 45 13 49 10 61 53 19 46 47 2 33 16 12 37 8 40 6 1 38 21 32 48 14 56 51 4 3 39 31 22 62 15 5 25 23 30 54 58 24 60 17 7 63 55
37 45 44 29 21 43 46 30 42 34 25 51 60 16 31 47 50 58 26 17 52 20 57 56 18 14 53 38 8 62 22 41 40 59 12 23 24 48 33 13 32 0 7 4 39 9 11 6 15 49 19 10 2 3 5 54 63 55 61
44 43 26 45 52 18 42 50 34 60 20 41 58 59 48 25 24 57 53 40 49 32 51 16 38 31 37 33 8 46 10 17 54 61 47 2 30 19 11 13 6 39 55 23 15 29 21 12 62 63 5 7 1 56 4 9 3 14 22 0
44 45 46 43 18 29 51 20 30 54 12 22 14 38 37 19 47 6 23 9 55 34 11 52 0 50 42 31 61 33 57 26 25 2 21 53 4 17 59 10 1 60 16 39 62 49 48 56 40 41 3 13 7 8 5 63 32 15 58 24
37 43 18 21 19 29 14 38 51 20 39 42 12 7 41 17 34 4 11 46 5 30 16 33 44 25 31 6 53 9 0 1 24 62 2 50 60 23 10 48 45 26 32 3 13 47 49 40 56 22 15 61 52 58 54 59 57 63 55 8
19 34 42 20 33 10 37 46 12 45 44 43 52 59 54 41 60 13 25 26 38 31 14 21 11 62 53 24 49 7 15 3 32 50 63 51 1 40 39 23 29 9 17 8 57 18 0 6 16 48 4 47 58 22 2 55 30 5 61 56
19 34 45 20 21 13 18 22 23 11 4 29 33 2 3 10 38 14 5 6 9 44 52 30 15 1 31 7 12 43 26 39 42 50 37 54 41 47 58 57 46 8 56 60 59 53 62 51 63 25 0 55 32 24 40 48 16 49 17 61
37 29 20 11 18 45 22 19 54 30 13 44 4 46 21 23 31 3 52 6 14 17 9 62 63 53 2 5 61 51 47 60 43 55 10 42 41 12 59 39 34 8 16 40 1 50 32 24 7 57 58 0 56 38 26 15 49 33 48 25
37 45 53 29 18 46 38 61 20 34 55 19 41 21 30 22 23 11 26 31 13 39 47 15 4 9 7 2 12 5 6 42 17 8 14 48 60 25 52 54 24 43 1 10 0 59 51 16 49 57 62 63 40 50 58 44 3 32 33 56
37 43 42 45 44 41 52 29 34 59 40 48 46 49 30 32 26 50 60 61 57 20 19 23 25 38 39 58 51 18 12 4 16 31 17 55 13 47 62 33 53 6 11 8 9 10 54 24 22 15 1 0 5 3 7 56 2 63 14 21
37 29 19 45 38 18 44 47 39 20 21 52 55 46 11 14 13 10 59 12 4 42 5 53 15 30 1 22 9 17 60 61 54 2 23 7 43 51 25 24 31 0 26 62 16 58 32 33 3 34 63 6 41 40 48 8 57 56 49 50
44 43 26 19 50 53 11 17 52 21 62 10 25 33 24 51 29 45 8 57 34 37 46 9 41 3 38 30 31 42 40 32 59 60 49 18 48 58 16 56 2 47 54 0 20 1 22 4 12 14 6 63 55 13 39 61 5 23 15 7
26 18 19 20 13 42 17 8 45 44 34 9 43 33 0 6 16 54 63 25 12 10 32 29 1 4 21 40 24 22 23 46 38 14 51 49 41 11 37 47 39 62 52 60 48 59 53 31 5 55 7 30 58 57 3 56 61 15 50 2
44 43 42 45 37 29 38 47 20 13 39 41 52 60 11 12 26 30 4 19 40 3 34 21 22 14 5 18 55 49 10 48 59 53 7 31 62 58 50 63 23 6 56 9 2 1 0 61 17 8 33 32 25 51 24 16 57 15 54 46
37 45 44 43 54 38 46 20 51 53 18 34 60 9 42 55 29 63 39 59 62 30 21 19 58 14 26 47 0 61 13 11 15 22 12 17 10 25 50 6 52 41 33 1 23 57 5 4 8 3 2 31 24 16 40 48 7 49 32 56
37 45 53 38 26 19 39 33 20 46 29 43 34 30 32 61 60 21 44 25 31 62 12 14 42 11 10 3 63 40 48 47 16 52 22 49 13 55 59 24 51 8 58 1 7 2 18 6 41 56 9 23 5 17 50 57 0 54 4 15
44 29 22 42 26 21 20 14 43 23 15 52 6 7 49 37 61 60 53 19 13 34 12 25 17 5 30 62 51 11 33 58 46 50 2 41 38 32 4 10 1 3 48 8 9 47 40 54 55 57 59 31 24 16 0 56 39 45 18 63
44 43 18 37 46 45 42 52 60
37 45 26 29 44 34 30 53 54 18 43 55 62 20 25 32 63 52 13 38 47 17 50 21 41 33 60 31 9 57 22 61 19 51 42 5 23 10 39 12 59 46 6 58 11 15 4 1 56 48 7 24 16 0 8 2 49 40 14 3
44 45 26 18 19 34 25 53 42 50 52 29 62 59 30 21 13 24 46 38 33 41 49 20 54 56 58 5 14 51 17 11 22 9 2 31 10 1 0 6 40 3 16 57 7 12 37 15 47 43 23 55 60 8 39 32 48 61 4 63
26 20 13 12 21 6 3 22 14 4 11 18 23 25 44 45 34 43 24 30 9 10 7 0 39 16 17 32 1 19 29 38 5 15 31 37 54 8 46 2 42 52 60 53 51 61 33 62 47 58 50 55 59 41 49 57 56 48 40 63
44 29 20 13 19 18 9 26 22 31 34 45 6 52 53 21 46 37 12 42 30 11 2 5 49 0 15 61 16 7 60 39 10 14 4 1 38 33 41 8 32 43 23 55 51 54 63 58 62 59 47 24 40 3 57 25 17 56 50 48
44 43 34 41 50 45 32 52 51 57 33 29 21 25 37 30 17 38 42 16 22 49 23 18 48 31 53 13 24 59 46 61 10 9 54 47 1 40 55 2 20 11 6 56 0 63 26 8 62 15 60 5 58 39 3 7 19 4 14 12
26 20 29 18 19 34 21 30 17 9 41 33 39 25 38 48 42 43 51 14 37 44 49 13 53 12 24 32 4 31 7 16 5 50 40 62 23 59 10 3 1 22 60 46 57 2 8 6 15 52 55 45 56 54 47 61 11 0 58 63
37 29 22 44 21 43 42 38 46 30 51 15 14 7 19 20 45 50 58 59 13 55 60 10 18 52 54 57 1 63 62 26 53 9 8 6 17 16 24 49 11 4 56 48 12 34 25 3 41 31 23 5 2 61 40 32 33 0 39 47
37 45 53 20 19 54 44 43 55 18 26 61 10 47 12 9 52 21 51 42 29 62 34 41 25 3 40 33 38 59 13 2 5 30 46 60 11 22 39 49 31 23 57 15 50 4 8 48 56 32 7 14 24 63 6 1 17 58 0 16
37 29 20 45 44 19 34 51 54 11 3 53 22 33 46 30 61 38 12 52 47 63 26 39 62 5 32 14 10 55 17 9 60 25 1 24 18 0 2 21 4 40 15 13 31 23 42 41 16 49 48 43 57 8 7 58 6 59 50 56
44 29 18 52 53 9 21 20 19 26 51 34 38 11 25 33 4 60 45 50 32 42 17 41 40 10 49 12 0 43 16 58 2 24 59 30 37 54 46 62 14 3 61 48 23 8 57 47 56 31 22 15 39 55 1 7 13 5 63 6
26 18 19 34 44 29 33 41 37 43 51 25 22 42 9 60 40 46 58 30 20 53 16 11 38 50 3 2 55 32 62 15 49 31 13 12 17 54 21 52 45 5 4 56 1 48 57 8 23 10 6 59 24 39 61 63 47 14 7 0
26 18 44 29 21 34 25 13 14 20 30 31 43 51 39 17 19 10 12 5 58 59 9 23 4 33 52 53 2 8 37 42 50 1 54 49 6 47 22 3 56 62 16 7 15 38 41 48 55 46 0 32 61 11 24 63 40 60 57 45
26 20 21 22 45 42 29 19 10 54 15 37 43 34 46 25 16 24 41 38 18 8 32 1 11 17 2 23 12 9 55 7 53 44 14 48 47 63 62 61 40 4 51 30 3 52 5 58 50 60 33 39 31 59 13 6 56 57 49 0
37 43 26 17 34 44 51 53 25 58 52 33 54 21 40 41 24 46 48 60 61 18 9 55 45 0 42 16 30 39 11 19 38 50 63 62 47 3 59 49 23 29 8 32 14 31 56 57 20 10 2 13 6 4 5 7 15 1 22 12
26 18 44 45 19 20 10 42 29 17 8 16 11 12 21 2 5 4 54 38 9 53 3 52 62 13 1 0 60 43 25 63 31 61 14 34 59 37 30 51 32 58 49 23 39 33 46 6 50 47 24 40 48 41 57 22 55 56 15 7
37 43 18 38 46 9 30 20 34 41 12 39 44 21 23 53 0 3 54 29 13 6 51 14 4 55 48 5 62 59 50 52 19 22 31 15 11 32 60 26 42 17 40 45 7 56 16 10 63 58 49 33 47 24 2 61 25 57 1 8
26 34 41 17 43 44 52 37 46 29 19 38 25 20 45 55 9 24 13 61 33 11 59 10 18 6 8 51 53 40 2 3 47 1 0 12 63 22 50 42 15 32 16 21 5 14 48 4 7 49 57 60 62 30 23 39 31 54 58 56
37 29 19 43 30 20 13 11 44 38 12 4 46 45 51 52 26 23 2 31 22 17 34 50 54 10 1 21 15 7 59 42 5 53 61 6 60 9 18 62 0 55 39 25 24 14 49 16 33 56 41 40 47 63 3 58 57 32 48 8
26 18 19 34 43 29 17 42 37 50 45 53 57 52 33 24 30 12 11 22 46 39 14 31 5 8 23 3 20 10 2 25 38 13 47 6 59 1 15 44 32 58 49 51 21 9 61 62 7 4 63 56 16 54 40 60 55 48 0 41
26 18 19 34 41 42 17 12 50 8 20 10 4 33 40 49 51 37 56 58 11 44 9 1 43 25 53 5 57 13 59 48 21 30 16 62 46 3 60 24 2 55 52 45 22 29 54 31 32 61 39 38 23 15 14 7 63 6 0 47
44 29 19 10 11 43 51 26 20 45 34 42 30 22 54 37 25 18 41 58 15 33 9 52 50 21 24 23 31 39 13 3 60 12 47 32 17 59 5 14 46 61 57 16 7 2 1 40 6 8 0 53 4 49 56 55 63 38 62 48
26 18 19 34 42 20 17 33 21 29 37 44 51 45 54 50 58 38 32 13 14 53 39 25 12 9 62 5 6 11 3 43 24 47 1 2 52 30 46 49 56 4 31 40 10 0 41 48 8 61 55 23 22 16 15 60 59 7 57 63
26 18 10 9 44 43 42 29 20 13 30 38 8 51 58 2 12 45 53 11 14 61 46 54 60 52 59 57 63 31 47 34 19 55 17 22 25 0 62 24 37 33 49 39 56 1 41 6 50 40 32 21 48 5 3 16 23 4 15 7
19 20 13 10 29 18 37 43 17 11 1 22 38 4 50 25 34 51 12 49 42 5 57 45 59 16 53 54 14 46 31 15 39 3 52 41 62 61 44 21 33 6 30 63 2 0 26 55 60 56 23 32 9 24 48 47 7 8 58 40
26 18 10 43 44 29 19 42 45 37 46 9 30 38 0 23 39 54 51 21 12 20 31 60 15 11 53 4 55 52 34 47 61 7 50 62 3 41 32 13 49 59 14 1 22 2 63 33 58 16 25 56 57 6 5 48 40 24 17 8
37 29 22 42 18 30 43 14 21 50 44 13 57 58 5 51 38 19 23 17 10 56 52 7 6 1 9 46 2 61 45 4 26 25 20 0 41 12 54 49 3 32 16 31 40 63 24 11 60 59 47 39 34 55 15 33 8 48 62 53
26 18 19 20 21 33 12 4 45 42 17 44 29 46 34 10 5 22 14 24 54 6 49 37 2 9 38 1 16 51 43 3 32 0 41 55 23 40 7 62 53 52 48 57 59 50 61 39 25 8 56 11 60 13 58 30 63 31 15 47
44 29 20 11 18 26 12 45 30 4 54 52 17 34 2 38 46 31 47 25 9 62 43 10 16 24 59 60 32 50 57 42 63 0 33 19 3 21 51 37 55 41 23 39 22 14 40 48 5 8 1 15 49 56 13 6 61 53 58 7
26 20 13 25 34 12 17 18 19 6 32 42 44 10 45 24 41 53 4 5 61 54 11 29 37 62 22 3 51 38 47 9 50 58 30 55 2 1 59 31 49 56 14 39 15 52 60 43 23 21 48 40 0 16 8 57 33 7 63 46
44 43 50 51 18 19 34 25 52 59 32 45 54 26 33 29 30 57 37 20 58 31 60 61 21 24 49 63 16 14 7 13 6 40 17 11 4 5 53 41 23 39 22 2 42 10 1 46 38 8 62 0 9 55 48 47 3 56 12 15
19 18 26 20 13 33 21 37 38 12 10 34 11 43 42 4 24 45 54 3 44 17 5 6 1 22 16 9 2 0 14 23 8 25 15 32 29 51 58 31 49 59 50 30 40 41 46 7 57 56 48 39 52 55 47 53 61 62 63 60
19 20 45 18 21 34 9 44 29 22 43 26 33 10 17 16 2 52 23 50 25 14 53 30 37 31 39 38 42 54 47 11 3 51 58 57 62 59 13 12 63 61 49 56 4 55 6 24 40 8 60 5 46 15 32 0 48 41 7 1
44 29 19 10 30 43 42 31 21 50 58 12 26 57 1 18 51 20 56 25 49 34 37 52 5 11 22 13 2 45 46 9 0 53 24 17 38 55 6 8 61 62 3 32 14 41 33 54 47 4 23 60 63 48 59 15 40 7 16 39
26 34 42 20 21 18 37 29 12 43 52 41 30 51 10 61 60 17 16 38 40 19 53 9 1 48 50 31 56 2 11 14 39 13 15 59 22 44 23 8 33 0 49 45 62 5 24 7 4 47 6 3 46 25 58 54 55 57 32 63
26 34 44 20 12 45 41 18 19 21 37 33 11 3 22 30 5 53 51 4 2 42 38 40 62 39 17 14 50 9 29 13 43 57 16 0 48 58 52 60 61 10 15 8 6 23 46 24 25 47 31 56 1 63 59 49 55 54 7 32
37 43 18 19 20 13 12 9 17 45 44 53 51 42 14 11 4 16 33 46 47 49 34 32 10 50 25 59 60 38 26 2 30 54 40 23 61 15 41 39 1 62 22 52 3 48 57 0 24 5 8 31 7 29 58 56 21 6 63 55
44 45 37 43 50 42 54 57 18 19 51 60 10 46 53 29 38 39 47 55 21 11 34 26 31 23 33 20 22 2 52 32 49 58 61 62 25 16 17 48 4 9 41 14 0 15 63 40 30 3 7 1 56 13 6 5 24 12 8 59
26 20 29 18 12 43 50 51 52 21 44 4 42 25 24 34 19 60 13 33 37 17 10 38 11 14 7 2 39 47 1 31 3 22 32 41 30 40 46 15 53 62 45 23 55 16 5 58 48 61 57 49 59 6 8 0 56 54 9 63
26 34 43 50 41 20 13 32 21 6 51 18 25 42 12 24 17 10 58 4 48 44 9 11 45 37 19 57 5 54 16 53 46 38 40 49 56 14 33 8 61 62 0 30 23 7 3 2 63 59 55 47 39 31 52 22 29 15 1 60
19 20 37 34 12 38 41 10 29 11 42 48 44 43 46 55 40 49 13 52 47 25 9 5 58 32 4 50 33 6 18 30 51 59 17 2 61 60 21 26 14 57 45 53 56 0 31 22 62 54 24 39 23 3 1 8 7 16 63 15
19 20 45 26 33 42 43 44 49 54 21 17 25 41 24 11 2 56 9 13 57 14 12 40 7 3 29 22 38 6 34 5 51 58 63 8 48 10 60 32 37 18 0 59 4 39 23 15 1 46 52 62 55 16 31 47 61 50 53 30
26 20 13 42 43 50 37 19 12 6 34 25 51 4 21 59 57 41 18 52 32 14 61 29 5 33 45 22 38 46 15 16 7 9 48 10 2 30 31 1 0 40 58 53 54 24 11 56 44 23 60 17 49 62 63 39 3 47 55 8
37 43 26 17 50 21 20 51 42 57 25 33 49 34 40 41 48 32 52 58 8 56 24 44 53 18 60 59 22 30 16 54 39 23 9 1 0 14 29 12 45 11 2 61 4 46 62 19 31 3 10 63 13 38 7 6 47 55 5 15
26 20 13 42 45 19 12 37 18 53 38 4 54 22 21 30 14 31 43 15 23 29 46 50 44 52 41 55 7 34 62 33 39 63 3 51 25 32 58 61 49 57 59 16 6 10 5 47 56 60 2 1 11 24 0 17 40 9 8 48
44 45 46 34 26 54 63 18 9 29 22 0 19 30 17 20 37 14 15 38 42 33 31 55 12 21 13 49 50 7 6 16 48 4 32 39 47 40 25 52 5 56 41 3 43 62 60 61 10 2 59 11 57 53 8 23 51 24 1 58
44 29 19 42 30 11 10 53 26 20 43 25 3 1 12 31 41 5 38 13 4 2 18 46 34 50 6 37 45 48 47 22 60 21 33 55 54 24 23 15 0 62 9 39 58 17 14 52 16 59 49 57 51 8 61 32 40 56 7 63
19 20 21 12 13 30 5 4 22 34 42 6 37 29 38 31 14 15 23 26 25 49 50 47 43 46 3 11 54 51 59 61 57 10 44 33 17 45 53 1 63 39 56 24 18 52 32 2 7 41 9 16 60 40 8 0 55 58 48 62
37 43 50 45 26 29 22 18 10 25 53 30 23 54 34 9 63 2 19 61 1 20 44 47 8 16 17 57 62 42 13 31 41 4 15 40 6 0 58 52 38 59 48 21 32 11 12 7 46 24 3 55 33 14 5 56 60 49 39 51
44 29 18 42 43 52 37 34 21 19 26 30 60 61 38 33 39 59 32 40 48 10 41 50 9 14 1 49 7 22 58 56 15 51 57 45 53 54 25 11 62 24 4 3 12 63 17 23 2 6 31 13 55 5 20 46 47 16 8 0
44 43 26 45 52 18 46 61 60 20 19 11 34 51 9 47 4 33 21 53 25 12 41 17 13 3 62 0 1 24 42 59 10 49 32 2 50 30 16 14 6 40 54 5 48 58 38 55 63 57 15 31 39 22 23 29 56 7 37 8
37 29 20 45 30 13 12 23 46 47 43 19 38 21 11 2 22 44 6 42 50 10 54 5 51 34 1 59 3 15 52 18 17 26 25 62 31 39 4 60 61 57 41 16 14 24 8 33 63 48 32 9 55 53 40 0 58 49 56 7
19 20 21 34 44 53 41 37 38 26 42 30 46 39 54 50 52 32 23 13 5 14 17 12 4 29 6 45 33 11 18 3 7 24 2 43 40 63 16 9 55 51 49 31 0 56 58 22 47 61 59 8 15 48 10 1 25 62 60 57
37 29 22 30 23 15 14 43 50 13 7 45 19 57 12 21 38 39 51 46 55 26 44 11 17 5 10 25 20 52 47 8 34 4 3 18 61 53 16 31 54 1 59 2 9 32 24 41 0 60 62 63 40 42 58 33 56 6 49 48
19 18 26 34 25 21 45 20 42 37 10 1 2 24 29 53 32 3 46 47 30 31 61 11 23 17 9 41 50 40 44 52 12 38 51 14 43 39 55 49 54 58 13 62 59 33 8 6 56 60 63 57 48 0 7 5 4 15 16 22
26 18 44 29 20 25 38 13 19 45 11 53 33 22 6 34 17 21 52 10 37 54 43 5 62 47 14 12 30 51 58 39 23 7 60 15 4 32 61 3 55 16 46 63 42 49 8 0 56 59 40 9 41 31 24 48 2 57 1 50
26 20 45 34 12 54 41 18 37 29 63 13 10 4 30 48 42 25 38 47 16 53 17 61 19 24 21 23 22 31 3 8 46 43 50 14 51 39 40 49 6 44 33 60 5 58 9 2 11 32 15 7 55 52 62 57 56 0 59 1
44 29 22 43 20 53 42 30 19 49 50 10 38 26 41 21 34 31 13 15 25 33 37 24 17 59 62 14 1 6 23 9 39 46 18 3 56 52 16 54 51 8 2 48 7 45 60 12 32 55 5 4 57 40 58 0 63 11 47 61
44 43 26 45 52 29 30 19 46 25 17 9 12 61 24 11 8 54 3 20 63 34 42 2 60 13 62 51 6 16 5 53 1 18 10 39 32 49 38 37 59 31 47 58 56 41 50 4 22 40 48 57 21 15 14 33 23 7 55 0
19 18 44 29 21 20 30 43 34 37 17 45 38 12 11 13 22 15 14 23 46 16 52 2 9 7 6 5 4 39 25 55 31 50 51 47 57 0 63 42 54 60 59 32 33 41 26 62 40 48 53 61 8 49 10 58 24 3 56 1
44 45 37 29 19 43 53 51 21 20 42 18 59 14 9 26 11 12 10 17 24 4 3 16 34 62 25 2 61 38 46 54 39 8 63 47 0 58 22 41 5 23 52 31 57 60 55 56 40 48 30 13 33 6 15 7 49 32 50 1
44 45 26 18 19 20 11 10 46 33 9 0 37 54 12 53 34 38 62 43 42 51 59 21 55 50 8 61 24 4 60 30 49 16 22 63 13 32 41 2 52 47 25 14 23 58 7 31 6 56 29 17 48 40 15 39 5 3 1 57
44 43 34 41 33 45 49 29 52 51 38 54 50 61 37 42 18 47 22 59 46 20 21 15 63 40 31 48 19 11 58 57 4 53 10 3 30 26 60 13 14 39 2 1 24 25 17 12 55 23 56 16 9 6 0 8 7 62 5 32
19 20 37 18 9 17 11 1 16 34 2 45 21 29 38 31 41 44 53 14 0 61 46 26 51 42 39 52 23 13 50 47 22 15 54 8 7 59 55 48 12 24 60 3 33 32 43 58 57 63 62 56 30 6 10 4 49 40 5 25
37 29 21 43 34 45 26 22 44 18 30 52 61 38 47 25 31 41 24 13 15 20 42 33 32 50 51 39 19 55 11 59 57 9 23 16 5 49 63 2 12 4 48 17 58 46 53 10 60 54 8 6 56 14 7 0 62 1 3 40
37 43 34 25 51 45 26 20 16 59 29 18 13 22 21 42 50 38 23 15 9 57 7 10 54 6 33 52 19 41 17 44 39 14 60 0 1 49 53 63 12 3 55 61 4 24 11 31 48 5 47 46 30 62 32 2 8 40 56 58
26 34 43 50 42 20 45 41 58 49 52 37 32 17 57 53 54 33 13 44 8 40 21 6 30 59 60 14 12 29 15 24 22 7 18 31 48 56 25 61 46 55 38 9 10 19 47 51 11 5 16 23 4 1 39 3 0 63 62 2
19 34 45 21 43 52 29 42 33 30 50 44 53 32 26 10 61 54 11 60 1 57 55 17 14 46 40 62 31 22 58 38 37 41 24 3 23 18 63 2 9 39 48 15 4 0 20 25 56 5 49 13 59 51 47 12 8 16 7 6
37 45 44 43 53 21 51 38 18 59 39 46 50 49 57 26 29 42 19 11 58 30 4 10 22 20 13 62 31 3 34 25 1 54 32 24 61 15 14 47 17 40 33 7 52 56 2 16 41 5 9 60 55 63 6 0 48 8 12 23
19 18 37 20 11 4 9 17 10 43 12 3 2 46 25 26 38 21 54 44 1 39 13 0 14 16 29 7 34 32 24 53 22 31 40 8 6 30 23 33 51 55 5 42 49 60 45 50 41 48 57 59 58 56 62 63 52 47 15 61
44 43 26 29 30 18 37 31 42 51 10 17 45 54 8 25 33 41 38 2 63 53 59 39 22 58 3 16 21 32 52 14 1 61 40 50 60 0 49 47 9 46 24 55 7 57 34 11 15 12 19 20 62 48 13 6 56 5 23 4
44 45 46 52 19 18 9 47 60 43 50 26 33 37 55 20 54 17 12 21 51 4 13 42 5 29 8 24 30 61 40 16 63 62 25 58 57 23 59 2 49 10 0 41 38 11 32 14 7 15 3 1 53 6 39 22 34 56 48 31
37 29 19 45 54 53 38 47 22 18 44 63 9 0 46 11 39 20 31 42 21 55 43 52 59 13 61 62 12 23 14 4 3 30 6 60 5 2 15 58 25 34 51 17 33 32 24 26 1 50 40 16 10 7 57 49 41 8 56 48
44 45 37 43 51 21 19 29 14 18 46 38 26 54 53 52 17 50 59 8 47 7 25 10 2 3 60 22 30 55 57 33 63 61 34 39 42 62 40 49 31 41 15 11 6 20 9 16 1 0 58 48 24 56 13 32 12 5 4 23
37 43 50 51 34 49 26 25 24 20 42 33 19 18 17 46 52 45 48 58 13 59 38 31 40 6 9 0 53 44 39 62 54 60 61 47 1 57 63 32 29 22 30 8 14 55 12 10 2 4 41 21 23 56 5 11 16 15 3 7
44 45 37 29 38 43 51 59 20 21 58 47 22 12 50 57 4 11 26 41 49 15 46 25 23 30 39 40 10 42 56 48 24 2 52 9 19 61 18 14 32 31 13 5 8 17 33 0 7 55 63 1 16 34 60 6 3 53 62 54
37 43 50 29 18 26 19 12 10 2 25 20 5 32 30 31 17 24 21 51 39 57 44 53 16 11 3 46 9 22 33 47 58 13 49 1 23 15 40 59 62 45 54 41 38 14 0 8 52 61 60 55 56 48 6 34 4 7 63 42
19 20 37 44 45 42 21 30 29 11 18 14 13 46 38 9 17 25 55 5 16 54 47 22 34 32 61 62 0 31 6 10 7 4 15 1 52 51 63 43 26 12 59 53 2 3 41 50 49 56 48 40 24 23 33 58 39 8 57 60
44 29 19 10 11 12 1 9 30 37 45 43 26 46 52 18 51 21 2 42 13 59 54 17 16 23 25 53 31 33 34 3 62 55 14 7 58 60 4 24 38 5 50 39 15 49 61 20 22 47 63 41 6 0 57 40 48 32 8 56
37 43 34 45 53 20 52 50 18 42 57 38 39 46 29 19 21 44 54 22 23 9 41 55 17 11 4 61 26 60 0 30 10 63 13 15 31 14 5 25 62 8 51 40 24 6 59 16 49 2 33 47 1 58 7 32 3 12 56 48
44 43 18 45 50 42 34 25 26 9 24 32 19 29 46 54 33 11 17 58 1 40 20 12 2 21 63 10 51 59 52 41 5 4 37 55 48 60 57 56 61 8 30 16 47 6 38 31 14 49 3 22 23 13 15 39 7 53 62 0
19 18 17 11 45 43 26 8 42 29 44 25 20 13 30 37 9 21 24 33 22 34 46 1 12 23 2 5 15 3 0 51 60 47 32 40 14 10 55 63 4 50 48 52 53 61 59 7 57 31 39 58 41 49 54 62 38 56 6 16
37 43 34 25 33 45 26 18 19 11 52 21 24 17 53 42 41 51 20 29 60 50 4 38 22 10 59 54 12 14 30 58 31 32 8 13 55 47 40 63 5 15 1 2 3 16 23 6 9 61 44 39 46 49 62 48 56 0 57 7
26 20 29 34 11 21 43 30 38 12 19 33 17 3 41 47 13 5 14 23 22 44 7 42 40 48 51 58 45 24 49 18 2 8 9 57 6 10 32 54 46 39 56 15 59 52 60 50 1 0 62 37 25 53 31 61 4 63 55 16
26 18 10 34 44 43 33 29 52 50 21 61 37 30 22 25 60 45 32 14 15 59 42 24 20 41 6 46 57 11 49 2 39 51 48 40 58 7 54 56 13 19 17 38 53 55 1 16 12 3 8 4 31 5 62 47 9 63 0 23
37 29 20 45 19 12 13 14 5 42 21 10 15 4 49 6 1 34 46 22 33 43 23 30 53 41 51 32 24 16 26 60 7 44 3 25 39 54 48 40 31 38 62 55 18 52 63 17 9 11 59 50 47 8 57 56 61 2 0 58
19 20 45 42 13 26 34 10 21 43 18 37 2 1 11 53 44 29 62 52 46 55 0 25 38 12 54 14 5 39 7 60 4 17 3 63 30 47 33 22 23 41 40 61 9 8 48 24 16 15 49 51 31 6 32 56 57 58 50 59
19 18 37 11 9 46 3 26 34 25 20 10 21 42 32 44 2 16 38 12 43 51 58 4 41 0 13 1 55 22 29 52 50 45 61 57 33 48 14 39 59 47 31 53 17 7 8 24 6 40 30 60 49 62 54 5 56 15 23 63
19 20 21 34 43 50 51 18 17 11 10 13 44 16 33 37 30 9 6 29 49 26 42 32 25 57 24 53 2 59 1 23 46 41 52 3 12 39 8 14 60 58 4 61 38 5 45 31 62 54 15 63 47 40 48 7 22 55 56 0
37 45 26 18 10 9 19 20 53 54 29 34 12 21 8 61 44 0 25 11 38 47 41 16 14 33 62 48 3 63 40 2 43 32 13 15 4 51 52 59 46 22 24 55 42 50 60 5 6 17 1 7 39 58 23 30 57 56 31 49
37 43 34 41 18 38 51 50 39 29 21 20 19 52 48 11 45 31 10 9 57 47 59 14 54 49 1 46 61 22 13 6 2 33 5 44 32 4 15 53 58 63 40 25 7 23 3 12 60 42 17 30 62 16 26 56 55 0 24 8
37 45 26 20 29 34 12 18 44 43 50 38 42 58 41 30 39 47 17 11 53 16 13 4 59 31 23 15 8 57 19 51 5 52 21 25 33 32 49 56 3 14 9 10 2 46 48 62 6 60 22 1 40 7 0 24 61 54 55 63
44 43 42 51 34 25 58 59 50 57 60 52 56 29 37 46 21 49 26 20 41 19 24 48 22 13 32 18 14 15 10 11 30 38 5 4 55 16 3 54 45 40 31 9 17 39 53 62 0 8 47 61 12 6 23 2 33 63 1 7
26 20 29 18 12 25 34 30 16 32 38 42 43 13 22 11 6 19 50 33 3 44 9 15 37 4 14 2 10 52 53 58 49 45 54 17 41 21 61 39 57 56 5 24 48 60 47 51 31 59 1 62 46 23 7 8 40 55 0 63
44 43 50 29 22 45 20 51 26 57 42 33 41 15 38 18 24 13 37 31 60 30 53 61 10 40 62 19 46 21 12 59 39 63 23 5 34 1 6 14 7 25 11 9 0 55 17 52 47 4 49 32 16 48 58 8 3 54 56 2
44 45 19 43 53 11 46 52 18 62 59 25 42 26 24 54 55 61 9 41 50 58 12 60 49 17 10 34 57 40 32 21 33 8 20 13 1 48 14 3 63 6 5 0 4 47 39 15 51 30 7 16 23 37 38 2 56 22 31 29
37 29 18 44 30 22 51 20 12 43 21 59 23 15 42 52 53 38 46 54 47 50 31 19 34 41 14 6 58 26 5 4 57 56 60 61 33 39 17 9 0 49 7 8 11 25 3 1 32 13 40 24 45 10 63 62 2 48 16 55
44 29 19 10 20 37 38 26 21 43 42 45 25 22 12 34 14 13 53 16 15 7 1 54 52 23 55 61 46 17 51 50 24 4 49 59 58 47 33 57 6 11 31 9 63 39 30 56 18 8 3 2 41 0 48 40 32 62 60 5
26 20 45 25 17 43 24 54 29 19 10 21 50 44 22 30 42 57 52 41 34 13 31 15 49 60 53 16 55 63 8 9 51 39 18 46 32 47 14 59 37 33 12 3 56 7 23 11 4 58 6 38 62 48 1 0 61 5 2 40
44 45 19 52 53 34 51 20 37 29 21 60 42 43 26 41 40 22 23 61 54 50 57 46 55 12 62 39 5 48 32 4 3 15 7 58 49 25 59 10 18 13 33 11 14 63 2 38 56 9 47 17 8 30 6 0 16 24 31 1
44 43 18 19 26 37 11 52 51 34 30 45 42 49 54 59 50 33 32 3 20 29 56 31 13 38 61 41 4 48 40 9 57 60 25 10 39 47 12 17 21 63 0 62 8 22 23 5 46 55 53 24 14 2 58 6 1 16 15 7
26 18 10 9 19 11 45 54 3 29 25 42 37 21 34 12 0 33 1 2 40 4 14 7 5 24 20 43 23 46 50 49 55 38 56 51 63 57 47 48 13 30 52 41 59 44 16 39 31 17 32 22 15 6 58 8 61 60 62 53
37 29 20 13 19 18 6 11 21 38 3 22 39 45 23 31 30 12 5 15 7 42 26 14 54 34 47 63 33 46 55 10 44 43 61 17 41 62 9 48 49 0 16 60 53 40 32 25 1 2 4 51 50 52 58 56 59 24 57 8
37 45 53 54 26 52 63 38 61 34 59 18 25 21 41 33 40 17 39 46 10 42 24 2 20 44 14 32 55 9 49 51 60 13 6 50 1 0 43 8 3 19 12 29 58 4 30 62 16 56 11 5 57 48 22 31 47 15 23 7
44 45 19 34 26 43 51 42 53 18 37 62 33 30 23 17 9 12 5 25 32 50 52 1 61 20 10 41 16 46 39 8 0 54 48 38 63 55 40 29 21 24 60 59 2 13 14 3 4 31 58 56 47 22 11 57 49 15 7 6
44 45 37 29 30 31 21 13 26 19 20 51 10 34 12 18 46 3 14 2 25 55 17 8 6 11 4 24 39 23 41 43 9 0 15 7 53 22 33 54 5 42 16 47 58 59 52 50 1 48 38 62 57 61 32 40 49 56 63 60
19 20 21 34 44 37 41 53 45 10 42 26 43 29 30 31 18 49 1 51 46 11 22 14 52 9 17 60 12 2 61 39 54 4 57 33 55 50 59 16 58 40 23 62 7 63 24 15 25 6 38 48 3 47 5 0 8 56 13 32
44 43 42 51 18 45 34 20 52 19 13 25 11 41 37 61 53 46 54 30 49 12 39 17 32 9 40 14 0 29 50 62 38 10 3 26 4 57 21 5 24 8 33 22 23 59 1 48 56 2 7 6 47 31 15 16 63 55 60 58
44 45 37 43 53 38 46 62 52 21 30 51 20 12 60 47 54 29 18 26 19 10 31 23 4 13 11 61 17 55 6 22 63 39 59 5 9 2 15 16 25 50 14 7 41 49 48 24 33 57 8 0 32 40 1 3 34 56 58 42
44 45 46 54 19 38 37 43 39 18 53 47 55 29 9 26 33 17 51 58 52 62 59 20 21 14 57 60 25 34 12 30 42 56 61 11 31 24 49 40 41 10 50 63 48 8 1 16 32 3 5 13 0 22 7 6 2 23 15 4
26 20 29 34 12 21 44 13 5 30 19 10 37 6 1 52 11 38 14 17 31 7 43 4 25 9 60 24 16 51 33 8 45 46 3 2 15 22 55 32 59 23 53 62 54 39 40 42 41 0 58 50 63 57 18 48 49 61 56 47
37 45 44 43 51 59 18 19 58 46 60 53 20 9 30 11 55 21 12 22 3 47 17 26 39 4 34 8 54 2 23 14 29 38 6 33 13 50 10 5 42 25 16 32 24 61 1 52 40 0 62 41 48 63 49 7 15 56 57 31
44 43 26 45 53 19 10 11 46 54 55 9 37 38 18 51 2 52 12 17 59 42 0 5 8 16 41 62 13 40 47 60 31 58 24 39 34 21 48 1 32 25 20 63 33 4 6 23 3 49 57 7 29 14 15 30 61 50 22 56
37 43 42 29 44 45 20 50 30 12 4 31 51 49 34 26 23 38 39 60 17 18 58 22 48 11 21 53 46 54 33 52 2 47 25 32 41 15 63 59 62 10 14 7 3 57 6 24 9 8 40 1 55 61 0 19 56 5 16 13
26 34 41 18 20 19 37 21 13 45 17 11 2 12 5 46 22 9 44 25 10 14 4 3 15 33 0 29 47 53 40 55 63 23 54 32 38 1 51 7 61 48 43 62 24 60 30 31 39 16 8 59 49 58 42 50 52 6 56 57
37 45 26 20 54 46 21 22 55 34 18 10 17 63 14 25 3 2 53 38 44 6 23 43 39 9 42 4 24 50 7 47 52 60 61 30 1 8 0 33 57 59 19 12 16 41 32 51 29 40 13 11 58 49 31 62 15 5 56 48
37 45 19 18 17 29 54 10 11 34 21 3 33 9 26 42 12 14 0 32 20 13 49 63 40 30 1 56 51 2 15 4 22 6 44 48 5 52 53 50 25 46 55 24 41 39 47 38 7 43 31 23 57 59 60 58 61 8 62 16
26 18 19 34 25 20 10 24 37 12 33 11 4 45 2 32 40 38 39 3 54 21 14 46 55 29 16 44 53 52 5 1 59 7 23 13 43 61 22 30 0 51 50 15 31 41 6 42 17 9 8 62 48 47 63 58 60 49 56 57
37 29 22 45 21 34 53 38 46 54 47 20 44 15 42 39 30 31 62 13 11 12 14 55 19 63 52 43 51 6 7 4 3 59 26 10 17 60 61 50 2 49 57 41 56 33 18 9 32 40 1 24 48 16 23 8 58 0 5 25
19 20 29 22 44 34 33 11 10 52 21 12 23 1 13 14 60 41 18 25 30 39 4 26 6 37 38 3 5 15 7 47 46 55 9 31 2 17 43 51 48 42 32 61 50 49 40 24 62 56 53 45 54 63 59 58 8 16 0 57
37 45 44 43 34 30 19 33 51 20 29 10 53 46 21 60 61 42 55 13 49 50 57 52 54 48 26 25 56 63 17 38 3 8 18 47 40 24 39 1 5 62 11 14 2 9 12 41 23 7 32 4 22 31 15 59 58 6 0 16
37 43 26 19 44 33 18 53 25 17 11 12 34 42 8 20 41 30 21 10 38 14 29 48 31 45 51 9 61 13 7 50 32 24 2 40 0 39 46 55 6 22 4 5 52 23 57 3 54 15 47 60 63 59 49 56 58 62 1 16
19 20 45 34 18 10 29 26 9 37 25 33 41 54 21 22 38 42 63 48 50 24 17 49 3 59 51 11 4 46 44 32 56 43 58 12 23 16 5 39 60 62 52 61 53 13 30 2 0 31 55 47 8 57 15 7 40 6 14 1
26 20 13 42 29 17 43 44 25 22 38 21 23 18 10 33 34 3 24 15 41 47 31 16 2 6 7 1 45 19 37 32 9 52 51 54 5 11 61 14 12 46 62 59 58 55 60 63 30 57 53 49 56 39 50 48 4 8 40 0
19 34 44 11 10 21 20 13 18 52 3 26 29 2 43 12 33 40 5 25 41 49 9 16 51 30 39 6 1 22 23 37 60 15 8 61 17 45 48 38 32 4 62 50 14 24 59 0 46 53 54 55 42 56 57 47 7 31 63 58
44 29 22 42 18 52 43 34 41 26 45 51 60 59 21 33 20 15 23 11 24 53 12 19 30 17 61 13 5 38 46 47 10 14 31 8 16 9 25 62 7 49 0 54 2 37 56 39 4 6 32 3 1 57 40 58 55 50 48 63
26 20 37 44 45 17 52 53 61 38 25 46 31 19 8 30 29 22 13 14 18 54 42 51 43 60 47 4 15 39 58 33 49 62 55 24 50 12 11 23 41 6 34 10 3 16 59 63 5 32 9 56 7 48 40 21 1 2 57 0
37 29 21 45 19 38 54 53 52 34 43 18 33 20 11 41 46 62 44 61 17 16 49 22 51 48 25 9 14 13 26 7 8 42 39 40 59 3 15 57 60 24 0 55 5 2 47 30 31 6 63 58 10 4 56 1 32 50 12 23
26 20 21 34 42 41 37 44 19 13 5 6 51 50 12 25 48 33 59 29 40 58 22 31 24 32 49 43 52 17 9 4 3 45 14 2 38 57 23 8 11 53 60 30 56 47 62 54 10 15 46 55 39 18 7 0 16 63 61 1
19 34 45 11 18 20 12 21 33 25 9 43 22 13 50 54 29 41 26 59 6 51 10 3 24 32 40 0 42 14 5 23 8 30 4 7 63 48 58 57 60 2 49 16 31 39 15 44 17 61 47 55 53 56 38 46 62 37 1 52
19 34 45 20 21 13 43 44 6 26 42 12 17 51 53 46 18 25 11 14 30 5 47 8 58 50 16 54 41 10 59 7 62 52 38 24 33 63 9 4 15 49 29 48 3 2 40 61 55 32 1 31 22 60 37 0 39 23 56 57
19 34 42 50 41 18 49 32 37 43 33 45 17 11 58 57 52 51 4 24 44 46 54 26 25 60 53 3 38 48 12 56 29 30 20 47 10 63 22 8 39 5 13 62 61 31 55 21 9 1 16 2 23 15 40 14 6 7 0 59
44 43 34 29 21 20 42 49 26 18 37 53 52 30 9 10 19 51 17 13 14 45 31 16 12 7 22 11 50 39 33 38 3 1 62 4 46 47 48 54 60 59 5 41 15 32 0 8 58 23 40 57 55 25 2 6 24 61 63 56
26 20 21 18 19 34 45 37 17 10 42 50 3 43 49 53 33 40 11 8 38 2 9 1 0 31 32 24 51 22 29 30 15 41 12 60 61 57 13 44 47 23 46 52 16 39 48 4 59 56 5 6 14 25 54 62 63 58 55 7
19 18 44 20 9 37 12 21 30 17 25 45 46 38 11 52 13 47 39 22 23 14 51 31 15 58 60 3 54 61 42 16 62 6 10 2 0 32 33 63 5 29 55 34 41 4 26 40 1 53 24 50 8 59 43 7 49 48 56 57
37 43 42 41 49 29 21 22 23 34 33 40 20 24 51 50 45 59 32 48 56 25 30 57 52 60 16 38 61 18 39 58 9 62 63 19 54 26 44 53 46 15 10 12 13 17 3 1 2 11 8 4 5 31 7 47 0 55 14 6
37 45 44 43 50 20 46 51 26 38 29 54 47 19 18 55 13 52 34 57 60 61 12 10 63 25 33 6 2 4 62 1 16 24 0 42 32 41 59 22 58 53 15 40 21 39 31 11 48 30 23 49 5 14 3 9 56 17 7 8
37 29 19 26 33 45 21 20 38 10 18 42 2 24 40 31 44 1 46 43 51 13 0 53 54 34 39 52 23 30 50 62 59 41 12 14 17 58 6 25 49 60 47 4 7 57 3 22 61 15 63 32 56 8 48 11 16 55 5 9
44 29 21 43 30 53 26 14 45 17 12 19 42 31 8 37 18 52 39 5 54 23 59 41 40 33 11 51 50 46 34 60 3 58 62 25 49 13 32 61 7 24 22 55 57 9 4 20 47 38 15 56 63 48 16 2 1 0 10 6
44 45 37 43 54 21 34 46 18 29 38 42 19 26 53 62 52 61 30 39 17 10 49 47 23 31 55 16 14 51 11 13 9 50 41 3 2 20 8 25 59 1 0 60 4 7 22 48 15 6 32 12 5 57 63 40 58 24 56 33
44 45 19 20 29 18 43 52 61 59 21 38 46 34 26 33 32 22 12 25 11 47 51 10 9 2 15 16 4 5 53 17 8 0 37 23 6 30 1 40 31 42 3 13 24 50 48 54 62 7 57 49 60 56 41 55 14 63 58 39
44 45 26 18 10 9 37 34 17 25 8 1 46 19 12 38 42 54 16 41 3 11 55 5 39 47 52 33 53 61 13 50 62 43 32 24 58 20 40 63 29 60 51 0 59 30 23 22 31 48 2 21 14 7 6 4 57 49 56 15
19 18 17 43 26 9 10 20 8 11 29 16 50 45 42 22 3 0 38 34 54 12 24 51 52 44 21 60 25 49 1 47 30 32 58 33 37 14 31 59 41 63 4 13 53 40 15 23 55 7 6 46 39 5 57 2 61 56 48 62
26 34 43 20 25 51 37 24 50 49 17 42 33 46 57 45 59 18 10 41 32 16 19 58 38 30 55 40 39 54 21 3 56 22 23 48 8 29 53 31 2 62 13 12 14 4 47 60 11 6 15 44 63 52 5 9 61 1 0 7
19 20 37 44 21 38 45 26 34 10 17 42 11 46 3 14 55 30 7 18 22 31 53 4 2 12 39 23 54 6 9 29 50 61 60 51 13 49 58 43 48 16 15 1 0 52 5 41 8 57 24 63 56 62 40 33 32 47 59 25
44 29 18 52 45 43 37 19 34 30 59 46 22 60 54 42 38 33 10 47 26 58 32 1 12 61 21 31 50 9 62 39 57 11 2 17 51 3 20 53 55 15 16 14 5 4 25 49 0 63 6 56 41 8 24 7 23 40 48 13
26 34 42 18 19 50 33 32 49 12 17 16 45 48 40 44 10 37 29 21 43 22 14 41 3 7 56 25 20 38 23 30 31 4 24 52 6 8 11 13 58 51 60 57 46 59 5 53 54 62 61 15 9 39 63 0 1 2 55 47
26 20 37 42 43 25 17 44 49 56 33 8 19 24 34 29 53 38 50 58 40 10 9 52 12 16 11 4 5 6 60 51 41 62 39 2 45 30 3 1 13 46 48 32 0 57 21 59 18 61 55 23 47 22 7 31 14 15 54 63
26 20 29 22 37 44 19 45 12 18 52 13 46 4 30 34 11 31 41 53 25 17 16 32 15 39 24 38 6 8 54 23 43 10 21 42 2 63 3 14 9 62 55 59 49 5 47 50 57 56 40 51 61 0 60 33 7 48 1 58
26 18 37 45 19 38 17 9 44 20 39 29 11 25 0 51 33 21 54 47 22 61 43 24 59 1 31 53 2 14 30 4 62 46 15 52 13 5 12 7 6 10 42 50 55 34 8 41 40 48 32 3 60 57 63 23 56 58 49 16
26 34 44 37 42 51 45 20 60 53 21 22 14 41 38 31 54 63 62 50 19 13 46 11 5 43 48 12 3 17 39 40 30 29 8 61 52 33 32 24 23 7 6 59 58 4 16 49 56 15 25 57 9 18 2 10 47 55 0 1
44 29 22 30 19 10 38 52 53 18 43 54 61 42 45 37 9 60 2 62 11 50 51 0 55 46 25 15 21 3 34 59 26 39 63 20 16 8 1 33 49 31 14 6 7 12 58 41 5 13 4 17 40 32 23 48 57 24 47 56
19 34 44 53 33 20 45 41 62 32 12 54 46 52 59 29 21 60 38 22 30 11 18 47 31 58 13 25 17 6 14 23 4 26 40 63 48 37 43 49 42 10 55 56 15 2 9 8 16 7 24 1 51 3 39 5 0 50 57 61
44 45 46 34 18 21 20 13 26 10 41 29 17 16 2 43 8 52 61 51 24 48 42 60 59 25 6 12 37 11 19 38 5 14 22 53 39 30 31 23 40 54 47 15 4 33 62 58 32 49 57 0 50 9 3 63 55 56 1 7
37 29 21 30 18 45 31 9 44 43 53 14 50 39 52 62 34 51 13 54 15 38 59 49 55 60 0 22 42 5 56 33 26 10 20 46 6 7 41 12 61 19 23 8 11 57 17 16 47 4 2 3 1 58 48 63 40 25 24 32
44 29 21 13 22 30 38 31 14 15 6 47 37 20 34 11 39 26 12 41 48 42 33 40 49 57 23 7 55 4 19 46 56 51 45 5 53 62 32 63 43 25 18 50 60 17 9 1 58 59 2 52 16 24 10 8 54 61 0 3
37 29 20 13 26 44 21 22 45 43 52 46 55 61 50 34 12 25 51 53 18 59 14 39 30 38 58 31 42 57 32 11 49 10 4 19 62 63 33 54 2 48 56 40 47 3 60 16 41 7 5 6 24 23 8 1 15 9 0 17
26 34 43 52 37 29 30 19 33 22 51 38 20 50 18 11 4 21 39 47 13 31 57 42 10 3 60 25 15 46 12 32 55 14 53 49 9 61 44 54 23 59 45 8 24 16 2 17 0 1 48 5 40 62 7 56 63 6 58 41
44 45 46 29 21 20 19 42 37 54 26 47 49 43 50 30 39 41 38 57 62 23 40 32 55 12 31 52 24 33 58 56 5 59 15 22 53 18 17 14 34 13 6 11 48 63 51 10 1 2 3 7 25 60 61 9 8 4 0 16
37 43 50 21 20 19 18 44 29 45 22 13 38 17 12 34 30 46 52 14 9 4 31 26 54 62 15 53 5 1 63 60 41 42 6 40 48 23 11 57 32 2 47 39 49 33 10 55 56 51 59 61 0 25 24 8 58 7 3 16
37 45 53 34 44 62 51 54 61 38 18 19 26 52 47 42 50 33 20 12 43 63 29 10 25 58 32 21 2 1 49 39 31 9 5 17 46 11 4 40 14 30 24 3 23 59 16 22 15 41 8 0 55 6 57 60 13 48 56 7
19 18 44 11 3 20 9 34 26 2 12 43 50 16 41 17 42 29 33 49 10 51 60 48 56 57 40 4 22 52 24 8 5 38 53 62 25 13 0 6 30 21 54 32 14 59 45 7 31 15 58 47 37 61 55 39 46 63 23 1
37 45 19 34 33 18 17 32 54 20 43 38 25 51 13 52 44 29 61 50 59 26 40 42 49 60 47 41 48 16 53 6 11 22 21 24 5 30 23 2 7 9 1 14 4 10 12 31 8 57 15 3 39 63 46 0 62 56 58 55
44 29 18 43 20 11 22 38 12 26 10 45 19 4 25 32 5 13 9 15 30 6 46 34 21 47 53 8 42 37 2 50 51 49 24 31 16 59 56 52 58 17 0 57 55 3 40 14 39 1 23 61 7 41 54 33 60 62 63 48
37 45 53 43 44 62 50 54 52 42 18 30 51 26 49 20 46 60 59 55 25 58 12 48 57 41 56 61 47 39 29 38 31 22 63 11 14 19 2 33 32 15 40 21 23 10 7 24 9 13 17 4 3 0 34 1 6 5 8 16
44 43 42 51 58 59 34 57 50 45 20 49 29 33 32 37 52 19 48 56 26 53 61 54 41 46 21 12 62 14 30 31 55 38 60 18 39 25 9 11 13 6 4 24 7 22 40 47 5 3 15 10 2 23 17 16 8 1 0 63
19 34 45 11 42 43 10 49 33 54 52 41 3 50 44 59 26 21 46 18 51 2 62 40 24 20 60 47 12 32 25 4 57 48 17 16 30 13 58 39 5 53 14 63 38 22 61 6 56 37 1 0 7 15 9 29 23 8 31 55
26 18 37 29 9 25 34 42 32 10 11 24 16 4 22 44 50 46 21 15 52 45 23 51 30 49 58 41 40 48 38 54 53 0 55 63 33 43 8 31 56 17 62 14 19 2 13 12 6 60 61 57 20 5 1 47 59 39 3 7
19 20 29 22 21 12 23 26 3 13 18 42 33 15 5 4 7 9 51 49 43 10 41 59 0 14 34 6 30 2 11 8 16 50 17 45 56 31 37 46 58 24 40 25 54 38 60 53 44 32 62 39 55 48 1 63 47 52 57 61
44 29 18 42 34 43 30 52 49 41 61 9 33 32 20 22 15 56 45 26 0 50 58 21 40 17 14 19 24 31 37 48 23 51 10 13 11 54 53 8 25 62 60 2 39 59 55 3 16 6 5 4 57 7 12 47 63 38 46
37 45 44 43 18 30 51 26 34 9 52 19 46 59 10 33 23 61 58 57 60 53 25 38 54 62 47 12 0 55 32 29 5 42 56 2 11 16 17 22 50 49 63 1 20 41 48 4 21 39 31 13 8 14 40 6 7 24 3 15
26 18 37 29 30 45 44 25 17 34 46 43 9 47 55 10 41 16 53 22 39 1 42 20 13 61 2 50 21 40 58 59 8 12 4 5 62 63 38 3 32 24 6 54 11 60 15 31 0 49 23 7 48 51 14 57 56 33 52 19
37 43 18 19 50 21 34 9 0 51 52 59 20 33 25 45 14 16 42 29 30 11 44 49 60 53 41 2 17 40 56 48 62 22 58 32 13 5 15 12 46 26 24 31 6 39 38 23 47 61 54 4 8 55 1 63 10 3 57 7
44 29 19 43 37 45 38 26 51 50 21 13 54 11 49 59 52 57 5 39 17 34 46 30 20 22 15 14 31 33 25 12 6 60 53 9 18 63 62 48 24 7 16 55 3 10 40 41 42 4 61 23 47 2 8 32 58 0 1 56
26 34 41 21 29 37 38 25 14 13 30 42 12 39 45 31 19 54 53 20 33 44 43 48 49 61 16 32 24 6 5 52 40 17 46 7 60 51 18 10 23 47 58 59 11 8 22 50 55 9 57 15 63 56 3 62 2 1 0 4
37 45 44 43 52 29 26 61 38 46 22 15 30 19 34 25 24 21 10 18 14 20 17 42 55 39 50 13 7 51 4 53 62 41 54 47 49 6 12 48 5 8 16 3 63 11 40 2 23 33 32 9 56 60 1 0 59 57 58 31
44 45 46 52 60 54 38 43 34 21 19 50 14 18 26 61 17 30 42 33 31 12 24 16 5 7 41 40 37 59 55 3 48 25 51 56 49 53 29 23 22 32 57 11 15 20 9 0 4 2 62 39 58 8 6 10 1 47 13 63
26 18 10 43 45 21 51 42 33 37 29 49 44 46 52 22 47 20 30 19 23 13 41 60 56 14 5 1 12 50 2 32 59 53 11 4 40 31 24 58 54 39 0 34 62 61 6 25 38 57 48 9 3 63 16 17 8 7 15 55
37 45 26 20 54 42 34 41 50 43 44 25 17 18 40 49 33 53 12 29 48 58 38 63 10 39 61 46 52 22 51 57 59 62 56 4 21 8 47 24 3 32 31 19 15 2 1 5 6 14 23 30 13 7 11 0 55 60 16 9
26 34 41 17 37 42 25 18 8 21 19 48 14 7 33 10 11 44 2 1 20 32 49 30 53 50 57 56 9 40 45 13 0 51 60 12 4 24 43 54 55 62 16 3 6 63 52 59 46 5 15 38 58 23 39 31 61 29 22 47
37 43 50 38 46 29 30 39 26 53 44 20 62 22 15 25 55 51 12 14 24 60 31 23 13 6 52 21 19 49 47 11 34 33 18 32 61 63 58 16 3 10 54 7 9 59 4 41 40 57 42 2 56 48 8 0 1 45 5 17
37 43 18 38 46 9 34 25 39 45 33 20 44 47 52 30 17 54 31 26 21 23 11 51 22 2 29 24 12 40 63 59 41 61 0 13 5 53 50 10 42 1 3 32 57 58 55 6 14 4 62 15 19 56 49 8 60 16 7 48
26 34 42 33 24 17 18 19 37 25 10 11 20 29 16 45 30 32 53 8 44 31 21 12 2 54 41 38 43 52 61 3 14 49 4 51 50 1 56 13 55 57 47 60 58 46 39 22 59 5 15 63 48 7 6 9 23 40 0 62
26 18 44 45 10 29 37 52 51 38 20 43 54 46 22 12 13 25 50 30 11 62 63 49 47 34 32 2 9 15 42 24 17 40 14 8 57 58 3 16 19 53 56 33 59 39 4 1 0 6 41 61 48 5 31 23 55 21 7 60
19 18 37 29 9 10 1 43 44 26 22 52 17 42 53 54 60 46 39 30 20 25 33 61 34 55 23 21 13 59 51 50 62 15 38 2 41 14 31 16 7 11 58 0 3 4 45 48 40 63 47 12 8 49 24 32 56 57 5 6
44 43 18 45 34 29 52 50 42 60 53 46 62 61 22 9 26 25 0 19 47 17 10 21 59 15 14 41 54 6 24 11 51 37 33 58 38 30 57 32 31 55 12 2 1 8 16 4 40 39 13 5 20 23 7 49 3 48 63 56
19 34 42 20 37 38 43 52 41 25 21 10 39 29 26 13 24 45 14 48 11 16 5 50 46 31 54 22 30 18 32 6 8 9 0 7 1 53 57 12 4 58 33 47 15 62 63 56 44 61 51 2 49 3 60 59 17 23 55 40
37 29 21 43 42 41 19 11 18 14 50 17 40 38 7 20 3 57 16 49 51 26 46 54 45 32 24 22 58 52 25 48 34 8 12 33 55 44 30 23 59 47 15 63 13 2 62 6 4 53 9 1 61 60 56 39 10 31 0 5
37 29 22 42 18 19 34 30 49 56 21 41 26 25 50 13 24 43 48 14 45 10 23 53 12 11 61 40 7 6 20 51 59 54 44 16 5 60 3 62 17 2 63 4 1 38 8 55 15 9 58 31 46 57 39 47 0 52 33 32
37 43 26 21 20 38 46 54 51 42 34 18 22 13 25 60 12 31 39 29 53 50 17 45 49 33 6 61 14 16 10 47 40 44 23 56 55 7 41 30 15 9 8 48 63 3 62 19 58 0 4 32 24 11 1 5 52 57 59 2
44 43 34 25 33 41 42 45 51 60 52 37 26 29 22 21 50 23 38 58 32 54 17 30 15 9 40 14 1 53 6 49 62 18 11 7 55 10 19 24 56 31 13 2 47 0 20 48 16 8 3 63 39 12 61 59 5 46 57 4
26 18 37 25 9 44 42 20 19 17 8 34 12 49 41 21 11 5 43 2 14 33 10 16 53 1 32 50 45 7 51 40 24 62 0 30 3 46 59 52 22 13 47 23 39 4 60 61 48 58 38 56 15 55 31 29 57 6 63 54
26 34 44 20 18 10 33 40 13 29 21 53 32 6 42 43 52 24 62 60 19 46 45 50 51 11 47 38 9 59 37 49 58 25 5 54 61 22 16 4 55 8 2 1 23 63 56 31 39 3 0 41 12 57 48 30 15 7 14 17
19 20 29 34 42 43 11 13 21 49 26 3 18 30 45 12 22 33 6 10 51 14 23 52 41 40 7 60 17 24 38 25 56 39 5 31 46 57 37 47 32 15 4 50 8 9 2 44 55 54 62 63 61 59 53 0 1 16 48 58
37 45 19 18 44 11 9 46 4 52 54 38 39 3 21 43 53 63 55 20 10 17 59 47 1 51 12 31 34 26 33 30 14 5 8 2 6 0 25 16 50 7 62 29 61 24 58 32 13 49 23 60 57 15 42 41 40 22 56 48
26 18 19 34 17 20 45 16 12 37 9 10 11 2 46 21 33 13 4 29 30 53 22 55 44 42 47 38 1 15 23 5 51 3 43 50 25 31 39 60 52 0 57 41 61 58 40 56 14 49 32 59 8 54 63 6 7 62 24 48
26 34 44 20 19 52 45 10 21 37 18 46 41 33 1 25 43 42 51 58 49 9 32 50 59 11 38 56 53 24 55 40 2 60 8 17 29 30 61 12 13 14 39 31 16 54 47 5 23 62 48 22 15 7 6 4 3 0 63 57
26 20 45 44 37 42 43 34 19 38 31 54 50 53 46 57 51 39 30 52 47 23 58 59 22 33 12 18 49 48 25 21 40 55 60 5 62 29 4 17 8 24 6 32 11 41 9 63 56 10 15 13 14 7 16 0 2 3 61 1
19 20 29 34 44 38 33 52 13 18 17 6 53 54 60 32 12 21 14 45 55 4 11 63 22 5 43 7 37 10 47 46 2 9 62 51 25 31 30 24 1 41 48 49 42 26 57 16 15 61 23 59 39 3 58 40 50 0 8 56
44 29 21 45 46 54 19 13 30 52 37 38 5 22 51 50 23 14 15 34 53 26 39 10 17 7 3 47 62 33 18 42 25 55 20 6 63 12 11 1 59 16 41 31 61 2 43 49 56 60 9 40 0 4 32 48 57 24 8 58
19 34 45 20 12 29 41 10 26 4 37 46 30 48 55 33 42 31 11 50 23 44 51 60 43 52 49 18 17 25 2 15 13 5 16 21 59 47 40 24 14 38 58 53 32 6 22 1 56 9 62 63 0 8 54 61 3 57 7 39
37 45 26 20 29 38 12 19 54 25 22 44 52 13 47 4 34 30 11 41 18 46 32 2 17 59 31 16 6 51 48 33 10 63 62 5 42 49 58 14 8 15 24 50 21 61 23 53 9 1 7 57 3 55 56 40 0 39 60 43
19 34 41 18 43 20 37 45 10 38 26 50 46 25 33 11 59 57 12 49 44 5 16 55 31 32 51 39 47 21 48 52 42 53 4 56 30 40 54 62 24 58 29 23 22 60 61 13 6 3 2 1 63 7 14 17 9 15 8 0
19 20 45 44 53 42 29 38 30 18 47 31 26 52 12 11 10 3 54 43 4 33 17 5 37 61 39 2 40 34 22 32 51 55 25 41 24 9 0 59 21 14 50 13 16 8 46 48 7 57 1 60 6 62 56 23 63 15 58 49
44 45 26 20 13 18 46 6 10 9 37 43 19 52 34 2 59 42 33 55 17 32 51 50 47 25 24 39 12 40 30 16 14 11 1 38 31 3 63 23 0 29 15 49 48 60 21 4 8 56 61 58 5 54 53 41 7 22 57 62
37 43 42 29 44 45 30 38 22 52 47 26 59 41 18 46 20 60 50 19 61 9 25 12 34 23 4 58 17 21 40 10 14 31 1 48 57 11 56 3 32 24 55 13 53 6 33 16 39 49 5 8 0 54 63 62 7 15 51 2
26 20 13 25 44 29 17 43 34 8 24 12 10 16 30 53 51 38 45 50 31 9 11 22 61 4 21 54 52 3 37 62 15 46 5 39 2 23 41 14 0 32 6 7 48 33 63 1 59 55 42 40 47 56 18 49 19 57 58 60
37 45 53 38 26 18 19 54 17 52 63 34 61 21 29 8 44 12 33 42 50 46 47 62 59 60 51 58 20 30 5 4 57 6 23 39 13 25 11 49 9 32 41 3 43 14 22 55 31 10 0 40 16 48 24 15 7 1 2 56
44 45 37 43 18 20 19 9 26 30 21 17 42 41 49 22 46 34 14 50 40 54 11 52 29 12 23 48 10 3 51 33 58 39 62 47 15 60 0 57 13 61 24 1 53 59 55 5 31 32 4 25 2 16 6 7 56 63 38 8
44 43 26 45 52 19 10 53 50 25 33 21 34 51 60 41 54 55 20 12 63 1 42 59 46 62 47 38 18 29 13 17 48 5 4 37 14 23 7 22 2 9 61 30 24 16 0 6 11 39 49 8 3 40 58 56 15 32 31 57
44 29 22 45 21 30 39 42 49 15 46 31 23 12 20 52 3 47 26 11 38 18 54 34 19 63 59 37 41 53 10 33 62 43 24 17 13 61 51 60 9 2 8 0 55 58 14 48 50 25 1 5 7 16 6 32 4 57 56 40
19 18 26 20 37 34 21 44 17 13 5 46 55 16 33 29 10 11 22 25 51 30 9 58 4 12 53 1 45 6 31 42 7 62 2 40 43 41 48 39 38 52 3 14 0 49 57 54 61 32 63 59 47 24 60 8 50 56 23 15
44 45 37 43 51 29 20 58 34 18 59 60 46 53 38 47 26 31 61 30 10 25 16 52 39 42 55 63 41 54 62 50 19 24 22 12 11 9 0 8 4 48 40 21 57 17 1 56 14 5 32 23 7 6 15 33 13 2 49 3
19 20 29 34 43 38 22 37 46 15 30 51 59 18 12 13 33 47 11 32 6 52 41 54 14 3 61 31 21 4 62 49 2 10 5 39 42 50 56 60 48 45 9 17 44 0 16 57 24 25 26 53 23 1 40 63 7 58 8 55
44 45 46 43 42 50 58 54 26 38 37 29 22 21 39 47 20 57 55 18 61 11 9 13 19 41 34 33 6 10 40 8 24 32 31 49 51 14 56 63 12 15 30 16 3 25 48 23 17 1 62 60 59 53 52 5 0 7 4 2
37 43 42 45 51 50 53 29 58 59 60 61 22 30 18 57 21 13 49 14 7 33 34 12 31 39 46 26 11 4 52 41 24 15 47 20 56 32 17 16 40 9 62 48 10 38 44 19 6 54 5 1 3 55 23 2 8 0 63 25
19 20 21 12 37 44 29 22 53 34 23 14 6 7 13 10 41 5 11 4 45 30 1 48 33 54 15 46 55 63 49 2 43 18 31 42 51 52 50 59 62 40 58 60 17 38 32 26 25 16 61 0 8 56 47 57 24 39 3 9
37 45 26 29 54 25 38 42 34 53 20 21 30 43 49 56 50 13 5 51 52 14 15 31 12 55 22 19 33 41 32 4 16 6 46 39 18 40 17 9 8 47 44 24 48 0 10 3 63 62 59 60 61 57 23 11 1 2 58 7
37 29 22 43 26 17 25 38 50 21 34 44 9 8 20 1 52 53 54 51 39 61 18 47 59 19 0 15 45 49 16 46 30 11 41 32 23 57 55 33 13 14 24 6 63 31 12 5 48 42 10 62 60 56 2 4 40 58 3 7
44 29 21 43 42 34 22 53 52 61 26 45 62 15 37 46 47 50 51 18 17 25 30 9 60 31 16 33 24 59 23 32 0 55 38 39 49 19 54 14 11 63 5 13 40 3 20 10 7 56 4 6 41 12 57 8 1 48 2 58
19 18 26 34 45 20 33 37 9 44 25 40 29 42 49 46 24 0 10 41 54 63 8 58 56 16 43 21 47 53 12 2 61 32 22 57 48 50 52 51 1 13 38 23 3 30 17 5 39 60 11 55 6 31 62 14 59 4 15 7
37 45 44 29 18 43 51 9 19 26 17 12 20 10 38 59 50 41 46 30 1 21 23 54 34 33 32 40 4 31 57 5 13 22 39 16 62 52 25 55 60 42 53 63 24 49 6 2 15 47 3 8 58 14 7 11 61 56 0 48
44 43 50 37 19 52 53 10 21 20 18 51 29 13 30 34 1 9 8 38 17 22 26 16 42 49 6 3 23 45 58 15 39 5 59 33 56 41 40 0 32 62 11 7 61 57 12 46 31 48 4 2 47 25 24 60 63 14 54 55
19 18 17 9 44 43 42 51 58 59 34 37 30 57 0 45 54 26 25 11 10 49 41 48 3 63 46 53 33 23 62 21 29 8 14 1 39 55 50 24 47 4 12 60 5 20 32 52 38 22 31 13 56 6 40 2 15 7 16 61
44 45 19 18 26 20 46 34 9 17 8 25 33 53 21 12 42 10 43 30 11 24 60 52 5 62 14 50 13 32 39 0 1 3 51 38 29 58 37 6 16 47 61 54 2 4 7 41 59 15 40 48 63 23 31 22 57 49 55 56
26 18 37 34 19 38 46 11 44 29 9 17 41 54 21 33 3 52 25 16 24 14 8 20 13 0 53 10 2 6 47 60 7 40 32 1 12 43 51 5 48 22 45 39 42 58 61 56 31 50 59 4 49 15 30 62 23 57 55 63
37 43 18 19 10 11 26 38 45 9 4 53 51 33 46 55 20 44 0 21 52 58 34 60 61 3 31 25 16 17 50 29 13 54 1 47 30 6 62 2 32 23 42 24 39 8 63 49 22 14 41 5 48 57 15 56 7 40 59 12
26 34 44 20 42 41 19 50 33 25 32 29 37 43 12 4 40 45 30 10 57 52 21 31 3 13 5 14 7 48 39 24 51 6 18 9 1 59 17 38 54 8 22 46 23 62 49 58 56 2 11 15 63 47 16 0 61 53 60 55
26 18 37 34 9 20 19 17 25 43 52 41 33 40 13 1 16 12 48 8 4 45 11 21 22 10 38 50 32 46 59 3 44 51 54 63 2 60 53 31 29 62 61 58 0 23 55 39 47 24 42 5 14 57 6 30 15 49 56 7
44 45 26 18 46 20 9 25 34 41 21 0 42 22 14 54 19 38 30 29 62 52 60 53 17 63 40 61 37 59 33 24 16 11 10 8 12 48 1 39 47 49 58 23 15 13 4 55 31 51 56 7 43 32 2 5 6 3 50 57
37 45 26 29 54 19 21 33 10 30 17 63 40 11 53 46 39 61 3 13 62 23 60 47 5 42 55 25 24 44 43 31 51 34 38 12 14 20 22 32 41 15 6 50 57 16 49 48 4 2 1 56 18 9 8 59 7 52 58 0
26 34 45 37 46 19 42 55 38 44 12 39 53 25 20 51 60 10 21 29 33 61 24 11 30 13 3 22 62 32 31 43 23 50 40 14 49 15 1 16 8 57 5 41 58 2 56 18 17 59 7 48 52 0 54 6 47 63 4 9
19 20 29 22 12 34 44 43 38 45 15 18 17 31 51 11 37 16 54 52 41 58 53 61 30 48 26 13 5 47 6 14 10 23 24 25 59 7 46 60 33 3 49 4 62 40 32 9 2 50 0 63 57 39 8 21 55 1 56 42
26 20 21 18 10 34 44 22 19 52 37 17 13 1 31 46 33 32 43 5 16 23 45 42 38 30 40 8 6 39 51 49 29 11 47 25 12 41 0 59 61 54 50 57 3 53 24 4 60 2 58 48 15 7 62 63 56 55 14 9
26 34 41 21 45 17 29 30 22 48 25 14 9 18 42 32 33 20 40 50 24 16 8 19 10 38 31 43 6 12 58 51 4 59 52 54 56 3 2 15 60 13 57 47 23 44 49 61 63 46 5 1 37 39 0 62 53 11 7 55
19 20 45 18 12 54 10 13 21 22 30 37 26 34 63 4 14 7 33 42 6 25 32 41 11 3 49 53 38 29 61 23 5 15 2 17 43 46 55 51 50 9 24 56 1 52 57 48 40 16 31 44 60 58 47 8 39 0 59 62
37 43 18 29 21 20 11 22 34 25 32 14 38 30 23 31 19 13 50 15 26 42 41 45 12 2 54 10 4 57 44 24 33 53 7 9 17 5 61 46 39 63 62 3 8 51 6 16 52 60 59 48 1 0 40 49 58 55 56 47
19 20 29 38 13 26 21 11 44 5 22 31 2 37 15 30 4 52 45 34 51 58 25 16 46 55 41 3 42 47 53 60 59 48 18 10 54 23 43 33 39 7 40 1 9 32 50 49 61 6 62 8 12 63 14 56 57 24 17 0
19 18 44 20 11 34 25 29 21 2 43 52 3 51 45 22 50 57 1 46 13 33 37 6 59 9 61 17 55 30 15 14 38 10 24 53 8 54 31 39 12 7 23 16 42 60 63 0 47 26 41 62 32 48 49 40 58 4 5 56
37 29 18 26 22 30 20 15 25 43 31 19 10 24 42 12 44 52 34 51 16 38 46 9 2 17 11 33 41 8 47 49 14 4 5 6 40 55 58 57 48 32 50 39 53 21 54 7 63 56 0 45 13 1 3 62 61 59 60 23
37 43 42 45 19 29 51 34 26 21 30 11 44 31 13 12 54 41 20 50 48 38 49 59 23 56 58 14 5 40 32 18 60 52 57 6 9 25 4 46 61 0 33 53 7 22 15 2 10 24 39 55 8 16 62 17 1 47 63 3
19 34 45 20 43 44 25 18 53 33 26 52 41 42 9 46 47 51 29 62 21 10 2 39 60 16 17 11 3 40 37 32 49 12 4 22 30 50 14 58 31 5 57 56 48 7 55 23 61 38 15 24 6 63 59 8 13 54 1 0
26 18 44 29 22 45 21 20 11 42 10 9 34 25 46 43 0 52 51 4 17 54 53 2 37 38 47 15 49 59 33 61 12 24 19 8 23 16 60 50 62 55 32 30 41 57 58 5 7 39 40 56 3 14 31 13 48 63 6 1
26 18 10 29 21 34 45 43 44 20 37 9 0 52 13 12 3 17 16 22 53 46 41 19 60 61 30 33 55 38 42 51 32 5 4 40 25 2 6 24 23 7 1 47 31 14 15 59 49 63 39 48 56 50 11 57 54 58 62 8
44 43 34 45 51 58 26 50 54 19 10 17 52 12 18 29 20 53 24 37 30 55 62 22 46 25 14 47 33 16 38 32 60 2 5 8 40 11 21 59 0 61 3 9 41 49 42 31 1 7 57 13 6 4 23 15 63 56 39 48
19 18 37 45 44 11 10 9 53 54 1 61 17 29 21 25 62 8 60 43 3 14 26 12 7 34 30 46 39 55 51 13 38 47 24 63 20 50 6 4 42 32 0 2 5 49 41 22 59 52 16 31 58 40 56 57 48 33 15 23
19 20 45 26 37 43 12 11 10 54 53 38 34 1 33 3 18 44 42 25 2 61 32 17 4 41 9 5 48 40 46 29 52 60 13 47 16 8 50 56 0 24 6 49 30 58 62 31 57 51 21 55 39 14 15 23 22 63 59 7
19 18 37 11 10 29 17 46 38 9 21 20 54 45 12 31 0 43 4 5 6 52 47 14 13 44 2 8 53 39 51 30 22 59 42 16 3 23 61 63 58 15 26 50 34 25 24 41 40 55 32 57 49 1 7 48 60 62 33 56
19 20 21 18 37 13 26 29 14 25 12 11 33 6 30 31 10 7 24 45 39 34 53 9 23 54 17 46 1 22 42 41 3 50 5 60 58 8 43 32 44 49 61 51 55 4 48 0 56 52 16 15 59 62 40 57 2 38 47 63
44 45 37 29 46 54 62 55 21 34 18 51 30 23 47 53 43 12 60 42 31 52 61 63 13 59 49 20 15 39 38 33 50 48 58 14 40 22 5 56 4 19 57 41 32 3 11 2 1 9 10 6 8 0 26 17 25 7 16 24
19 34 44 11 10 53 33 26 43 51 42 40 59 50 45 46 52 60 12 29 21 1 38 14 47 5 18 61 17 37 62 3 7 16 30 55 49 25 63 22 8 6 24 13 2 57 23 41 31 9 15 0 54 20 58 39 48 56 32 4
37 45 19 29 44 51 22 21 20 12 38 26 4 46 54 63 33 30 53 13 31 23 52 34 15 10 41 62 11 60 55 17 42 48 50 32 5 2 39 58 3 14 40 25 49 18 47 6 9 8 56 7 24 59 43 16 0 1 61 57
19 20 37 18 11 4 12 21 30 44 3 46 38 22 55 42 34 45 17 47 52 26 33 10 1 24 39 8 14 2 54 23 9 16 50 51 43 60 32 40 25 57 49 13 0 56 48 31 53 61 41 59 58 5 62 63 6 15 7 29
37 43 18 21 34 29 52 26 14 10 22 30 17 7 38 31 9 46 6 44 39 45 23 24 8 59 2 33 54 47 55 62 20 13 25 41 12 11 32 16 4 42 60 53 48 0 19 15 40 61 1 5 51 56 49 57 63 50 58 3
44 29 19 52 37 45 54 34 60 11 46 53 42 39 30 20 26 22 3 33 55 21 43 63 32 25 62 49 12 50 17 38 58 57 47 51 48 31 23 16 41 61 18 13 6 10 2 59 14 24 8 56 40 9 0 15 7 5 1 4
26 18 37 45 10 20 29 22 12 11 13 38 44 34 31 17 2 3 47 30 8 15 33 39 23 32 19 25 54 24 1 21 7 55 41 4 63 0 43 52 16 50 59 53 61 9 51 46 5 42 40 49 56 14 58 60 48 57 6 62
19 34 43 50 33 20 13 12 21 18 4 6 22 32 51 52 45 29 30 15 44 54 23 37 58 11 7 14 57 46 25 42 49 38 60 59 61 62 26 16 47 3 40 5 39 17 8 48 63 55 10 2 56 0 31 24 41 53 9 1
37 43 34 45 52 41 26 59 61 29 25 20 30 21 38 24 18 53 22 11 9 10 13 6 16 14 54 44 5 23 17 8 12 42 40 19 39 49 7 4 15 48 2 33 3 32 56 50 31 63 58 62 46 1 55 60 51 47 0 57
19 18 26 34 25 17 43 24 8 20 33 41 49 10 11 12 37 51 21 46 9 42 13 14 32 29 52 16 38 30 50 5 39 60 6 57 55 53 58 45 54 62 3 7 31 1 48 44 40 47 59 4 56 2 22 0 15 61 63 23
44 29 18 52 21 20 13 42 45 5 38 30 31 34 14 7 26 19 33 24 40 43 51 39 37 46 53 25 47 11 2 59 50 60 23 49 12 54 58 22 10 17 55 56 16 61 41 15 57 63 32 4 6 8 62 9 0 48 3 1
26 18 44 45 19 52 53 61 62 43 51 60 46 63 9 42 29 21 37 17 16 8 0 30 50 34 33 47 22 11 3 57 31 58 55 39 23 25 32 24 59 38 56 1 14 15 41 7 10 20 54 4 13 2 12 49 48 5 6 40
37 45 19 18 44 29 21 13 22 34 43 51 5 42 33 15 52 32 41 60 53 4 9 50 48 49 58 0 59 6 17 61 56 25 16 57 62 20 23 54 46 47 7 63 24 30 26 14 40 12 2 11 10 3 31 1 38 8 39 55
19 18 37 11 26 34 9 44 10 12 41 8 25 46 20 21 1 17 38 45 4 31 13 42 55 47 24 63 30 5 54 3 50 22 52 39 14 53 33 2 43 60 29 48 62 16 51 0 32 58 49 61 59 57 40 23 15 7 56 6
19 18 37 29 9 46 38 30 39 42 55 45 22 11 44 31 26 43 23 53 41 15 13 17 60 0 8 61 10 20 4 51 34 52 62 40 49 54 58 56 48 59 63 1 3 21 50 5 6 32 57 33 25 47 7 2 12 16 24 14
26 34 44 20 33 45 12 41 42 52 37 13 6 43 51 18 48 32 25 16 10 2 60 61 62 59 58 40 49 56 24 4 53 14 11 50 29 38 30 21 46 47 55 63 19 17 1 39 7 57 5 22 3 15 8 9 31 54 0 23
44 43 26 29 45 19 18 46 22 37 50 30 52 33 34 14 20 11 40 17 13 51 53 62 15 41 49 57 25 48 47 6 59 58 54 61 56 39 31 32 8 23 12 5 3 10 21 55 63 42 9 1 7 60 24 38 0 16 2 4
44 29 20 11 12 13 19 18 30 45 37 21 3 23 6 5 9 42 54 34 22 4 41 17 39 43 25 48 52 46 51 62 14 10 2 50 33 32 47 58 38 61 59 53 40 55 16 31 26 1 24 7 60 49 0 8 63 15 56 57
44 45 46 34 18 20 33 54 13 12 11 4 21 52 19 22 6 14 23 26 5 32 3 7 30 10 25 39 37 9 40 48 8 2 15 53 62 24 55 61 29 31 38 43 17 42 60 51 1 63 50 16 47 41 49 58 57 0 59 56
44 43 18 37 42 50 30 20 12 29 38 39 45 11 57 4 21 52 53 46 51 22 14 59 31 23 54 47 61 13 5 34 19 3 15 62 2 10 63 41 55 9 49 58 17 7 6 56 0 8 25 60 48 26 33 32 16 24 1 40
44 45 46 20 18 34 33 43 42 51 50 49 12 32 19 13 59 29 56 54 63 37 21 41 25 4 3 48 40 14 15 17 24 26 30 53 10 31 58 38 60 52 22 57 16 7 11 2 6 8 0 9 61 47 39 5 55 1 23 62
26 34 44 18 33 40 9 42 49 58 25 21 43 19 50 17 16 51 20 45 14 10 2 29 30 12 13 1 24 39 60 22 48 5 8 59 46 23 11 57 4 54 38 61 6 32 41 52 0 7 53 15 31 47 37 56 62 55 63 3
19 18 17 29 45 10 22 24 16 42 34 44 2 3 20 12 50 8 37 46 53 60 55 21 38 26 4 23 52 5 15 39 43 13 31 51 61 1 25 32 9 54 47 49 11 62 41 33 14 30 40 6 57 48 56 58 59 0 63 7
44 43 26 19 12 37 51 50 45 11 18 21 57 13 5 3 29 33 40 59 10 30 52 46 23 38 42 20 31 9 8 47 55 60 53 4 14 61 54 25 24 58 62 2 17 49 41 34 1 56 39 63 48 16 32 15 6 0 22 7
37 45 26 34 41 33 44 38 25 43 51 20 13 17 39 58 19 49 24 42 56 30 32 16 46 6 40 48 22 23 9 52 29 57 59 14 15 60 61 31 21 53 12 11 54 50 2 18 8 5 4 62 63 10 1 0 7 3 55 47
37 43 26 29 21 22 45 38 51 52 53 59 61 34 33 32 42 13 14 15 40 19 60 48 7 49 58 17 50 25 39 31 10 11 20 6 56 46 9 12 3 4 47 44 5 16 24 18 8 41 30 1 2 57 23 0 54 55 62 63
37 29 19 26 17 44 51 10 21 25 1 8 24 53 45 14 33 41 40 58 49 38 31 22 9 46 62 39 54 11 47 43 20 13 12 3 15 52 42 61 7 18 30 34 0 55 63 50 4 6 5 48 23 16 32 2 60 59 56 57
37 43 26 38 51 34 41 19 11 25 20 18 46 50 24 21 14 55 49 16 17 32 42 59 48 12 3 9 29 2 0 10 1 4 33 56 60 13 58 7 5 40 47 52 45 8 57 61 53 39 31 23 54 63 22 6 15 30 44 62
26 18 10 25 45 2 9 8 32 24 17 29 0 54 16 34 33 40 63 20 3 1 43 37 21 11 4 46 42 44 48 49 47 14 12 19 22 30 31 38 56 41 6 50 59 52 51 53 60 15 23 5 7 39 13 61 62 57 58 55
26 34 45 19 33 41 10 32 40 48 42 54 44 43 63 21 52 11 12 3 13 46 37 1 20 59 50 62 22 18 9 49 53 55 61 51 38 24 56 0 25 14 6 29 16 39 8 7 15 23 30 17 60 5 57 58 47 4 2 31
37 29 19 45 22 34 42 10 11 18 9 21 54 26 14 63 44 3 20 25 2 23 24 49 46 6 38 16 17 39 13 5 31 55 43 52 15 30 51 53 4 32 60 8 62 47 33 0 12 7 56 59 41 48 50 57 58 40 1 61
26 34 42 33 45 17 25 21 43 19 41 50 9 8 29 32 14 24 49 30 18 16 20 2 0 51 38 57 10 13 58 7 12 3 4 59 39 31 56 37 11 5 40 48 15 46 60 53 44 1 55 52 61 54 22 23 63 62 6 47
26 34 43 20 21 51 12 17 25 33 44 29 38 45 19 18 52 30 32 46 53 42 49 54 9 41 48 16 37 3 5 24 14 40 31 22 55 47 10 58 50 59 23 56 61 1 57 62 0 13 63 15 2 39 4 60 6 11 8 7
26 18 37 43 42 29 51 45 30 19 54 21 10 53 20 1 12 13 22 49 56 11 4 5 46 50 6 17 14 44 34 41 38 48 33 25 9 31 8 63 57 2 23 40 24 15 61 47 39 62 3 55 60 7 52 58 59 32 16 0
44 29 22 30 21 15 23 12 38 39 14 45 43 6 37 13 7 51 42 19 52 34 3 50 20 5 4 53 57 49 61 62 25 31 10 33 26 46 58 60 54 41 56 48 47 16 11 18 32 2 1 55 17 9 0 8 24 40 59 63
19 18 17 11 37 16 3 4 9 1 5 43 42 41 20 21 51 44 14 34 49 26 29 59 52 12 50 7 32 53 45 10 54 46 47 30 38 61 2 56 62 6 0 31 13 57 25 24 33 63 39 40 15 55 48 60 58 23 22 8
26 34 43 18 37 45 53 52 59 44 9 19 42 41 10 11 25 33 17 29 22 38 3 30 23 15 39 46 40 62 49 60 47 20 21 12 5 55 7 4 13 24 16 32 54 58 51 56 63 8 2 61 50 48 0 6 57 31 14 1
37 43 50 21 20 45 19 42 44 29 41 40 30 39 34 11 32 38 18 9 52 48 54 49 12 59 2 13 47 31 0 4 56 55 5 22 58 6 51 26 14 57 23 46 60 63 53 7 25 10 33 15 3 61 1 8 16 24 17 62
44 29 22 45 46 34 26 18 17 16 37 54 43 38 19 52 51 10 42 15 63 62 59 60 20 41 30 25 49 50 24 48 12 13 21 11 31 53 61 47 58 32 6 5 23 39 9 0 4 33 40 57 14 7 55 3 2 1 8 56
26 18 37 34 25 20 33 41 11 38 44 16 24 9 0 32 29 2 46 19 22 45 10 53 54 52 47 17 61 39 31 21 8 55 63 43 13 30 49 6 12 62 4 48 51 5 40 59 14 23 50 42 60 3 56 58 7 15 57 1
44 45 46 34 26 18 9 10 17 8 2 20 42 29 13 49 22 12 4 53 61 54 56 11 25 38 3 30 52 33 24 41 31 60 48 51 47 55 0 37 32 19 16 40 43 39 59 23 50 58 62 1 57 14 15 21 63 6 7 5
44 43 26 29 30 22 45 46 54 38 47 62 51 58 53 50 55 37 39 19 15 14 13 4 57 21 12 10 1 63 61 7 34 17 24 8 33 41 52 25 31 56 42 20 6 32 16 5 40 11 9 60 2 18 0 48 49 23 59 3
44 29 18 26 19 12 17 43 42 53 11 50 37 33 30 10 1 8 40 20 62 38 21 34 45 32 9 46 52 25 39 14 16 60 54 41 61 55 5 24 58 3 23 22 47 31 48 49 13 15 0 63 4 6 51 59 57 2 7 56
44 45 26 52 54 17 59 20 43 63 8 50 21 61 37 18 19 34 33 25 46 29 60 32 38 13 57 30 47 58 39 41 24 31 48 16 23 49 6 53 10 3 40 5 4 7 62 42 1 56 11 55 9 0 12 2 51 22 15 14
26 34 45 37 46 18 25 19 44 24 11 29 17 43 30 9 51 54 33 20 32 59 62 55 0 52 38 31 10 40 13 63 58 3 50 47 53 1 21 61 12 14 60 42 23 22 2 41 5 6 16 15 39 8 4 49 48 57 7 56
44 45 37 29 46 51 52 60 38 26 20 13 18 21 59 39 50 34 43 9 17 25 61 55 0 42 33 8 5 10 53 49 41 19 11 58 48 54 1 3 4 6 16 56 12 32 31 24 47 63 62 57 14 22 15 40 23 30 7 2
44 29 21 45 30 31 20 11 19 26 18 25 38 22 12 46 23 53 47 13 37 15 14 39 2 4 43 7 61 50 6 62 42 55 17 51 33 34 41 40 52 16 57 58 59 54 32 24 9 48 3 10 63 8 0 60 56 49 5 1
26 18 37 29 9 46 22 44 38 25 21 45 17 43 52 19 54 51 53 13 58 11 4 23 34 39 15 16 10 7 47 33 12 55 8 30 41 62 63 60 42 32 59 24 40 57 31 50 61 0 56 14 49 20 2 1 3 5 6 48
19 18 26 34 44 12 41 37 9 52 20 11 2 42 45 53 43 3 61 59 62 13 4 40 10 8 49 25 0 29 46 58 21 14 30 38 33 5 15 55 24 6 22 7 54 47 39 23 31 17 32 16 57 50 51 60 48 63 1 56
19 18 26 34 33 20 12 11 42 4 37 44 29 30 52 38 3 51 13 60 9 17 39 45 21 14 59 50 5 40 15 1 22 6 46 53 16 10 54 25 61 43 57 31 49 47 0 63 24 41 7 62 23 48 55 2 32 58 8 56
37 45 26 38 39 29 20 18 46 43 44 30 19 11 23 54 10 21 34 47 4 3 42 49 12 50 62 9 17 14 55 5 58 33 56 31 13 2 8 51 40 25 22 15 60 16 53 63 1 32 7 6 41 0 24 48 52 61 59 57
19 20 13 18 21 29 38 43 34 33 17 26 42 6 32 30 52 25 5 51 39 22 12 53 11 46 23 9 31 10 45 49 47 37 2 40 61 55 54 4 44 63 56 14 48 50 24 15 41 16 3 62 57 59 58 1 7 60 8 0
26 34 43 20 21 52 19 18 25 11 17 32 51 12 10 14 5 9 8 4 33 0 22 41 29 13 61 3 23 45 44 53 16 42 38 58 2 37 6 60 46 24 40 48 62 63 50 57 30 47 54 59 49 1 55 56 31 39 15 7
37 43 18 19 42 17 50 46 9 49 41 44 16 0 45 51 1 40 29 30 21 12 58 38 11 53 56 10 14 2 57 22 39 24 25 59 61 23 32 20 3 47 55 8 52 34 15 62 26 4 13 54 31 60 63 6 48 33 7 5
44 45 26 52 53 61 60 34 62 20 12 21 38 19 29 47 43 25 30 13 22 5 46 51 42 39 16 14 11 2 18 49 41 33 3 59 24 63 4 10 50 54 6 17 9 37 15 1 57 58 48 32 56 7 55 23 31 40 8 0
37 29 18 44 45 30 43 50 20 19 22 21 57 15 26 42 31 39 34 53 23 41 54 11 51 58 3 56 7 13 62 59 49 17 40 61 52 33 32 4 16 55 5 24 63 46 60 6 12 25 38 48 14 9 0 1 2 10 47 8
37 43 50 51 34 41 32 29 20 57 19 45 52 18 46 12 22 11 38 30 2 44 4 26 10 53 60 62 23 25 24 21 59 9 54 33 13 42 17 47 39 31 8 61 55 6 63 58 14 40 49 5 48 7 15 1 56 3 16 0
26 20 45 42 44 34 29 38 31 18 33 53 49 46 17 47 30 22 11 43 62 41 13 12 37 51 19 3 54 39 21 23 5 60 61 52 59 25 10 9 16 15 48 6 2 8 24 4 7 32 55 14 1 58 57 0 50 40 56 63
37 45 44 29 21 43 26 25 42 20 17 34 33 50 58 13 53 51 5 49 40 8 18 6 9 14 52 38 7 32 24 62 12 60 31 56 41 11 46 15 2 0 1 3 57 54 10 19 59 48 4 30 23 22 63 16 55 47 61 39
44 29 21 43 37 30 34 52 39 42 19 11 61 26 10 20 3 31 12 14 17 25 49 56 23 9 38 4 41 47 16 1 13 15 2 53 18 33 8 6 46 5 45 59 51 54 7 60 40 0 22 62 58 50 24 32 48 57 63 55
37 29 22 30 21 14 39 20 15 43 12 45 13 31 53 6 7 11 34 42 38 26 5 47 10 4 25 2 41 17 49 24 18 19 8 16 46 9 52 55 0 48 23 57 32 60 40 33 3 1 58 59 63 44 54 50 62 61 56 51
19 18 37 29 17 9 0 26 20 10 11 44 30 12 45 34 52 53 54 23 43 60 13 46 25 4 31 14 21 50 57 42 22 3 15 24 49 41 61 1 2 6 5 38 55 62 48 58 39 33 59 40 8 51 47 56 7 63 16 32
44 29 21 13 14 43 12 45 52 53 50 60 18 26 37 7 15 42 25 22 30 38 34 19 62 54 47 49 20 4 48 56 3 24 5 17 11 40 46 63 51 33 59 61 9 1 16 6 55 8 0 57 41 39 31 58 32 23 2 10
37 29 22 45 26 15 53 25 19 54 17 18 30 11 44 34 10 20 42 16 2 33 14 4 9 1 32 21 46 13 55 40 12 24 8 49 48 62 41 38 23 5 57 3 43 0 52 51 58 60 47 59 7 6 39 56 61 63 50 31
19 34 44 21 43 37 20 13 30 11 14 7 10 39 22 52 5 45 38 29 59 18 2 1 51 6 0 4 26 60 33 42 53 58 49 46 50 57 54 62 31 25 15 56 16 41 3 23 61 17 48 12 55 9 32 24 40 47 8 63
19 20 45 18 9 34 11 44 33 2 4 10 37 41 21 30 53 8 39 32 1 43 51 54 17 13 46 29 38 3 63 16 26 42 25 12 40 48 14 55 47 49 56 23 31 24 0 50 59 61 15 6 60 62 52 5 7 57 22 58
19 34 42 20 26 41 21 11 48 12 5 22 45 49 30 33 23 13 50 56 6 10 4 17 3 51 37 40 24 29 32 16 25 38 44 31 57 18 43 58 39 54 8 1 46 14 60 0 55 59 63 61 7 9 47 62 15 52 2 53
44 45 37 43 53 46 55 47 54 29 51 59 20 62 26 21 22 14 52 15 13 18 42 17 39 33 49 6 19 56 9 60 61 50 48 12 16 0 63 57 7 30 24 40 5 25 38 23 10 41 34 8 3 11 31 58 1 2 32 4
37 29 20 13 26 44 45 53 21 25 18 42 61 38 30 22 43 54 32 24 55 51 46 52 23 10 5 6 49 63 19 40 50 34 16 60 48 11 1 62 14 7 12 15 17 59 58 47 39 57 33 56 41 9 4 31 8 3 2 0
37 45 44 29 22 51 53 42 20 54 49 52 26 17 43 41 63 15 30 18 9 57 50 55 25 21 47 0 12 14 19 23 60 8 39 11 3 59 56 48 13 33 16 5 6 7 34 31 38 61 10 24 62 46 58 2 32 40 1 4
26 18 19 34 9 11 45 21 33 40 29 42 4 20 12 10 25 37 38 5 43 51 6 54 41 3 63 47 52 50 59 58 31 60 2 53 22 8 49 61 55 14 16 0 39 46 30 56 7 62 48 57 1 24 44 13 32 23 17 15
44 43 18 53 50 42 51 60 34 41 59 21 29 37 52 49 46 20 33 25 14 39 26 11 12 4 30 31 32 45 10 24 61 38 57 9 3 7 16 19 47 54 8 58 5 1 55 17 22 13 15 40 23 2 56 62 0 63 48 6
44 29 18 26 34 9 21 41 19 13 33 25 20 11 14 45 37 42 49 51 46 7 5 53 17 40 62 56 12 30 31 55 43 23 59 38 39 22 2 50 24 6 52 54 47 16 57 48 61 32 10 1 0 8 15 58 60 63 4 3
26 34 45 18 33 29 17 54 20 12 10 32 13 8 11 9 42 25 0 41 40 14 24 49 2 19 38 21 50 37 1 51 5 4 56 47 7 44 16 30 63 48 53 3 22 43 60 31 59 6 58 46 23 15 55 39 52 61 62 57
37 43 34 25 26 20 24 18 52 42 33 45 38 51 11 16 60 41 12 61 50 29 30 9 0 22 8 21 62 3 15 10 2 59 40 63 4 49 48 46 17 44 54 55 57 31 14 6 7 53 23 13 58 19 39 5 47 56 1 32
26 34 43 50 33 18 44 42 57 53 25 19 49 45 10 17 37 9 0 29 24 56 46 38 48 55 31 1 54 8 2 41 40 3 52 63 11 58 21 4 5 51 62 61 59 14 16 39 7 47 32 20 30 12 13 23 22 60 15 6
26 18 10 9 8 20 21 43 12 29 38 25 24 17 51 30 37 13 14 59 50 0 22 6 52 23 11 5 19 46 55 34 47 54 33 1 15 41 61 53 49 45 2 3 4 48 44 16 58 57 42 63 62 40 60 32 7 39 31 56
44 45 46 52 59 29 37 30 18 43 53 42 34 19 22 51 50 17 11 61 9 58 57 60 62 14 15 33 54 55 47 3 31 25 24 63 10 38 26 56 39 2 6 16 8 21 12 7 49 20 13 23 41 4 5 40 1 0 32 48
37 43 42 45 53 20 19 54 63 18 9 29 51 50 49 41 12 61 26 58 52 21 44 40 22 13 56 0 46 59 38 33 4 31 30 34 48 62 10 23 8 16 25 14 15 3 5 47 57 39 2 6 55 24 7 17 32 60 11 1
26 20 37 44 13 38 45 34 29 46 39 22 41 25 31 6 11 30 54 15 51 12 16 48 18 10 17 47 3 2 55 4 21 62 53 8 52 33 42 50 43 61 60 59 24 19 58 63 0 23 14 32 40 7 5 49 9 57 56 1
26 18 10 9 44 11 0 8 2 25 12 29 16 53 20 4 38 30 34 47 37 24 32 42 51 45 54 58 31 46 41 55 61 21 50 62 60 49 52 43 22 33 56 17 13 57 40 59 19 15 23 6 63 48 39 1 5 14 3 7
19 34 45 20 33 18 26 43 13 21 11 29 22 5 25 24 44 3 50 52 12 57 42 40 6 17 37 41 61 23 10 4 8 49 14 60 2 7 9 16 48 1 30 31 0 56 15 46 58 62 32 51 38 39 47 55 59 53 63 54
26 18 10 29 45 43 30 19 44 37 51 25 32 21 46 31 23 9 39 59 50 41 57 53 54 1 20 42 12 58 33 13 40 34 0 4 60 62 52 16 38 11 6 14 7 8 3 63 22 48 55 5 2 24 17 49 56 47 15 61
37 29 21 45 44 30 18 14 20 42 43 52 49 38 31 23 15 50 57 34 7 41 39 11 22 9 60 56 0 19 4 58 53 54 12 2 63 62 26 13 48 55 46 47 59 61 3 6 5 25 33 16 32 51 1 24 40 10 17 8
26 34 42 18 37 45 44 29 19 25 9 10 38 53 61 39 2 17 31 49 8 43 46 54 63 23 33 11 22 32 41 21 57 51 50 24 12 48 13 20 59 30 15 3 40 7 56 1 0 62 16 5 14 4 58 60 47 52 6 55
37 43 18 29 44 45 52 51 50 57 42 61 46 34 26 38 33 41 53 59 54 24 48 47 58 9 39 17 21 32 60 13 8 25 63 31 20 40 10 3 2 22 4 11 19 56 14 55 12 0 62 1 23 7 6 5 30 15 16 49
44 29 20 45 37 43 53 46 30 23 31 19 15 60 52 12 11 10 26 17 61 22 2 62 25 18 13 14 4 21 42 38 59 49 63 9 5 34 33 54 55 41 1 47 8 7 40 48 39 0 32 16 50 51 57 24 6 56 58 3
44 43 50 45 19 52 61 59 60 42 51 21 38 37 30 62 12 58 41 14 57 54 29 56 63 46 7 23 47 20 22 55 13 49 34 4 48 10 11 15 3 18 5 53 2 25 9 39 32 1 0 26 6 24 33 17 31 8 16 40
19 34 42 20 26 49 29 21 43 30 12 11 10 3 50 9 1 17 5 18 56 45 39 4 16 13 0 31 54 58 23 8 25 48 2 44 51 52 41 38 33 63 24 40 22 32 61 59 60 14 46 37 6 53 62 7 15 55 47 57
37 43 42 29 19 41 45 26 22 11 10 9 1 30 20 21 51 60 40 15 25 12 31 49 3 14 8 17 58 34 13 24 7 33 23 46 47 48 56 57 50 44 32 4 18 38 5 59 39 55 61 53 63 2 52 0 16 6 62 54
19 34 43 52 45 37 42 20 33 38 44 49 61 18 39 60 56 41 21 62 12 4 3 22 51 50 40 24 29 32 30 13 9 0 14 47 57 6 5 31 16 11 23 7 58 46 2 48 26 8 55 15 53 59 25 63 54 17 10 1
19 34 44 21 41 53 43 42 52 10 20 33 54 40 25 51 50 60 26 49 59 12 5 24 22 11 58 29 17 23 30 46 45 9 14 4 13 57 38 39 56 15 3 2 62 61 37 47 32 48 55 63 7 18 16 6 1 0 31 8
26 20 37 34 19 18 12 29 10 13 14 6 25 2 30 11 3 44 45 38 5 53 9 0 8 24 21 22 61 54 52 1 39 4 7 60 43 15 16 50 42 41 63 31 40 59 57 32 46 49 58 55 62 48 33 47 17 51 23 56
37 45 44 43 34 29 19 26 33 32 46 21 42 53 20 49 30 47 52 39 50 10 11 18 38 25 14 22 15 58 54 4 1 6 41 60 12 55 40 3 62 2 9 61 13 7 23 63 56 16 59 57 5 51 0 31 48 8 17 24
37 43 42 29 19 38 30 20 51 49 46 31 13 45 56 50 47 48 44 21 26 12 5 34 33 59 57 53 41 6 7 4 60 17 22 58 25 15 8 61 62 11 14 23 3 54 55 40 18 24 10 9 16 0 2 63 39 52 1 32
26 34 41 17 18 20 37 19 12 42 33 44 52 29 9 11 50 48 10 1 25 45 46 21 32 4 0 38 3 58 2 16 24 53 62 61 59 8 30 60 13 39 51 6 14 5 22 40 7 31 43 57 47 55 23 15 54 49 56 63
37 43 26 21 50 17 29 38 46 54 44 30 34 52 14 41 23 45 47 55 39 31 53 62 59 42 63 58 25 12 22 20 51 18 13 24 40 7 5 32 8 9 19 61 49 4 16 11 57 48 56 33 3 15 0 6 60 1 10 2
44 29 18 52 30 34 60 53 54 19 42 31 21 45 26 12 20 25 37 62 16 55 23 49 50 51 46 43 63 39 48 15 33 59 22 14 7 41 40 24 38 5 57 9 61 47 58 11 2 0 3 13 6 10 17 8 1 56 4 32
19 20 21 34 44 11 33 13 5 6 7 37 30 22 10 9 12 46 26 42 8 3 2 14 4 39 18 25 23 29 50 38 54 58 24 53 52 17 55 41 16 31 51 40 43 49 56 15 57 1 32 0 59 61 45 63 47 60 62 48
44 29 20 45 26 18 30 52 34 42 54 12 13 38 17 6 19 25 11 22 32 2 37 24 49 50 58 9 4 41 16 10 48 63 33 57 56 51 31 43 8 23 61 0 46 3 47 1 60 55 21 5 40 62 14 59 15 53 7 39
44 29 20 43 38 52 42 26 50 13 11 41 32 57 45 30 60 37 21 22 17 39 23 51 6 54 31 61 18 53 59 2 55 62 63 5 12 25 33 58 34 49 56 46 19 15 4 10 9 14 47 16 8 40 3 24 0 7 48 1
26 34 41 20 37 42 43 48 33 49 51 59 50 17 56 57 60 45 19 44 54 25 24 38 58 53 21 18 29 30 32 14 23 22 7 6 39 31 62 63 47 16 10 55 46 1 11 61 3 4 5 13 9 52 2 12 8 15 40 0
44 29 18 26 20 43 38 9 25 19 42 21 14 47 10 24 30 11 2 13 17 22 45 52 0 37 23 16 8 6 53 51 58 4 46 33 41 34 7 12 1 59 5 48 49 39 60 62 32 31 54 50 57 56 15 63 40 3 55 61
44 29 20 11 19 52 45 18 53 26 21 37 12 22 10 62 61 1 38 54 25 5 60 46 23 3 47 51 59 32 9 58 24 30 40 33 34 8 55 17 2 41 4 43 50 42 6 7 49 48 14 13 56 15 39 63 31 57 16 0
19 34 44 11 26 18 9 43 20 10 42 50 49 45 37 51 25 41 54 48 57 59 1 63 46 21 3 32 12 2 58 16 33 56 22 53 29 13 14 38 0 4 61 31 39 17 62 40 30 8 24 52 47 60 6 55 5 15 7 23
37 43 42 29 21 30 23 41 19 38 44 22 15 45 49 11 52 13 50 57 4 53 31 39 34 7 47 5 61 59 60 51 48 55 14 62 18 26 20 17 54 32 46 63 16 3 58 9 33 8 2 0 10 25 6 12 24 40 1 56
44 43 18 29 30 52 51 22 60 50 37 26 15 59 20 45 25 61 57 49 41 12 19 21 5 31 54 46 53 13 47 11 42 24 38 63 2 9 23 48 17 33 34 7 40 16 6 14 8 3 62 39 0 10 58 55 56 4 32 1
26 20 37 44 19 18 11 4 3 2 17 30 21 25 38 46 55 45 51 29 33 47 39 13 5 6 9 10 53 31 1 34 43 0 12 8 22 42 41 62 16 63 52 50 49 57 60 61 58 59 56 24 32 15 40 48 14 7 54 23
19 18 26 34 9 21 25 10 29 22 41 8 43 51 52 24 2 61 20 12 5 11 16 42 30 17 33 0 1 4 59 38 23 32 53 48 37 14 44 62 54 60 63 45 3 50 58 39 46 49 40 56 47 31 57 15 13 55 7 6
19 20 21 12 5 14 7 22 23 34 42 18 41 4 45 48 17 30 37 16 3 29 9 2 1 44 52 54 10 31 38 13 0 6 33 53 15 26 49 59 39 46 43 11 62 60 55 32 24 50 40 47 51 8 56 25 58 57 61 63
26 34 41 21 37 46 38 25 17 48 20 19 24 44 11 16 29 42 43 8 40 30 56 51 10 12 4 9 60 32 31 58 13 1 39 14 52 53 0 22 62 18 5 45 59 6 33 61 15 50 2 3 7 23 49 63 57 47 55 54
19 18 26 34 45 11 33 29 17 41 3 54 21 13 44 16 46 42 8 20 25 9 43 0 49 52 63 57 51 50 30 38 24 47 6 4 56 22 60 62 58 61 15 37 2 31 5 12 1 48 23 14 59 10 39 7 32 53 55 40
44 43 34 41 33 45 52 25 46 29 18 37 32 60 19 54 51 38 30 59 49 21 12 10 58 23 39 50 26 42 17 13 57 31 14 16 15 3 24 7 22 20 11 2 9 5 63 8 61 62 47 55 0 56 6 1 53 48 40 4
44 29 21 13 18 42 22 37 26 23 30 45 38 46 53 51 5 17 43 4 55 6 39 62 49 50 60 61 25 24 16 31 33 40 58 12 19 41 34 9 52 47 2 8 14 1 20 15 3 48 59 10 56 63 7 11 54 57 0 32
19 18 26 20 10 42 44 33 37 53 25 12 21 11 41 29 43 32 34 14 52 1 7 48 3 22 9 61 51 45 38 24 50 57 13 2 60 39 46 4 47 6 5 59 16 31 54 0 30 55 40 8 58 23 56 17 15 49 63 62
37 45 44 43 54 38 31 21 34 63 19 11 51 52 20 59 3 29 30 33 41 22 46 39 32 26 60 53 42 18 12 58 50 49 55 4 14 23 5 61 57 6 62 10 25 16 13 24 7 40 1 48 17 2 9 47 15 56 8 0
19 34 41 11 44 45 42 48 46 54 3 38 40 52 26 33 43 49 29 18 61 60 53 12 58 30 39 4 21 5 56 31 32 37 20 50 17 2 25 9 55 47 24 14 23 62 7 51 8 16 1 13 63 15 22 0 6 10 57 59
26 34 42 18 10 25 37 41 32 44 51 21 17 38 40 50 30 2 19 29 13 12 33 9 0 53 39 52 62 54 3 46 1 24 59 8 60 48 16 11 45 43 20 61 63 47 55 14 56 4 5 6 58 57 15 22 49 23 31 7
44 43 42 29 19 10 22 49 20 51 34 15 45 26 41 37 11 2 17 24 30 50 21 23 58 25 46 48 38 33 3 12 32 39 52 55 14 7 4 5 9 60 13 1 40 56 18 16 57 53 61 6 31 54 59 47 8 0 62 63
26 18 37 25 19 12 10 2 33 34 1 38 39 20 11 9 16 43 50 41 4 17 48 5 13 14 22 0 15 42 6 52 8 21 44 45 46 31 32 23 29 49 30 51 53 59 58 60 24 40 61 55 54 63 62 47 3 7 57 56
44 43 50 21 26 52 45 42 18 19 41 9 12 10 29 54 11 57 25 20 51 13 5 49 3 38 47 17 33 53 46 34 60 62 48 56 37 4 61 22 15 55 58 24 16 59 32 31 30 39 1 0 23 7 14 6 8 2 63 40
44 29 20 45 34 52 37 18 38 31 39 41 59 13 33 26 9 21 19 11 51 47 22 17 6 42 50 43 16 25 48 57 49 53 62 58 2 12 56 15 24 5 4 54 30 46 14 10 63 55 60 40 23 0 7 61 8 3 32 1
26 34 44 20 19 52 33 18 29 43 61 32 10 17 45 38 42 37 13 3 31 9 2 50 8 16 11 12 30 1 0 39 47 14 6 46 57 23 15 59 51 60 24 58 25 21 53 22 40 7 4 5 41 54 63 48 55 62 49 56
44 43 42 45 29 30 22 41 18 14 31 26 6 15 25 17 54 20 50 38 34 52 48 63 46 24 16 10 11 51 53 49 8 40 2 39 59 13 58 0 19 37 32 1 3 4 62 60 21 47 12 61 7 57 56 33 23 9 55 5
37 43 42 41 19 11 26 38 46 18 49 55 40 34 21 20 51 22 14 29 17 16 39 6 2 4 15 47 10 31 33 56 58 48 13 23 24 32 25 60 50 52 53 7 44 1 3 57 30 59 0 12 5 61 45 8 54 62 63 9
37 43 26 29 34 19 21 25 33 40 24 17 8 30 23 38 46 14 12 47 41 5 10 32 48 45 20 42 49 44 7 50 51 58 57 16 59 52 60 22 55 0 3 18 53 6 31 4 9 2 13 15 39 61 62 63 1 56 11 54
19 34 43 20 25 51 52 41 59 16 37 21 29 38 22 61 48 14 47 26 33 23 17 39 45 55 44 46 30 13 31 10 7 15 5 42 6 8 1 60 54 49 63 58 18 3 32 24 2 9 57 12 4 0 50 11 53 56 40 62
26 18 10 43 45 21 44 29 42 50 51 49 41 33 24 54 58 59 14 20 13 5 30 37 6 57 56 23 53 48 7 38 60 34 39 52 4 46 40 31 32 22 61 17 47 12 3 62 19 1 8 55 2 25 0 9 63 11 16 15
19 34 45 21 20 18 41 44 29 48 52 54 12 59 60 53 26 3 22 11 10 25 42 43 49 15 30 13 38 33 17 31 37 9 2 40 8 50 57 58 23 61 46 16 7 14 63 1 0 4 6 32 24 39 47 55 62 51 5 56
26 20 13 18 21 12 3 14 37 5 19 44 51 34 15 52 29 11 53 58 17 60 42 7 43 10 4 8 45 33 1 9 30 38 41 49 50 46 62 54 56 22 32 48 55 40 6 23 63 24 2 47 57 0 31 25 61 39 59 16
26 20 45 44 53 42 43 34 25 24 17 41 33 9 12 52 19 21 50 11 59 60 32 13 37 51 4 58 57 54 61 38 14 18 30 48 3 40 49 29 10 2 46 22 31 56 1 7 55 0 15 16 8 39 23 5 47 63 6 62
26 18 19 20 45 25 17 42 9 16 13 54 10 21 12 4 5 6 22 14 24 3 34 43 41 40 63 29 51 1 37 32 30 46 38 53 52 59 50 11 2 33 0 23 7 61 15 55 39 57 44 31 60 47 48 62 49 56 58 8
26 34 42 18 37 41 9 43 48 25 49 11 51 29 17 59 44 56 19 33 22 30 53 12 3 8 46 52 50 57 13 62 45 40 60 54 32 20 31 5 10 38 61 23 16 39 55 14 15 47 58 21 63 7 0 24 6 2 1 4
44 43 34 45 37 26 25 18 11 38 42 41 33 24 16 9 32 20 13 6 50 48 39 31 0 2 52 47 40 58 51 8 59 60 21 22 4 30 53 29 19 49 15 61 46 17 10 12 1 3 54 63 5 55 56 57 7 14 62 23
26 34 44 37 42 20 45 41 30 46 47 54 62 23 21 19 33 51 53 25 11 63 29 61 60 50 17 59 58 43 55 49 24 18 10 12 22 52 31 16 9 3 8 39 4 5 15 7 38 0 57 56 2 40 32 1 48 14 13 6
37 43 26 29 34 19 42 33 51 59 44 49 22 41 11 53 52 45 60 18 62 61 50 58 9 10 48 25 17 1 56 57 32 21 54 47 55 3 30 46 13 40 39 15 20 38 0 8 31 23 2 12 16 6 14 5 24 63 7 4
19 20 29 34 26 38 13 21 47 22 45 11 18 10 15 5 25 37 43 30 31 42 12 32 1 52 4 23 6 39 24 55 59 33 40 16 9 48 51 14 7 2 41 0 8 17 56 53 63 49 44 50 54 57 46 61 60 58 62 3
26 34 41 33 43 18 37 29 22 51 50 52 20 19 61 21 25 44 13 42 10 16 59 60 32 24 49 17 9 0 11 6 45 53 8 56 57 23 54 48 40 12 14 5 46 2 3 58 4 63 47 55 30 31 7 38 15 39 1 62
37 29 22 43 26 38 46 15 39 21 13 55 44 45 53 34 31 18 19 14 50 10 20 62 33 47 7 41 25 5 48 23 9 42 11 32 30 16 52 2 49 60 59 12 17 61 4 3 51 8 54 58 0 1 63 56 24 40 6 57
37 43 42 41 51 21 19 44 53 59 14 30 46 12 52 11 40 33 25 45 26 29 13 34 61 47 31 39 60 7 38 62 55 17 9 50 22 8 10 18 49 1 15 57 32 23 16 5 58 48 4 24 63 2 3 20 0 54 6 56
44 29 19 42 34 52 50 49 43 26 48 58 61 11 57 60 18 10 59 56 25 24 22 33 41 45 46 30 21 51 1 9 20 54 3 47 2 15 23 13 38 4 32 0 6 14 7 17 63 62 8 16 37 12 53 5 31 40 55 39
26 18 10 29 45 25 32 54 19 34 37 21 53 52 61 24 59 20 42 17 14 46 16 50 39 13 55 44 41 48 5 7 51 63 11 2 9 62 60 0 43 49 56 8 33 40 22 38 30 57 12 4 31 6 58 23 15 1 47 3
19 20 13 42 43 50 21 11 18 29 4 9 49 48 56 2 40 5 25 17 10 34 26 3 45 54 8 24 14 15 37 30 12 44 38 39 63 53 62 1 41 61 7 23 57 58 51 22 59 55 6 60 33 52 16 0 46 31 47 32
44 43 34 45 53 33 46 62 26 39 61 17 25 54 51 52 8 9 55 20 40 32 19 58 12 59 63 48 50 18 47 11 10 0 24 42 31 21 37 38 1 2 57 56 41 5 29 16 3 49 22 4 60 30 13 14 6 7 15 23
44 45 26 20 46 34 12 13 33 43 50 53 60 11 42 29 6 49 48 14 22 19 5 51 3 31 37 58 52 57 38 59 56 17 30 62 25 4 9 15 41 2 23 47 7 55 61 18 1 32 40 16 21 24 39 0 8 54 63 10
19 34 44 53 33 20 37 41 12 11 18 29 62 26 17 52 21 32 10 4 5 14 42 49 43 45 50 61 24 1 7 8 57 40 38 6 54 31 25 56 39 23 60 55 63 22 47 51 46 2 16 3 15 58 48 59 13 30 9 0
26 34 44 37 30 38 43 20 42 23 19 51 53 52 50 58 60 33 21 10 18 12 22 62 4 9 40 13 45 11 0 17 16 29 6 49 59 14 57 8 2 61 48 24 5 56 7 46 55 1 31 32 39 3 41 54 63 25 15 47
26 34 45 17 43 20 12 29 33 50 38 42 51 49 48 57 18 4 13 59 25 19 8 6 21 24 32 44 58 14 16 40 11 0 52 9 22 60 37 15 23 39 31 56 5 54 7 3 53 46 62 63 2 47 10 41 61 30 55
19 18 44 20 9 17 13 45 16 6 46 43 42 29 37 0 2 11 30 51 21 14 7 25 33 38 3 15 23 54 47 52 61 49 50 4 34 55 56 12 60 1 10 24 22 5 32 63 26 57 53 40 41 31 58 8 39 48 62 59
37 45 44 43 54 38 46 30 22 53 34 55 26 23 52 17 61 19 47 39 20 21 18 59 13 9 14 62 10 31 24 12 63 1 51 6 15 42 11 16 25 41 49 29 0 7 48 40 50 57 32 60 58 5 8 2 4 33 3 56
19 18 37 43 42 11 50 45 44 41 3 21 29 22 17 26 13 12 53 38 5 61 49 25 33 14 47 9 20 34 1 58 57 39 30 48 51 31 15 55 59 24 62 23 32 63 16 6 7 0 54 52 46 4 2 40 56 10 60 8
26 34 43 52 33 18 51 42 37 45 25 44 9 20 53 54 29 16 24 21 12 17 22 10 8 13 5 38 19 46 63 15 23 61 7 14 6 3 55 50 30 31 60 41 62 11 48 0 49 4 2 47 39 56 57 58 59 40 32 1
19 34 42 18 33 32 17 29 43 51 37 11 30 9 49 46 24 44 38 31 53 52 20 60 41 12 58 47 40 56 0 48 54 10 55 25 22 39 13 6 14 5 16 1 2 4 23 26 8 62 45 61 63 15 50 59 3 57 7 21
37 29 22 43 19 11 34 25 51 46 16 33 26 59 40 32 3 21 41 15 44 24 17 8 0 52 61 60 38 45 53 62 54 31 13 48 56 47 20 42 63 5 49 2 12 4 23 10 7 14 39 18 30 55 50 58 6 57 1 9
19 34 42 20 33 41 40 10 26 32 12 50 44 5 49 48 58 59 1 51 17 37 30 21 24 38 60 22 4 8 18 9 39 11 57 14 25 53 16 45 29 56 7 0 62 46 3 13 2 52 6 43 47 31 54 15 23 55 61 63
44 29 22 52 43 26 60 53 18 51 20 12 25 19 62 54 4 9 34 5 61 42 6 32 24 16 47 37 0 11 3 21 17 10 45 8 1 46 13 63 55 30 59 58 31 38 50 23 33 41 40 2 15 7 39 14 49 57 48 56
26 18 44 34 25 16 42 29 17 45 10 33 46 19 20 1 9 51 58 2 41 21 13 12 32 60 50 5 11 53 6 40 0 24 22 7 43 4 61 31 52 62 23 30 54 63 39 8 55 15 38 57 49 59 37 47 3 48 56 14
44 29 22 43 26 19 12 37 46 30 42 50 38 31 23 13 21 39 58 14 47 10 4 33 7 51 45 5 25 57 40 55 54 24 63 62 1 15 49 52 17 20 6 41 59 11 3 9 61 18 34 53 0 8 2 60 16 32 56 48
37 43 18 38 45 53 50 19 20 51 52 21 39 17 12 49 42 3 57 33 11 44 5 26 34 30 8 29 46 4 40 31 10 9 23 24 22 54 32 13 60 62 63 47 56 41 16 25 14 15 48 59 55 0 7 58 1 61 2 6
44 29 21 13 30 45 37 42 46 55 5 43 51 38 19 34 26 60 50 57 54 53 61 33 63 31 49 47 40 56 22 20 59 6 39 17 12 62 25 11 58 15 18 41 16 52 14 23 7 10 32 48 24 9 1 2 0 8 4 3
44 43 50 53 52 45 38 57 42 54 37 51 61 49 18 46 59 19 20 60 55 26 58 9 48 34 47 39 30 63 41 33 32 10 17 22 0 40 31 13 56 11 23 15 29 8 25 62 3 2 6 4 14 16 12 21 24 5 7 1
37 43 18 21 51 46 38 26 55 42 19 60 41 29 59 11 14 50 30 44 58 39 10 7 61 12 34 48 53 22 3 9 31 45 0 62 4 49 1 23 54 57 47 63 52 25 32 24 6 40 17 5 16 33 56 20 13 8 2 15
37 45 53 34 26 20 33 25 18 42 13 17 24 46 38 12 10 2 47 8 41 48 4 39 30 23 19 11 16 6 44 54 49 60 3 52 43 29 0 1 59 50 55 9 56 57 31 51 40 63 58 62 14 22 21 32 15 7 61 5
44 45 26 20 29 22 46 18 19 25 17 52 30 34 60 37 12 38 31 51 41 47 58 10 2 53 24 1 39 16 0 43 33 59 9 40 54 55 15 4 3 42 62 32 21 14 6 5 61 13 50 8 48 57 56 63 11 23 7 49
26 18 19 20 9 42 13 25 45 11 34 0 21 29 16 22 50 6 3 58 43 32 24 54 14 7 57 56 10 8 15 17 41 59 5 12 48 51 23 31 4 40 63 37 38 33 2 39 30 1 44 53 46 62 55 47 52 60 49 61
44 43 18 45 51 58 54 26 42 41 17 21 52 8 59 53 25 37 46 60 29 55 62 19 20 63 39 47 34 33 30 31 23 38 13 11 50 15 10 12 40 9 22 14 24 57 5 4 0 61 1 3 2 49 32 16 56 48 6 7
44 29 22 43 26 19 34 33 25 37 45 16 42 51 24 32 52 61 12 18 50 49 60 15 48 56 41 5 9 2 11 10 20 54 46 58 4 59 8 47 38 30 17 1 6 53 62 21 3 0 31 40 23 14 55 39 13 63 57 7
44 29 20 45 30 12 37 43 54 46 53 22 21 63 55 38 18 26 19 61 4 17 52 3 15 59 31 47 60 14 39 5 25 23 10 7 62 33 6 1 8 16 51 42 49 13 11 58 2 9 24 56 41 34 57 32 50 48 0 40
37 29 18 46 20 19 30 34 45 21 41 17 47 55 9 53 25 38 39 31 43 26 61 33 11 12 13 60 42 49 32 62 50 24 16 48 57 3 23 14 63 51 52 22 7 54 4 0 44 2 10 59 8 6 15 5 1 40 58 56
44 43 34 45 19 26 54 33 42 52 24 38 41 25 18 11 10 9 61 63 3 17 2 59 1 20 46 8 13 49 40 21 62 32 56 57 30 53 58 60 48 39 12 4 16 51 37 6 50 47 5 31 29 14 0 7 15 55 22 23
37 45 19 20 21 34 41 12 43 33 5 11 3 46 29 13 18 52 51 50 55 17 6 48 59 38 44 53 49 42 47 39 10 57 9 63 56 54 14 0 32 40 61 30 26 60 24 4 58 1 31 62 2 15 16 8 23 22 7 25
26 20 21 22 12 34 23 19 42 13 37 43 52 5 11 10 4 3 2 31 18 44 6 30 39 33 40 41 46 60 45 32 14 51 25 29 58 15 59 17 7 50 8 61 24 54 9 38 57 16 62 0 1 53 48 49 56 63 47 55
37 45 53 54 26 61 63 47 29 46 18 30 21 10 23 31 9 14 22 38 44 20 19 43 39 62 51 42 5 12 49 41 52 7 33 50 15 3 55 60 2 57 34 56 59 25 40 32 11 17 4 48 24 0 6 58 1 13 8 16
37 45 53 29 21 34 44 62 18 19 20 12 5 46 43 10 2 42 41 30 22 9 13 15 61 38 50 33 0 1 32 17 16 57 23 14 52 3 58 49 39 25 11 60 51 31 24 54 63 4 6 55 8 59 40 7 56 48 26 47
19 34 45 21 20 13 33 42 12 18 30 54 5 32 10 22 44 37 46 2 62 11 31 39 29 3 9 38 49 43 47 56 50 0 26 17 48 58 40 53 51 14 41 55 1 57 6 15 7 59 23 25 63 60 61 52 24 8 16 4
26 18 37 34 25 45 44 16 10 43 32 17 42 19 46 2 20 53 52 33 9 49 62 51 41 21 56 24 22 38 29 59 8 11 39 40 61 50 3 31 48 57 23 55 54 60 58 1 12 14 7 15 47 5 63 30 0 13 4 6
19 20 21 12 5 26 33 11 18 42 3 9 17 4 1 10 45 16 44 22 2 52 13 0 43 50 29 34 41 14 58 38 46 57 7 15 8 30 37 48 60 55 31 24 6 40 25 54 23 61 47 39 51 49 62 59 32 63 53 56
37 45 44 43 53 21 34 26 50 41 18 62 20 10 52 51 33 42 61 32 2 38 24 60 49 46 47 57 29 16 58 31 14 9 19 40 56 54 0 12 63 55 17 59 39 48 5 4 8 7 22 25 3 1 23 30 11 6 13 15
19 34 45 37 41 11 42 48 46 54 10 50 53 20 3 1 33 25 17 9 29 55 38 43 47 44 51 26 8 59 62 18 40 13 16 0 2 24 63 30 22 23 57 52 31 12 32 21 49 39 60 4 58 61 15 56 6 14 5 7
44 45 19 20 21 18 17 34 43 9 41 33 0 48 42 12 32 10 49 22 11 40 53 56 13 52 31 25 50 57 14 24 60 7 59 26 29 61 15 30 62 37 16 8 39 23 38 1 2 5 4 6 46 54 51 58 3 55 63 47
44 43 34 29 21 52 20 26 61 60 18 41 59 17 38 22 25 13 30 47 6 5 8 51 48 24 23 14 16 10 37 12 45 0 9 39 7 15 58 42 49 46 55 2 53 40 31 57 1 56 50 54 3 32 62 33 11 63 4 19
26 20 21 34 44 22 19 42 50 49 37 53 13 38 48 56 45 18 52 58 11 2 17 8 39 46 14 51 25 7 4 33 54 47 40 60 43 41 29 3 23 30 9 5 62 0 55 32 31 63 61 57 1 16 6 15 10 12 24 59
44 45 19 43 54 26 51 20 21 50 53 12 49 14 17 33 4 5 11 8 6 18 23 10 25 57 22 62 16 48 2 37 42 55 52 3 34 58 32 41 59 7 0 13 30 31 61 60 63 47 40 29 15 9 46 24 39 38 56 1
44 45 19 43 51 18 37 59 42 30 54 33 9 21 29 38 52 46 22 11 50 23 20 47 26 41 3 53 12 0 57 25 34 4 13 10 15 7 16 14 49 63 31 48 58 24 1 56 32 39 62 40 8 2 55 60 5 17 6 61
19 34 45 37 46 21 29 18 13 22 17 5 14 23 26 9 10 38 44 2 15 11 33 52 25 41 60 53 1 47 55 39 7 43 4 3 61 54 8 16 51 31 24 6 40 50 49 59 58 42 0 20 12 57 48 63 32 56 30 62
19 34 42 50 44 37 41 20 45 52 38 26 51 48 53 54 59 30 22 11 12 39 10 21 29 5 62 2 17 33 55 43 46 18 40 32 25 16 1 47 3 4 8 23 31 9 6 0 58 57 56 7 14 61 13 63 24 60 49 15
26 20 37 25 19 34 17 38 46 18 44 33 12 5 30 39 42 55 11 8 9 52 60 23 16 53 0 10 54 45 3 50 58 51 24 21 13 32 62 1 29 61 14 49 22 15 4 59 48 43 2 41 40 57 31 63 56 6 47 7
19 18 44 11 9 43 42 51 4 49 58 17 56 45 25 3 20 59 26 41 54 5 50 32 10 48 60 24 52 53 61 62 16 1 40 21 57 63 37 38 8 33 30 39 14 46 31 34 12 0 2 23 47 13 15 29 6 7 22 55
44 43 26 29 37 19 34 45 38 20 53 61 11 33 32 17 54 46 52 3 18 10 16 21 39 41 13 40 4 63 1 14 12 62 55 51 22 8 48 9 25 0 42 5 7 31 15 50 6 49 56 23 60 24 30 59 47 57 58 2
37 43 42 41 50 45 53 59 19 38 46 20 13 52 39 18 29 6 54 31 12 44 40 62 47 26 57 32 9 48 14 30 60 51 34 33 22 11 3 17 24 16 49 0 61 63 25 4 1 56 2 21 15 8 23 7 55 10 5 58
44 45 19 43 52 59 46 38 54 11 18 25 51 34 60 61 30 47 9 20 62 26 4 2 53 39 21 14 12 5 42 16 7 22 13 29 17 8 31 63 3 50 0 15 32 24 41 23 33 10 37 48 6 40 57 58 56 49 1 55
44 29 19 26 22 30 18 15 33 52 45 43 59 60 53 10 20 11 42 46 4 17 47 38 54 37 1 62 25 2 16 32 55 8 24 49 12 0 9 13 41 51 50 21 34 57 56 58 61 40 6 14 48 63 39 31 3 5 23 7
19 34 41 21 37 42 20 26 49 29 17 50 33 48 18 10 13 44 52 16 12 11 51 22 31 14 4 25 40 38 30 23 3 46 45 47 8 9 0 5 6 60 24 7 53 61 55 39 54 62 43 59 57 1 56 58 63 32 15 2
44 29 19 52 30 18 53 54 43 34 42 20 25 38 22 16 11 3 50 31 61 51 9 12 4 41 32 13 49 57 55 37 6 26 23 17 10 1 47 59 60 56 48 45 15 62 39 63 8 58 24 5 46 2 0 33 40 7 14 21
19 34 43 20 25 11 13 18 29 12 4 21 30 31 38 41 48 3 22 39 2 10 17 23 15 51 47 44 37 42 26 14 58 52 61 9 50 45 53 16 6 32 24 40 5 7 46 55 54 63 33 8 62 57 56 59 60 49 0 1
44 29 19 10 20 26 11 42 9 43 51 50 37 21 33 38 47 53 45 34 13 22 31 54 49 41 63 57 61 6 30 14 40 59 56 18 25 16 24 32 7 46 39 17 4 12 52 0 58 23 1 62 3 48 15 2 5 60 55 8
19 18 37 11 26 33 3 44 9 38 40 21 53 0 17 34 43 50 51 20 39 32 29 52 58 13 49 42 14 60 5 6 1 46 41 57 55 48 24 30 12 22 23 15 25 2 54 7 56 8 10 45 31 4 59 61 47 63 62 16
26 20 37 46 29 44 38 17 34 41 55 30 22 45 53 54 25 43 52 47 39 18 9 14 19 42 23 16 13 21 48 60 10 40 24 2 11 8 49 32 7 31 33 12 0 4 6 50 61 51 1 56 59 57 58 3 15 62 63 5
37 29 18 42 20 26 34 43 45 19 30 21 52 17 50 38 12 51 25 32 11 10 60 3 46 39 16 33 24 8 5 41 40 59 44 54 47 53 9 31 0 61 13 4 55 22 15 48 63 62 58 2 1 14 23 6 49 56 57 7
37 29 18 43 51 42 19 44 34 30 50 41 53 45 33 9 40 57 31 62 58 22 46 48 15 26 49 39 52 56 0 11 47 17 3 38 16 24 60 14 13 55 54 6 23 7 63 59 61 8 32 25 10 21 20 12 4 1 2 5
44 43 26 45 54 17 42 53 34 41 51 60 40 29 21 50 19 63 8 14 37 20 13 32 52 11 62 25 38 12 55 39 48 46 24 22 59 33 49 16 6 5 10 0 7 47 2 30 4 18 9 3 31 61 58 57 15 23 56 1
19 18 26 34 45 21 25 20 12 54 41 4 37 32 53 50 13 43 57 44 63 22 10 42 40 1 11 62 33 29 6 48 31 2 61 17 3 58 24 56 51 14 30 8 7 16 0 59 5 15 38 49 23 52 60 46 9 39 55 47
37 43 34 25 26 20 42 41 24 29 52 46 13 11 48 50 44 60 59 40 38 58 55 16 32 19 18 10 12 21 33 45 17 4 53 9 0 31 51 8 30 56 54 47 57 6 2 61 22 49 63 39 1 14 62 3 23 15 5 7
19 34 45 37 29 20 33 54 53 18 10 43 44 41 21 52 62 14 22 11 59 12 50 25 4 1 42 5 2 30 26 9 48 60 24 57 7 16 51 23 17 3 38 46 31 58 55 49 8 61 13 63 40 0 56 47 6 15 39 32
26 34 45 17 43 20 12 52 50 37 44 38 33 40 30 51 58 59 8 22 39 4 29 25 32 24 18 46 13 10 60 49 31 61 42 11 56 57 9 16 53 2 19 21 14 55 41 6 23 3 54 48 7 15 1 5 62 47 63 0
26 34 45 19 33 40 32 54 25 18 11 9 20 4 44 21 14 24 13 22 0 17 6 1 63 43 29 7 16 5 50 12 3 38 23 53 52 31 48 41 2 10 15 51 59 62 42 30 37 57 49 61 46 55 47 56 60 39 58 8
37 45 44 43 51 53 26 29 52 25 20 21 22 30 54 59 39 55 58 15 42 50 61 11 23 13 34 31 14 41 16 62 19 10 5 33 7 18 17 60 49 46 57 40 63 12 38 56 1 24 32 6 4 3 47 9 48 8 2 0
44 45 19 34 42 43 46 50 51 21 33 59 37 24 14 7 20 38 22 25 31 39 47 52 30 23 29 11 41 15 61 49 10 12 16 18 40 53 13 9 2 48 4 6 3 54 63 17 32 62 26 0 56 60 5 55 1 8 57 58
37 43 50 45 34 51 42 49 20 29 46 33 32 47 38 24 57 21 59 19 12 3 4 5 55 11 22 41 48 56 39 31 40 54 13 30 26 58 14 52 53 62 2 15 6 25 7 44 16 60 18 10 1 9 23 8 61 63 17 0
19 20 37 44 29 30 38 26 18 11 10 46 4 3 55 21 23 31 51 9 13 45 1 52 42 47 34 50 2 25 17 41 24 12 54 15 53 5 60 62 63 8 6 32 43 49 40 14 61 48 7 22 39 16 56 59 57 58 33 0
37 45 19 38 39 18 52 43 9 29 20 61 51 12 53 10 1 26 21 50 3 4 33 22 49 34 30 13 6 47 54 59 55 31 14 32 41 0 17 11 46 25 24 2 44 16 60 48 58 23 8 7 40 42 62 5 57 56 15 63
26 20 29 38 13 12 11 25 47 34 43 51 18 37 50 44 41 19 59 39 33 57 17 10 3 52 53 42 61 24 30 2 40 31 16 55 32 4 1 48 60 62 63 9 46 14 58 49 56 0 6 54 15 45 21 22 5 7 8 23
37 45 19 29 54 10 11 53 9 43 30 55 46 22 21 13 62 34 44 3 33 1 50 8 20 61 6 4 38 47 60 31 5 32 41 52 23 51 26 18 25 49 57 14 59 42 15 7 2 56 12 40 24 16 0 17 48 58 63 39
37 45 53 43 26 17 42 20 44 49 12 51 56 33 41 29 24 52 18 46 61 11 39 54 34 47 13 4 55 6 21 25 19 22 9 0 5 60 1 8 58 16 31 38 59 40 3 2 32 15 23 57 48 10 7 30 14 50 63 62
26 20 45 25 17 42 44 9 8 52 59 43 33 41 18 34 53 29 12 19 40 48 22 21 49 62 30 38 11 60 32 37 0 4 16 56 50 23 14 3 58 13 31 6 15 24 7 51 61 39 57 10 1 46 2 54 5 63 55 47
26 20 37 42 44 25 17 43 19 45 21 38 34 12 5 9 24 10 3 33 46 4 53 18 16 8 0 11 2 30 13 47 55 1 49 14 39 6 22 23 32 40 54 41 52 62 60 51 63 57 7 15 59 29 61 50 58 56 48 31
26 18 44 34 33 53 20 42 19 11 50 37 29 58 51 30 49 56 48 24 52 43 23 13 10 45 3 57 6 25 54 2 38 61 12 63 59 5 17 41 40 7 1 9 4 32 62 31 22 21 14 60 8 15 16 46 47 55 39 0
19 18 37 29 22 20 9 34 21 30 23 11 26 46 12 13 44 15 7 31 55 33 42 38 45 54 10 2 53 49 6 63 47 8 39 61 25 51 17 4 50 32 40 43 14 58 62 41 48 52 3 56 16 5 0 24 1 59 57 60
37 43 42 45 51 20 53 49 33 54 55 63 34 44 13 30 46 26 19 21 22 58 38 47 29 12 3 52 11 10 59 31 1 39 50 15 48 25 57 60 62 24 40 32 18 6 16 2 4 5 7 14 41 17 9 61 23 56 8 0
44 29 20 43 42 52 19 11 22 18 10 41 3 21 50 38 25 2 37 34 61 60 4 23 48 57 12 62 30 26 17 16 13 33 14 5 24 8 0 31 9 1 49 46 39 56 51 32 40 59 58 45 53 55 15 7 6 47 63 54
26 34 41 21 43 42 50 51 44 18 59 48 40 57 58 60 33 37 53 52 29 20 49 38 22 62 25 30 13 14 11 4 23 15 56 10 54 17 32 12 9 45 39 24 5 19 46 47 61 8 7 31 16 6 2 0 1 3 63 55
44 45 26 43 51 18 19 17 37 12 42 38 30 46 11 53 29 49 13 21 55 59 58 5 9 39 8 25 22 60 4 15 56 0 23 16 31 10 3 57 61 62 54 63 50 33 7 20 32 34 2 14 24 40 41 47 52 1 6 48
26 20 29 38 45 43 44 25 18 10 30 34 50 37 16 51 13 11 42 53 54 23 31 49 59 47 46 60 57 61 52 6 22 41 4 9 55 62 12 32 40 2 39 33 15 14 63 21 48 58 8 56 24 19 17 3 1 7 5 0
37 43 26 19 44 45 11 30 52 61 50 34 51 58 33 42 49 18 46 24 17 25 59 3 53 54 41 48 10 60 4 38 62 29 2 16 56 57 39 9 1 32 63 55 23 12 47 22 20 31 15 13 21 7 14 5 6 0 40 8
44 29 21 45 37 43 52 38 50 14 13 12 30 51 18 20 26 60 39 46 6 31 3 34 22 5 25 23 61 53 54 55 59 49 47 24 58 10 17 4 11 9 63 41 48 42 8 1 15 19 0 2 62 33 32 16 7 40 56 57
26 20 21 22 44 34 18 10 33 42 29 37 19 17 8 32 3 25 14 6 41 53 7 48 50 13 46 9 52 60 30 45 62 51 4 5 40 49 57 47 12 11 54 24 58 31 23 38 15 59 43 56 39 63 16 61 2 0 1 55
44 45 19 18 26 52 17 20 13 25 37 11 54 16 34 21 53 6 51 60 3 30 33 32 41 42 29 46 5 38 24 12 22 55 7 39 10 9 2 40 50 14 47 43 49 48 4 15 56 31 59 1 0 57 63 8 23 58 61 62
26 18 10 29 19 25 21 12 30 2 37 31 17 45 33 16 8 0 38 24 3 40 11 20 52 53 54 42 39 47 9 13 5 34 4 22 49 51 15 58 50 14 7 43 56 59 23 6 44 41 60 48 32 61 62 46 1 63 55 57
19 34 44 11 26 43 33 45 52 40 10 51 46 29 37 30 38 25 17 9 32 53 1 39 22 16 60 21 12 59 14 24 23 42 49 5 58 15 7 31 62 50 47 13 18 8 0 55 4 56 54 57 61 63 48 41 2 3 6 20
44 43 50 53 42 41 52 29 22 59 18 51 58 15 20 21 34 45 61 13 54 26 14 6 23 37 4 63 5 9 32 57 17 60 7 25 46 30 24 38 12 33 47 3 40 49 19 31 16 11 1 0 2 8 10 48 39 55 62 56
26 18 19 20 21 37 9 25 45 11 17 34 44 10 41 12 3 48 32 5 42 43 29 2 49 57 4 14 50 54 22 52 1 38 51 0 56 58 63 30 47 16 60 40 13 61 46 59 8 33 23 15 31 6 62 39 24 53 55 7
19 34 42 50 37 21 20 38 45 18 43 54 12 13 26 3 10 44 49 11 53 56 55 9 41 52 59 48 32 51 58 25 17 24 0 61 4 63 39 57 16 46 30 5 2 33 29 60 14 1 47 23 31 6 40 8 62 22 15 7
19 20 45 26 18 34 33 44 43 51 13 12 4 37 38 17 59 40 52 29 22 10 1 2 16 41 25 6 11 61 9 47 53 5 14 3 39 32 21 54 46 60 24 8 48 56 42 30 55 49 7 58 0 50 57 63 23 15 62 31
19 34 42 20 33 43 51 18 21 41 10 22 49 50 14 56 17 9 8 29 44 32 57 52 53 7 45 1 11 46 24 25 60 58 30 4 37 16 40 3 39 55 6 15 26 31 13 5 47 48 2 61 59 12 23 0 63 38 62 54
19 34 43 52 45 37 42 50 41 33 59 61 49 58 46 38 39 47 57 20 12 31 32 24 54 48 30 21 26 18 9 29 22 11 40 25 16 62 13 15 10 56 14 53 44 7 63 4 23 55 2 3 51 17 1 8 5 6 60 0
44 43 50 53 34 41 18 20 33 57 37 26 19 38 62 45 49 25 46 30 17 55 29 9 10 60 12 52 51 58 47 3 40 54 8 21 2 42 61 24 22 39 16 23 31 0 1 63 56 59 13 15 5 11 4 6 7 32 14 48
26 34 45 37 44 20 46 38 29 21 12 19 33 32 13 55 30 52 53 6 59 31 5 54 18 3 42 4 40 25 47 39 14 9 16 15 23 51 2 11 61 22 10 24 60 1 58 48 63 8 50 17 7 43 0 41 49 62 56 57
26 18 44 45 10 25 37 43 24 30 50 17 52 33 42 3 46 51 53 61 2 41 32 9 49 39 16 1 34 48 8 21 54 55 47 19 59 60 29 20 11 22 57 56 38 58 31 23 62 40 15 14 6 0 12 4 5 63 13 7
19 20 37 18 13 45 11 29 44 2 21 22 12 26 34 52 33 10 23 17 42 40 60 51 16 9 49 50 8 1 41 57 38 53 24 54 59 32 43 39 25 46 56 6 55 61 31 63 58 0 5 15 48 14 3 47 30 4 7 62
26 20 13 18 34 25 21 29 16 6 10 24 45 11 32 41 50 14 12 43 30 54 52 48 7 4 38 39 5 47 3 57 42 15 37 2 63 53 31 61 33 23 22 17 1 19 55 44 49 46 40 8 51 62 60 58 59 56 0 9
26 20 45 34 21 54 12 4 37 14 7 38 46 29 19 11 30 13 3 33 43 39 62 50 44 18 40 53 6 55 41 32 2 10 5 17 8 15 24 31 25 42 58 51 47 57 9 48 22 52 61 1 63 59 16 60 56 49 0 23
37 45 19 29 54 34 30 63 42 21 14 10 53 20 1 18 33 43 44 2 13 52 11 5 25 32 38 39 62 4 3 50 31 15 60 12 16 51 41 24 47 61 59 49 9 8 57 22 6 48 58 46 17 7 40 26 56 0 55 23
26 18 10 29 21 25 19 2 17 20 1 16 37 38 9 22 39 44 32 12 51 0 30 47 11 46 4 33 23 3 54 53 8 5 41 14 55 15 7 40 48 49 24 62 58 56 61 57 31 59 6 43 34 45 42 63 52 50 13 60
26 18 10 43 44 29 19 25 33 11 3 41 37 2 40 12 9 8 0 45 13 16 24 14 52 61 4 34 22 51 60 17 1 15 30 21 58 53 50 49 59 31 5 57 32 20 48 42 62 56 23 63 54 47 38 6 7 46 39 55
26 18 37 34 33 42 49 29 9 50 51 32 25 44 21 11 52 20 19 43 16 56 4 41 24 17 48 1 40 57 0 13 58 30 10 22 12 5 2 45 31 14 3 15 7 60 54 53 62 59 38 46 6 8 55 39 23 63 47 61
26 20 13 18 37 34 41 42 43 44 45 52 10 19 61 38 21 51 31 40 50 22 32 6 4 57 14 17 59 49 29 7 48 54 16 56 63 12 11 3 53 5 58 30 2 60 15 24 1 55 62 23 39 33 25 47 8 0 46 9
44 45 46 54 26 52 62 17 25 20 8 47 29 38 53 18 11 9 60 16 0 59 30 31 13 43 37 34 33 21 39 24 55 40 14 63 51 1 19 22 12 2 58 6 10 42 32 50 57 49 3 61 23 41 5 15 7 4 56 48
37 43 50 21 18 44 34 46 45 52 59 60 38 30 31 53 14 9 39 51 58 57 62 33 47 7 42 23 29 22 15 41 32 25 5 55 12 13 40 49 11 3 20 2 0 54 63 17 19 16 56 10 1 48 6 8 4 24 61 26
26 18 44 34 19 12 10 2 5 37 41 52 25 32 38 42 1 20 13 21 29 6 17 30 60 39 46 14 33 53 15 4 54 16 22 50 3 24 9 47 7 62 48 31 43 45 61 51 57 49 63 23 55 0 56 11 40 8 59 58
26 18 10 25 32 24 17 3 8 9 19 40 45 29 11 42 20 54 33 2 12 16 43 50 51 44 57 59 63 46 47 0 38 5 52 60 61 31 13 21 30 1 53 34 4 58 37 22 23 56 49 55 41 14 7 48 39 15 6 62
37 45 19 34 33 29 38 47 54 43 52 26 20 40 32 11 13 12 31 41 17 6 50 25 5 46 44 24 21 10 8 14 16 0 18 39 4 3 30 2 22 55 1 42 9 58 7 63 48 15 59 23 57 49 56 51 62 53 61 60
44 29 21 45 37 13 46 43 5 47 52 59 26 20 53 30 39 38 51 18 34 11 31 54 62 14 10 50 2 58 49 55 12 22 15 41 33 17 63 40 48 61 8 42 25 16 24 7 32 4 6 19 57 23 60 9 1 56 3 0
26 34 44 18 9 10 41 53 11 29 22 0 52 33 32 45 20 43 50 42 62 59 25 12 51 61 4 19 60 40 8 1 49 57 48 13 54 16 58 31 5 37 56 21 24 17 15 23 6 30 39 38 3 2 46 55 14 7 63 47
26 34 42 33 24 19 44 29 11 18 20 45 41 12 25 43 52 32 4 49 48 59 46 16 17 5 61 47 54 3 53 62 2 9 56 1 37 51 63 10 58 57 0 38 40 50 55 39 30 23 22 21 31 8 15 60 13 14 7 6
26 18 44 25 17 45 37 16 8 43 19 9 53 46 50 29 38 42 30 57 49 62 0 34 24 11 4 22 33 1 54 32 14 48 56 15 51 59 2 21 58 52 40 63 60 3 10 61 20 12 55 6 5 23 31 39 7 47 41 13
44 43 50 51 26 19 42 25 18 33 49 48 24 21 41 53 34 40 58 20 11 16 56 29 8 4 10 17 9 0 1 57 12 5 30 2 32 22 45 39 31 54 59 38 37 23 63 46 61 62 3 60 47 52 6 7 15 14 55 13
26 20 45 42 44 25 49 56 18 10 34 43 13 54 33 53 37 24 17 6 62 61 9 41 51 59 40 8 63 38 16 52 57 32 3 11 60 48 19 12 30 58 0 55 39 46 29 31 22 47 23 15 21 5 1 50 4 2 7 14
37 43 34 45 53 25 33 38 19 20 52 41 31 18 29 30 32 50 10 11 51 9 4 3 59 54 13 39 55 61 0 21 47 63 14 23 46 22 44 48 12 16 49 58 2 26 24 40 57 60 62 5 17 8 42 1 7 56 6 15
19 18 17 9 37 16 26 34 41 45 53 44 51 11 8 42 25 60 24 21 4 33 20 29 43 3 32 38 22 15 2 52 54 1 31 46 10 14 55 30 61 12 59 50 0 63 47 39 49 57 7 58 23 62 13 6 5 48 40 56
26 20 45 42 13 19 18 17 25 44 29 12 16 30 43 34 22 11 2 53 61 62 5 9 37 14 1 38 50 0 47 6 21 4 46 41 33 32 63 39 24 59 57 58 23 52 55 15 49 40 10 54 7 3 31 56 48 8 60 51
19 18 44 29 20 11 3 4 30 2 12 38 13 26 33 45 46 31 34 47 37 42 41 14 6 53 25 22 50 39 52 10 17 8 21 40 9 1 32 60 23 43 16 15 5 24 49 59 54 55 48 57 62 61 58 56 63 7 51 0
37 29 22 43 34 41 33 25 26 18 17 15 9 45 30 23 54 1 42 20 50 44 40 11 16 53 2 63 31 57 51 3 7 60 32 52 46 12 58 24 4 38 10 59 61 0 62 8 47 5 14 21 19 55 56 6 13 49 39 48
44 45 46 34 42 50 37 29 19 20 26 52 33 30 59 25 13 12 38 6 18 47 5 43 31 39 14 10 53 23 21 7 51 41 16 17 32 3 11 60 9 2 4 49 22 8 61 24 57 58 54 40 0 56 48 15 1 63 62 55
19 18 44 11 9 17 10 2 25 20 3 16 29 12 1 21 30 37 38 32 33 43 34 52 60 39 42 8 26 50 57 45 24 51 58 61 62 59 46 23 53 63 31 41 49 56 15 0 4 7 40 13 5 22 14 6 48 55 54 47
19 20 21 34 43 12 37 30 22 14 5 3 33 26 7 46 25 42 39 44 23 17 53 16 49 13 11 29 50 41 18 59 40 62 24 55 8 2 57 56 10 4 1 31 38 51 60 61 52 9 32 6 48 54 0 45 63 58 47 15
37 29 21 30 20 43 38 14 31 19 10 11 12 1 34 42 26 22 9 2 50 41 51 25 49 13 7 57 3 44 33 18 23 39 56 16 40 48 58 5 4 52 6 24 47 32 46 15 17 8 0 55 45 54 59 60 61 53 63 62
26 20 21 34 44 25 12 43 42 45 41 29 18 50 16 33 54 13 22 52 58 51 14 24 60 8 30 40 32 9 11 7 15 61 0 10 2 17 59 46 38 37 48 5 4 19 6 53 3 1 62 57 49 23 39 56 31 63 55 47
19 18 44 11 10 2 9 43 20 45 54 46 12 4 29 0 25 3 26 62 8 32 63 17 16 21 24 30 51 58 52 37 55 42 1 60 59 50 40 33 22 61 31 34 57 56 41 47 13 5 38 49 6 48 14 7 15 39 53 23
26 18 19 20 13 42 10 1 2 33 44 29 34 3 32 21 50 6 11 41 12 49 57 9 51 58 0 43 37 24 30 56 4 48 59 23 53 25 16 40 45 22 15 46 39 38 52 62 61 31 14 7 63 17 8 54 47 55 60 5
44 45 37 29 30 31 46 52 43 54 20 34 42 13 22 47 11 19 61 21 38 14 23 15 55 53 62 63 26 3 6 51 12 60 39 5 58 59 2 7 4 33 17 10 32 40 50 1 48 49 57 56 41 24 8 18 9 25 0 16
44 29 22 45 26 20 37 34 18 9 12 43 53 38 46 11 0 13 42 31 21 50 19 33 24 54 47 39 57 58 62 51 2 52 4 63 14 55 23 32 25 15 40 3 59 1 30 60 41 56 10 61 8 7 5 6 17 16 49 48
26 34 41 19 10 11 37 43 44 25 42 38 29 53 33 51 60 20 3 50 62 52 46 45 24 2 54 61 13 63 39 59 57 31 55 58 21 22 49 47 1 32 12 30 48 4 5 16 23 15 14 18 40 7 6 56 17 0 9 8
37 45 53 34 33 41 19 25 32 43 50 20 12 29 16 42 18 10 11 38 46 57 58 2 3 21 51 54 47 60 44 59 63 55 30 52 17 9 61 26 39 5 0 14 22 15 4 40 56 62 48 49 1 8 24 31 6 13 23 7
26 18 37 43 10 45 44 29 19 51 53 9 46 47 59 62 55 11 52 25 38 50 61 39 34 20 57 42 1 54 49 12 21 60 58 56 33 63 8 30 5 2 17 0 4 13 22 24 3 40 41 23 31 48 32 16 15 6 14 7
37 29 20 43 42 11 51 45 12 4 19 50 38 46 2 52 60 21 13 41 49 59 40 61 44 33 57 22 58 10 6 5 62 39 54 26 47 55 53 34 25 56 3 32 9 1 24 30 23 8 16 31 15 18 0 48 17 63 14 7
37 29 19 26 22 11 18 43 50 38 45 52 3 30 39 57 25 44 59 9 0 24 41 4 46 53 54 15 31 20 10 47 5 8 12 62 2 61 13 14 1 23 55 63 42 40 32 21 33 58 51 60 16 49 48 34 6 17
19 34 42 20 21 43 26 14 52 10 45 25 18 44 2 9 53 61 29 13 0 11 60 46 12 50 24 3 5 16 23 59 51 22 33 37 31 15 17 32 7 8 54 47 58 1 41 62 55 39 30 38 6 49 63 57 56 48 4 40
19 34 41 21 43 50 52 33 57 18 20 11 29 48 26 38 40 37 45 17 30 22 12 3 31 32 14 23 2 7 10 53 54 44 42 59 4 61 6 13 58 5 15 1 60 56 25 55 46 16 9 51 63 62 47 49 24 0 39 8
37 43 18 19 34 45 20 33 51 50 41 12 29 59 21 38 57 49 32 26 39 42 53 40 11 3 56 48 60 52 44 22 10 61 4 1 25 2 30 23 58 9 13 47 31 24 8 0 46 17 54 55 62 63 16 15 7 6 14 5
26 20 37 46 29 44 21 18 12 4 3 13 30 38 55 23 52 2 5 34 25 24 1 6 19 14 43 42 47 54 33 45 31 11 16 60 9 53 62 39 61 59 49 17 32 56 58 51 22 15 50 41 48 57 8 0 40 63 10 7
26 20 37 42 12 19 10 11 18 25 44 45 2 3 4 13 5 34 14 53 61 6 29 9 33 17 51 21 7 62 22 54 52 30 8 1 55 46 23 40 0 43 63 38 16 49 56 59 41 58 60 32 50 57 39 47 24 48 31 15
44 29 18 52 37 46 21 20 19 11 55 30 3 10 45 43 31 14 22 23 7 6 60 17 1 38 9 53 12 51 5 26 16 13 62 8 58 25 2 54 34 42 39 4 33 24 61 49 50 47 56 40 63 41 32 48 15 59 57 0
26 34 44 37 46 38 45 18 42 52 17 47 10 20 39 50 12 2 54 4 53 29 49 48 55 43 59 60 11 41 51 62 25 19 32 58 13 3 1 33 40 0 61 8 56 5 63 24 16 21 22 14 6 7 15 57 23 31 9 30
19 20 45 18 9 34 33 54 37 42 21 26 43 24 49 12 11 50 29 10 32 38 22 56 3 30 51 14 53 2 39 5 15 40 4 31 6 60 63 23 17 8 1 61 13 7 52 59 47 55 41 44 16 25 0 46 58 57 48 62
37 29 18 26 17 25 33 8 34 9 19 42 30 38 45 40 32 12 48 21 46 39 10 2 41 11 50 22 13 53 15 54 31 5 3 14 52 24 55 4 43 62 1 23 7 59 20 51 61 44 16 49 60 47 63 58 6 56 57 0
19 34 41 20 43 42 50 33 24 10 37 46 12 32 18 57 26 40 2 11 55 17 58 1 9 3 56 38 16 51 39 29 4 5 52 44 53 25 30 61 0 59 13 6 48 8 21 62 7 31 23 45 60 47 49 14 54 15 22 63
19 18 37 11 3 20 25 43 26 17 42 41 49 32 24 4 10 34 33 44 21 9 51 57 2 60 16 30 38 0 23 12 29 1 59 8 13 52 50 39 53 22 31 54 40 58 46 15 61 55 6 62 45 5 48 47 14 7 63 56
37 43 34 25 50 45 29 30 54 51 21 44 26 19 31 13 5 46 53 49 12 14 39 63 15 7 42 55 16 23 20 22 38 41 40 47 52 11 18 62 10 61 59 32 6 9 0 8 48 57 3 60 4 17 58 33 24 1 2 56
26 34 42 33 45 51 44 20 49 43 32 29 19 37 13 12 21 54 58 40 11 24 53 41 17 4 63 38 47 22 5 18 30 8 31 56 48 6 3 59 25 61 57 55 50 9 16 23 2 39 62 52 7 10 46 14 1 0 15 60
19 18 44 45 26 34 25 52 43 32 24 17 9 8 42 20 11 1 53 12 37 50 21 4 40 22 3 29 41 46 39 61 30 13 14 6 59 23 10 57 62 63 0 7 16 47 5 60 15 33 55 51 38 54 58 31 56 49 48 2
26 34 44 18 17 45 19 10 46 20 37 16 11 53 43 29 38 21 60 55 25 9 39 42 8 2 12 61 33 3 22 52 5 14 62 24 50 51 59 1 6 0 49 30 40 56 41 58 13 32 48 4 31 15 57 63 7 23 54 47
44 43 50 51 34 25 26 57 33 45 24 29 52 42 38 20 49 17 18 59 8 60 21 32 40 48 61 14 37 19 11 22 7 3 53 12 5 46 58 6 39 30 4 55 2 62 13 56 23 1 54 10 0 41 9 47 63 15 31 16
44 43 42 51 34 25 60 29 20 45 52 13 26 18 30 31 38 59 19 10 58 49 16 53 50 41 12 32 22 17 1 14 46 62 33 57 56 2 37 21 24 40 8 5 15 48 11 55 3 9 61 23 47 0 63 39 7 4 6 54
44 43 34 25 19 11 10 9 26 20 24 18 52 53 54 33 1 42 4 62 51 46 29 16 8 50 49 22 30 31 59 56 58 41 32 60 48 40 55 0 38 17 15 21 14 6 12 45 47 63 37 57 39 13 2 61 7 23 3 5
44 29 19 52 21 20 45 22 30 37 15 23 59 18 31 54 43 39 10 7 63 50 17 9 46 11 53 38 41 62 47 34 3 60 0 16 13 58 55 26 33 14 12 1 6 42 51 4 57 56 25 2 5 24 40 61 49 48 32 8
37 43 34 45 44 25 42 38 26 20 13 18 46 52 53 50 29 30 31 55 33 54 61 32 21 62 9 39 57 6 63 58 5 11 17 56 47 16 7 2 40 60 0 14 4 24 8 10 22 23 41 49 51 19 12 3 15 1 48 59
26 18 19 34 42 29 17 50 37 25 49 9 8 43 21 30 1 16 33 12 51 41 22 38 31 44 32 60 59 10 13 20 5 15 61 40 46 0 53 55 48 14 3 47 7 2 39 24 11 56 63 62 57 4 6 45 52 23 54 58
26 34 44 20 19 52 13 42 29 11 43 18 3 4 33 45 2 32 17 6 50 57 5 12 24 40 10 22 53 54 37 8 51 16 31 41 55 30 58 9 1 62 46 39 23 15 56 14 38 63 25 49 61 60 59 21 47 0 7 48
19 18 37 20 11 4 17 44 3 10 13 43 51 38 46 22 29 25 6 9 39 55 15 34 2 21 30 47 33 31 1 32 16 58 42 49 50 0 52 41 23 24 40 53 26 7 45 14 57 54 60 56 5 59 61 12 62 63 48 8
44 43 26 45 52 61 51 18 19 50 10 11 60 33 54 29 49 47 4 3 37 57 21 12 20 17 62 41 9 30 22 1 34 53 63 46 2 42 39 5 55 13 8 16 48 31 40 32 38 0 25 59 15 14 58 56 24 23 6 7
19 34 44 21 43 20 18 17 9 37 25 53 45 26 13 5 38 39 31 23 29 33 61 30 22 24 32 10 8 0 16 52 46 14 3 51 60 42 2 62 12 40 4 54 55 59 41 15 47 49 50 63 7 6 11 58 56 1 57 48
44 45 46 34 42 50 19 20 33 41 12 32 26 21 30 4 29 39 58 18 40 38 13 14 17 59 49 43 60 8 25 53 31 11 22 57 3 2 48 5 16 56 51 54 24 52 6 37 47 23 1 9 63 10 15 55 7 61 0 62
19 18 44 29 22 42 34 41 17 37 20 45 49 52 38 11 59 57 43 46 51 13 56 58 40 61 3 30 47 12 26 54 31 9 25 23 55 60 53 62 39 15 21 10 4 33 24 14 32 63 1 8 0 16 7 50 5 6 2 48
19 18 44 45 26 34 43 20 29 38 11 10 47 30 46 50 21 13 33 53 60 62 14 4 37 22 1 12 5 9 23 54 52 41 63 6 42 32 39 59 3 49 7 55 2 17 15 61 56 57 40 51 0 8 31 24 58 25 16 48
44 43 18 29 45 26 17 9 0 19 20 54 30 13 63 46 42 38 51 25 52 59 60 49 21 61 6 14 22 62 24 37 33 12 3 15 58 4 31 34 11 16 10 5 50 39 48 56 47 2 1 7 23 53 8 41 57 40 32 55
19 18 26 20 10 1 12 25 34 33 21 17 45 14 41 42 40 4 22 11 44 49 43 23 57 48 7 51 9 46 3 5 50 24 52 2 13 58 56 61 59 0 38 16 31 60 54 30 15 6 29 62 53 37 8 39 47 55 63 32
26 20 21 18 19 12 3 4 13 34 44 6 5 14 7 37 30 46 43 23 22 51 17 50 52 16 42 49 59 33 9 2 24 53 0 29 8 41 62 32 31 15 60 40 55 61 58 38 45 63 48 39 11 10 1 56 57 54 25 47
26 18 37 34 9 29 22 45 17 0 43 25 24 21 33 42 54 41 13 14 15 44 50 46 16 51 19 62 38 12 1 7 55 5 63 47 20 31 3 49 30 2 53 11 48 32 60 8 57 4 6 10 39 59 61 56 23 52 40 58
26 20 29 34 44 30 33 43 42 17 8 50 13 49 51 52 22 25 53 32 24 41 60 18 16 14 56 45 10 57 38 12 11 62 19 3 15 58 54 63 37 9 0 5 23 61 40 2 1 59 4 46 6 39 31 48 47 21 7 55
26 18 44 34 19 53 41 20 11 2 25 10 12 13 37 32 3 29 62 4 9 50 33 43 30 45 5 17 42 61 54 46 49 23 38 56 24 48 58 57 52 0 31 39 14 63 55 6 47 40 21 51 8 22 60 1 15 16 7 59
44 43 42 29 19 52 30 20 37 34 33 41 26 25 11 23 51 60 46 17 59 13 32 24 6 50 53 54 48 3 18 12 10 21 40 2 4 45 5 47 58 16 22 14 8 9 61 57 56 49 7 15 38 62 0 31 1 39 63 55
37 45 53 54 55 63 19 47 44 52 46 18 62 10 9 60 30 61 11 43 29 23 50 42 38 20 22 26 51 59 17 58 12 3 2 0 49 48 4 21 41 16 57 32 31 39 24 56 8 34 25 33 15 14 7 1 13 5 40 6
26 20 45 25 19 12 13 42 43 51 50 49 34 52 56 33 4 38 32 21 57 41 11 18 14 6 29 22 16 37 47 30 48 17 39 10 5 46 15 3 54 23 2 44 31 63 62 9 0 40 60 55 24 7 8 61 53 59 58 1
26 34 43 18 29 52 25 37 10 22 51 20 15 38 33 32 19 17 39 2 13 47 9 59 41 44 12 45 53 4 50 21 3 31 14 6 30 40 11 60 54 61 55 46 1 5 7 8 16 62 63 57 58 49 48 0 24 23 56 42
44 29 18 26 21 53 30 14 52 51 34 42 13 9 10 41 50 25 62 45 43 2 7 61 60 33 54 37 19 63 38 20 12 58 46 6 49 4 1 22 15 23 0 47 5 56 17 57 16 24 39 8 55 59 11 31 32 40 3 48
19 18 26 20 21 22 13 33 11 34 23 12 45 44 9 54 3 17 41 42 52 40 38 53 10 46 55 62 50 51 16 30 48 14 29 58 5 7 32 24 59 8 39 4 2 31 49 15 6 43 25 47 0 60 37 1 61 56 57 63
37 43 50 45 34 51 42 29 22 49 18 30 38 15 20 44 54 19 14 33 41 17 10 21 56 31 25 47 39 32 58 52 16 26 61 1 24 6 55 57 23 63 40 53 12 48 3 11 46 9 0 8 2 13 60 59 7 62 5 4
26 34 43 50 45 18 33 29 37 46 57 53 22 21 9 32 20 11 19 0 40 48 41 51 44 25 17 13 62 16 38 39 10 61 52 63 30 2 8 23 15 24 42 14 47 49 3 7 6 12 5 31 54 4 60 55 56 59 58 1
19 34 44 37 43 50 42 20 25 33 46 29 12 45 57 53 22 13 4 6 21 14 54 47 26 30 39 62 41 38 55 11 60 61 15 40 48 49 5 23 32 59 51 58 63 52 17 3 18 7 10 1 9 2 31 0 8 24 56 16
19 34 44 20 43 18 13 21 11 6 17 16 12 10 22 31 25 32 23 29 14 51 37 52 42 15 60 41 40 49 33 59 57 53 45 46 26 56 24 61 30 58 5 48 62 38 55 63 8 39 3 47 50 4 54 0 9 2 7 1
26 34 42 33 40 50 58 17 44 29 18 37 8 19 12 52 45 38 54 11 31 63 10 5 30 20 51 41 21 39 32 2 14 49 56 23 60 53 43 48 4 16 25 0 62 22 59 57 7 24 6 61 46 3 9 15 13 1 47 55
26 20 37 25 12 43 18 38 32 10 9 4 51 42 34 8 33 19 11 50 0 2 52 60 41 53 5 49 21 14 44 40 58 6 7 16 46 54 17 13 56 15 23 24 62 22 1 3 61 45 59 30 47 29 48 63 55 57 31 39
19 18 26 20 13 34 9 10 45 21 25 6 42 49 2 41 22 16 37 54 5 17 48 12 63 43 24 1 3 14 0 46 50 32 23 53 30 4 52 33 11 60 29 7 61 39 59 62 55 51 40 38 47 8 31 57 44 58 56 15
44 29 18 52 37 42 19 21 51 53 13 11 4 60 43 3 26 5 50 30 31 20 12 34 58 14 45 25 61 49 48 10 16 59 6 62 7 41 63 22 40 39 23 33 2 54 47 55 46 57 56 15 38 17 9 1 0 8 24 32
37 45 19 20 13 26 33 6 21 34 5 11 44 40 10 12 18 30 14 25 39 52 3 4 42 46 32 22 48 1 23 38 2 24 16 49 60 41 47 54 57 59 61 17 51 53 0 63 58 29 9 56 55 62 31 43 50 15 7 8
19 34 44 20 18 17 11 37 42 52 13 4 33 12 46 32 9 51 10 2 60 25 3 22 16 53 24 21 43 50 1 8 59 38 41 0 45 61 29 55 31 58 57 49 54 56 40 39 48 26 14 7 5 23 47 63 15 6 30 62
37 45 53 20 19 38 29 34 47 11 18 17 42 44 10 39 24 9 2 46 43 4 3 1 31 54 52 16 61 51 33 26 8 13 6 30 12 22 59 25 21 50 0 32 58 55 5 23 41 60 40 14 62 49 48 63 15 7 57 56
26 20 29 18 11 13 25 24 34 41 42 4 2 33 48 21 45 30 6 17 38 37 14 47 10 44 32 19 46 49 56 54 23 1 8 3 12 50 51 31 40 43 9 16 22 59 60 15 53 57 7 62 55 39 61 63 58 5 0 52
19 34 41 11 26 18 12 17 44 13 9 33 25 16 42 20 10 8 32 50 1 45 59 2 5 0 37 4 46 21 51 58 22 52 6 24 57 29 43 54 62 30 53 23 31 14 3 40 38 61 60 48 15 39 47 55 63 49 56 7
19 20 13 10 37 21 14 46 12 34 1 18 44 11 33 22 26 51 38 17 3 6 9 41 29 39 45 25 5 4 55 30 43 0 48 49 16 54 50 59 32 42 52 57 15 8 56 61 58 2 62 47 40 63 60 23 31 7 53 24
19 20 29 38 21 26 37 44 43 12 13 34 39 46 45 22 25 6 55 30 31 51 3 52 18 33 58 50 60 11 5 54 47 32 53 17 2 61 62 63 14 7 49 23 40 10 42 48 57 4 59 56 8 41 15 24 1 0 16 9
44 45 46 43 26 34 41 52 59 25 42 61 24 47 37 20 55 40 51 38 49 16 39 32 54 18 10 50 57 33 21 19 60 30 29 53 31 17 9 3 8 23 22 14 2 1 6 58 11 56 62 15 48 13 7 0 12 4 5 63
19 20 21 18 26 22 13 12 31 23 14 34 41 15 3 42 5 4 9 39 43 17 16 44 37 38 29 40 25 2 7 33 52 50 32 0 10 51 11 60 53 45 54 61 47 6 49 46 8 24 1 56 30 58 55 63 48 59 57 62
37 43 26 21 51 25 17 46 24 44 38 8 10 59 29 19 55 45 53 31 13 22 18 34 30 2 9 16 58 39 23 12 33 61 14 54 5 32 40 3 47 20 4 57 62 15 1 7 41 42 60 6 0 52 50 49 48 56 11 63
19 18 17 43 44 11 26 37 42 25 20 29 22 49 30 38 41 15 34 52 46 21 45 31 23 8 2 47 53 40 24 9 39 61 16 3 60 59 51 13 33 1 54 63 5 62 56 10 12 4 0 14 50 58 57 32 55 48 7 6
26 18 44 29 30 34 9 20 11 45 33 22 46 12 38 0 19 42 41 53 13 39 51 40 21 50 32 4 62 60 17 31 49 37 59 58 57 24 6 43 1 10 52 61 16 2 5 48 3 8 15 7 23 25 55 56 47 14 54 63
19 20 37 18 9 17 25 45 26 43 34 42 51 44 53 16 49 50 10 56 48 21 24 1 8 58 33 30 12 61 62 3 4 63 22 14 41 13 54 32 11 52 57 40 29 55 39 38 6 0 7 2 23 5 59 15 31 60 46 47
19 18 26 34 44 20 9 10 13 45 11 1 42 0 25 21 46 50 41 52 53 3 58 37 30 48 4 55 29 33 32 60 2 40 17 12 59 31 8 16 39 47 24 6 22 15 61 5 38 43 49 57 56 62 23 14 51 63 54 7
37 43 26 38 44 29 45 52 22 20 54 34 50 42 39 46 12 63 62 4 59 30 18 9 31 61 49 41 32 14 13 57 51 19 5 11 0 15 53 40 25 47 3 24 48 58 16 2 23 6 17 33 55 1 7 60 21 10 8 56
26 20 45 44 53 54 21 43 13 12 63 22 14 6 5 62 51 55 61 46 47 52 59 60 29 58 3 11 19 39 38 42 15 18 30 25 9 37 41 49 10 4 56 0 7 33 32 23 50 34 17 24 57 1 16 2 40 48 8 31
37 45 19 34 33 29 22 18 53 11 20 54 3 32 25 17 63 13 4 2 26 21 41 38 43 51 44 48 30 14 39 62 10 46 7 6 24 16 15 5 1 9 40 12 55 23 47 42 50 52 59 61 0 31 49 57 58 8 60 56
37 45 26 38 46 18 39 25 53 43 34 42 24 32 49 54 51 29 55 61 21 59 33 31 50 52 40 13 14 47 44 41 58 19 60 63 10 48 62 17 8 2 11 16 3 1 56 12 9 5 22 57 30 0 20 4 6 15 23 7
26 20 21 34 12 14 22 30 39 4 6 25 42 50 17 9 3 2 8 29 37 38 43 51 24 44 45 23 53 54 59 33 55 7 58 63 10 41 47 1 61 19 15 62 32 60 18 5 49 48 13 16 40 57 46 0 52 31 56 11
19 18 44 29 17 45 21 43 30 31 54 14 34 42 41 10 20 16 13 63 22 6 11 37 46 4 5 23 7 26 9 49 12 55 25 53 52 50 59 3 56 1 2 15 51 48 39 0 60 38 62 24 58 47 40 57 32 61 8 33
19 34 43 50 41 32 48 11 10 21 37 29 12 33 30 49 42 14 13 22 26 17 23 18 57 4 6 51 24 16 25 38 60 1 47 7 9 20 5 52 59 39 44 61 31 58 62 15 45 2 0 56 40 55 3 8 54 46 53 63
19 20 13 26 44 53 34 42 25 18 33 21 62 6 29 37 38 32 5 45 7 52 49 22 12 56 60 41 24 31 9 59 23 11 51 0 39 15 48 4 14 50 30 16 57 40 3 10 1 46 55 47 17 61 2 63 54 8 58 43
26 20 37 34 21 25 18 29 19 13 33 41 22 9 5 6 11 45 38 31 54 42 39 63 53 61 30 17 15 4 16 23 24 46 14 7 12 8 32 10 60 44 49 40 2 51 52 55 43 3 59 58 0 47 56 50 48 62 1 57
26 34 44 20 12 43 50 52 60 53 46 25 41 21 17 61 30 9 62 54 42 38 24 4 3 16 29 48 45 59 55 22 40 18 58 57 19 49 8 10 23 13 37 33 32 31 11 15 6 51 56 2 39 0 1 14 5 47 7 63
37 43 34 41 51 59 18 29 48 33 32 26 52 45 22 25 53 46 47 55 17 42 20 8 9 61 50 10 54 30 31 24 2 62 44 19 60 58 57 1 11 16 0 13 49 23 3 38 63 12 21 39 6 4 15 56 14 5 40 7
26 18 10 34 44 2 19 29 33 20 12 13 1 0 9 42 21 45 11 40 14 43 54 17 37 5 8 53 24 55 22 7 15 3 61 16 4 6 30 38 23 46 39 47 49 52 62 56 51 59 60 41 58 32 25 31 50 63 48 57
19 34 42 50 44 37 46 53 49 18 26 38 51 39 9 20 21 58 60 33 41 10 24 56 30 22 23 0 1 29 13 2 62 14 48 52 7 12 15 40 54 6 5 47 57 43 4 61 25 32 55 31 59 11 3 63 17 16 8 45
26 20 29 18 11 13 19 22 30 34 42 12 17 37 14 33 21 31 46 6 38 3 10 16 24 32 15 39 41 53 45 7 61 52 9 8 43 59 55 23 5 4 47 44 51 48 40 63 1 2 56 49 0 60 54 25 50 57 58 62
44 29 20 13 22 45 19 18 12 37 11 31 15 34 21 53 61 4 42 38 17 43 51 23 30 58 6 7 52 33 14 59 39 16 2 3 32 47 50 46 5 57 26 41 8 0 54 10 48 62 55 40 49 56 25 9 24 63 1 60
44 29 19 26 33 10 12 52 37 20 30 23 38 25 18 17 22 43 24 40 60 61 34 39 45 46 3 32 51 16 55 1 53 58 13 21 42 5 4 54 15 2 14 7 9 6 11 59 50 49 48 47 31 0 63 41 8 57 56 62
26 20 37 46 12 19 18 42 43 4 55 21 29 33 11 3 2 1 41 30 14 9 31 39 10 53 22 51 8 23 44 45 38 40 52 7 59 34 48 56 25 60 6 0 5 50 13 16 62 61 58 63 32 15 54 24 17 49 57 47
37 43 18 38 51 50 39 52 59 34 45 53 57 49 25 16 61 29 41 48 44 33 22 15 30 11 58 20 26 19 10 2 32 47 12 40 55 62 54 4 14 42 3 63 1 31 23 46 21 6 24 5 7 60 56 9 8 13 17 0
37 43 26 19 10 11 50 1 42 51 12 49 3 13 21 45 17 20 56 41 33 24 14 5 52 61 53 15 34 30 6 7 18 44 4 2 23 46 25 9 39 54 22 29 62 16 0 31 8 57 58 38 48 55 47 63 59 40 32 60
19 34 43 52 33 11 37 46 21 45 3 25 55 20 44 18 59 60 42 58 9 17 16 12 61 14 57 2 4 5 30 39 7 53 23 51 10 26 50 41 48 0 1 40 62 56 49 8 47 63 6 24 32 29 38 22 13 15 54 31
19 18 37 29 22 20 11 12 25 34 5 43 26 17 52 41 33 42 16 51 50 44 32 58 60 48 53 61 49 46 30 2 62 59 21 54 39 23 45 10 31 40 9 13 6 63 15 3 4 8 56 57 0 55 47 24 1 7 38 14
44 29 20 43 26 18 51 52 37 11 12 4 53 25 19 45 5 13 9 50 38 10 14 59 33 46 32 2 55 15 22 0 23 24 34 17 7 6 1 60 3 30 61 41 54 39 57 42 58 8 47 31 21 62 16 40 63 49 56 48
26 18 44 43 34 41 51 37 19 58 46 20 33 50 10 9 21 32 40 2 53 38 30 29 49 25 52 31 22 12 3 61 0 5 13 55 11 48 42 16 39 45 54 62 24 6 8 4 17 1 7 14 23 15 59 60 56 47 63 57
19 34 43 18 29 51 59 37 9 52 42 10 44 50 49 45 11 30 46 20 60 38 47 21 14 39 57 53 61 54 25 58 55 22 23 15 31 62 63 48 7 3 13 8 2 17 16 33 24 5 4 6 12 26 0 32 56 1 41 40
19 18 37 43 50 51 52 45 42 29 17 9 38 53 20 22 44 11 26 58 62 41 3 8 34 49 15 47 46 59 30 12 40 10 54 21 2 31 5 14 48 4 6 55 0 63 25 23 16 1 13 33 32 24 39 56 57 7 60 61
26 34 41 20 44 18 37 52 53 48 21 25 24 22 10 38 42 51 60 43 40 32 46 54 12 13 39 2 9 50 61 19 1 29 30 16 49 4 17 45 6 23 5 57 33 11 55 59 3 47 14 15 58 0 7 31 8 62 56 63
44 29 20 43 42 11 37 50 21 41 2 45 53 30 49 51 34 14 60 54 40 58 59 33 26 25 7 19 18 52 17 16 22 57 48 15 24 12 4 56 55 62 39 8 10 61 38 23 0 63 46 3 13 5 6 31 47 1 9 32
44 45 26 34 46 17 41 33 8 52 37 19 43 49 32 42 60 55 21 40 29 24 47 61 25 30 10 20 63 59 18 13 12 11 9 53 57 39 31 38 2 4 51 48 54 62 14 5 58 1 3 56 0 22 23 50 6 7 15 16
37 29 21 45 19 13 14 20 30 34 12 23 53 7 31 11 18 17 4 3 16 44 6 9 10 1 41 26 43 51 22 5 15 8 58 24 2 48 0 46 25 61 38 32 52 47 55 63 50 54 33 49 59 42 62 39 57 40 60 56
26 34 42 18 10 25 37 41 17 2 3 45 1 8 53 29 9 19 48 0 22 44 11 4 51 33 12 52 43 30 59 54 38 39 21 46 47 20 61 58 50 14 31 49 40 60 13 55 6 57 62 63 56 32 5 24 16 15 23 7
19 34 41 33 25 48 37 17 16 38 9 21 43 20 14 50 39 45 51 52 12 13 61 59 26 11 5 29 42 31 30 22 24 6 15 49 7 32 57 4 54 63 44 58 2 8 46 3 60 55 62 10 23 53 18 1 47 40 0 56
44 29 18 42 34 26 17 52 45 37 43 54 30 38 61 22 39 21 19 31 14 50 47 53 49 10 3 51 20 11 46 63 12 7 25 48 6 41 23 55 56 5 57 59 58 33 13 15 32 16 9 24 8 2 40 4 62 0 1 60
44 43 34 29 19 26 42 52 61 41 37 11 22 21 51 38 47 15 40 60 14 62 23 50 59 49 20 12 58 13 5 39 45 30 10 7 18 4 53 25 6 46 17 8 63 55 32 3 31 33 1 2 54 57 48 56 16 0 9 24
44 45 37 43 34 30 46 25 54 26 33 20 17 63 21 38 19 18 39 24 53 41 50 9 48 49 0 29 8 10 40 12 11 4 57 42 5 3 2 31 62 14 7 51 59 55 22 60 23 58 47 1 16 15 32 61 52 13 6 56
37 45 26 20 54 25 21 43 12 13 34 44 14 22 52 63 30 60 24 51 58 19 11 4 61 50 53 38 29 15 3 18 59 42 39 47 46 32 62 31 10 16 23 33 5 49 41 55 40 56 57 7 6 2 9 0 17 1 8 48
37 43 34 41 18 20 26 38 42 25 33 9 24 32 12 19 17 50 46 11 49 54 52 51 4 57 59 10 16 8 1 44 39 13 3 61 5 30 45 60 62 29 63 53 21 55 40 6 14 48 58 31 22 47 7 2 56 0 23 15
26 18 44 43 34 29 42 25 21 13 17 49 16 41 11 51 20 53 22 37 56 9 40 33 38 15 24 30 59 2 32 50 4 48 8 39 58 0 1 60 3 57 47 10 61 19 52 46 12 45 6 14 7 55 23 5 54 63 62 31
37 45 26 20 29 22 53 18 21 30 31 34 42 44 17 54 43 61 33 50 23 52 12 14 41 40 32 8 38 25 6 7 51 46 59 4 24 48 10 57 62 55 47 19 58 49 11 5 60 39 63 16 15 2 3 13 9 0 1 56
37 29 18 45 20 9 46 38 39 13 44 52 19 47 6 11 55 26 53 62 60 12 10 30 0 4 31 25 3 1 32 2 5 34 41 54 33 23 21 14 15 24 42 49 48 43 51 40 17 22 57 59 63 8 16 7 58 56 61 50
44 45 19 20 12 18 26 43 37 34 25 32 51 52 24 16 42 21 14 41 53 33 50 58 17 54 62 7 40 4 55 61 8 29 38 11 10 30 49 1 46 56 5 57 3 48 22 63 59 15 6 9 2 23 13 60 0 47 39 31
26 18 10 34 45 20 44 9 19 11 1 54 12 43 42 25 53 61 17 52 24 8 63 3 4 16 60 21 50 37 14 5 46 22 30 58 62 23 57 51 2 0 41 55 59 40 32 49 48 29 33 56 47 38 15 7 39 31 13 6
26 18 19 34 42 44 33 21 10 11 4 40 45 17 9 2 24 0 29 3 1 37 13 22 16 46 55 50 41 5 54 47 14 43 52 63 51 53 23 30 39 20 6 31 25 32 58 59 60 8 61 62 38 57 49 15 7 48 56 12
37 45 19 34 33 18 44 29 46 43 42 52 59 53 30 20 12 32 24 23 10 11 31 60 40 21 25 13 4 58 15 41 61 50 54 1 57 39 22 51 3 26 48 7 2 16 8 49 38 62 56 5 63 9 0 55 6 14 17 47
37 29 22 43 34 41 19 20 50 44 45 46 47 11 12 38 25 54 26 51 32 16 2 5 53 60 59 33 63 62 10 21 61 58 57 42 40 49 4 23 18 55 6 13 24 17 31 15 39 3 1 7 52 48 14 0 9 56 30 8
37 45 26 20 21 18 12 4 19 30 9 38 44 51 39 42 22 23 5 11 29 6 2 14 53 43 41 0 25 62 59 32 24 54 10 13 1 47 7 49 17 60 52 58 31 8 56 40 63 50 15 55 48 3 34 57 61 46 16 33
44 29 19 42 37 26 22 30 43 52 41 49 33 14 61 38 45 46 20 60 50 12 31 23 34 11 48 62 3 40 55 56 39 18 32 51 10 25 17 16 15 47 6 63 5 4 58 2 54 59 21 7 9 24 13 8 1 53 0 57
19 20 13 42 43 44 21 11 18 12 45 30 29 46 10 34 54 62 63 6 51 17 49 52 38 47 50 61 37 4 31 22 33 48 14 7 15 2 1 0 26 53 56 9 8 32 57 16 40 58 23 39 59 3 60 24 25 5 55 41
26 34 41 33 25 18 43 42 11 20 19 17 21 51 59 60 49 58 13 12 8 16 3 6 29 22 32 48 15 56 9 30 4 10 39 23 31 14 50 2 0 38 37 46 5 52 53 45 57 61 7 54 62 24 40 63 55 47 1 44
37 45 53 20 21 38 26 52 54 44 29 55 31 47 13 25 60 34 62 14 15 12 46 5 42 63 24 19 41 23 7 22 6 61 11 51 4 17 59 58 33 30 43 40 9 32 49 10 50 2 39 18 1 57 3 16 8 0 56 48
37 45 53 38 46 34 44 29 19 43 31 61 33 11 42 26 52 51 60 62 50 55 21 49 63 25 17 8 56 48 10 39 24 20 30 14 57 41 59 1 7 18 3 22 32 6 13 23 9 40 54 16 12 4 2 58 15 5 47 0
26 18 19 34 33 17 16 32 45 12 11 29 37 53 46 3 54 8 60 63 25 21 40 52 13 48 5 38 0 22 61 24 55 42 10 30 59 9 1 44 56 20 31 62 14 23 41 47 43 2 15 58 51 6 39 7 4 49 57 50
44 29 18 42 43 45 21 13 51 58 54 46 22 31 53 9 47 52 15 30 59 50 38 23 0 55 60 39 57 49 62 26 56 10 14 48 41 37 4 34 33 32 63 7 24 40 11 16 5 2 20 61 8 6 19 3 17 12 25 1
26 34 45 17 42 50 33 40 32 29 19 24 58 12 21 43 44 37 3 5 30 51 25 46 52 13 47 18 16 8 9 1 20 61 0 55 38 31 22 60 63 49 6 10 54 15 56 11 23 4 53 62 39 14 48 2 41 57 7 59
44 43 26 19 10 29 51 1 30 33 11 37 9 58 38 23 17 25 52 21 50 42 22 12 13 60 59 5 49 47 14 6 39 45 55 56 53 31 15 62 8 7 40 20 41 63 46 54 57 3 61 48 18 0 34 32 2 16 4 24
37 43 42 45 26 38 44 18 46 50 58 41 10 57 39 25 19 53 32 30 29 24 23 59 49 12 17 11 13 54 33 34 16 40 61 47 51 31 55 5 48 52 9 62 63 56 60 21 20 22 15 2 4 3 1 0 14 8 6 7
37 43 42 29 51 34 22 52 20 13 50 31 18 21 11 57 5 14 44 49 33 26 58 12 45 10 60 46 6 30 4 59 7 41 48 15 23 32 53 38 39 19 3 62 40 17 56 9 2 25 8 1 24 54 61 16 0 63 55 47
19 20 45 10 29 34 12 43 1 37 50 52 59 11 41 5 13 3 18 33 32 25 51 9 2 6 4 49 48 61 26 22 15 57 42 38 24 0 56 21 47 17 16 31 40 58 23 7 8 44 46 54 55 14 53 63 39 62 60 30
44 43 50 29 22 37 19 30 46 34 23 57 33 45 51 47 49 15 7 26 21 53 18 58 54 20 38 31 52 10 39 41 2 17 16 55 60 14 12 40 32 1 3 25 0 11 9 42 24 4 13 5 6 61 62 63 48 8 59 56
19 20 45 26 21 13 25 29 22 37 46 11 6 24 18 23 14 43 42 5 2 10 17 12 30 33 50 55 34 31 47 44 32 49 51 58 15 54 59 16 53 38 57 61 63 41 40 60 62 39 1 52 4 3 8 9 0 7 48 56
37 45 19 29 54 53 30 23 46 39 31 18 61 10 9 62 15 52 43 44 63 17 20 55 47 34 1 12 51 38 11 50 33 25 13 4 58 32 26 8 0 59 40 21 5 6 14 57 16 48 2 60 3 24 49 22 56 42 41 7
26 20 21 22 45 44 43 52 53 50 13 19 31 25 29 23 34 39 57 30 37 4 42 51 59 54 5 41 55 63 3 49 60 12 61 62 14 7 48 33 46 38 11 6 16 18 15 58 47 24 17 8 9 32 40 56 10 1 0 2
37 43 18 21 29 22 45 26 20 38 30 9 25 32 24 52 13 17 40 14 11 31 0 19 47 46 15 23 53 1 54 12 2 61 51 55 16 6 63 62 7 5 34 44 39 8 3 58 59 41 33 48 57 60 49 50 56 4 10 42
26 20 13 25 17 43 33 8 29 21 9 12 51 14 5 38 23 18 22 0 4 11 1 45 19 44 46 32 31 10 16 54 63 59 58 7 24 37 50 47 60 30 34 55 40 42 41 49 15 3 2 57 39 61 56 62 52 48 53 6
19 34 42 50 45 37 44 10 30 52 33 26 20 40 43 12 59 51 58 53 18 29 11 23 21 17 61 38 25 41 46 16 3 9 24 2 1 60 39 47 4 5 32 22 55 49 14 7 8 54 62 48 63 57 56 0 31 15 6 13
19 18 44 43 51 45 29 11 3 4 54 63 5 59 50 30 37 38 31 20 25 9 52 39 12 53 55 32 26 23 0 58 21 46 22 13 14 42 49 2 1 17 33 10 34 15 7 62 6 24 16 57 61 56 47 41 48 8 40 60
26 18 10 29 30 9 44 25 8 45 19 52 33 0 37 31 54 46 17 24 38 40 1 11 12 5 60 16 20 21 34 62 63 59 41 32 42 4 3 43 14 13 58 23 7 15 48 22 47 55 61 50 51 2 39 53 57 56 6 49
26 34 42 18 10 25 17 43 32 16 24 41 8 21 44 45 51 50 58 49 53 52 61 59 56 33 46 37 14 20 19 54 47 38 48 55 39 30 40 9 1 0 57 29 62 12 2 7 4 31 22 3 60 13 23 63 6 5 11 15
37 45 44 29 54 43 26 52 51 53 21 25 60 42 61 62 33 59 58 20 17 13 63 34 18 55 30 9 50 41 19 49 14 11 0 46 48 38 4 2 47 10 5 31 3 39 32 7 56 16 15 23 1 12 6 24 8 40 22 57
19 34 43 20 33 18 37 44 51 32 29 38 11 52 53 10 42 58 21 4 46 26 3 41 1 14 50 61 5 25 13 30 22 54 23 7 48 49 17 16 40 45 62 12 9 8 0 2 59 57 6 31 39 15 60 24 56 55 63 47
26 34 45 21 29 37 14 54 63 17 22 20 42 13 18 23 30 7 8 38 46 25 33 32 31 49 50 19 56 51 44 47 40 39 10 43 53 48 60 1 5 52 55 11 12 4 15 3 16 62 59 58 41 24 9 6 61 0 57 2
37 43 50 51 52 61 26 49 57 21 41 34 42 33 19 56 53 17 44 58 59 29 13 62 54 48 24 46 20 25 10 60 40 12 38 18 55 32 11 4 3 9 0 2 1 16 5 39 8 14 47 22 23 7 6 30 45 63 31 15
26 34 41 19 10 20 13 17 24 12 45 14 18 48 4 21 22 25 37 29 38 54 43 30 52 50 32 5 23 3 6 44 42 11 58 59 57 53 55 51 60 9 1 47 46 39 2 16 8 15 7 63 40 61 56 49 62 0 33 31
19 20 13 26 17 43 44 29 21 6 37 45 52 61 42 49 30 18 12 25 56 9 34 33 16 11 53 39 0 24 3 10 51 1 14 54 23 8 5 15 38 59 58 31 2 60 46 57 63 40 22 41 50 62 47 4 32 55 48 7
37 29 21 43 50 30 20 12 42 13 14 44 3 41 51 59 5 6 19 7 39 11 49 22 58 56 15 53 45 54 34 4 18 38 63 10 23 46 17 1 48 24 52 40 47 61 60 2 31 62 32 55 16 26 25 33 9 0 8 57
44 45 26 18 10 29 46 34 42 49 30 53 43 21 13 33 50 17 8 19 20 58 57 14 12 11 60 2 59 62 61 54 37 51 56 55 25 16 32 38 1 9 7 22 41 52 0 40 63 15 39 24 4 48 31 3 23 5 6 47
19 34 42 18 26 20 9 49 12 25 50 41 40 0 33 4 43 52 56 58 13 57 21 14 6 17 29 11 10 22 44 2 30 7 24 15 37 46 3 5 23 51 59 1 45 53 62 31 54 61 47 48 8 16 32 39 38 55 60 63
26 34 42 20 45 41 40 48 56 50 29 44 37 30 13 12 38 39 31 54 11 21 43 2 46 51 14 32 53 55 25 22 62 49 58 4 10 47 23 59 24 33 63 3 60 61 19 52 57 18 17 16 5 9 0 1 8 6 15 7
44 45 46 34 42 20 26 52 13 33 24 12 29 32 43 14 40 37 41 25 60 51 18 10 4 21 7 55 47 11 63 16 50 49 3 53 56 19 2 15 8 57 59 58 54 62 61 48 5 0 38 30 23 6 22 9 17 31 39 1
37 45 53 34 33 54 55 20 13 29 38 30 19 43 23 12 51 18 10 39 9 31 4 26 46 60 21 63 17 1 61 8 0 22 2 42 16 44 59 40 58 52 14 6 62 25 5 3 32 50 47 24 7 11 48 57 49 15 41 56
37 45 53 38 26 54 39 18 55 31 9 52 51 47 23 34 43 50 33 63 44 32 61 60 30 19 20 12 25 17 11 42 41 48 21 22 13 8 49 29 59 15 14 6 16 24 7 57 56 5 46 2 40 10 58 62 3 4 0 1
19 18 26 20 12 10 2 9 44 33 34 11 16 13 32 17 14 37 25 52 60 43 42 5 4 51 53 61 50 3 6 15 21 45 7 8 0 59 29 58 1 24 49 40 54 46 57 62 55 47 41 38 31 22 30 23 63 39 48 56
37 29 21 30 23 46 38 22 20 44 39 43 26 25 34 13 14 11 55 42 33 31 17 6 5 8 9 41 48 12 3 19 52 24 10 53 16 1 54 61 40 49 18 15 4 2 45 63 50 47 51 59 58 62 0 32 60 57 56 7
26 34 42 20 45 49 43 44 37 17 29 33 41 50 59 21 32 46 51 48 25 38 56 52 9 18 40 16 19 11 47 0 31 39 12 13 8 53 10 1 30 24 2 22 15 3 61 60 62 54 23 14 4 55 5 6 7 63 57 58
26 18 37 29 22 45 53 34 9 19 20 12 4 54 44 43 25 38 42 33 41 10 51 24 17 58 63 40 11 13 59 16 47 30 21 3 23 39 2 0 32 31 57 15 5 55 46 61 52 14 1 60 62 6 48 8 49 50 7 56
44 45 26 18 46 25 9 53 60 10 11 0 52 2 34 54 62 41 32 63 38 61 37 43 59 20 42 24 19 47 55 12 40 50 17 33 13 29 39 8 4 30 58 51 21 57 22 15 16 48 1 23 31 6 7 5 14 3 49
44 29 18 26 17 42 22 53 62 43 50 30 41 49 38 58 57 40 19 15 32 25 56 10 20 11 14 45 59 8 51 31 3 12 54 34 4 2 1 24 16 9 47 13 52 33 21 5 23 0 6 61 48 60 7 37 46 55 63 39
19 20 37 44 21 38 45 12 31 10 29 30 13 54 46 18 17 14 5 42 3 39 34 4 11 33 53 16 41 22 25 2 63 40 50 61 48 32 7 62 60 26 24 9 43 58 8 1 0 15 49 23 51 56 57 52 55 47 6 59
19 20 45 34 33 41 21 13 12 37 29 53 49 32 38 39 26 5 18 9 22 48 46 57 30 47 43 31 55 44 14 10 23 50 51 15 11 54 7 4 1 52 3 2 59 60 25 42 40 16 6 17 56 58 62 24 0 61 8 63
37 45 44 43 34 29 52 33 22 30 20 21 46 60 59 12 25 51 50 17 11 23 13 58 39 55 38 41 14 7 53 31 26 18 47 3 4 42 48 32 16 62 2 10 40 56 63 24 6 19 1 9 8 54 49 61 57 0 15 5
44 45 46 43 42 54 62 34 18 21 20 19 12 52 26 29 59 9 37 41 40 51 30 22 10 53 60 1 25 17 8 3 13 38 5 50 0 47 31 58 2 32 39 48 49 63 55 4 33 6 7 61 11 56 14 23 57 16 15 24
19 20 37 18 10 2 21 22 13 43 23 29 17 14 50 30 15 5 4 26 9 24 31 38 34 39 6 12 1 7 46 41 32 44 53 55 16 33 54 60 3 45 61 62 11 42 40 8 47 58 52 25 63 51 0 49 48 59 57 56
37 43 50 45 29 30 53 51 22 57 19 15 44 61 18 21 58 9 20 52 54 55 31 23 26 46 38 25 24 11 4 39 42 49 12 59 34 16 47 3 60 13 56 41 10 33 40 1 6 14 63 32 2 62 0 48 17 8 5 7
19 20 29 18 44 52 43 51 60 53 9 37 13 12 45 22 42 4 30 50 11 33 24 26 14 21 61 38 47 34 49 54 41 5 10 59 46 2 63 62 6 48 3 32 1 16 56 7 23 31 25 15 39 0 58 17 40 55 8 57
26 18 19 20 11 34 33 10 25 40 2 3 29 1 42 43 41 17 50 48 16 13 32 21 9 30 56 24 37 58 12 8 5 6 49 44 14 52 46 55 60 4 59 53 38 7 31 57 39 47 22 62 54 51 63 23 15 61 45 0
26 18 10 34 42 43 45 19 52 25 11 50 41 32 24 16 48 61 51 29 59 9 21 57 17 40 8 1 58 12 37 30 4 3 44 49 13 54 56 20 53 2 0 60 63 14 15 6 5 33 23 47 62 46 39 31 7 38 22 55
19 34 42 20 21 11 18 43 3 12 5 14 30 17 29 41 23 13 25 7 9 39 22 16 26 37 24 8 15 0 52 2 31 50 44 33 32 40 1 60 47 10 58 4 48 38 53 51 59 55 61 57 56 6 45 49 54 46 62 63
44 43 18 21 34 26 51 41 42 52 61 9 48 40 32 17 20 59 0 25 58 45 16 13 49 24 37 53 12 10 54 57 30 11 3 56 6 4 2 63 19 62 47 33 38 29 22 23 46 8 14 15 7 39 31 1 5 60 50 55
19 34 41 18 37 20 11 4 9 48 26 43 21 29 30 14 51 17 13 52 10 25 53 0 45 59 50 12 2 42 8 33 24 49 57 39 31 3 6 38 7 40 61 1 47 54 46 5 16 22 56 44 63 32 55 23 58 62 60 15
26 18 37 25 17 43 33 45 44 34 46 54 42 53 61 50 52 40 57 58 62 16 20 56 11 47 51 21 55 10 29 32 24 19 41 4 9 8 38 39 31 63 30 48 1 0 14 12 2 49 13 60 59 3 5 6 15 22 7 23
19 20 29 34 43 52 41 18 11 25 50 13 21 37 14 22 61 15 26 2 7 33 30 23 38 31 12 48 32 45 10 6 47 40 39 46 53 57 51 9 59 24 0 42 4 54 62 55 5 3 44 16 8 60 49 58 56 63 1 17
37 45 19 38 39 31 54 52 23 18 26 34 25 21 10 1 29 22 12 20 42 4 53 63 14 11 3 24 44 2 13 30 46 5 16 41 43 8 62 55 6 61 9 15 48 47 17 40 32 33 50 49 58 59 0 57 51 56 60
44 43 50 37 29 53 46 39 18 20 19 11 26 57 12 30 62 52 45 22 21 10 31 60 38 17 2 23 34 4 3 14 5 33 40 54 55 32 24 9 25 16 42 48 51 59 1 0 13 47 49 6 8 56 15 63 41 7 58 61
26 18 19 34 25 20 43 42 29 32 13 21 11 3 17 51 59 10 22 8 49 37 9 12 16 50 52 53 44 14 38 23 15 4 62 0 58 1 24 33 40 47 61 6 30 46 5 41 7 56 31 48 55 60 45 63 2 57 39 54
19 34 43 52 45 20 21 11 51 59 26 22 12 38 42 18 14 50 3 5 23 2 1 44 29 37 9 10 53 15 49 41 31 30 48 60 7 62 57 54 4 32 6 33 39 0 40 56 58 25 61 46 47 63 17 55 13 8 24 16
19 34 41 20 37 18 10 2 13 45 1 38 44 6 54 0 21 11 30 22 14 33 31 52 25 48 26 7 43 39 59 50 51 42 47 61 12 16 58 46 5 17 40 49 53 55 56 57 9 8 24 60 29 23 4 3 63 32 62 15
19 20 21 12 45 30 4 18 9 44 37 34 43 46 38 0 55 39 25 3 29 5 23 54 10 50 22 14 47 41 15 17 1 11 42 32 61 8 57 49 6 2 48 7 26 31 33 40 24 16 51 63 13 58 59 60 53 62 52 56
37 45 44 43 26 29 46 21 54 17 25 55 42 41 38 63 51 18 10 24 16 9 14 7 33 31 30 39 8 34 49 47 32 40 19 1 3 50 23 57 59 2 20 12 4 22 5 53 48 6 11 15 13 0 61 60 58 52 56 62
44 43 26 19 18 29 12 20 21 13 14 11 22 52 50 25 42 41 49 59 33 15 34 48 10 9 4 17 31 40 2 5 58 3 0 1 24 51 16 23 45 8 60 32 57 53 37 38 7 30 6 47 39 62 54 56 55 61 46 63
44 45 46 34 18 21 29 37 43 51 52 19 30 47 50 57 33 17 22 25 53 60 26 20 42 39 24 49 11 10 41 32 3 12 23 8 40 38 9 14 58 56 5 4 15 48 55 54 62 6 13 31 7 2 61 63 1 0 16 59
26 20 21 34 42 22 12 25 17 33 41 3 43 50 52 49 23 19 44 60 57 24 61 48 29 38 32 40 4 5 30 37 59 58 53 56 47 45 16 10 9 1 18 62 54 14 7 11 0 39 2 13 6 55 31 46 51 8 63 15
44 29 22 45 20 13 11 43 6 21 34 42 54 23 51 46 37 50 41 32 47 2 15 52 59 60 57 5 53 26 25 18 10 58 61 30 16 63 40 55 24 14 7 33 39 49 17 31 4 38 56 19 48 9 8 3 12 0 62 1
44 45 37 29 21 13 30 31 20 43 53 61 38 39 50 19 18 9 46 22 5 14 47 54 10 2 15 6 55 51 60 11 42 59 62 33 23 41 12 52 7 4 58 63 24 49 32 40 1 16 57 0 3 56 26 25 48 34 17 8
44 29 20 13 30 43 11 22 42 2 26 52 61 18 10 41 45 9 34 38 0 60 49 25 31 37 4 6 32 15 21 62 39 57 12 16 48 54 46 47 55 50 53 33 40 14 58 63 5 51 7 23 19 59 24 56 8 3 1 17
44 43 34 45 53 33 37 52 51 59 18 54 50 9 58 42 61 62 55 30 23 41 40 21 20 63 22 29 19 11 47 14 25 57 46 38 17 24 32 26 60 49 4 12 56 10 13 48 1 6 39 2 7 8 3 31 16 5 0 15
19 34 45 11 10 9 43 37 25 33 41 54 3 32 63 18 1 20 38 51 59 26 21 44 42 29 53 13 14 39 17 50 58 62 12 2 40 49 52 60 30 48 57 7 22 15 61 8 23 16 31 0 5 56 4 46 47 55 24 6
37 29 19 43 44 26 18 42 30 38 50 58 25 22 45 51 53 10 11 52 59 54 63 46 33 12 1 9 41 62 2 32 31 39 47 57 55 20 8 17 56 61 3 49 34 4 14 23 48 6 60 21 13 5 15 7 24 16 40 0
44 43 42 51 26 29 30 33 45 46 40 21 60 58 20 41 50 59 22 25 54 17 19 24 49 48 47 32 8 34 57 56 37 14 6 7 12 55 38 61 63 18 16 31 10 5 11 4 2 39 23 13 3 9 15 1 0 53 62 52
44 43 42 51 18 49 58 53 40 37 52 50 59 26 60 48 54 19 34 17 38 32 56 55 11 45 24 30 16 10 22 31 62 23 33 4 21 14 2 1 29 3 61 25 57 9 39 41 13 46 12 5 63 20 47 0 8 6 15 7
44 43 50 29 20 53 38 21 52 51 22 30 42 34 58 12 11 46 4 49 47 15 23 3 2 14 40 31 26 25 39 57 37 41 6 59 48 55 54 56 17 45 24 16 60 7 8 19 10 32 13 9 18 33 0 61 62 63 5 1
44 43 34 25 42 50 26 37 49 18 30 48 56 38 58 19 16 33 11 12 24 40 13 57 45 23 31 17 22 4 41 51 15 53 46 39 47 32 59 52 21 14 7 54 61 20 10 6 55 29 62 3 60 1 9 5 2 63 0 8
26 18 44 43 10 29 42 53 30 50 58 9 62 22 15 11 0 25 2 31 4 45 32 51 37 13 21 20 14 24 60 6 19 17 34 57 33 46 55 40 7 12 56 16 8 3 54 38 41 63 1 5 47 49 61 39 23 59 52 48
26 34 45 37 44 19 38 20 42 25 17 54 52 60 51 49 53 8 16 62 0 39 61 59 55 46 13 12 11 50 47 2 33 32 3 10 24 6 14 1 58 4 9 22 63 18 56 43 15 5 41 40 29 23 31 48 57 21 7 30
19 20 37 44 45 10 21 34 52 60 43 50 51 42 61 38 31 62 58 53 33 41 59 39 11 57 47 14 40 54 25 32 49 3 29 22 13 48 7 18 17 9 2 1 30 4 55 5 12 46 56 15 16 23 6 26 0 24 63 8
37 45 44 43 18 30 54 21 51 26 52 60 29 42 59 58 34 38 23 25 53 61 62 46 14 20 49 50 33 11 17 47 13 56 10 7 15 16 22 6 19 24 12 9 39 3 2 5 57 63 4 1 32 41 0 8 48 40 55 31
37 45 44 29 18 51 38 46 53 52 30 39 43 62 58 34 54 22 23 61 55 60 14 20 26 15 21 19 11 31 47 12 42 25 33 3 24 41 50 49 4 40 2 10 56 63 1 32 13 9 48 57 7 6 16 0 5 59 8 17
44 29 19 42 37 38 49 51 30 26 33 56 53 10 45 34 58 22 23 54 46 47 40 17 43 61 8 32 3 59 24 18 12 55 60 25 39 11 63 41 4 9 50 52 16 2 14 48 0 13 62 20 57 15 31 5 1 6 21 7
44 43 18 45 42 29 52 9 38 41 49 47 0 26 22 56 20 59 34 15 50 12 51 33 54 57 13 14 6 17 24 32 10 11 31 19 21 25 58 46 48 30 23 1 53 5 16 7 8 2 3 63 62 39 60 61 37 40 55 4
44 43 34 45 52 51 38 29 37 41 22 30 18 46 39 53 20 19 60 21 58 23 26 61 31 55 10 11 54 33 15 63 50 47 42 9 12 7 62 59 49 56 24 13 1 40 14 57 17 0 8 5 6 4 2 25 32 16 3 48
44 29 19 42 22 53 52 26 54 60 37 38 49 20 17 8 51 62 46 45 30 43 12 47 33 39 61 56 50 24 31 5 11 34 40 14 63 23 13 25 41 21 7 58 6 3 2 59 10 1 16 15 32 55 0 48 57 9 18 4
44 43 42 29 22 51 60 53 34 49 37 26 20 59 62 30 52 11 58 14 18 10 33 61 25 24 16 41 32 57 31 19 2 40 48 54 50 12 4 21 56 1 15 23 17 39 45 38 13 6 9 3 47 8 7 63 5 46 0 55
44 29 18 52 30 20 53 22 60 26 12 13 25 43 6 34 14 19 50 31 41 21 38 37 45 51 42 4 5 24 32 46 47 7 33 61 62 54 11 3 15 48 39 59 49 56 63 16 17 9 2 40 10 57 23 55 58 1 8 0
37 45 53 29 18 46 20 61 22 34 54 44 43 52 51 42 55 9 25 33 24 15 11 41 30 60 26 38 59 21 31 32 40 49 56 47 62 16 12 58 14 4 10 13 7 63 50 39 23 57 48 19 8 0 3 5 2 1 17 6
26 20 29 38 45 44 53 42 30 34 46 25 24 47 43 41 37 52 51 31 39 58 11 22 40 55 50 59 15 14 54 16 33 32 57 56 13 12 8 63 62 18 21 4 61 19 5 60 2 7 6 3 23 49 9 17 10 0 1 48
44 45 46 20 18 34 12 37 30 4 26 52 43 10 29 38 60 61 19 21 1 55 62 51 54 23 11 3 22 31 41 15 17 8 2 25 53 47 59 63 14 9 0 13 5 39 32 42 50 33 16 24 6 57 40 49 48 56 7 58
37 29 22 43 19 45 53 15 51 61 46 20 30 50 49 47 55 21 38 42 34 57 54 59 12 18 9 5 52 25 41 44 14 60 32 63 10 0 11 3 8 48 26 2 13 6 17 16 39 33 56 23 7 4 24 1 58 40 31 62
37 43 42 45 19 38 44 41 53 61 40 18 30 20 21 29 26 23 31 22 46 34 9 54 15 17 39 48 56 0 47 50 10 14 62 12 60 52 59 3 6 55 11 7 51 5 49 63 8 24 13 33 16 2 4 57 58 1 32 25
26 34 44 37 41 18 30 17 42 48 8 29 33 25 20 38 45 49 31 43 57 11 21 53 62 47 19 52 2 32 59 16 50 54 46 61 40 4 56 63 9 55 22 58 3 10 5 12 51 14 60 24 7 6 23 0 13 39 1 15
37 29 19 43 21 22 45 53 30 20 15 34 50 23 31 10 11 38 1 12 5 57 54 55 33 2 3 25 63 42 39 14 6 18 41 47 58 44 61 46 17 9 52 60 59 13 26 8 0 24 4 49 16 62 56 7 32 51 48 40
37 45 26 38 46 34 53 17 30 19 42 54 33 47 62 55 21 22 10 60 44 40 39 61 63 11 24 1 20 43 18 32 4 29 14 15 41 49 52 6 3 12 59 13 48 16 58 57 50 9 56 31 8 51 25 2 0 7 23 5
19 20 37 18 13 43 10 29 26 12 30 22 44 45 14 1 50 42 53 31 21 15 39 54 6 52 38 46 5 17 51 11 47 49 56 33 34 23 8 16 60 55 32 24 3 2 40 41 63 4 58 62 0 57 59 61 48 25 9 7
19 34 42 50 45 37 49 53 41 26 25 40 44 20 54 16 21 14 48 12 24 51 13 5 32 43 38 55 58 33 4 18 15 7 8 46 29 52 10 56 6 22 59 0 47 9 17 3 2 30 62 39 11 1 57 60 61 23 63 31
37 45 53 54 55 34 26 29 43 25 38 31 33 40 32 63 19 24 22 47 16 21 48 42 41 15 46 49 56 18 17 9 11 51 44 50 60 20 12 13 14 52 39 4 58 59 3 8 1 5 6 0 61 10 62 57 2 7 23 30
26 34 45 17 33 42 19 20 12 44 18 4 51 9 16 40 0 8 43 52 5 59 21 29 53 62 25 14 61 24 23 49 38 60 30 13 6 11 41 48 2 22 3 54 10 39 32 1 46 37 58 57 31 7 47 55 15 50 63 56
19 34 44 37 46 52 45 47 41 30 42 18 60 20 54 43 38 21 51 58 9 33 11 3 4 2 24 40 25 39 23 63 12 13 26 53 49 48 22 29 1 14 15 31 61 32 10 7 16 57 56 5 17 59 50 8 55 62 0 6
26 34 43 20 37 44 25 24 16 33 29 38 32 51 13 6 52 60 53 46 30 23 45 19 50 49 17 54 58 9 48 59 55 21 61 62 11 12 8 41 18 3 2 42 40 56 4 1 0 57 14 22 7 10 31 47 63 5 39 15
44 29 22 45 37 21 19 51 38 23 30 26 58 43 54 39 42 20 13 10 47 46 17 52 31 50 18 62 57 16 14 34 25 49 56 5 61 53 60 63 4 41 33 48 11 9 40 12 3 55 24 59 8 1 7 15 2 32 6 0
37 29 18 26 17 43 19 20 44 34 30 52 50 38 41 31 46 45 12 55 42 40 61 9 53 21 10 57 13 59 47 51 39 1 60 25 48 62 11 56 0 6 63 4 33 22 23 54 58 32 3 16 8 5 24 49 7 14 15 2
44 29 19 52 53 42 45 26 33 11 30 20 51 18 2 46 12 49 34 3 39 41 4 5 43 60 37 47 50 40 17 54 6 25 62 21 13 31 55 9 0 14 24 10 15 63 61 32 48 58 38 7 22 56 16 1 8 59 57 23
44 45 26 20 12 43 50 17 42 4 46 57 13 34 11 18 2 22 41 48 10 51 29 33 8 21 6 19 37 25 14 5 23 54 58 60 24 47 3 52 63 30 32 38 53 15 7 1 31 59 49 40 9 39 55 62 61 16 56 0
37 29 21 30 18 42 39 44 19 45 43 10 38 51 22 14 6 23 52 5 26 25 7 17 31 34 41 53 46 33 20 55 13 40 4 50 32 15 49 54 16 24 61 56 57 47 2 12 9 0 48 59 1 3 63 8 11 60 58 62
19 34 41 18 42 48 44 20 11 37 46 2 9 50 3 53 12 38 60 16 43 52 45 26 57 29 17 4 40 54 39 58 59 61 51 56 49 32 55 31 33 62 13 21 47 14 22 63 5 23 0 6 30 10 8 24 15 7 25 1
44 29 19 10 22 30 31 43 26 37 21 15 12 13 14 18 42 52 38 25 45 51 60 11 5 46 50 58 3 33 24 17 47 49 23 59 16 40 48 9 7 6 1 57 56 54 2 8 32 4 39 0 53 61 62 20 34 63 55 41
19 20 45 26 12 29 17 10 38 4 18 25 24 16 13 34 8 14 2 33 32 37 46 42 6 21 50 40 22 7 11 3 41 58 44 48 43 5 15 55 54 30 31 47 59 63 56 1 9 60 52 53 51 0 62 61 49 57 39 23
37 29 19 26 33 45 30 34 44 43 54 38 42 51 60 17 52 21 12 11 31 63 10 23 8 3 13 5 14 59 61 41 39 25 46 62 15 7 24 53 48 20 40 18 22 55 50 6 47 4 58 9 2 49 16 32 57 0 1 56
19 18 37 20 12 45 53 21 10 38 14 29 44 13 31 47 39 2 1 43 5 11 26 17 8 54 63 6 42 15 7 51 23 34 50 0 58 4 25 46 55 52 3 62 22 57 59 32 49 30 60 61 16 33 56 9 41 48 24 40
19 34 41 20 43 50 21 11 10 48 42 12 40 14 26 49 29 32 3 25 7 33 13 30 56 37 45 22 44 1 57 53 31 5 17 39 18 23 46 4 15 2 47 38 9 0 61 51 60 59 16 52 58 8 24 54 62 55 63 6
26 18 37 25 17 43 34 29 51 50 19 38 16 10 20 24 52 13 46 11 2 59 47 41 33 21 49 8 14 45 12 32 48 39 61 5 22 42 3 9 30 7 6 56 4 31 44 1 40 15 23 55 57 60 54 63 53 62 0 58
44 29 19 26 37 45 30 38 43 42 17 31 49 11 54 33 22 51 21 14 52 8 7 61 46 23 50 39 10 6 24 53 47 63 59 57 60 12 62 20 13 55 34 18 15 32 5 41 56 1 48 58 2 3 4 16 25 40 0 9
37 29 21 45 19 34 41 20 13 10 44 53 52 43 18 9 61 54 38 30 47 62 42 6 63 50 59 55 0 11 39 33 46 25 17 16 2 51 26 23 31 24 32 12 58 3 15 57 8 40 14 4 49 5 60 56 22 7 48 1
26 18 10 9 44 43 8 25 34 41 50 0 33 51 17 11 4 42 1 37 45 40 29 20 19 21 32 3 58 30 13 46 54 12 2 59 52 57 14 38 55 53 23 24 16 39 62 49 22 7 5 15 61 6 48 31 47 63 56 60
44 29 21 43 26 20 30 34 12 18 42 22 38 51 25 13 58 14 15 53 45 54 11 4 63 10 17 31 62 46 41 48 19 33 2 1 47 37 6 55 0 5 32 40 3 24 49 9 23 56 8 39 57 59 50 16 60 52 61 7
37 45 26 18 44 43 34 42 49 41 52 29 33 61 46 24 59 55 9 40 21 20 19 22 38 0 50 13 5 12 32 54 3 60 31 39 11 23 63 6 48 57 16 2 53 62 51 25 1 4 47 58 15 30 10 17 8 56 14 7
19 18 17 20 37 43 51 34 21 29 33 9 0 12 5 13 22 10 6 59 42 41 26 14 30 25 1 11 49 46 45 53 55 24 38 31 2 16 61 54 4 56 23 48 32 60 39 44 62 47 50 3 57 63 8 58 52 7 15 40
19 18 26 34 17 20 43 8 41 44 21 9 29 45 37 30 10 12 54 46 47 63 31 33 24 42 11 39 14 2 4 25 16 48 50 38 52 57 58 59 22 3 0 23 40 5 7 53 61 6 55 49 15 1 51 62 56 32 13 60
26 20 29 34 11 21 44 45 46 54 43 13 12 30 62 4 38 10 41 63 5 47 22 25 9 51 50 18 52 48 24 59 33 19 58 15 49 42 23 16 3 31 8 2 60 53 17 32 57 56 1 40 61 37 39 14 55 0 6 7
19 18 17 9 26 25 0 34 43 11 45 29 22 20 12 5 4 30 2 3 10 54 24 52 32 13 38 8 16 31 41 1 63 21 61 33 15 42 44 14 50 58 57 59 23 49 40 48 37 46 47 39 60 62 7 56 6 53 55 51
19 20 13 18 17 12 34 42 4 9 1 0 43 2 37 16 50 45 29 51 44 33 41 30 54 11 60 59 38 14 52 32 22 39 48 23 3 58 24 26 8 10 15 63 53 61 40 25 5 56 57 49 31 6 21 7 47 46 62 55
37 29 18 46 30 34 55 38 41 19 43 31 22 23 10 44 45 54 20 14 42 1 53 63 11 49 15 7 9 17 39 62 52 33 21 13 12 51 6 3 48 25 0 59 32 61 58 16 50 57 26 60 47 4 5 2 8 24 56 40
19 34 41 20 13 33 45 6 25 44 37 48 52 18 43 54 10 38 29 2 26 17 32 21 46 42 40 51 63 53 14 47 16 15 50 57 1 58 12 0 60 4 56 8 59 49 30 62 3 5 7 61 22 23 55 39 11 24 9 31
26 18 37 34 9 29 20 13 19 43 41 38 30 12 52 21 46 17 5 6 44 51 58 42 25 53 3 60 45 48 50 14 59 33 22 1 4 61 0 15 54 63 24 31 62 10 47 32 49 55 57 11 40 8 7 39 16 56 2 23
26 20 13 12 29 6 11 22 14 2 37 25 34 41 19 38 24 16 30 21 10 32 4 17 45 46 54 7 48 31 39 62 42 49 55 47 15 5 56 1 18 53 23 50 51 3 9 44 61 63 33 40 8 0 43 58 60 52 57 59
44 29 19 26 21 53 43 50 17 11 30 22 12 13 62 31 51 42 5 25 49 10 14 57 33 37 39 52 23 40 45 8 1 41 56 46 24 58 60 9 59 61 55 34 38 54 48 15 4 20 2 3 18 63 0 47 16 6 7 32
44 45 26 34 42 18 20 12 29 38 9 25 4 50 19 10 22 43 17 1 8 24 11 2 54 46 21 37 32 15 49 16 52 0 58 51 23 40 41 61 53 13 55 31 47 59 62 33 5 48 56 6 3 39 7 57 30 63 14 60
44 45 26 52 60 18 46 20 12 25 19 21 9 29 32 10 22 24 13 8 33 11 17 6 1 3 14 30 34 5 4 42 38 53 41 0 54 62 47 37 23 48 43 51 40 50 58 16 63 31 7 2 56 49 15 59 39 55 61 57
44 45 37 43 53 29 51 62 61 59 58 54 63 52 26 57 55 42 20 25 50 12 22 15 18 10 19 30 38 47 60 11 31 46 34 33 14 23 39 6 24 17 8 16 41 0 7 32 5 13 48 49 9 21 56 4 3 2 40 1
44 45 37 43 51 29 46 54 20 59 26 34 30 13 50 17 25 49 6 47 58 18 8 24 40 53 10 3 60 19 57 22 62 41 2 33 63 4 38 11 5 55 48 42 12 1 21 7 31 61 16 15 14 0 39 52 32 23 9 56
19 20 37 18 10 34 26 44 21 17 45 3 33 22 8 43 53 40 13 38 41 61 14 7 11 5 42 4 46 55 6 12 9 54 30 0 29 31 15 25 39 48 32 50 16 52 62 24 2 47 49 23 57 51 58 63 1 59 60 56
19 34 42 50 49 48 58 18 33 41 32 51 59 43 17 11 20 13 60 29 44 57 45 37 26 25 12 46 9 5 2 3 10 21 56 1 4 52 54 38 31 30 14 23 39 47 22 61 62 6 7 63 24 40 0 8 53 16 55 15
37 45 44 29 19 52 38 31 54 26 20 30 47 10 34 33 32 40 25 21 53 61 41 18 22 42 43 17 62 39 13 6 4 12 16 5 23 51 2 55 50 14 7 24 58 49 56 11 15 48 46 8 9 1 59 63 3 60 0 57
44 43 18 53 52 19 62 61 34 45 10 26 42 41 25 20 51 60 59 24 40 49 12 13 58 5 17 1 38 9 16 37 6 8 30 32 50 56 33 7 57 31 21 29 46 63 23 54 0 39 3 2 47 55 22 4 11 48 14 15
19 34 43 52 44 37 30 20 42 49 29 11 25 45 13 46 51 33 32 38 41 26 57 50 53 59 18 17 8 16 47 31 9 0 3 6 39 58 23 2 4 5 61 60 21 40 56 22 14 62 1 55 63 15 48 10 12 24 7 54
26 18 37 25 24 32 40 29 9 45 22 21 17 11 20 19 54 53 4 44 61 38 31 14 6 3 43 5 30 42 41 47 34 23 7 33 12 0 2 62 10 1 52 39 16 49 56 60 48 59 8 55 63 51 46 57 58 50 15 13
37 43 42 29 19 20 45 34 26 18 22 41 9 15 49 56 48 25 32 10 52 50 11 53 13 59 30 40 51 2 33 6 57 23 31 8 46 58 61 55 17 4 7 60 44 21 38 54 14 24 16 62 1 47 0 12 3 5 39 63
37 29 20 45 26 25 17 9 19 12 21 34 24 11 30 13 10 18 46 33 53 1 32 42 0 8 16 54 3 38 44 31 47 5 2 52 43 14 15 39 62 61 55 23 49 7 63 41 22 50 58 57 56 6 60 48 59 40 4 51
26 34 42 18 37 29 30 50 49 20 58 31 21 38 19 12 10 1 45 53 44 51 4 5 22 14 52 9 23 59 62 3 7 61 39 33 32 46 47 57 60 63 17 40 56 8 2 54 25 6 55 41 48 24 13 11 43 15 0 16
26 20 37 46 12 19 29 5 55 21 11 42 4 25 13 6 33 38 24 17 22 10 7 23 43 40 9 3 15 44 2 54 52 30 62 53 18 61 34 16 8 31 45 39 49 14 41 58 56 0 60 48 50 59 32 57 51 1 47 63
19 20 13 26 44 53 18 37 43 50 46 12 60 55 39 34 42 17 10 3 5 21 1 49 45 25 57 14 29 38 24 52 41 58 30 2 15 62 11 51 33 48 61 16 8 9 40 47 4 22 31 59 32 6 56 0 63 54 23 7
37 45 19 29 30 21 54 26 12 53 33 55 22 11 18 43 61 5 44 31 3 40 51 62 52 9 13 50 39 14 58 10 42 23 17 57 63 16 7 34 41 1 46 47 32 15 60 38 20 24 4 59 8 0 6 25 49 2 56 48
26 34 42 20 29 38 45 52 30 18 37 22 12 44 47 17 31 46 25 43 8 19 10 5 61 9 11 59 60 50 0 62 54 41 58 24 23 33 63 51 49 2 39 53 13 4 21 32 16 3 55 48 40 14 57 56 15 1 6 7
44 29 18 43 30 34 50 51 41 57 58 52 61 33 32 19 56 22 15 31 20 53 60 11 26 37 12 13 5 4 6 17 25 9 10 49 59 2 16 42 54 8 40 14 23 45 0 38 46 48 39 55 47 24 1 21 63 7 62 3
26 20 13 34 41 18 37 12 10 14 19 48 4 43 33 25 42 51 52 61 6 38 40 1 50 21 15 11 30 57 29 31 17 16 44 5 39 47 24 45 46 32 3 7 49 23 58 55 53 9 22 60 8 2 0 59 62 54 56 63
19 34 45 37 29 20 18 26 21 44 25 46 52 38 42 22 54 59 23 33 47 55 43 30 60 12 13 53 4 3 24 32 63 50 14 11 16 7 31 15 40 61 6 17 51 39 8 5 2 9 10 62 49 1 58 48 41 0 56 57
19 18 17 11 26 34 4 9 25 8 16 10 44 29 12 53 22 5 33 42 52 37 0 40 54 21 20 62 30 24 2 13 43 31 49 58 56 50 6 61 14 48 46 7 15 47 57 45 41 51 60 59 55 32 23 63 38 3 1 39
37 29 21 43 50 14 13 45 19 22 31 42 6 15 54 10 30 12 4 23 7 39 1 44 52 57 26 5 11 51 38 61 58 3 53 55 63 46 49 20 2 33 24 59 18 62 60 41 40 32 25 48 56 34 47 9 17 8 16 0
19 34 41 11 44 48 42 50 18 25 10 21 37 9 1 53 12 30 33 3 58 2 38 26 43 0 52 46 49 4 54 20 17 60 22 55 32 14 61 24 62 40 7 63 45 59 39 29 51 6 5 13 8 16 23 56 15 57 47 31
26 34 45 21 41 19 29 17 13 14 15 42 33 40 50 5 25 43 48 54 37 16 44 30 9 7 23 2 1 58 49 24 18 32 8 51 20 0 38 31 11 52 59 10 61 57 63 53 62 4 46 60 22 55 6 47 12 3 39 56
44 43 26 19 12 21 51 52 29 58 59 60 37 20 30 42 49 40 50 11 2 14 7 57 10 41 18 22 38 23 53 5 39 4 15 45 3 61 6 47 54 17 9 46 34 31 56 55 48 1 24 32 16 0 63 13 62 33 8 25
26 34 42 20 29 38 44 43 30 18 19 45 9 11 4 25 10 12 46 0 32 16 21 49 5 54 33 2 37 51 1 13 3 53 8 47 63 14 59 62 61 39 23 52 22 58 60 6 17 24 7 50 56 48 57 15 41 31 55 40
26 20 29 18 44 43 42 51 9 17 25 52 45 37 59 46 38 24 32 54 12 8 34 19 63 50 30 61 41 49 47 1 16 40 60 21 11 4 48 31 33 10 3 2 0 56 57 39 22 23 13 58 14 7 6 53 55 15 62 5
44 43 50 53 42 41 49 45 52 26 54 56 40 62 57 46 63 55 25 51 34 33 32 19 20 24 61 37 59 60 12 48 58 13 47 16 17 18 10 29 8 1 30 5 3 21 22 9 6 11 4 38 31 15 14 23 2 0 39 7
19 20 37 18 11 2 9 17 25 46 4 34 43 0 29 12 45 54 21 22 30 10 3 13 6 33 31 5 44 26 41 49 24 7 42 51 60 23 47 52 57 32 1 59 53 40 48 39 58 50 61 38 14 16 15 56 8 62 63 55
19 18 44 45 46 54 37 47 55 11 39 29 30 38 26 22 23 43 20 33 53 31 42 52 14 12 10 13 59 50 2 60 17 25 40 4 15 9 61 62 3 63 21 41 51 7 8 58 5 34 48 32 57 49 56 16 24 0 6 1
44 45 37 43 42 41 49 20 53 46 40 26 21 60 47 34 19 52 25 48 29 32 61 22 38 39 31 10 13 50 62 63 54 14 58 5 12 16 6 55 56 59 57 17 1 30 33 4 11 51 8 3 18 23 15 2 9 0 24 7
37 45 44 43 52 38 46 20 42 51 31 60 18 29 19 47 12 26 58 59 54 62 61 9 17 57 1 49 30 8 41 53 34 40 39 22 55 13 25 4 14 33 10 0 56 16 11 2 32 3 50 24 63 21 48 5 23 7 15 6
26 18 10 43 42 41 44 29 51 45 33 34 49 50 19 52 30 48 57 24 53 2 38 61 25 59 9 46 11 21 37 39 55 22 14 15 20 60 58 17 12 7 54 31 23 63 16 47 6 1 62 56 32 13 3 0 5 4 8 40
37 45 44 29 20 51 22 13 52 60 26 15 54 25 38 42 43 63 19 50 6 47 17 12 53 10 11 61 41 33 31 18 46 34 30 4 59 23 32 9 5 49 21 3 48 57 58 39 1 14 16 24 40 8 2 56 7 0 62 55
19 18 44 43 26 34 25 11 4 9 0 3 42 5 20 32 2 1 10 37 38 50 16 52 29 46 61 51 45 54 47 12 55 22 49 58 21 24 23 33 41 60 13 57 48 8 40 17 59 53 62 39 31 15 14 63 30 7 6 56
44 45 46 34 18 53 41 20 60 19 37 26 51 62 10 12 25 33 61 59 13 43 17 9 1 40 4 21 14 2 3 47 54 16 8 63 58 42 11 6 39 57 49 5 24 22 15 50 55 32 30 31 7 29 48 38 52 0 23 56
19 34 45 11 33 41 3 20 29 32 48 50 37 43 13 12 54 26 21 6 52 22 2 63 53 30 38 57 15 23 14 61 25 18 10 16 44 4 17 39 42 49 51 59 58 7 47 9 8 1 62 31 24 40 5 0 55 56 46 60
26 18 10 9 8 43 45 21 51 44 29 42 20 46 14 37 50 0 30 60 34 2 54 58 25 62 47 16 61 38 11 33 41 53 39 13 55 17 63 49 56 12 1 23 5 7 15 24 52 40 22 31 19 3 4 59 48 32 57 6
44 45 46 20 21 43 26 54 62 34 18 22 51 42 50 25 13 37 23 59 29 41 32 6 4 14 19 53 61 33 58 49 7 47 39 17 56 9 8 11 2 60 48 30 16 24 10 3 5 40 55 12 1 15 52 38 31 0 63 57
37 45 44 43 53 29 34 30 42 33 24 49 18 62 41 51 57 32 22 19 60 9 26 17 11 56 23 15 7 3 14 50 25 31 40 38 0 58 16 10 12 8 59 52 54 63 39 13 46 21 5 6 55 47 4 20 1 2 48 61
37 43 34 29 52 45 38 51 19 47 30 33 18 20 31 44 59 26 12 54 63 21 22 13 17 5 10 61 42 41 24 53 46 49 4 6 60 3 14 9 8 62 40 32 11 48 56 58 55 23 57 0 39 1 2 50 16 25 7 15
44 29 21 43 42 50 19 18 51 11 10 59 26 20 3 2 45 13 58 52 22 1 37 34 60 14 7 53 4 6 9 17 12 41 8 0 5 23 16 24 49 15 62 56 46 47 54 57 32 38 48 61 33 25 30 55 40 63 31 39
37 45 26 18 53 20 19 38 31 39 47 52 54 63 12 43 59 34 55 4 5 11 3 13 9 0 61 23 21 14 22 30 10 2 41 25 6 29 42 15 24 49 50 32 44 33 7 60 51 57 17 46 8 16 58 1 48 56 62 40
37 43 42 41 18 19 49 29 20 12 45 10 51 50 44 56 4 11 26 53 33 25 24 58 62 13 17 52 38 32 2 30 21 34 57 14 61 60 5 63 15 54 23 9 1 48 40 22 46 8 59 39 47 3 55 0 16 6 31 7
44 43 34 29 21 41 51 52 26 13 33 50 37 30 31 32 40 23 49 22 15 48 46 19 58 53 10 38 54 12 17 59 25 9 24 45 1 57 18 42 56 62 55 47 4 5 6 61 20 11 60 16 63 3 14 2 0 7 39 8
44 29 20 11 26 25 21 53 24 14 62 43 51 50 13 59 38 22 45 52 15 6 30 39 23 19 12 47 10 46 7 2 49 5 37 61 3 63 42 9 60 58 54 33 4 41 17 8 18 40 48 1 16 31 32 55 0 34 57 56
19 20 21 34 45 11 26 37 29 18 42 38 31 50 10 13 30 43 49 44 14 53 25 48 5 6 4 9 33 32 7 15 8 22 62 3 51 41 24 16 40 52 61 1 2 23 57 54 55 56 58 60 46 0 17 63 59 12 39 47
44 45 26 52 60 59 54 38 46 61 31 47 63 29 30 20 43 34 12 25 18 11 22 21 9 53 32 39 41 24 2 42 50 55 16 37 14 3 13 33 4 51 40 48 56 15 49 6 7 23 62 0 19 5 17 1 58 57 10 8
37 43 34 29 51 45 19 42 41 18 21 11 30 22 46 48 15 38 44 59 47 55 20 31 58 53 60 49 61 12 54 14 33 39 52 50 3 24 7 26 4 5 6 13 9 10 1 8 17 25 40 56 57 62 23 16 2 0 32 63
44 45 37 29 30 42 46 53 19 21 12 31 54 39 43 13 22 51 49 11 47 33 5 15 41 20 61 6 26 34 58 56 14 50 57 40 23 59 18 55 25 4 3 17 9 2 48 1 32 60 16 10 0 8 52 7 38 24 63 62
19 34 45 11 26 17 33 29 21 40 8 41 22 37 42 15 3 12 48 20 30 31 13 2 18 25 10 51 49 4 39 38 16 43 44 9 59 52 50 58 61 32 14 0 24 56 57 47 46 23 1 55 54 53 62 63 5 60 7 6
37 45 44 43 18 21 19 11 20 12 53 17 42 38 14 52 46 50 9 22 51 60 29 7 31 62 57 49 4 34 56 39 13 2 55 41 16 30 3 26 33 5 6 47 59 58 61 15 54 8 0 48 40 1 23 10 25 63 24 32
44 45 26 18 37 43 52 38 30 59 39 21 20 12 34 31 13 42 11 4 51 50 29 47 17 6 54 16 61 23 3 60 25 46 58 22 5 24 53 63 19 33 10 1 7 2 32 9 8 14 15 0 55 62 49 40 41 57 56 48
44 45 26 20 12 43 54 19 53 21 10 52 30 25 18 22 32 39 59 34 14 46 50 24 47 51 16 62 61 6 17 8 7 5 63 9 4 42 31 1 2 0 11 33 23 3 13 41 60 40 48 15 38 58 49 57 29 37 56 55
26 20 37 42 43 46 29 34 49 19 45 18 33 30 12 54 44 25 31 50 9 41 53 10 38 51 24 0 52 57 39 60 11 22 2 16 48 17 40 32 63 62 55 3 8 5 13 15 61 56 23 1 7 58 21 59 47 14 6 4
44 29 21 13 26 43 14 34 12 7 30 17 42 20 41 11 2 53 37 48 51 52 50 45 22 23 15 58 19 6 8 38 18 25 62 9 54 4 60 59 57 55 5 49 31 3 24 32 10 47 61 16 63 33 46 0 39 1 40 56
26 34 42 20 21 18 19 22 45 50 49 37 43 52 11 38 44 12 25 3 54 24 59 10 13 53 57 56 16 55 41 58 39 32 4 40 23 51 60 14 63 61 1 2 47 29 9 15 33 17 7 5 46 8 6 31 0 30 48 62
44 43 42 45 37 41 51 60 19 29 38 26 49 56 22 52 33 31 47 11 58 24 20 39 30 17 53 46 50 13 25 23 40 57 8 18 34 55 32 59 12 10 61 4 5 48 2 62 14 3 21 1 9 6 7 0 54 63 16 15
26 20 29 22 37 34 12 25 18 44 43 4 33 46 30 32 41 9 38 48 45 31 55 42 19 50 49 53 60 10 1 47 54 57 0 17 8 61 63 51 52 59 39 21 13 2 11 6 23 5 58 62 16 3 40 15 14 56 7 24
26 34 42 20 29 41 37 50 58 44 19 22 51 45 21 11 23 10 18 25 48 14 7 13 46 31 9 12 16 6 5 32 33 15 17 59 60 30 4 43 52 8 39 54 2 47 38 53 40 24 0 3 62 55 57 1 49 56 61 63
44 43 26 29 42 18 19 50 17 20 30 38 58 31 45 25 12 54 46 52 24 4 5 9 1 0 62 6 60 59 51 61 34 41 57 33 40 37 23 32 48 55 21 56 22 15 11 53 8 49 39 16 10 47 14 13 3 63 7 2
37 29 18 43 30 9 44 31 21 45 50 42 26 13 10 58 54 17 52 11 5 61 16 19 3 63 57 53 1 25 20 0 33 22 8 46 34 49 41 2 4 12 39 40 59 14 62 23 6 60 32 38 56 48 47 7 51 24 55 15
44 43 50 29 22 52 61 51 34 33 20 53 18 19 26 21 41 38 12 25 32 15 62 45 14 42 54 17 31 57 60 4 9 10 3 40 49 59 5 63 58 7 11 0 8 13 46 16 55 24 30 39 56 1 6 47 37 2 48 23
37 43 26 29 44 19 10 21 20 17 51 53 13 14 24 12 52 8 11 50 25 18 57 4 2 32 58 1 6 5 62 34 0 45 9 49 54 7 41 33 40 55 30 31 16 46 63 38 23 48 59 39 15 3 22 47 60 61 56 42
44 45 19 20 13 42 43 18 41 11 34 29 22 30 31 52 61 38 37 33 51 53 24 58 10 23 39 6 62 9 0 40 60 26 3 4 32 12 49 15 5 16 17 8 1 46 7 50 21 2 25 59 48 63 47 54 57 56 55 14
44 43 34 25 33 41 51 59 42 29 24 50 37 32 40 45 21 49 56 13 22 57 4 19 38 23 14 31 11 30 60 61 53 52 46 15 26 18 58 48 10 7 62 3 12 55 20 1 54 16 2 39 47 9 8 17 6 5 63 0
44 45 37 29 46 55 38 43 52 61 34 54 59 60 20 12 47 42 50 39 21 58 19 25 62 22 3 4 57 63 51 10 11 56 33 41 13 53 24 26 30 14 23 40 32 15 49 17 1 2 8 0 6 31 18 5 7 16 48 9
19 18 17 9 37 16 0 1 2 45 26 34 33 42 49 29 20 50 51 40 8 43 30 11 41 59 46 12 32 38 5 10 13 21 44 56 22 55 52 23 24 4 48 60 39 57 47 6 63 53 14 7 62 15 58 54 25 3 61 31
19 18 26 34 44 45 25 11 43 53 20 33 54 24 17 8 42 41 16 29 3 55 50 51 40 57 13 12 62 10 0 6 59 49 58 46 22 31 56 61 38 30 60 37 9 48 14 63 32 52 39 23 21 4 47 2 1 5 7 15
37 29 22 46 38 43 20 39 34 12 52 19 26 33 42 18 45 44 32 50 11 4 53 30 25 62 21 40 2 10 49 23 3 24 17 51 5 9 61 41 15 57 56 58 0 1 60 54 63 6 7 14 47 55 16 31 13 8 48 59
26 18 44 43 10 9 50 29 0 51 59 57 37 25 20 45 30 21 22 23 24 52 60 61 39 15 54 34 42 58 38 41 14 16 40 19 13 7 8 12 11 2 17 4 6 33 3 63 1 49 48 53 55 56 5 32 47 31 46 62
44 45 26 52 54 46 60 43 34 20 38 33 53 18 25 32 13 12 17 6 24 42 4 61 22 55 63 39 47 59 19 10 40 21 62 37 9 51 11 16 8 1 41 49 58 23 14 50 29 57 56 3 31 30 48 5 7 15 0 2
19 18 37 20 9 34 10 11 3 38 41 0 29 12 1 30 39 46 17 45 5 25 53 8 21 33 32 24 26 43 51 48 42 2 49 44 52 57 47 59 56 55 50 31 4 14 13 6 23 61 22 60 62 58 7 40 16 63 54 15
19 20 37 44 51 34 26 46 29 58 43 38 59 50 57 10 12 4 55 18 30 47 49 45 54 23 22 61 11 13 62 3 53 31 17 24 9 25 60 0 14 52 16 8 39 63 21 41 1 2 33 15 7 32 6 56 40 5 42 48
37 45 26 18 19 38 9 10 11 42 46 54 44 1 49 17 20 33 0 43 16 24 63 62 2 29 34 8 47 55 51 22 61 3 21 39 15 52 53 41 48 23 30 59 25 31 58 57 32 40 60 56 4 50 14 6 7 13 5 12
19 34 41 18 20 33 45 21 13 26 29 6 12 49 17 5 10 30 37 2 32 25 50 42 57 53 22 11 9 38 46 0 44 8 16 23 61 47 40 56 55 31 4 51 43 24 15 48 59 54 14 3 1 58 7 60 52 63 39 62
26 20 21 34 19 12 42 33 18 41 4 25 32 17 50 29 9 58 49 40 48 16 56 10 59 0 44 11 2 52 24 13 45 43 38 54 1 3 5 57 46 30 8 53 47 14 22 60 51 39 63 15 6 23 62 37 55 61 31 7
26 20 13 42 44 21 22 53 62 12 29 14 6 15 5 19 3 43 49 25 34 41 48 37 16 33 30 18 40 38 51 10 2 50 46 32 57 11 7 9 4 56 0 59 58 55 60 52 17 39 61 54 45 24 47 63 23 31 1 8
37 29 18 26 19 43 21 10 25 22 30 32 2 20 11 17 51 42 12 50 8 38 9 0 24 60 49 4 5 16 52 44 23 41 33 14 47 57 53 39 46 6 40 54 59 55 48 13 7 58 45 56 62 15 1 3 63 61 34 31
26 20 45 44 53 54 21 34 42 41 55 63 46 47 62 22 14 52 40 17 13 4 23 37 38 39 5 61 51 33 18 50 24 43 3 12 58 19 8 32 29 7 60 59 57 25 16 48 6 49 10 2 56 31 30 15 1 11 0 9
26 18 19 20 21 33 45 34 11 54 29 43 41 49 37 4 2 13 12 10 63 53 32 55 22 44 57 31 47 48 52 59 5 17 30 6 14 46 25 15 50 62 42 56 51 61 7 24 8 60 58 38 39 40 23 16 9 0 3 1
19 20 29 18 12 43 26 17 25 22 9 8 16 10 1 24 44 34 51 13 30 59 15 5 50 21 52 61 37 23 11 57 60 58 31 2 4 53 62 63 14 38 6 46 41 42 54 7 45 47 55 39 0 3 49 32 33 40 56 48
26 18 19 20 45 25 12 44 17 46 42 11 53 9 24 37 1 29 39 5 38 55 52 32 3 60 61 2 21 43 54 13 33 41 51 30 49 22 40 47 59 10 63 8 6 58 4 57 34 7 50 0 15 23 56 14 16 62 31 48
37 43 26 17 51 44 25 38 9 59 53 52 45 34 60 21 58 46 39 29 13 30 33 55 31 22 23 32 40 62 24 54 50 8 61 42 41 20 47 49 48 19 11 10 63 5 6 7 16 2 12 18 56 15 1 0 3 4 14 57
37 43 26 29 44 19 18 25 21 9 42 45 17 52 60 46 54 63 1 33 38 30 23 16 10 3 62 13 22 12 5 53 24 55 11 32 39 20 8 2 34 49 51 0 56 40 41 4 6 50 58 14 61 48 15 59 7 31 47 57
37 29 18 45 20 19 11 10 30 12 38 47 46 31 22 34 21 44 43 39 2 9 13 53 52 59 16 42 1 14 41 25 5 48 7 6 50 51 49 56 32 4 17 58 15 3 33 23 60 26 61 24 8 54 62 40 55 0 57 63
26 18 10 20 21 22 44 42 34 43 13 17 41 2 14 53 25 4 62 19 30 49 9 48 56 31 40 24 12 37 11 3 45 8 16 54 1 50 0 7 59 51 6 32 52 61 63 46 5 60 38 57 33 58 29 15 23 47 55 39
37 29 21 43 18 38 44 51 42 34 26 13 52 33 32 25 16 45 31 47 14 46 30 7 60 10 20 24 50 58 5 8 53 19 41 23 57 62 54 11 22 40 6 55 39 4 9 59 17 61 1 15 49 12 63 48 3 2 56 0
19 18 37 11 10 45 12 2 25 46 20 42 55 13 49 9 3 47 5 32 21 43 17 29 33 1 39 4 26 16 30 34 0 51 50 44 8 56 52 60 48 14 58 38 15 7 53 22 31 59 40 57 24 61 62 23 54 6 41 63
19 34 44 21 43 20 18 42 13 26 22 37 41 9 30 12 3 4 10 14 7 48 11 23 40 38 25 33 46 5 8 32 6 53 52 55 24 17 29 51 54 39 2 50 60 49 57 1 56 45 61 59 16 0 47 63 62 58 31 15
37 29 19 26 17 46 55 43 44 25 22 11 42 30 23 50 24 33 3 38 58 41 32 54 47 34 61 51 59 14 40 10 12 57 6 39 21 7 5 31 56 62 49 60 53 20 13 52 1 45 63 15 9 4 48 8 16 18 0 2
19 18 37 11 9 17 25 16 3 4 5 1 0 43 26 2 8 46 24 32 34 29 10 6 45 33 47 20 30 22 52 51 50 53 42 41 14 49 56 15 61 48 21 31 59 12 40 7 57 58 23 54 55 44 13 60 39 38 63 62
44 29 21 43 26 34 51 52 33 17 19 18 10 13 8 9 61 32 30 50 57 20 25 24 12 5 0 41 3 2 16 53 37 22 54 60 48 58 11 56 6 4 15 59 49 62 1 23 31 40 46 39 45 14 38 42 47 7 63 55
44 43 42 51 60 21 50 49 33 53 19 52 37 29 56 30 46 38 59 34 26 10 23 25 14 48 24 32 61 17 11 31 9 45 54 55 57 1 40 7 62 15 39 47 12 18 16 8 3 41 0 4 20 58 13 5 63 2 22 6
44 45 19 18 26 43 52 34 50 53 9 59 46 37 41 20 61 33 13 0 60 51 17 12 58 62 11 6 14 25 8 57 10 49 42 3 16 15 48 38 4 55 22 29 30 21 31 40 47 23 24 54 2 39 32 56 7 5 63 1
19 34 45 20 43 52 51 38 61 37 46 21 54 18 25 32 39 41 10 2 9 8 16 24 12 33 14 55 42 26 29 53 62 59 48 7 22 31 17 47 1 50 57 40 6 49 0 15 23 63 58 13 3 60 5 56 44 4 30 11
44 43 50 29 18 19 20 51 38 30 59 10 31 21 12 37 11 39 9 26 46 13 33 4 5 0 34 45 3 25 24 32 40 53 61 57 47 22 17 8 14 6 42 54 15 52 58 1 60 41 48 49 63 62 2 23 7 55 56 16
44 29 20 11 26 25 17 43 42 52 53 9 12 51 30 33 2 45 50 62 19 5 4 49 8 34 60 21 24 22 46 54 16 3 59 18 41 39 48 32 47 58 6 57 14 1 10 13 40 61 15 7 38 55 56 31 23 0 63 37
44 45 46 20 18 34 19 17 11 4 16 37 26 54 12 52 41 42 53 55 60 43 50 40 29 33 2 3 48 62 63 8 61 49 25 24 38 58 51 56 57 47 21 9 39 30 31 10 13 5 6 32 0 1 59 23 15 7 22 14
44 45 26 52 37 29 30 19 51 42 10 18 53 25 17 22 32 54 38 61 55 21 20 23 33 59 46 11 31 50 2 8 15 1 34 39 60 40 62 43 48 41 24 14 49 58 0 7 6 12 5 13 3 4 16 56 57 63 47 9
26 20 37 34 33 44 53 41 12 38 30 4 29 21 46 52 19 25 5 11 32 43 2 22 13 6 49 54 31 18 62 23 50 42 45 40 61 55 9 17 47 56 48 24 8 16 14 60 63 1 15 59 10 39 58 0 51 57 3 7
19 34 41 20 45 48 37 29 18 11 12 9 33 54 26 4 3 25 5 2 16 13 22 15 32 46 17 14 0 42 50 24 6 8 55 47 53 61 23 63 38 43 7 1 52 57 31 21 10 44 58 60 59 51 30 49 40 39 62 56
26 18 10 29 21 25 34 20 16 24 37 2 17 9 11 46 38 44 32 22 30 12 13 4 19 47 23 15 52 60 42 39 5 31 55 43 51 45 3 58 54 14 7 8 61 40 0 59 6 33 53 50 48 1 57 62 41 56 63 49
37 45 19 29 38 31 30 20 22 44 54 13 47 43 14 18 11 3 10 17 12 21 2 5 51 1 9 59 25 7 50 49 6 16 8 32 57 39 42 55 33 52 46 63 58 24 48 60 62 41 34 23 26 56 61 40 4 0 53 15
37 45 53 54 26 38 39 31 63 34 46 21 29 18 25 19 23 20 13 6 5 33 47 22 10 2 12 11 14 55 7 62 41 4 9 3 43 60 15 40 17 1 0 44 52 61 30 48 8 16 51 59 49 50 58 24 32 42 56 57
19 18 37 43 51 45 53 59 44 62 61 54 17 9 58 57 46 47 63 30 55 21 39 16 0 20 29 2 23 34 13 31 33 15 42 12 7 49 50 26 5 38 11 10 22 60 56 3 1 48 40 24 4 52 32 14 8 41 25 6
26 20 13 42 44 21 22 52 45 17 25 33 60 12 40 34 3 41 48 53 24 18 29 14 46 37 9 49 15 61 30 43 58 5 62 1 0 19 54 39 11 57 51 32 50 23 38 47 7 4 55 59 31 16 56 2 8 63 6 10
26 34 44 18 17 16 9 37 46 1 8 52 45 47 41 25 55 20 43 63 60 11 12 13 10 3 2 61 50 59 6 53 0 32 51 4 24 42 54 22 19 21 62 38 39 31 40 49 5 33 48 56 29 58 57 14 23 15 30 7
37 29 18 45 38 47 39 44 19 31 30 9 52 43 54 46 55 61 63 11 59 20 23 53 34 42 51 41 26 21 25 58 10 16 48 33 3 12 60 40 2 56 49 62 24 50 22 15 13 1 0 4 57 5 17 14 7 8 6 32
19 20 29 18 44 52 43 26 25 32 45 17 8 30 59 54 37 9 22 21 38 31 0 51 63 46 11 23 47 58 15 1 53 3 39 61 12 14 33 60 24 4 34 16 13 41 40 42 48 5 50 7 6 55 2 49 56 10 62 57
37 45 26 38 44 43 52 61 30 20 46 29 13 18 10 42 53 9 49 51 60 11 54 58 19 31 17 41 12 62 39 56 40 8 25 4 21 59 2 5 3 33 63 34 47 22 32 16 24 55 48 1 0 15 14 7 23 50 57 6
44 29 20 45 30 22 38 43 52 37 26 21 42 51 14 12 4 13 59 53 46 17 34 60 18 11 6 7 54 62 31 25 24 19 10 47 61 16 39 50 55 33 40 58 49 2 32 48 1 9 8 5 0 23 41 57 15 56 3 63
19 20 37 34 18 38 13 10 11 3 44 25 9 29 42 6 4 52 33 17 47 12 2 49 45 26 24 32 14 54 61 46 53 63 43 21 41 39 30 50 51 40 31 0 57 16 8 22 55 1 7 59 58 5 23 48 60 15 56 62
26 34 41 33 25 20 37 43 12 13 50 17 42 58 18 44 19 40 6 38 53 45 51 5 57 60 59 46 47 29 30 10 2 54 61 21 24 49 48 31 23 55 4 3 39 62 22 8 52 15 9 32 11 56 1 16 7 0 14 63
19 20 45 26 17 42 18 25 33 10 44 40 12 13 49 4 24 37 34 9 1 52 46 50 5 0 14 29 51 8 59 53 11 60 43 2 54 32 22 39 16 55 3 15 63 31 30 21 48 41 6 57 62 7 47 61 56 58 38 23
44 29 20 11 22 30 12 14 34 43 42 4 21 13 7 52 37 25 31 6 51 38 26 58 39 23 45 33 15 47 50 57 46 18 41 54 61 53 17 32 62 49 10 3 24 5 55 63 19 9 16 8 60 59 2 1 0 40 48 56
44 29 22 43 26 15 51 18 30 59 58 17 14 53 25 57 10 19 50 33 42 37 21 20 38 1 12 4 24 23 62 7 3 39 46 52 9 34 13 2 41 54 55 8 6 31 11 60 16 5 49 40 0 47 56 63 48 61 45 32
26 34 45 19 33 54 20 32 40 17 42 13 11 2 41 48 49 44 12 50 14 24 56 4 37 30 8 29 10 6 63 9 31 51 21 39 58 23 16 25 1 5 46 18 53 43 22 61 59 0 62 52 60 55 47 57 38 15 7 3
26 18 37 34 9 38 44 51 41 21 52 10 25 19 29 0 43 53 59 20 39 32 11 42 24 4 3 45 30 60 50 17 58 2 61 47 14 54 16 33 55 22 31 57 56 8 1 7 49 63 13 62 6 5 12 23 15 40 48 46
26 18 44 43 10 9 34 29 37 11 50 25 17 46 33 57 52 42 1 32 19 51 41 0 38 49 8 39 48 16 20 53 47 30 45 59 23 55 58 3 12 13 21 60 6 31 4 22 2 5 56 15 14 7 61 62 54 63 40 24
44 29 21 43 30 22 14 45 42 26 50 31 34 12 38 13 19 58 33 15 3 47 6 18 53 10 25 7 4 51 59 37 60 17 46 5 57 41 8 23 48 49 40 32 52 61 9 1 24 2 39 55 11 0 54 63 20 62 56 16
26 18 44 34 33 42 25 37 51 52 53 58 10 32 45 20 43 9 24 2 19 60 0 17 61 40 41 46 59 8 11 62 38 30 12 3 47 48 1 29 21 39 31 22 4 54 23 5 16 13 49 56 63 50 57 14 7 6 55 15
19 18 37 43 51 45 26 38 17 50 39 29 30 11 49 21 44 52 22 42 60 59 20 12 34 56 13 5 2 9 61 31 48 25 33 58 1 32 57 53 41 47 54 40 46 63 62 10 4 8 16 0 6 3 24 55 14 15 23 7
44 29 20 11 19 34 30 18 26 43 9 22 51 38 33 40 15 42 4 60 12 14 10 3 47 17 13 0 49 5 8 24 41 23 58 45 6 59 32 16 25 7 53 48 1 31 21 62 50 2 46 56 57 54 39 55 52 37 61 63
26 20 37 46 12 19 18 4 21 34 44 52 13 10 45 38 41 43 11 29 53 33 42 60 2 17 9 1 47 14 51 54 7 39 8 22 32 58 0 40 55 15 23 24 25 31 49 56 57 3 59 16 62 48 50 63 6 5 30 61
19 20 45 26 33 18 29 43 42 34 17 16 12 37 38 22 51 41 10 59 8 49 44 32 24 47 60 25 30 61 48 2 50 52 46 39 3 31 21 5 15 0 9 14 7 23 55 56 6 40 53 57 1 4 11 54 13 58 63 62
19 20 21 34 42 13 33 22 26 49 29 17 25 32 5 14 44 12 4 18 10 11 56 9 16 51 40 38 37 45 53 46 43 50 39 47 55 54 23 7 24 8 6 48 41 15 3 61 31 52 59 63 0 57 58 30 1 2 62 60
26 34 43 50 33 20 37 19 52 38 11 32 57 51 41 12 45 2 29 25 47 21 13 44 3 14 40 30 16 4 59 39 31 6 46 58 24 54 61 53 5 48 42 49 22 60 56 15 1 63 62 23 7 55 17 18 10 9 8 0
44 45 26 43 52 59 51 50 61 37 53 42 49 17 46 21 14 41 25 62 40 7 63 32 58 24 19 20 54 12 60 48 34 57 16 47 13 33 11 18 30 2 56 29 38 23 10 4 15 5 22 8 0 39 9 55 31 1 6 3
19 18 44 20 26 34 12 13 33 45 6 4 10 17 5 42 46 52 29 11 24 32 9 37 59 1 43 22 40 61 49 7 21 41 2 38 15 8 3 14 53 25 48 23 47 39 50 56 16 60 55 54 30 31 63 51 62 0 57 58
37 45 19 34 41 21 43 10 53 26 18 17 8 25 9 24 1 52 32 54 50 2 14 48 16 0 11 44 33 42 63 30 29 38 3 55 51 22 15 49 61 60 56 6 59 57 58 4 31 23 46 62 39 47 7 13 20 5 40 12
44 45 37 29 54 34 26 51 38 30 19 10 53 18 9 39 42 17 20 0 8 61 23 47 60 46 2 25 62 52 21 41 24 1 11 63 33 13 22 55 5 16 49 48 43 3 4 31 40 56 32 15 57 58 59 50 12 6 14 7
19 18 17 11 44 16 10 43 12 2 42 20 26 52 8 4 29 0 3 34 45 51 50 30 21 38 39 49 22 23 13 41 15 5 25 6 1 9 56 24 31 33 60 37 46 59 53 47 7 57 40 61 48 58 54 14 62 32 55 63
26 20 45 25 18 44 24 17 29 19 9 38 31 34 53 37 21 39 41 54 42 52 61 12 13 30 63 14 22 62 47 0 10 11 3 8 5 15 33 55 1 2 46 50 51 6 43 32 16 60 7 4 48 40 57 59 58 49 56 23
26 20 21 22 13 19 37 42 43 4 14 7 6 33 31 30 15 51 50 38 25 24 23 12 29 45 44 58 39 53 52 5 59 60 18 11 17 8 57 34 41 10 61 49 16 9 48 54 3 40 55 63 46 47 0 56 32 2 1 62
44 45 19 52 53 18 60 20 37 42 26 54 46 25 10 62 17 47 61 51 33 9 55 49 12 38 0 58 39 30 43 8 56 21 63 59 13 41 29 4 57 34 23 3 48 40 1 2 50 16 5 31 32 22 24 6 7 15 14 11
26 20 13 34 41 18 10 25 44 45 24 17 46 53 60 62 16 2 42 47 19 37 38 50 54 8 33 12 0 39 49 56 57 40 1 14 58 43 48 3 55 30 9 63 31 21 51 29 23 32 7 59 4 61 5 11 52 22 15 6
26 34 41 17 45 19 20 29 18 12 5 44 30 9 52 42 49 31 33 43 13 32 16 6 21 46 47 25 0 4 40 51 8 54 61 50 60 1 39 11 3 55 22 56 58 38 2 57 10 23 14 15 24 63 59 53 37 62 7 48
26 34 44 37 30 20 29 17 11 52 42 50 41 32 51 60 48 33 43 38 58 2 18 19 39 25 22 53 9 49 40 24 12 8 54 47 55 62 46 10 0 57 1 15 14 59 16 4 21 7 13 23 3 45 6 5 61 63 31 56
44 45 37 29 18 34 54 19 30 43 21 46 38 31 10 9 53 14 26 63 0 11 62 33 20 42 4 2 41 55 22 61 52 13 25 32 40 16 6 7 24 48 1 49 56 39 17 57 3 23 58 12 15 51 8 5 47 59 50 60
37 43 34 41 26 18 33 19 9 29 49 42 20 0 21 30 23 32 10 46 8 31 39 1 12 57 51 14 45 44 7 16 52 11 3 4 53 60 50 38 13 62 22 17 54 15 58 61 40 47 63 48 6 25 59 5 2 55 24 56
19 18 44 43 50 45 46 20 29 30 22 52 26 25 9 11 13 21 61 47 38 0 3 51 54 4 37 12 5 53 32 57 60 62 42 63 17 34 49 41 1 31 33 2 55 10 39 23 15 7 48 16 8 59 24 56 40 6 14 58
26 34 43 20 33 41 42 44 29 25 24 21 45 30 52 37 31 18 9 10 38 8 49 60 0 16 2 40 32 58 61 53 56 23 14 46 62 22 59 7 57 51 17 50 15 19 47 11 1 54 6 39 55 63 4 3 48 13 5 12
26 20 37 44 21 34 12 29 19 4 42 43 13 22 30 11 15 23 14 5 45 38 6 51 18 41 53 46 7 9 2 10 47 31 49 57 8 61 39 50 33 1 60 54 58 40 63 59 56 3 32 17 48 25 16 24 62 52 55 0
44 45 37 43 42 20 46 55 12 34 19 4 25 49 13 18 9 11 47 6 26 33 17 10 41 1 2 50 29 51 48 53 57 39 58 52 21 38 54 62 0 60 40 8 16 22 31 56 5 14 15 23 30 7 61 32 24 59 63 3
19 18 44 45 37 43 52 59 53 46 39 11 60 61 10 2 42 34 50 29 33 41 62 32 57 51 58 55 9 54 48 25 21 22 23 20 24 8 3 14 38 49 5 12 40 30 17 47 31 26 1 7 13 0 16 63 15 56 4 6
26 34 41 19 42 37 12 43 38 11 21 25 33 29 20 46 3 22 54 49 51 39 56 60 44 52 48 18 32 10 15 30 58 2 17 13 14 40 1 4 31 16 50 23 61 59 8 55 5 24 47 57 63 0 9 53 62 7 6 45
44 43 34 25 33 29 37 42 17 24 18 26 20 11 9 8 32 53 12 38 39 47 22 1 49 30 19 21 50 15 55 5 31 58 62 56 0 51 45 46 57 60 10 2 14 7 16 41 61 59 52 23 48 54 6 63 4 13 40 3
37 43 42 29 51 45 21 19 11 14 54 44 22 53 20 26 33 17 6 63 46 40 61 59 8 3 55 41 50 30 38 31 12 4 34 10 58 15 60 24 2 25 18 39 16 62 49 56 5 52 32 7 23 9 47 1 57 13 48 0
19 20 13 42 44 11 26 29 3 2 21 5 30 37 1 18 22 23 38 51 15 46 10 25 52 9 12 7 33 41 50 58 53 54 6 4 55 0 31 14 60 45 34 43 40 49 59 47 24 16 57 61 8 48 17 32 63 62 56 39
19 18 17 9 26 20 12 10 29 25 44 52 24 38 0 42 43 4 61 51 45 33 16 34 32 53 2 37 46 8 50 39 54 63 47 1 13 40 11 60 62 5 21 57 55 14 49 41 48 58 22 30 15 7 23 6 31 56 59 3
26 20 29 38 44 43 30 18 51 34 42 52 19 59 17 33 11 13 32 25 49 50 21 22 45 40 47 24 6 12 37 16 53 41 23 39 14 3 46 57 8 9 56 0 1 54 2 15 63 58 10 62 60 55 31 61 5 7 4 48
26 34 44 37 45 18 41 51 42 50 59 54 38 48 49 29 32 39 19 43 22 11 25 20 13 16 63 53 4 9 0 12 21 46 33 17 58 52 60 6 62 14 30 40 57 31 56 47 7 15 55 10 2 24 5 8 3 61 1 23
19 20 21 12 5 10 44 37 30 43 18 53 2 38 51 26 42 58 17 29 52 8 24 49 46 23 25 1 62 39 22 4 11 33 60 13 56 6 14 34 9 41 16 47 32 31 40 3 0 15 7 50 45 59 55 48 61 54 57 63
26 18 37 34 25 38 43 42 39 52 51 60 49 29 61 33 9 16 21 19 20 62 40 14 41 44 32 0 11 10 7 24 45 31 1 53 8 56 57 13 47 50 58 59 12 4 46 5 23 54 2 22 15 3 55 30 17 48 63 6
19 18 44 45 26 20 21 37 54 42 34 22 29 33 12 63 11 30 49 56 23 14 43 46 41 52 53 39 38 62 61 5 6 15 13 31 10 40 47 25 48 1 7 60 4 9 17 8 0 32 2 16 59 51 58 50 24 3 57 55
37 29 20 45 44 13 22 21 38 23 18 34 14 39 5 52 54 19 42 63 53 50 60 9 49 46 47 56 41 26 30 12 31 40 48 7 17 55 3 25 6 33 8 4 43 10 11 0 51 2 32 59 16 62 58 15 61 24 1 57
37 43 18 21 50 38 29 51 14 57 47 22 34 19 15 39 10 9 8 13 4 1 11 41 46 23 31 7 30 2 5 12 17 0 42 25 33 24 16 32 49 20 52 45 53 56 3 58 48 26 44 61 60 6 62 54 40 55 59 63
19 34 43 20 21 12 5 52 33 14 22 13 37 42 30 45 49 31 51 56 50 25 26 4 7 15 6 11 17 40 29 24 23 58 32 41 48 18 16 38 44 46 39 60 3 9 1 8 54 2 0 55 47 57 59 10 61 63 53 62
19 18 37 45 44 43 17 9 51 16 46 20 11 54 62 52 12 38 61 58 34 21 26 41 29 2 33 55 59 60 10 63 22 25 47 5 8 39 13 42 49 48 24 1 3 40 57 50 56 32 0 30 31 4 53 23 14 6 7 15
19 18 37 45 44 29 30 52 53 34 33 42 59 31 43 60 50 49 51 61 46 38 9 25 54 39 22 26 17 24 48 11 21 56 16 63 23 47 4 3 58 14 5 57 32 7 2 41 40 15 12 1 0 10 13 20 8 6 62 55
19 20 45 18 11 10 13 44 21 34 43 3 33 12 37 54 9 6 46 38 63 41 30 1 49 8 26 32 25 52 59 47 51 14 0 31 2 24 16 4 29 17 53 42 50 61 60 56 40 22 39 57 48 55 23 15 7 58 62 5
44 43 34 29 20 45 53 26 52 50 46 13 42 62 37 54 57 58 59 47 18 38 30 23 39 9 55 22 15 25 0 41 4 63 31 60 17 7 11 6 12 21 40 2 51 33 19 10 49 48 5 14 61 3 1 24 56 16 8 32
19 34 44 20 42 43 50 21 14 45 12 11 29 38 3 18 33 41 25 5 53 58 37 10 4 26 1 32 49 13 22 48 9 7 39 30 17 46 51 8 15 52 31 60 16 2 57 24 40 0 62 56 47 55 61 63 54 59 6 23
19 18 26 34 9 21 29 11 44 0 13 45 10 14 37 30 53 20 23 46 12 1 41 54 25 60 61 3 39 55 38 22 63 4 5 7 2 6 8 42 31 47 15 32 43 62 16 17 51 48 59 52 33 40 49 24 50 58 57 56
19 18 37 11 3 4 9 43 51 25 5 0 17 59 32 46 34 45 20 12 52 41 38 30 50 48 39 61 54 49 1 16 33 55 26 13 47 42 63 44 29 2 21 31 53 62 60 22 23 6 58 10 57 8 14 15 7 56 40 24
37 43 50 51 52 59 42 41 18 21 49 44 14 57 48 58 32 38 60 45 56 40 31 7 29 20 19 11 3 53 12 47 54 26 30 24 33 22 13 61 34 10 62 17 16 25 55 9 5 15 23 4 1 6 46 39 8 0 2 63
19 18 26 20 37 34 10 45 25 29 44 16 30 2 46 54 12 47 43 11 55 42 9 31 17 3 52 21 23 24 49 59 51 1 4 38 22 41 32 57 61 63 0 15 62 58 40 33 53 5 50 60 6 14 8 48 39 13 56 7
37 29 20 43 26 17 25 24 19 13 30 18 10 38 44 3 12 5 34 33 1 53 4 21 45 46 42 51 54 11 9 47 55 41 22 6 62 0 58 52 8 14 32 59 60 2 40 49 23 39 48 16 15 61 56 50 57 63 31 7
19 18 26 34 45 11 33 29 10 54 12 3 4 42 43 24 50 57 51 25 16 5 17 9 30 44 52 61 0 53 58 49 59 60 62 63 55 37 46 1 2 20 6 22 8 47 13 31 32 41 56 48 39 38 21 23 40 14 15 7
37 43 18 19 26 17 50 29 10 3 30 38 44 46 34 23 11 45 53 4 8 16 39 0 1 52 12 51 31 25 33 47 59 41 32 58 54 55 24 48 57 20 42 40 9 49 22 14 15 13 21 2 7 6 56 63 62 61 60 5
19 34 41 20 13 26 18 12 43 14 5 4 23 50 21 6 44 32 57 29 11 3 22 25 48 37 38 33 2 10 17 42 7 53 52 31 1 9 15 58 54 39 45 61 60 51 49 30 16 62 63 55 46 0 59 40 24 8 47 56
44 29 20 45 19 26 17 42 46 52 60 43 41 12 5 51 21 11 18 61 38 40 10 4 59 58 3 22 23 47 53 25 50 14 33 37 34 62 54 2 6 9 49 13 8 1 16 7 48 57 0 24 15 56 31 63 39 55 32 30
37 43 34 41 50 51 18 19 33 29 21 49 48 22 10 38 30 32 42 9 40 14 57 31 7 59 45 54 26 2 39 46 53 55 25 60 63 13 0 6 58 52 24 56 61 8 16 44 20 62 23 15 47 11 3 12 1 17 5 4
26 20 21 18 12 29 10 34 37 9 44 43 42 11 2 45 0 52 51 59 61 25 53 54 24 50 58 41 57 49 62 56 60 22 46 47 39 19 55 16 8 4 33 30 38 40 14 63 3 15 17 23 31 1 5 7 13 6 32 48
44 43 42 45 19 52 60 41 49 59 58 29 54 20 13 63 46 11 12 18 30 21 26 47 40 34 25 17 50 48 61 5 3 57 14 6 9 22 32 4 23 0 56 33 8 2 16 38 7 15 10 24 37 31 53 51 39 1 55 62
26 34 43 52 51 50 45 29 42 41 30 20 21 22 44 46 58 38 13 33 61 25 53 60 16 59 57 17 15 12 40 23 47 39 18 32 31 8 54 19 11 56 9 3 0 5 24 55 49 7 62 1 10 2 6 37 4 63 14 48
44 29 20 11 30 43 26 38 22 19 2 14 12 37 34 52 46 33 32 3 61 45 42 25 6 51 16 1 58 39 31 41 50 53 10 49 54 21 18 17 60 62 13 7 15 4 40 48 56 57 63 59 47 5 24 23 8 9 0 55
44 29 20 45 46 13 18 34 19 17 22 31 10 52 33 2 59 32 6 21 43 51 15 60 42 54 38 30 63 23 12 37 25 62 47 7 39 5 11 50 24 55 53 41 16 26 58 61 14 4 3 8 1 57 9 0 40 49 48 56
19 20 29 38 30 18 12 4 46 34 26 22 42 31 10 47 14 9 37 45 13 1 17 49 3 2 55 11 39 24 33 40 54 21 23 6 32 53 5 15 0 63 60 8 44 62 25 52 48 43 50 41 51 16 61 59 58 56 57 7
44 45 46 43 26 19 18 33 17 16 8 34 42 20 21 54 25 22 13 47 32 41 53 12 63 0 49 60 11 24 14 40 51 5 52 9 30 58 10 2 38 15 7 31 4 3 23 37 59 50 56 39 61 29 55 48 57 62 1 6
44 29 20 11 26 43 42 52 53 25 12 62 60 51 2 4 46 33 13 18 34 19 50 14 16 59 32 40 6 21 58 49 30 41 15 22 10 61 38 5 24 3 63 8 37 7 57 55 45 17 1 9 23 0 47 56 48 31 54 39
44 29 22 30 18 26 19 52 43 34 33 42 38 25 24 17 16 8 49 10 2 32 50 51 9 48 60 45 58 0 1 11 40 20 37 3 4 46 53 59 21 31 39 61 62 54 23 5 47 13 14 63 55 41 12 6 56 57 7 15
37 45 44 29 21 34 53 54 55 20 43 30 26 63 12 25 22 61 19 52 33 18 24 42 23 14 41 46 38 40 50 39 5 59 49 11 3 7 17 2 4 8 9 15 51 47 1 62 13 6 31 48 57 0 58 56 60 32 16 10
37 43 34 29 52 33 19 18 22 38 45 51 50 59 53 11 9 25 32 57 31 61 49 46 3 41 20 30 16 15 39 2 12 0 14 13 48 17 6 21 10 5 4 44 26 58 8 42 60 56 1 24 62 54 40 23 63 7 55 47
44 43 26 45 54 20 51 17 37 53 19 11 12 29 52 42 30 46 39 23 50 38 21 5 47 55 3 22 13 34 31 15 8 10 14 60 7 2 1 49 33 6 62 32 48 25 4 56 9 63 24 40 61 57 59 16 58 41 18 0
44 43 18 29 30 22 51 34 41 31 37 50 52 60 21 20 45 26 17 53 12 42 58 33 38 40 61 62 39 46 32 19 15 4 59 14 24 57 7 6 48 9 47 54 25 13 63 49 56 55 16 10 0 8 23 11 2 1 3 5
44 29 18 52 37 45 21 13 46 30 38 54 14 26 20 9 25 17 22 24 31 19 42 15 10 2 4 49 39 6 11 12 62 63 5 43 8 16 60 61 56 1 50 59 34 0 23 55 32 41 58 40 51 48 53 33 57 7 47 3
44 45 46 52 43 54 37 34 19 18 33 47 53 38 55 41 30 63 60 59 51 29 31 23 20 25 9 10 21 50 22 11 61 8 49 26 58 42 24 62 32 40 4 14 2 39 12 3 0 5 16 48 6 17 7 1 13 57 56 15
37 29 21 30 19 44 53 51 31 62 46 23 60 34 15 18 17 22 43 42 58 14 12 26 50 59 6 8 25 16 41 57 56 10 1 32 9 7 20 2 5 38 49 48 24 11 52 4 3 55 54 0 33 13 40 39 45 61 63 47
19 18 44 45 17 9 37 11 3 20 0 52 13 12 51 16 60 2 53 42 26 43 41 33 1 46 34 49 40 61 10 5 62 14 15 59 8 25 50 63 21 23 58 22 55 7 32 6 24 39 47 48 30 29 57 56 38 31 54 4
37 29 22 44 51 38 19 15 21 13 45 34 31 53 42 10 41 26 20 58 5 18 61 6 1 39 12 62 33 11 52 2 23 48 40 60 59 14 46 43 17 4 3 0 30 47 56 50 7 8 55 24 25 32 63 9 57 49 54 16
44 29 22 52 37 26 18 30 31 23 60 14 17 25 19 34 42 9 8 39 1 11 20 49 38 10 43 24 15 46 54 45 47 61 59 58 12 3 56 21 13 40 53 63 55 7 33 41 50 5 6 16 57 51 32 4 62 0 2 48
19 34 44 20 42 50 49 29 58 18 11 2 3 45 38 43 21 26 41 12 13 56 51 57 52 59 1 6 48 53 61 32 40 33 5 62 25 47 24 46 22 9 16 4 10 8 37 31 23 30 39 15 14 0 17 54 63 55 7 60
26 18 44 34 33 53 42 20 21 40 12 13 10 11 3 25 5 9 52 14 0 60 2 41 29 50 43 4 17 6 48 45 58 8 37 51 1 49 56 22 59 19 38 24 30 46 15 61 32 31 16 7 47 55 63 57 62 54 39 23
44 43 26 29 42 18 37 34 25 50 33 32 30 22 24 45 41 17 40 16 14 15 11 6 9 48 58 2 0 20 52 19 38 61 53 54 63 1 51 47 4 49 31 46 3 10 55 12 59 39 13 23 56 60 21 5 57 8 7 62
19 20 45 44 29 38 53 34 43 50 41 18 13 26 21 54 47 61 59 52 17 33 51 6 5 58 63 4 11 31 42 60 40 24 62 3 12 25 49 9 32 57 0 48 2 30 7 10 39 22 8 16 56 1 46 55 15 37 14 23
19 20 45 18 29 38 9 44 37 26 51 0 10 2 31 52 33 46 11 34 43 39 61 60 55 30 1 62 41 42 54 24 25 53 17 48 22 23 3 13 59 8 21 16 14 7 6 4 15 5 47 12 40 32 63 58 57 50 49 56
37 45 44 43 26 38 52 61 42 18 29 41 50 59 47 20 11 17 34 22 60 13 49 4 8 48 19 16 15 33 51 39 25 53 58 57 62 46 6 31 9 0 30 12 14 63 21 7 1 24 54 10 40 55 3 32 5 23 56 2
19 20 13 42 37 12 11 46 55 6 49 2 10 38 30 9 1 26 44 52 45 31 29 23 25 24 8 16 18 17 32 0 34 54 21 41 60 53 61 43 63 59 39 40 33 56 50 14 4 51 15 48 57 3 58 22 7 62 5 47
37 45 26 34 43 18 17 16 10 50 24 38 39 19 9 2 3 31 11 25 32 47 41 29 20 44 52 12 54 42 33 51 8 46 55 40 48 49 56 21 58 4 53 59 61 62 14 7 0 60 5 63 23 6 30 57 13 22 15 1
44 43 34 25 19 11 42 52 50 20 45 57 12 13 26 18 60 46 16 21 3 29 22 30 39 10 4 2 33 17 54 15 51 63 9 14 49 5 23 59 61 41 6 62 38 0 8 40 47 31 37 55 32 53 56 24 1 58 48 7
44 45 37 43 51 21 34 25 53 52 19 62 42 29 16 33 30 38 41 58 60 18 61 59 47 46 14 7 26 39 23 17 11 10 12 13 5 31 8 15 20 24 6 49 54 55 32 3 1 2 9 4 57 40 63 22 48 0 50 56
37 43 34 25 26 18 51 38 9 11 44 0 33 45 17 24 19 52 30 22 3 41 39 31 54 29 49 53 20 10 16 59 21 47 32 23 1 61 46 8 60 14 62 12 2 42 5 48 6 57 13 7 15 63 56 40 55 50 4 58
19 34 43 20 29 11 2 42 41 21 13 26 25 37 45 3 12 24 16 8 10 52 50 14 22 1 61 6 18 31 32 17 33 51 15 53 59 58 38 23 30 7 40 54 49 44 46 60 62 47 39 63 0 57 48 5 56 4 9 55
19 34 45 21 20 11 42 13 3 50 29 18 12 37 6 53 61 46 43 26 25 22 58 57 23 5 56 49 55 4 41 24 59 54 38 33 17 39 51 8 9 32 14 47 63 15 7 44 16 2 10 1 0 30 31 40 52 60 62 48
37 45 44 43 26 29 42 19 12 49 53 34 41 40 46 61 33 17 20 25 22 15 52 11 32 39 10 4 56 24 9 2 55 57 50 59 58 47 18 1 38 31 21 30 60 51 3 63 0 13 6 14 5 8 16 54 23 62 7 48
26 34 45 17 41 21 43 44 25 51 29 16 14 46 8 0 42 19 20 9 10 33 40 7 24 48 53 11 49 12 13 50 54 32 15 52 59 62 4 18 57 61 55 47 63 6 2 58 37 30 38 56 31 60 39 23 5 1 22 3
44 45 26 52 53 61 37 43 54 30 50 47 38 18 62 25 55 46 22 42 17 57 41 16 9 31 32 33 34 49 8 10 40 2 24 21 59 19 51 13 58 39 14 12 0 6 5 11 7 48 60 20 29 1 4 3 23 15 56 63
26 34 45 17 25 19 10 54 9 11 43 8 1 29 30 22 42 24 15 52 18 31 4 0 20 12 33 16 50 49 5 58 44 37 63 2 57 46 21 3 41 38 59 56 53 6 13 55 62 40 32 47 48 61 60 51 39 14 7 23
19 34 45 11 42 37 21 29 18 53 41 43 4 25 44 49 62 17 46 48 20 52 32 54 9 55 26 12 56 57 13 6 58 50 40 51 61 38 47 0 60 24 22 39 33 59 10 14 16 31 2 8 30 63 5 3 1 15 23 7
44 29 19 10 21 13 30 37 38 26 14 45 52 60 46 47 12 31 39 20 18 5 25 7 43 23 2 34 4 3 33 42 54 63 53 1 62 24 50 17 22 11 32 49 56 61 16 57 58 9 6 41 48 40 15 55 0 51 8 59
19 18 17 9 44 20 10 2 1 16 8 29 22 11 3 0 26 30 25 14 38 43 6 15 37 31 21 12 50 13 5 45 53 42 23 58 46 39 41 24 34 60 57 40 54 59 61 7 47 62 55 56 51 52 49 33 48 4 32 63
37 45 44 43 52 21 53 61 19 46 39 62 26 38 42 55 30 17 12 11 34 5 8 29 47 13 31 54 14 51 3 7 60 58 20 23 18 49 56 41 22 40 2 10 50 33 63 25 57 16 9 24 32 59 48 15 6 1 0 4
19 18 44 20 26 52 45 42 53 43 29 21 41 38 13 17 61 62 16 40 30 11 49 5 3 9 51 22 54 46 12 60 34 2 39 33 37 10 8 31 48 50 58 25 15 14 59 56 24 57 7 32 6 0 47 1 63 23 4 55
44 29 22 30 38 52 53 47 43 51 60 62 34 20 42 49 41 59 54 46 56 40 12 4 21 13 6 58 37 23 31 26 39 11 3 45 50 2 25 17 19 24 8 9 15 7 10 61 55 5 33 16 48 14 1 18 32 57 63 0
44 45 37 43 54 21 19 46 14 30 18 12 51 62 63 58 55 47 23 11 52 53 3 17 61 20 9 13 10 2 26 16 34 15 1 31 25 33 39 32 6 22 41 0 59 38 4 60 8 5 7 29 57 48 49 50 42 40 56 24
44 45 37 29 19 42 38 53 51 31 33 26 43 34 18 11 62 40 3 60 54 50 58 63 39 46 20 10 32 25 30 52 59 47 48 23 9 57 41 2 24 49 22 17 61 55 1 0 21 15 4 16 14 56 8 6 13 12 7 5
26 34 43 18 19 29 17 11 22 45 25 32 12 15 3 9 10 50 20 44 38 2 0 47 33 24 16 13 40 41 14 4 5 1 51 59 54 52 42 63 60 48 56 49 46 21 31 53 8 30 61 62 39 37 23 6 58 57 7 55
44 43 34 45 19 11 10 29 52 42 12 60 37 20 51 59 38 21 46 30 18 31 54 17 14 13 26 53 24 3 49 8 4 33 32 15 7 9 1 56 6 62 16 5 25 2 47 22 41 48 0 50 57 39 61 58 63 40 23 55
19 34 44 37 26 52 42 20 29 22 21 18 11 17 13 50 45 30 46 53 39 4 15 47 33 24 2 31 49 12 6 5 60 56 23 43 10 61 16 7 38 59 54 8 40 14 3 9 0 32 41 1 62 51 25 55 63 48 57 58
37 29 20 11 30 44 43 23 19 26 3 38 12 10 17 13 22 2 53 42 4 14 15 62 39 5 41 7 21 33 45 6 18 47 24 9 1 52 61 46 34 60 55 48 54 50 58 57 56 16 59 25 63 49 31 32 51 0 8 40
19 18 26 20 13 42 29 22 43 11 44 25 3 52 49 10 31 34 2 17 37 12 51 6 38 4 24 21 5 50 53 23 7 30 14 62 33 39 45 16 8 54 55 58 46 60 59 63 47 40 57 56 48 41 9 15 61 1 0 32
26 34 42 18 10 41 44 9 40 50 8 45 43 0 33 52 46 54 20 2 62 32 25 12 29 16 48 37 30 56 17 19 53 22 1 47 21 11 51 13 55 39 38 24 31 59 4 6 57 5 58 63 14 61 7 23 3 60 15 49
19 20 37 34 21 38 44 11 39 29 22 23 2 46 33 42 15 26 51 7 45 40 10 43 30 49 41 25 55 59 17 32 56 54 12 24 18 9 53 48 16 0 47 50 52 57 14 58 31 1 3 13 4 5 8 61 6 63 60 62
19 18 26 20 9 0 29 37 10 22 46 17 45 3 2 44 11 54 53 34 16 38 31 24 62 47 25 12 32 8 13 63 43 30 39 33 51 15 52 40 42 60 55 41 5 4 21 61 23 1 59 14 6 7 50 58 57 56 48 49
19 20 21 18 37 22 14 29 17 10 3 13 11 42 49 15 7 44 23 16 24 1 30 34 5 56 8 31 51 60 38 45 33 2 58 26 46 43 12 54 41 59 50 4 53 55 39 6 52 57 9 61 62 0 48 63 25 40 32 47
26 34 41 21 44 25 18 42 45 37 29 9 20 40 13 17 10 52 43 38 47 5 6 2 33 39 16 11 51 24 48 8 22 53 31 30 14 15 23 50 46 49 59 54 4 55 19 12 3 60 61 7 56 58 57 62 63 0 1 32
37 43 34 45 26 29 54 53 52 50 51 19 49 61 30 63 44 48 46 23 59 25 41 57 42 38 16 24 22 8 62 58 56 33 17 10 1 15 9 39 20 31 40 12 60 2 13 14 21 3 5 18 47 4 11 0 6 55 7 32
19 20 21 12 29 22 37 42 15 30 34 45 50 18 43 14 9 0 13 33 26 51 53 4 32 24 44 54 40 48 49 46 47 25 3 57 60 38 62 56 41 58 10 61 6 23 5 52 39 63 59 1 31 55 17 2 11 16 8 7
37 45 26 18 53 38 46 54 44 61 39 25 24 19 30 34 63 62 10 12 60 2 17 32 20 13 21 9 42 43 40 55 33 49 0 29 6 14 4 31 58 3 7 41 16 11 5 57 47 8 56 15 1 50 59 52 22 23 51 48
19 34 43 52 51 18 26 50 41 33 17 21 40 9 10 11 4 3 20 32 48 5 59 49 14 37 58 22 24 7 45 42 1 29 44 54 2 57 30 39 12 53 6 60 25 13 63 38 15 0 61 23 47 62 31 8 16 55 56 46
26 34 43 20 37 46 38 42 12 45 49 52 53 39 55 4 33 41 50 56 32 54 44 57 59 29 21 14 51 48 19 63 13 11 30 58 10 31 7 25 23 60 16 17 62 5 3 47 18 15 6 24 22 2 1 40 61 8 9 0
37 43 26 29 44 19 22 46 45 17 34 41 10 11 18 25 24 9 0 33 1 38 48 51 4 2 59 42 47 32 50 53 49 30 62 3 21 39 16 54 12 52 61 55 40 15 20 57 31 56 23 5 63 60 58 14 6 8 7 13
19 34 44 20 18 37 46 38 21 54 30 9 33 32 17 29 1 13 22 12 45 14 15 16 4 2 0 5 23 3 6 43 50 39 51 42 53 59 58 41 31 61 26 25 63 60 24 49 55 57 62 10 56 11 47 8 52 7 40 48
44 43 18 53 50 37 46 51 42 49 58 59 52 9 48 38 26 57 45 47 55 40 62 30 34 20 19 17 13 29 22 33 54 12 39 15 8 6 10 11 56 23 4 41 31 1 7 16 25 3 60 14 21 5 32 0 2 61 24 63
44 43 50 53 52 51 54 59 58 57 19 29 49 11 10 62 37 41 12 21 48 38 34 45 30 33 32 46 39 47 61 22 15 31 55 14 23 26 25 3 60 42 18 40 17 1 24 56 13 8 4 7 16 9 2 20 5 63 0 6
44 29 19 43 45 52 30 54 50 18 60 51 46 20 12 61 34 4 42 25 33 22 62 47 14 57 37 63 55 38 39 41 59 31 10 2 32 40 11 6 15 9 23 17 26 3 1 24 13 58 48 56 5 21 7 49 8 16 53 0
37 45 53 34 18 20 26 21 41 25 32 44 51 42 29 16 49 61 12 13 6 52 46 9 22 4 62 55 47 23 14 30 31 15 3 33 40 48 50 56 0 11 63 2 17 60 59 54 1 8 57 39 38 24 43 5 7 10 19 58
19 18 37 45 44 11 9 46 21 34 43 17 3 0 16 52 53 51 1 10 55 29 30 23 38 31 58 12 39 13 54 59 14 47 60 26 42 63 20 61 62 5 7 33 24 32 25 22 15 50 57 4 2 41 6 56 40 48 49 8
26 20 29 38 12 34 47 18 25 21 22 19 44 23 43 52 37 42 51 3 17 32 10 30 11 16 60 39 8 58 4 53 2 5 62 33 31 13 9 1 6 0 14 7 15 45 59 61 24 55 57 49 41 46 50 48 54 63 40 56
19 18 17 11 26 37 12 34 41 8 46 21 30 38 42 55 10 33 40 48 45 32 31 5 47 53 52 50 25 39 49 1 54 57 13 4 58 14 3 51 16 59 2 20 6 44 23 24 63 62 29 22 9 43 0 7 56 15 61 60
44 43 26 45 54 20 51 25 21 63 37 53 18 30 34 12 62 58 32 9 29 52 59 42 33 24 0 11 13 41 19 61 3 38 60 22 48 2 46 5 17 10 4 50 14 55 8 39 47 7 16 15 31 23 49 40 6 1 56 57
37 29 21 45 43 30 39 31 22 42 38 44 53 62 19 11 52 51 59 23 18 47 34 17 3 54 26 20 55 33 46 63 14 13 58 50 12 7 61 4 15 2 10 60 40 41 8 16 24 49 56 32 9 6 57 5 25 1 48 0
44 43 26 19 34 37 11 25 46 53 52 21 54 10 33 40 16 61 60 55 14 3 62 41 50 17 30 51 47 38 32 24 18 22 45 57 39 49 59 8 63 20 12 9 2 13 1 6 4 29 31 15 23 42 58 5 48 0 56 7
37 29 18 26 17 25 20 10 21 24 34 42 8 9 0 13 5 14 50 41 32 48 12 58 23 6 16 7 2 30 39 43 15 46 45 19 57 51 11 33 55 38 60 4 47 56 40 44 59 1 53 54 62 22 3 52 61 31 49 63
44 45 46 43 42 50 26 20 37 52 29 30 12 53 60 21 57 61 62 11 23 25 13 59 51 41 18 38 4 55 34 58 54 5 24 56 48 17 33 31 14 40 49 9 10 47 19 3 2 1 0 6 22 32 7 39 16 8 63 15
44 43 26 19 12 53 62 45 37 17 50 42 41 5 8 33 18 49 11 46 32 60 48 21 29 30 22 15 51 10 23 16 7 39 61 56 34 0 3 57 25 54 52 40 14 58 59 6 63 24 13 55 1 20 9 38 4 2 31 47
44 43 34 29 37 46 42 51 21 33 45 30 47 14 13 12 19 20 5 22 15 53 39 10 23 6 50 4 18 11 38 26 17 8 59 58 61 9 57 55 40 31 1 54 49 2 25 32 52 0 41 48 63 7 56 16 60 62 24 3
44 45 37 29 22 52 26 21 14 15 54 6 38 13 43 53 7 47 5 34 23 18 50 51 39 30 58 61 20 49 57 12 3 42 19 11 10 25 60 41 63 9 56 48 33 31 40 4 8 2 62 32 59 0 55 16 46 17 24 1
37 29 19 43 51 34 42 50 41 26 49 46 22 59 60 61 55 48 32 21 44 30 14 6 15 33 58 53 25 57 23 39 45 24 47 17 16 40 7 38 18 13 5 11 56 9 1 52 10 4 54 12 20 63 31 2 62 0 8 3
44 29 19 42 37 21 20 26 34 43 50 25 45 58 24 52 53 11 60 54 38 47 55 61 41 33 51 17 57 62 46 40 18 49 16 56 31 59 13 8 2 39 9 63 48 12 3 14 7 32 30 0 1 6 10 15 23 22 5 4
37 45 26 29 44 43 52 59 60 19 22 33 46 61 17 21 18 15 42 53 24 50 14 16 11 20 8 51 25 2 58 47 4 49 12 57 54 3 5 62 10 38 55 30 48 13 41 56 6 40 34 9 23 39 32 31 7 0 1 63
26 20 21 18 37 25 24 32 19 29 17 11 33 46 3 45 55 22 30 43 51 39 23 53 10 38 44 9 47 8 1 16 42 2 62 31 34 61 54 13 6 52 0 40 48 4 41 15 12 58 5 63 59 49 60 50 57 56 14 7
26 18 44 34 33 42 9 24 50 51 40 58 60 52 37 53 20 38 17 29 62 19 41 49 11 12 39 45 4 47 21 3 0 10 2 1 55 54 63 13 22 14 5 25 46 6 30 23 8 16 31 61 15 43 59 7 56 48 57 32
19 20 45 44 53 10 11 26 33 54 1 25 12 13 29 3 34 37 17 4 55 63 6 40 41 9 46 24 62 61 18 42 49 22 2 43 21 0 51 30 23 50 14 47 8 48 58 31 56 5 32 16 52 7 15 60 39 38 59 57
37 29 22 43 19 15 51 26 21 12 10 44 5 38 23 20 46 42 39 47 7 31 33 25 52 11 34 40 24 41 3 61 55 18 45 32 17 53 62 54 50 1 30 49 9 63 16 2 0 8 57 58 60 56 59 48 4 13 14 6
37 45 44 43 34 25 18 11 33 20 53 42 41 38 12 21 10 26 22 4 31 61 17 30 52 14 54 50 29 24 13 39 9 47 58 19 46 40 63 62 7 32 55 0 16 57 60 2 49 59 48 5 3 8 6 56 1 23 51 15
19 34 43 52 45 20 51 50 57 37 26 53 13 17 59 21 41 42 25 58 29 32 40 60 61 22 31 15 8 4 38 11 24 46 3 44 54 49 5 12 33 39 30 2 48 14 7 23 6 18 10 9 1 56 47 62 63 55 16 0
19 34 41 21 29 11 42 37 38 46 14 13 10 30 39 49 57 26 3 7 5 12 18 9 50 33 31 51 40 45 55 17 16 32 24 56 60 20 58 47 22 8 54 53 2 15 52 4 25 61 44 0 62 43 6 23 1 48 63 59
37 43 18 21 19 38 42 41 14 20 46 9 39 11 44 45 12 26 34 29 17 31 50 33 4 7 30 51 54 10 3 1 8 5 40 55 58 16 23 22 32 59 60 0 47 15 6 52 24 2 53 63 62 61 13 57 49 56 48 25
37 29 18 42 20 26 21 38 44 53 34 10 17 12 45 14 43 46 61 52 19 8 11 22 1 13 15 6 54 55 23 9 60 31 51 59 7 30 47 63 49 56 58 39 3 50 40 4 24 16 41 2 5 25 62 57 33 0 48 32
44 43 26 45 54 19 18 37 51 33 34 46 30 52 12 63 61 9 47 60 10 11 20 25 8 23 41 42 50 62 29 5 24 0 59 3 13 49 31 38 58 57 55 32 56 48 17 21 53 39 6 2 14 7 22 16 40 15 4 1
19 34 43 18 37 45 25 33 11 3 42 16 20 12 21 52 44 51 32 26 17 38 49 10 61 8 5 59 2 53 54 22 24 40 14 4 31 46 60 29 47 7 15 6 30 1 41 56 9 23 62 39 58 55 13 0 50 63 48 57
37 45 26 34 44 38 46 53 43 29 30 22 60 31 25 47 39 51 42 62 14 41 40 15 23 19 10 54 7 24 16 6 17 1 21 50 58 13 11 12 20 33 4 18 32 5 9 59 63 3 2 61 0 52 55 8 48 56 57 49
44 43 50 29 20 45 30 53 26 42 34 57 52 59 46 49 61 17 56 22 18 10 41 33 48 38 54 21 2 3 14 11 8 23 12 31 51 62 4 58 55 60 32 13 25 24 39 37 63 40 9 5 6 47 19 0 1 7 16 15
37 43 50 45 34 41 18 29 33 9 49 51 44 25 52 53 42 59 0 48 38 26 58 57 61 30 60 11 23 54 24 22 56 21 13 46 20 5 10 12 4 8 62 32 14 17 40 31 19 55 39 6 2 47 63 1 3 16 7 15
19 20 37 44 45 18 12 30 26 46 53 10 29 43 2 33 50 61 34 25 21 1 11 5 55 51 13 9 23 41 60 59 0 22 24 16 54 17 31 6 57 32 14 8 49 15 38 39 7 40 3 48 42 47 4 52 63 62 56 58
19 34 41 33 25 11 43 32 29 37 45 30 10 49 31 9 18 54 42 52 51 22 3 21 17 38 1 4 46 59 13 15 56 0 5 20 23 57 58 39 24 16 62 63 48 40 53 6 44 55 14 50 8 7 47 60 26 2 61 12
26 20 29 22 13 18 34 12 30 41 44 45 19 4 21 38 33 11 6 14 48 43 10 17 24 16 42 3 25 37 8 50 54 52 57 51 39 49 9 63 46 53 23 15 7 47 60 0 62 32 55 61 2 59 31 1 58 56 5 40
44 45 19 34 42 50 49 43 58 26 33 41 51 18 25 57 54 17 16 24 56 29 48 8 32 60 22 20 0 37 13 63 10 40 12 15 21 9 11 4 1 30 46 53 5 47 14 6 39 2 23 31 55 52 3 38 59 62 61 7
19 34 44 37 43 52 33 11 60 51 46 55 42 29 38 41 10 45 54 58 26 21 48 18 3 2 1 39 31 40 59 50 25 9 24 49 47 12 17 0 30 23 57 63 53 56 62 4 8 20 32 16 5 61 22 6 13 14 15 7
26 20 37 34 18 38 45 19 29 52 42 9 47 39 43 41 46 54 44 25 17 30 16 51 53 24 48 10 8 61 23 55 21 12 63 11 13 5 14 62 60 50 31 7 49 57 58 40 33 59 56 4 3 0 6 2 15 22 32 1
37 43 26 21 20 19 44 42 29 33 13 46 30 14 15 12 55 6 10 31 41 53 24 18 23 22 5 11 3 49 7 51 52 39 50 38 25 1 47 17 9 58 32 2 0 60 59 40 54 57 61 4 34 8 45 16 48 63 56 62
19 20 13 42 44 37 43 10 38 21 41 34 11 5 33 52 53 32 9 51 58 3 12 48 60 1 6 8 26 45 29 61 46 18 62 30 24 40 25 17 4 31 54 59 16 2 56 49 14 55 39 47 57 7 50 22 15 63 23 0
26 18 19 20 9 33 45 42 13 17 29 1 49 21 8 6 11 25 10 56 24 16 44 32 41 54 14 52 40 22 57 43 30 3 4 58 5 38 15 0 7 37 47 12 60 53 62 39 46 55 50 31 51 23 63 34 59 61 2 48
44 45 46 34 18 20 33 9 26 42 49 32 25 19 12 21 17 3 1 50 41 56 43 52 10 51 29 8 59 53 37 16 60 54 5 4 22 23 24 6 63 38 14 62 57 13 47 48 0 39 31 30 58 40 55 15 11 61 7 2
19 20 29 22 13 4 6 12 31 42 45 18 11 43 9 10 38 17 44 46 49 5 50 7 25 3 52 14 47 8 2 32 15 26 34 60 61 62 21 51 0 33 16 1 41 23 59 54 37 58 24 56 57 48 63 40 39 30 55 53
44 43 34 41 50 51 33 45 20 49 53 12 21 25 37 46 54 19 4 60 29 13 14 63 18 7 61 11 22 6 39 52 47 23 16 32 57 30 48 59 38 55 9 42 15 26 17 62 2 56 58 24 31 8 5 0 1 3 10 40
19 34 42 20 26 41 37 38 44 29 12 50 39 25 24 45 48 31 30 22 15 14 59 18 47 46 10 51 52 11 4 55 21 9 23 43 13 5 6 40 54 57 0 2 49 60 17 61 62 7 32 8 33 3 16 53 63 58 56 1
26 18 44 43 9 17 34 53 50 20 37 10 29 42 2 41 12 58 25 30 57 51 38 49 59 16 52 4 62 61 40 54 19 46 55 63 11 8 31 39 24 13 5 21 6 60 1 56 48 45 33 14 15 7 22 32 3 23 47 0
37 29 21 30 20 13 5 38 23 22 14 6 7 44 53 15 45 43 19 61 46 11 18 25 60 31 3 59 34 47 12 10 51 42 50 57 2 26 32 9 49 62 1 24 55 40 39 41 4 54 17 0 58 33 16 52 48 56 63 8
26 20 13 34 44 6 18 52 21 17 16 29 53 42 50 54 60 41 46 59 12 43 22 62 48 32 51 45 63 39 61 15 33 55 57 49 5 25 24 4 47 30 31 8 9 1 56 10 14 38 11 19 7 3 23 37 2 0 40 58
19 20 21 18 34 12 9 30 14 22 23 0 4 41 44 45 46 52 38 43 48 33 59 11 25 42 26 60 49 40 61 24 29 56 57 13 5 50 32 7 16 2 3 58 53 47 37 15 31 17 55 54 10 8 1 39 51 63 62 6
44 43 50 29 18 53 22 19 34 30 45 52 61 51 37 25 20 46 58 9 26 59 17 11 54 8 55 14 42 38 12 49 57 21 40 13 15 62 39 31 0 10 3 23 24 4 7 6 63 48 33 32 47 16 56 41 1 2 60 5
19 34 41 18 42 20 13 12 29 33 10 48 45 2 11 4 26 14 5 44 40 17 56 46 1 49 25 38 24 32 58 50 53 6 9 8 51 52 39 59 3 0 60 43 31 61 15 62 21 54 37 23 57 7 55 30 16 47 22 63
37 43 26 17 42 41 51 29 8 44 19 58 53 38 30 34 49 52 46 33 32 23 22 62 50 24 61 60 59 57 54 20 12 45 16 13 63 4 21 25 18 10 11 14 3 2 6 7 56 55 47 9 40 39 1 31 15 5 0 48
37 45 44 29 21 34 42 52 33 43 26 19 30 18 51 17 25 38 61 49 8 24 12 10 11 9 46 20 40 53 56 4 2 59 5 3 60 55 47 23 1 32 16 41 50 31 22 57 63 14 7 13 54 62 48 15 6 58 39 0
19 20 45 42 34 41 18 17 29 44 37 30 9 46 31 1 53 52 39 38 21 62 33 47 55 23 50 54 43 10 60 32 2 63 25 11 22 49 48 3 16 56 4 58 8 61 51 40 24 14 26 12 13 0 7 15 6 59 57 5
26 20 37 25 21 22 19 42 33 34 12 29 50 45 23 43 41 11 53 13 24 40 49 48 3 59 14 5 17 18 58 57 56 6 32 16 10 2 4 54 7 52 1 44 61 38 63 15 30 55 51 8 46 39 0 31 47 62 9 60
37 29 21 45 26 13 14 15 53 20 7 18 10 43 50 54 5 6 63 17 42 3 25 61 23 44 2 22 46 33 62 51 32 34 41 48 19 11 9 40 24 31 60 47 49 30 55 1 52 59 12 16 58 57 38 39 8 0 56 4
26 34 41 20 44 52 21 22 45 46 13 12 53 42 31 48 60 25 17 59 51 14 19 29 6 15 39 11 50 10 33 9 8 49 40 58 57 56 24 18 23 32 3 4 30 54 63 55 47 37 38 61 7 16 0 1 62 2 5 43
37 45 19 20 54 34 12 29 41 11 30 38 39 48 26 25 17 44 21 18 9 5 32 24 2 13 3 63 33 42 40 31 53 47 14 10 50 52 16 6 23 49 58 15 46 51 59 1 62 8 0 60 56 4 43 22 7 55 61 57
26 18 10 20 21 29 30 9 43 22 19 39 31 23 14 5 12 25 6 51 33 2 38 3 0 37 24 15 1 11 46 34 17 13 45 54 47 8 59 53 62 44 7 58 52 41 40 42 32 16 49 50 4 63 55 61 57 56 60 48
44 29 20 45 46 43 26 34 51 54 62 42 41 11 13 18 22 50 33 52 10 6 12 24 49 2 57 53 25 32 61 48 9 17 59 60 8 31 14 4 21 30 38 39 56 7 37 55 19 15 47 1 5 58 3 63 23 40 16 0
44 29 20 13 26 25 12 43 30 21 5 14 22 4 50 31 17 42 34 9 24 41 1 45 15 59 49 37 11 48 57 52 40 18 46 0 58 38 61 56 19 10 3 47 39 6 53 8 55 63 16 54 2 51 7 32 33 62 23 60
37 43 50 45 53 54 55 57 42 61 51 38 44 63 62 34 46 21 39 29 22 58 59 23 13 31 26 18 25 14 47 60 30 17 20 5 15 24 16 7 56 52 10 9 12 41 40 11 19 8 0 2 1 33 49 32 6 48 4 3
44 29 20 11 18 52 30 9 12 13 2 10 4 38 14 6 37 26 25 22 21 43 15 19 50 23 0 5 61 33 41 57 45 46 47 39 7 55 31 32 34 17 54 3 48 62 16 59 63 51 42 40 24 8 60 1 49 53 58 56
19 20 29 22 30 18 26 33 9 44 45 21 12 43 11 4 42 39 5 0 24 3 17 54 2 52 15 14 10 16 25 49 51 32 34 59 60 53 46 1 23 37 62 7 6 61 8 50 40 47 55 63 13 41 48 31 57 56 38 58
26 20 29 22 37 44 51 34 42 38 13 19 12 41 47 53 45 17 25 4 21 39 3 16 52 11 40 59 5 55 8 14 6 50 49 18 31 48 7 32 10 43 58 2 61 23 60 9 1 62 63 33 56 30 46 57 0 54 15 24
37 29 19 26 17 46 20 10 21 34 3 14 18 9 8 13 55 38 44 1 11 54 47 30 23 22 15 25 12 4 24 32 41 51 52 48 40 6 53 16 0 42 56 33 49 60 7 62 45 2 50 57 39 61 43 59 5 31 58 63
37 45 44 29 22 30 19 52 46 20 13 47 55 34 43 51 60 53 38 23 54 62 50 14 39 10 15 26 11 12 31 42 9 59 18 4 21 8 0 58 5 63 25 61 41 40 17 7 2 24 49 6 32 56 16 1 48 33 3 57
19 34 42 18 44 43 50 53 52 49 62 11 48 45 26 33 51 57 54 46 37 41 9 17 47 0 40 60 59 20 32 38 29 30 56 63 10 25 16 8 61 39 3 55 24 12 1 21 5 58 13 2 14 22 4 7 31 23 15 6
26 18 37 25 19 44 17 38 45 20 34 54 13 11 53 42 29 46 2 22 30 16 9 1 63 10 33 61 32 51 39 55 62 3 15 52 0 8 4 24 43 23 49 12 59 56 31 14 21 41 60 5 50 40 48 47 6 7 57 58
19 18 17 20 21 13 5 29 34 12 30 41 3 16 26 6 37 11 2 44 45 4 33 14 48 38 9 25 24 0 1 8 39 49 43 52 57 22 61 32 51 50 23 54 47 10 53 55 62 15 58 59 60 46 63 31 42 56 7 40
19 34 45 20 21 13 33 41 12 54 14 32 26 6 40 22 44 11 63 25 10 53 5 48 29 46 2 43 52 37 7 51 17 59 55 47 42 4 49 60 18 38 62 61 50 24 15 58 31 30 57 8 16 56 39 1 3 23 0 9
26 34 44 18 9 29 42 25 19 53 30 43 33 31 52 61 32 0 51 45 46 11 3 20 17 37 62 16 8 63 23 41 10 58 60 15 38 22 48 4 50 12 5 39 13 49 40 55 14 54 56 1 57 2 59 6 21 7 47 24
37 29 19 26 33 42 30 38 46 21 44 10 43 40 13 31 20 14 11 45 1 2 22 0 3 4 25 18 53 54 41 51 47 17 23 24 55 15 6 7 58 60 5 50 49 32 8 56 9 62 34 52 63 57 39 59 48 61 16 12
26 34 43 20 37 42 12 44 53 45 50 30 52 59 60 25 46 61 41 58 57 54 62 38 17 48 40 51 33 49 22 32 56 16 24 47 55 31 29 13 39 8 15 4 23 21 3 2 10 18 14 7 0 6 19 9 11 63 5 1
19 20 21 34 45 11 33 29 3 14 22 12 7 2 4 38 18 43 13 25 41 5 16 10 31 42 1 24 49 8 30 57 51 50 6 59 52 53 58 32 44 54 46 39 47 60 63 37 61 9 17 62 23 26 55 15 56 0 40 48
44 45 46 52 59 29 37 42 22 38 47 53 19 51 61 31 39 30 20 15 34 11 43 58 41 40 57 60 14 10 1 18 49 23 13 54 21 9 48 56 2 3 7 33 50 62 26 12 4 17 32 5 24 6 25 0 55 16 8 63
44 29 19 10 22 52 21 34 42 15 26 13 1 25 14 41 18 43 53 20 60 61 62 45 30 38 54 11 59 37 4 17 50 12 31 33 6 47 24 7 49 40 51 23 32 57 39 8 48 2 5 46 55 3 16 58 56 0 9 63
37 45 19 34 33 18 44 43 51 20 54 63 10 52 29 26 11 41 42 30 60 32 21 50 24 1 31 59 38 9 40 13 58 12 2 49 46 22 57 48 56 25 5 4 8 0 6 16 53 62 55 61 14 15 23 3 7 39 17 47
37 45 19 38 54 10 11 26 1 34 43 18 21 51 29 4 3 20 9 52 33 40 50 63 17 46 30 41 5 31 32 12 14 13 55 25 44 7 22 0 58 48 53 60 49 42 6 2 8 59 24 15 23 62 61 57 56 16 47 39
26 18 19 20 12 4 45 54 21 43 44 11 34 42 41 52 9 33 29 48 46 10 25 30 61 24 2 51 13 6 22 17 14 37 49 16 63 55 53 50 57 60 31 58 59 15 62 0 8 56 7 23 47 3 32 39 40 1 5 38
37 45 19 29 30 18 53 20 11 54 9 52 61 42 63 22 59 38 46 0 44 43 34 50 25 47 58 26 23 16 24 32 31 41 15 4 33 13 10 2 51 14 5 62 40 48 1 57 21 12 56 6 49 60 17 3 39 7 8 55
37 43 34 25 18 38 42 11 41 40 39 26 33 19 51 50 24 32 58 21 16 46 10 29 30 49 48 20 12 13 22 31 45 9 44 53 15 52 1 57 8 14 56 2 4 60 55 17 61 47 3 54 23 5 6 7 59 63 62 0
26 34 41 18 10 20 29 38 42 48 37 2 12 13 33 45 49 40 32 24 6 43 46 56 51 47 30 4 11 50 53 59 39 25 9 44 52 60 57 31 61 14 17 3 15 62 55 8 0 1 22 54 16 58 23 19 21 5 63 7
37 29 22 30 19 43 23 34 50 11 3 38 46 20 33 44 13 10 51 32 18 52 53 26 25 60 41 54 62 9 1 15 7 47 61 48 14 42 17 59 57 39 45 24 55 4 2 0 40 16 31 21 58 5 56 12 8 63 49 6
37 45 19 29 30 21 54 10 22 43 34 23 52 63 38 42 1 46 49 33 24 51 55 53 14 7 44 11 60 58 20 13 12 9 3 31 6 40 56 39 50 59 8 5 62 61 4 47 25 18 17 2 26 48 15 32 16 41 57 0
26 34 41 33 43 20 21 29 19 11 3 42 30 52 49 38 40 18 51 59 44 32 9 10 47 4 1 13 25 0 12 22 17 53 61 2 24 48 56 60 45 16 6 46 14 37 39 15 55 54 50 58 5 7 57 62 8 23 31 63
19 18 17 20 37 9 12 11 2 29 10 25 16 13 34 4 5 45 30 21 46 3 22 0 43 31 26 14 7 24 44 6 33 1 39 53 23 55 54 63 47 42 50 52 61 60 51 58 59 8 41 32 40 48 57 62 38 56 49 15
37 43 42 45 19 11 34 29 38 49 21 44 26 14 54 53 62 63 50 18 46 61 48 55 7 33 30 41 10 17 51 12 32 9 20 58 4 22 15 5 39 47 3 6 0 2 59 16 60 25 31 52 23 56 8 1 24 57 13 40
37 43 34 25 50 38 26 21 42 57 24 17 29 33 10 51 45 19 39 54 44 31 63 20 12 46 41 62 49 48 30 11 22 1 13 16 9 15 56 5 3 2 53 61 58 52 18 40 4 14 23 8 32 47 60 59 6 7 0 55
26 34 43 52 42 19 37 46 18 17 8 33 25 20 10 24 41 16 21 2 51 50 55 29 11 48 32 13 60 59 5 22 1 45 49 9 23 6 53 4 44 58 0 56 3 47 12 62 57 31 38 39 14 15 30 63 7 54 61 40
19 34 45 20 26 44 13 46 54 10 11 3 53 25 39 37 30 6 33 63 1 29 12 2 22 40 55 62 38 14 21 5 51 43 23 58 47 0 15 7 41 18 32 9 52 60 42 49 61 17 8 4 50 59 48 31 57 56 16 24
37 43 34 29 51 38 21 59 26 33 45 22 39 47 30 31 50 49 44 52 42 19 61 41 48 13 54 23 32 56 20 57 46 53 6 55 15 24 58 5 62 7 25 16 14 60 12 63 8 17 40 4 11 3 9 0 18 10 1 2
26 18 37 45 10 20 21 9 44 2 12 34 46 43 17 25 19 54 53 29 63 47 41 11 52 48 38 61 0 4 16 24 51 62 42 33 40 8 3 59 32 60 13 30 22 31 23 50 57 58 56 5 49 14 1 15 7 6 55 39
37 43 34 41 18 29 45 53 30 23 54 26 51 55 19 12 33 20 5 52 31 50 57 44 11 39 38 21 60 47 48 42 63 3 4 13 15 10 61 58 9 32 25 46 22 17 49 56 1 14 6 62 2 40 24 8 0 16 7 59
26 18 37 45 19 38 17 10 11 9 2 12 4 33 1 42 43 44 25 0 40 32 20 13 3 5 21 16 14 6 51 29 54 23 24 53 7 8 47 55 61 58 63 48 52 60 50 22 34 49 15 62 41 59 57 31 30 39 46 56
26 20 45 25 12 54 44 53 34 42 49 37 46 30 41 18 38 4 13 50 23 22 43 56 55 47 39 29 60 61 63 51 52 40 6 59 57 19 48 58 32 14 15 31 24 17 9 33 10 8 21 3 5 7 1 62 16 2 11 0
19 18 37 11 9 46 20 34 45 21 47 55 38 13 43 44 53 0 3 2 33 39 17 10 30 4 12 29 8 54 62 32 26 16 14 50 25 5 40 24 22 31 23 1 63 7 57 51 15 48 58 52 42 59 61 6 60 49 41 56
37 43 50 45 34 29 20 18 26 25 10 52 30 57 51 21 41 11 44 42 53 54 19 48 24 32 60 39 62 17 9 0 58 16 55 49 12 63 22 38 23 15 46 13 4 3 33 5 1 40 6 8 14 59 2 31 47 61 56 7
26 20 21 34 44 45 46 43 42 25 17 52 37 38 12 8 18 29 19 33 47 13 53 31 39 49 32 16 30 61 41 48 24 9 11 40 59 50 23 4 57 54 3 60 10 56 51 5 1 22 15 0 63 2 55 62 14 7 6 58
26 20 37 25 21 43 24 38 42 18 51 34 11 52 45 2 59 19 4 16 29 33 44 13 39 10 32 61 53 30 8 46 47 40 1 0 9 62 31 12 41 23 3 5 54 50 57 14 17 63 49 48 22 55 58 15 56 60 6 7
37 45 44 43 18 30 38 21 20 19 42 9 52 41 0 17 12 46 26 61 54 47 50 34 33 13 55 63 59 25 31 4 22 29 10 14 53 62 6 23 32 3 51 16 2 15 8 39 5 57 7 48 49 1 60 40 24 58 56 11
26 18 10 29 21 34 44 13 14 45 54 37 42 19 20 15 5 43 46 49 51 12 7 52 22 30 53 17 41 38 4 62 24 11 6 9 2 33 63 61 47 59 31 23 8 39 55 3 50 16 56 1 40 32 48 25 57 0 60 58
19 20 45 42 37 21 34 46 13 26 18 5 33 44 38 31 50 30 39 17 11 2 51 40 29 43 9 59 47 25 12 0 60 52 32 22 16 54 4 57 23 15 7 41 48 10 49 58 61 56 6 53 3 24 1 63 55 8 14 62
26 20 29 18 44 52 19 22 30 17 9 11 43 45 54 42 59 46 13 1 4 63 31 60 0 10 16 24 25 37 3 21 38 12 34 41 40 49 5 51 47 48 2 55 62 8 50 53 32 58 56 23 14 61 15 39 6 7 33 57
37 43 34 41 18 20 12 45 54 13 33 44 49 11 21 9 52 51 0 29 26 42 6 40 58 38 39 5 2 46 4 57 30 60 55 61 53 19 14 17 48 22 31 25 8 47 32 59 50 62 10 3 63 1 56 15 16 24 23 7
37 29 22 45 26 18 53 15 9 61 54 43 52 63 30 34 25 59 14 20 44 41 46 55 21 19 39 7 6 5 12 4 42 24 32 40 17 62 48 50 3 11 33 56 58 31 13 57 60 38 51 1 23 47 49 2 8 10 0 16
44 43 26 29 42 50 30 45 53 34 54 62 41 46 61 32 63 19 40 60 11 22 24 25 37 10 47 39 17 38 57 33 59 48 49 55 21 3 1 9 20 8 23 18 16 51 0 12 14 6 5 7 31 13 58 56 4 15 2 52
44 29 21 13 19 43 45 11 42 54 37 50 10 49 12 9 26 52 14 46 8 25 56 48 17 41 51 7 24 3 5 34 30 38 33 39 55 53 60 40 31 61 57 1 15 23 47 20 4 63 18 0 62 22 2 32 16 58 59 6
44 29 22 42 34 26 19 53 33 18 21 40 41 14 13 49 15 12 50 58 48 32 10 2 24 20 43 51 4 7 6 5 60 3 56 37 57 31 45 54 62 52 23 38 47 59 46 39 25 63 1 55 11 61 30 9 8 16 17 0
26 18 37 45 44 34 25 16 46 20 24 38 31 32 12 4 10 55 47 2 17 54 61 43 19 29 53 33 1 52 62 9 41 39 63 50 3 0 5 51 11 21 8 40 49 58 59 60 48 56 57 42 13 6 14 23 7 30 15 22
37 29 19 26 18 44 34 42 51 43 30 52 49 25 45 50 53 31 41 61 60 56 23 48 21 59 40 13 12 32 38 39 17 22 5 33 16 14 47 24 46 54 62 9 6 20 10 3 0 63 55 11 1 15 7 8 2 4 57 58
26 18 10 29 37 43 34 45 38 9 0 25 52 53 21 47 50 44 54 61 22 2 39 13 42 57 62 49 20 12 33 31 63 32 11 14 4 46 41 16 23 30 55 3 51 17 6 5 60 59 8 15 7 19 24 58 40 48 56 1
26 18 44 43 42 34 33 50 51 37 10 25 20 9 38 59 19 17 1 2 58 29 60 21 3 16 22 0 24 41 48 53 8 45 13 32 12 39 14 40 52 6 61 23 49 56 5 7 57 4 15 46 11 30 55 62 47 54 31 63
26 18 37 25 19 44 34 43 9 12 17 29 11 1 13 46 8 3 32 21 10 2 30 16 52 33 40 51 55 22 50 5 24 61 41 20 23 39 14 42 45 15 60 48 38 54 4 57 47 53 7 6 0 31 58 59 49 62 63 56
44 45 37 29 21 13 22 30 14 31 54 19 5 53 23 43 51 46 20 58 55 47 10 4 52 59 60 62 61 38 12 3 57 15 2 26 33 1 0 40 34 56 32 18 6 63 17 25 39 8 7 9 42 49 41 11 50 24 16 48
37 29 20 13 30 45 12 34 44 43 51 31 41 11 22 14 19 33 2 59 23 52 39 49 48 25 54 38 32 63 16 18 50 4 6 26 60 46 10 3 58 40 55 53 42 21 61 17 47 56 8 1 24 15 9 57 5 7 0 62
44 43 26 19 42 37 18 25 20 13 30 10 17 9 16 29 0 50 2 41 40 49 22 8 4 38 59 3 1 53 58 5 21 15 33 24 11 34 6 52 46 47 39 51 31 57 48 45 60 54 62 23 56 32 12 63 55 14 7 61
44 43 42 45 19 50 58 34 26 41 40 52 61 33 29 59 60 12 54 48 18 21 24 32 14 17 25 37 20 16 8 10 3 51 56 4 13 2 5 6 9 49 11 7 57 30 39 46 22 31 15 23 55 0 1 63 62 53 38 47
37 45 19 34 43 18 26 29 42 50 38 31 25 11 21 17 47 16 33 40 32 14 52 54 58 51 60 57 4 49 56 46 53 22 48 61 7 39 9 13 15 23 44 24 63 55 10 20 5 41 12 30 8 2 1 59 62 3 6 0
44 29 21 45 30 52 19 34 54 14 20 13 18 11 59 17 7 46 12 15 23 63 33 41 5 60 38 25 62 39 16 37 61 9 43 6 3 26 10 58 47 42 8 53 49 32 22 0 4 31 2 51 24 48 55 56 57 40 50 1
37 43 42 45 26 41 53 20 49 19 34 33 13 56 18 11 48 29 30 40 3 12 25 21 57 38 22 6 50 51 46 58 59 15 23 10 7 32 17 9 16 61 0 52 60 31 54 44 14 62 39 1 5 2 8 47 24 4 55 63
19 18 37 29 17 42 34 45 20 11 38 16 22 44 2 15 21 39 53 12 4 3 49 46 10 51 31 30 23 5 47 56 26 52 43 14 8 33 24 13 41 62 60 48 59 25 7 55 9 50 40 54 58 6 61 0 1 32 63 57
37 45 44 43 34 29 21 41 51 13 19 52 60 20 22 58 38 54 50 42 49 57 4 31 56 5 30 23 33 59 18 26 46 3 47 17 15 25 11 12 53 62 24 16 8 32 14 2 63 6 9 10 48 39 1 7 61 40 0 55
37 45 26 18 19 20 10 9 8 2 12 11 3 29 30 38 46 47 55 4 1 54 21 13 44 34 14 23 63 51 52 59 60 22 39 7 25 31 43 0 58 33 5 62 40 6 61 24 15 17 42 53 41 49 56 50 48 32 57 16
44 43 34 25 19 45 54 20 18 26 33 29 16 46 53 52 30 32 21 62 51 17 41 49 24 22 63 39 48 58 23 37 55 47 60 12 61 10 31 8 1 50 5 13 6 38 59 11 40 14 7 42 0 2 3 15 9 4 57 56
26 20 29 38 45 52 54 44 31 47 37 30 21 46 39 19 55 63 13 33 25 14 59 42 51 5 62 23 12 43 24 3 4 17 53 49 50 18 11 10 41 40 8 58 7 34 32 57 48 60 9 2 6 16 1 15 61 0 22 56
44 43 26 19 12 45 53 29 46 25 42 34 18 17 37 62 21 51 60 33 8 11 40 47 54 41 49 61 20 38 13 30 22 52 2 3 14 50 55 15 23 31 39 63 10 57 6 56 5 48 4 9 24 16 58 59 1 0 7 32
44 45 19 18 46 52 9 20 59 17 53 0 37 34 21 54 11 47 41 48 55 60 38 63 29 61 25 39 26 13 62 24 42 58 31 10 8 16 6 49 33 3 2 23 12 51 57 50 43 56 14 5 7 40 32 30 4 1 22 15
26 34 42 20 45 49 29 17 18 44 50 54 21 14 37 38 63 58 30 22 16 8 15 19 9 1 6 23 56 52 25 41 51 53 31 7 40 48 0 5 46 39 61 55 47 33 62 10 59 24 2 32 12 3 11 60 43 13 4 57
44 43 42 45 26 50 37 29 38 41 53 46 30 21 51 60 49 34 61 18 39 56 12 52 19 62 48 54 55 25 20 58 9 0 16 4 11 32 24 47 3 57 63 31 5 13 22 17 23 14 10 1 2 6 15 59 33 40 8 7
44 29 22 45 46 15 37 54 53 34 55 52 51 63 33 42 18 47 19 11 49 50 61 41 21 38 30 17 39 31 23 57 56 12 60 58 43 24 26 20 10 9 8 16 2 59 25 3 1 32 62 13 14 48 7 0 40 4 6 5
19 34 45 11 33 37 18 26 17 43 20 10 51 21 22 14 2 44 52 58 7 12 53 1 30 60 0 25 50 59 13 32 29 23 24 6 39 38 42 49 3 46 61 8 55 62 48 9 31 57 40 56 54 63 15 41 5 4 16 47
37 45 53 38 31 20 21 54 29 39 18 9 44 51 63 30 43 14 58 52 59 42 0 61 12 46 55 50 60 47 26 57 49 41 7 11 40 23 13 25 19 62 34 5 17 48 32 10 33 1 8 24 16 56 6 15 4 3 22 2
37 45 44 29 38 47 39 52 51 50 20 21 19 11 30 31 54 34 59 60 43 61 25 41 3 16 26 22 32 57 33 53 63 10 49 48 12 42 40 24 46 2 58 55 13 5 62 18 6 14 1 7 17 9 15 23 4 0 8 56
26 34 44 37 43 51 25 17 46 38 52 21 39 33 29 61 8 20 59 47 13 14 24 55 45 6 18 31 42 30 19 60 22 11 23 10 63 15 53 40 5 7 41 32 3 50 49 12 48 1 4 2 9 56 57 16 0 58 54 62
37 43 18 21 34 44 45 26 50 42 52 29 33 40 19 38 13 59 25 20 51 5 53 54 31 11 55 39 47 62 4 49 61 63 22 14 30 15 6 10 48 16 24 56 46 23 9 58 8 1 12 2 41 3 57 60 0 7 17 32
26 18 37 29 10 25 20 13 22 38 24 44 4 30 53 42 46 9 43 21 41 47 34 51 11 39 8 2 59 5 45 15 14 61 6 50 33 58 17 32 40 0 19 55 62 48 3 60 56 23 52 1 12 49 54 7 16 63 31 57
19 34 44 21 20 18 43 42 9 51 50 17 26 52 59 25 53 62 10 3 54 57 32 41 33 0 14 60 40 58 8 29 30 37 38 49 11 12 5 16 24 48 13 7 61 45 15 63 46 39 55 47 31 6 56 1 2 4 22 23
26 18 44 25 9 29 20 13 24 52 6 34 42 33 30 21 53 17 8 1 14 31 16 51 50 43 45 62 37 46 39 11 32 60 23 22 61 58 0 41 48 38 54 15 12 49 57 56 63 7 5 10 59 40 4 55 47 2 19 3
26 34 44 20 19 52 37 17 41 29 21 30 43 10 61 11 45 51 38 14 18 25 1 39 42 49 8 16 12 4 57 9 0 40 13 6 2 58 50 56 23 46 54 3 48 62 7 53 55 63 33 32 24 60 5 15 31 59 22 47
37 43 50 51 34 45 20 18 19 21 44 52 10 30 13 12 59 1 11 49 53 5 38 46 55 42 22 62 57 33 26 39 4 17 61 54 47 58 41 63 25 16 2 40 29 9 31 23 32 48 15 3 8 24 14 0 56 6 7 60
37 29 20 43 34 11 50 41 25 45 44 33 26 16 54 51 22 21 30 39 38 17 12 42 40 47 19 48 60 52 32 13 3 14 31 61 9 58 59 2 4 24 6 10 63 53 1 57 56 5 62 49 46 18 55 0 8 7 15 23
44 43 34 25 51 59 42 50 18 37 45 20 30 46 53 38 58 62 26 19 61 57 24 16 12 49 48 60 47 4 52 40 54 63 55 17 8 22 41 39 29 9 21 11 56 13 14 23 31 6 3 33 5 2 10 1 15 7 32 0
37 45 26 20 54 42 34 46 12 19 21 22 38 18 49 55 17 63 23 30 39 11 29 13 2 10 14 43 33 31 62 16 53 52 6 47 3 5 24 25 32 50 41 7 59 8 0 61 44 1 4 48 9 40 56 15 60 51 58 57
44 45 46 43 42 34 26 20 29 38 30 41 12 18 19 31 10 11 13 5 4 33 6 51 58 2 32 59 49 24 22 48 9 40 37 52 39 50 60 16 8 0 56 14 53 61 57 62 3 21 63 47 7 23 54 55 15 25 17 1
37 43 50 21 19 42 29 11 3 45 22 18 13 57 38 4 53 15 20 14 9 26 34 30 58 17 51 1 5 46 8 6 47 2 39 25 16 61 60 24 52 54 12 33 31 0 23 55 44 41 62 49 10 59 56 48 7 32 40 63
26 20 45 25 21 54 24 18 44 43 52 61 9 22 60 34 38 59 33 0 19 41 50 11 63 29 15 16 42 32 48 23 17 7 10 37 30 47 31 49 1 8 3 58 13 4 51 12 2 46 53 6 14 56 39 55 5 62 57 40
26 20 29 34 44 38 22 45 42 33 11 2 43 52 21 17 50 51 18 25 8 19 54 14 32 63 60 57 47 30 49 46 37 53 15 41 6 59 62 55 4 61 40 39 23 9 0 7 12 13 48 16 58 5 3 56 24 10 1 31
19 18 37 45 26 29 44 10 9 51 20 11 21 43 2 13 52 61 50 0 53 62 38 39 54 63 31 42 8 16 12 23 6 34 14 1 25 17 41 7 15 24 55 57 49 22 33 58 59 47 56 48 32 40 60 5 4 3 46 30
44 45 19 34 43 42 41 25 49 26 18 11 37 29 3 4 16 40 33 56 9 0 17 32 10 8 24 1 20 12 38 50 52 53 54 2 58 62 30 47 31 63 57 23 48 59 22 51 61 60 5 15 55 39 46 6 14 13 7 21
37 29 19 43 30 18 44 11 51 46 26 45 47 33 17 16 40 50 10 54 24 55 4 31 42 58 53 34 60 39 25 59 38 9 0 41 63 32 48 20 8 2 52 1 22 61 57 56 13 49 12 3 23 6 21 15 7 14 62 5
19 18 44 11 10 29 9 42 43 50 51 59 58 53 34 17 45 26 12 37 22 30 24 2 38 4 52 57 25 33 61 8 32 46 3 15 39 40 54 55 60 47 41 16 63 49 1 5 0 23 13 62 6 14 31 21 7 20 48 56
19 20 45 34 12 37 44 29 18 51 38 30 31 21 43 26 14 47 25 22 15 3 39 53 4 10 52 24 11 13 17 23 1 50 57 5 33 60 59 40 7 32 16 49 41 46 62 6 48 54 61 42 2 56 55 9 8 58 0 63
44 29 21 43 37 14 50 46 13 52 42 49 48 12 45 38 53 58 55 30 19 47 51 40 7 20 33 26 31 57 11 62 54 22 56 2 10 34 25 23 15 1 41 5 32 17 9 59 24 63 60 18 3 4 6 39 0 61 16 8
37 45 19 38 39 18 52 43 9 29 20 11 2 30 44 0 23 47 22 13 55 21 5 61 42 4 16 34 41 54 63 15 51 31 46 58 10 26 60 62 25 53 17 24 3 12 14 33 40 49 56 6 32 59 48 8 7 57 50 1
26 34 43 50 41 32 45 19 42 18 33 24 52 21 11 10 49 51 25 3 44 17 8 16 9 61 40 38 14 0 46 48 37 20 12 54 57 13 58 15 55 22 7 47 53 30 39 29 31 23 1 60 2 4 59 6 62 56 5 63
19 34 43 50 33 20 51 10 37 29 11 12 52 45 1 32 25 9 21 17 49 18 46 55 16 57 42 41 56 13 22 59 61 30 60 23 54 38 40 53 39 26 14 48 3 5 24 8 62 2 7 0 58 47 63 31 6 4 44 15
44 29 19 10 22 43 18 45 51 26 34 58 59 30 2 14 46 60 11 37 53 25 32 52 15 33 17 55 13 12 39 42 50 24 16 62 20 9 40 41 57 47 61 38 0 54 63 21 48 6 4 49 1 3 31 8 5 23 7 56
44 29 21 45 19 52 53 61 60 26 46 10 37 38 20 30 42 54 23 34 31 14 62 50 41 55 18 63 58 17 12 51 16 49 7 24 8 25 57 43 59 4 13 5 2 56 3 33 39 11 40 15 22 1 9 47 48 32 6 0
19 34 44 37 30 20 26 25 12 29 21 43 42 50 24 16 33 52 60 11 17 53 58 22 62 38 15 5 23 31 13 61 18 7 46 54 2 4 8 49 41 57 6 51 40 14 59 10 3 9 39 47 45 63 0 56 32 55 48 1
26 18 44 43 10 21 50 52 19 17 45 2 9 38 20 34 46 57 11 53 22 47 51 0 54 4 12 60 61 23 25 59 14 1 49 5 8 33 29 37 15 13 42 31 40 41 58 63 32 16 55 62 30 48 39 24 56 3 7 6
26 18 10 20 45 42 43 25 19 17 9 44 32 33 34 11 41 40 48 8 12 37 29 52 59 49 2 22 21 3 0 13 1 30 50 54 4 5 39 31 23 14 53 56 16 60 6 24 38 15 61 58 63 46 55 62 7 51 47 57
19 34 44 37 26 51 41 18 52 48 46 25 24 20 9 10 12 38 42 33 32 13 45 5 29 53 21 54 31 30 61 17 55 1 0 43 39 47 4 8 2 40 16 63 56 60 59 58 14 3 11 23 62 22 57 50 15 49 6 7
44 45 19 43 52 59 51 20 46 26 12 38 53 62 33 11 2 21 30 17 60 47 37 39 31 3 22 40 18 14 25 58 5 54 34 10 32 61 16 4 13 8 15 23 29 9 42 41 0 1 24 6 49 56 48 7 57 63 55 50
26 18 10 34 45 19 20 2 33 42 49 11 25 54 41 43 1 50 4 0 51 16 17 57 52 29 38 53 22 47 3 48 12 15 56 37 44 40 63 24 32 9 21 30 60 59 61 62 8 13 46 39 5 55 58 14 31 6 7 23
19 20 13 26 34 10 25 43 37 29 30 12 1 14 4 22 38 41 42 33 24 32 50 51 44 17 60 59 49 48 6 18 58 15 9 57 56 8 40 39 11 53 45 2 3 21 5 52 7 46 31 16 61 23 55 47 54 63 0 62
26 20 13 42 45 12 34 44 37 30 11 18 38 6 43 4 22 46 25 31 21 39 50 33 9 17 41 29 54 40 5 19 52 57 23 15 58 60 48 49 32 1 16 51 56 24 14 53 61 10 3 55 47 63 2 8 59 62 0 7
19 34 44 53 43 52 62 20 21 26 42 11 2 29 45 51 60 13 38 49 22 30 17 25 50 54 18 37 58 23 55 8 48 47 32 12 14 9 16 61 33 63 15 6 7 57 0 24 5 1 39 3 31 40 4 59 10 56 46 41
26 34 44 37 30 38 43 18 19 53 46 42 9 29 21 12 10 31 39 45 3 23 54 11 4 13 22 1 41 14 17 8 2 25 15 5 32 48 0 20 52 55 6 7 24 49 50 40 51 63 47 58 16 61 56 59 33 62 57 60
26 18 19 34 44 11 10 12 17 9 1 0 42 16 20 2 8 37 30 29 4 24 22 5 32 21 25 45 3 52 13 50 54 53 38 47 43 14 15 61 46 31 63 55 39 23 62 41 40 7 57 58 6 48 51 56 60 59 33 49
44 45 19 18 46 11 10 20 9 42 26 43 34 0 12 3 51 21 4 47 49 17 33 58 59 60 37 41 55 63 54 57 56 29 2 1 61 32 30 53 13 38 8 6 14 16 39 50 22 31 25 62 52 48 40 15 5 23 7 24
26 20 29 18 43 25 19 44 21 10 24 12 3 38 30 5 17 33 41 11 53 40 42 1 22 51 50 62 34 16 8 39 4 45 14 23 60 58 49 13 59 2 31 48 47 57 7 32 56 55 37 15 52 9 63 46 0 61 54 6
44 45 46 43 42 34 26 50 58 57 56 18 9 10 49 48 2 47 52 41 40 17 38 25 33 60 54 24 19 1 8 29 20 32 59 62 0 3 30 21 4 37 14 61 31 53 12 39 63 23 55 22 15 7 5 6 13 11 51 16
44 29 19 52 37 43 51 18 61 59 34 20 26 45 10 11 21 13 22 38 3 1 30 33 58 50 60 53 12 2 25 15 32 17 5 41 4 31 40 14 42 48 24 49 56 9 23 6 54 62 8 16 39 57 63 47 7 0 46 55
37 43 50 21 20 19 26 38 10 57 51 34 29 25 12 1 18 4 24 17 45 33 42 59 31 30 13 6 16 44 39 22 32 54 23 11 52 8 9 53 2 41 60 61 40 58 14 3 46 55 47 49 56 48 0 5 63 7 15 62
19 20 37 34 21 29 41 26 18 14 22 30 31 42 12 25 7 6 32 5 3 17 11 40 10 13 4 44 16 9 51 52 43 50 49 15 45 48 2 39 23 33 61 24 59 60 38 46 53 58 57 1 55 8 0 54 56 47 62 63
44 45 26 43 37 17 50 29 52 60 19 42 30 22 34 10 46 23 59 53 54 47 8 61 11 12 62 24 21 20 39 18 15 55 14 38 2 13 6 33 4 41 48 51 63 1 9 7 16 58 0 40 32 5 57 31 49 3 25 56
26 34 42 20 45 25 16 49 18 17 50 51 13 19 56 24 10 6 32 9 0 44 53 54 46 3 2 52 58 43 21 37 8 39 61 33 38 1 55 29 41 40 14 47 12 22 31 57 30 23 48 5 4 15 11 62 63 60 7 59
37 43 18 21 19 38 44 45 39 30 42 11 10 20 14 22 26 17 46 49 29 1 9 50 51 54 31 7 57 59 63 25 55 62 61 41 24 53 56 32 13 15 2 52 40 23 58 5 33 16 8 0 47 34 6 3 12 4 60 48
37 43 50 21 20 51 52 45 44 53 22 30 46 38 26 58 42 39 31 60 54 47 23 19 55 41 40 34 11 59 49 61 62 3 18 17 4 63 29 9 16 32 33 5 0 13 57 8 14 2 25 15 24 10 7 48 1 6 56 12
44 29 19 42 30 53 34 21 37 33 49 26 43 31 62 10 24 32 13 16 17 12 18 56 5 51 40 8 60 3 58 14 7 59 11 50 46 61 39 47 57 45 52 15 2 48 55 63 4 38 23 54 25 20 9 1 41 6 22 0
37 43 34 45 44 25 51 59 26 19 58 46 60 53 24 18 30 29 11 20 39 12 10 16 32 17 38 55 13 62 41 3 47 31 61 52 9 50 33 4 21 14 6 54 42 8 63 57 7 49 48 15 2 40 23 22 56 1 5 0
44 45 26 34 42 18 20 50 41 29 46 11 58 43 52 51 60 33 17 49 25 57 19 24 12 37 21 30 23 8 3 47 40 10 56 5 9 1 53 54 39 48 4 13 22 59 6 31 16 14 15 38 63 32 55 62 61 7 0 2
44 45 19 34 46 21 43 42 29 47 54 20 18 26 25 10 11 3 14 9 50 51 41 24 58 52 0 12 38 48 59 22 37 17 8 49 1 63 53 30 15 60 61 23 2 7 4 62 33 16 13 5 31 40 39 32 57 55 56 6
37 43 26 29 34 25 33 45 51 41 17 50 42 52 60 19 40 48 49 56 58 59 21 13 46 20 11 8 5 3 53 61 44 39 62 16 12 14 9 24 18 54 55 2 0 57 23 7 22 15 38 10 1 47 6 31 32 63 4 30
44 45 37 43 18 30 50 21 29 9 46 51 52 57 42 49 26 34 56 61 41 25 23 47 59 38 24 16 0 17 14 48 60 31 22 53 40 15 19 6 10 8 55 20 12 33 11 5 7 32 54 13 58 3 39 63 62 2 4 1
26 20 45 34 18 42 29 19 12 9 43 54 10 50 51 21 49 56 30 60 44 25 0 31 41 53 33 37 39 32 40 2 63 24 52 62 48 55 61 57 1 23 16 3 15 11 5 58 4 8 13 46 38 47 22 6 7 17 14 59
26 34 44 18 25 32 10 20 12 9 8 13 42 29 19 0 16 2 6 24 1 52 33 43 37 11 61 17 30 50 3 45 57 4 53 41 49 46 39 55 38 31 47 54 21 5 14 15 22 51 23 58 60 59 40 48 63 56 7 62
19 18 26 20 21 37 38 34 12 22 9 29 17 3 23 0 33 44 53 45 30 39 1 52 43 62 60 59 58 14 5 25 41 6 50 42 10 8 16 2 31 32 54 57 24 61 40 55 47 4 7 13 11 15 63 46 56 49 51 48
19 18 26 20 12 42 44 45 46 43 10 25 32 53 52 39 51 50 58 2 59 29 37 54 21 60 55 24 38 4 61 30 17 11 33 16 23 22 5 34 1 40 41 9 63 13 14 49 48 62 6 15 8 47 7 0 31 57 3 56
44 29 22 30 21 13 19 31 15 14 7 20 5 6 39 4 12 38 3 47 46 11 18 34 26 23 41 52 60 17 55 53 10 54 8 33 42 43 40 32 51 2 9 0 1 61 24 58 25 59 37 16 50 62 45 49 57 56 63 48
19 18 44 29 37 43 51 26 33 34 22 40 25 45 32 11 10 21 12 58 48 9 17 41 59 15 50 2 16 42 57 24 52 5 54 56 30 31 13 3 23 49 4 63 14 46 7 53 1 0 20 38 47 39 62 8 61 60 55 6
44 29 18 43 45 19 26 46 53 61 20 13 22 38 30 25 24 11 34 31 50 9 4 51 21 41 32 16 15 14 62 52 5 6 7 37 23 60 0 12 54 48 42 55 39 59 49 63 8 33 3 58 10 2 57 47 1 56 40 17
44 43 18 19 10 21 37 53 51 42 41 1 11 52 61 9 45 12 5 49 20 38 57 62 30 40 29 46 0 17 54 56 2 3 34 13 33 48 14 31 8 26 22 55 4 63 24 59 60 6 58 50 7 15 32 25 16 47 39 23
44 43 42 51 18 53 52 33 59 26 45 19 49 9 0 29 54 63 55 34 11 20 37 12 22 17 10 8 13 25 2 30 5 6 16 24 7 61 60 31 38 41 48 3 40 39 1 46 62 57 32 47 50 21 15 23 14 58 4 56
19 20 13 34 44 53 42 12 11 50 37 38 21 4 5 6 49 26 51 18 52 56 10 25 17 16 46 39 3 43 29 1 33 40 62 57 58 45 24 9 8 54 47 2 61 63 0 30 22 23 15 32 48 60 14 31 7 59 41 55
26 20 29 38 44 34 18 52 45 17 33 10 59 40 13 11 25 54 21 19 32 43 16 24 9 61 31 5 6 0 22 37 53 7 12 60 46 42 51 55 30 14 3 4 1 50 41 57 63 58 48 62 47 39 15 49 56 8 23 2
37 45 26 34 54 38 44 53 52 51 39 59 50 18 25 60 33 49 10 32 43 61 57 30 46 20 58 42 62 11 21 19 24 41 29 31 12 3 23 14 47 2 40 5 13 6 4 63 55 9 22 15 1 0 17 16 8 48 7 56
26 20 29 22 44 34 18 52 53 25 21 43 12 19 14 62 32 17 23 13 61 33 40 3 8 15 24 42 45 54 50 11 47 60 9 16 5 41 37 1 49 58 7 30 59 63 51 0 46 38 55 6 31 57 2 10 48 39 56 4
44 45 37 29 46 55 47 34 26 39 19 38 42 25 18 49 22 21 50 17 43 58 41 15 59 53 33 11 10 40 54 2 16 52 48 60 20 61 14 12 51 30 24 8 0 32 13 56 31 5 63 62 3 7 1 4 57 23 6 9
44 29 22 52 21 15 30 31 53 34 42 13 37 38 23 39 47 50 4 62 49 48 12 45 60 55 54 51 46 14 43 5 19 18 56 33 41 26 32 3 7 40 17 20 61 8 63 24 25 57 11 6 2 10 9 1 0 59 16 58
26 20 13 42 45 12 44 34 41 18 9 14 49 56 43 50 21 32 58 51 3 10 48 37 30 54 59 52 63 29 19 53 7 31 11 25 40 5 62 22 46 38 39 1 6 61 15 23 17 8 60 47 57 55 2 4 0 16 24 33
26 18 44 43 34 42 49 50 19 37 46 20 17 48 41 33 21 52 56 11 40 25 24 30 53 13 60 45 29 16 39 23 38 47 57 51 10 12 3 58 8 4 59 32 9 61 62 2 5 1 22 31 0 14 55 54 7 6 63 15
26 34 43 18 29 30 21 13 17 16 14 15 7 52 5 37 23 25 45 44 46 47 33 20 50 42 9 10 11 57 31 40 53 6 12 2 32 19 60 54 41 48 3 49 58 8 56 62 51 22 24 61 0 38 59 39 1 4 63 55
19 18 26 34 41 20 43 42 11 52 51 4 33 32 44 60 25 40 48 12 59 58 37 45 24 50 17 30 3 8 21 13 9 2 53 61 5 10 49 57 29 38 1 22 56 14 46 39 0 54 7 6 47 55 62 31 15 63 23 16
19 20 45 34 33 18 12 41 48 54 26 42 25 40 9 21 32 11 2 13 44 24 50 51 49 56 17 53 30 8 52 29 6 4 16 58 46 37 60 14 55 1 7 47 59 23 31 39 43 38 22 61 63 3 10 15 5 62 0 57
37 29 19 26 33 42 44 46 30 21 20 45 47 17 34 31 23 40 50 12 32 11 8 53 13 25 2 43 41 15 22 55 63 4 3 38 39 24 5 51 62 9 10 60 52 1 14 61 0 59 7 6 49 54 18 58 48 57 56 16
37 45 19 38 39 31 53 47 34 29 52 44 61 42 26 25 20 33 24 62 40 51 12 46 50 21 60 17 14 11 54 22 9 55 18 4 2 43 10 57 58 16 8 3 5 30 56 0 1 59 63 32 15 49 41 23 13 7 6 48
44 45 46 29 21 52 53 13 26 34 43 54 14 17 63 39 59 62 12 18 38 20 37 4 51 30 33 58 11 40 10 2 24 60 19 15 3 25 47 1 61 55 31 9 0 8 5 42 41 16 23 50 7 48 57 22 49 6 32 56
37 43 34 45 20 18 19 33 44 11 46 38 30 12 10 29 17 1 32 24 3 41 49 42 22 48 50 56 26 40 8 55 13 25 16 39 57 9 2 4 5 0 31 6 21 58 47 53 60 51 54 23 59 63 15 62 52 14 7 61
26 20 21 34 44 22 42 41 18 10 25 32 12 50 48 19 14 29 15 7 59 40 11 13 6 58 57 56 4 53 9 43 52 17 33 45 38 51 49 2 1 47 61 54 37 5 60 3 24 30 63 55 31 0 46 16 39 62 8 23
44 45 37 29 38 42 52 43 20 54 34 59 41 31 60 11 12 26 53 48 22 30 63 61 17 13 46 49 39 18 4 51 56 50 21 62 10 3 47 8 25 33 40 24 23 2 55 5 58 14 32 57 16 9 6 7 15 19 0 1
19 18 26 34 17 21 25 9 43 32 1 0 33 16 37 45 14 44 52 40 41 12 3 24 38 46 10 48 20 30 8 22 49 42 31 53 54 60 51 55 29 4 15 59 13 56 39 61 5 63 57 23 50 2 11 7 6 62 58 47
44 29 19 43 37 26 18 53 25 30 46 24 51 42 34 45 54 17 41 59 52 10 23 50 49 62 60 56 57 32 48 63 22 55 21 31 38 47 11 58 8 16 39 40 33 14 12 4 3 13 5 6 9 61 15 20 7 1 0 2
44 29 20 11 18 34 12 25 19 21 9 37 41 48 22 51 3 13 43 42 6 10 17 23 50 49 52 60 32 1 15 7 40 30 61 26 39 62 45 53 58 46 59 56 47 16 38 0 8 14 63 4 54 33 2 5 24 55 57 31
44 29 19 52 53 42 37 26 60 45 33 17 38 51 20 12 4 54 62 13 11 22 30 46 55 3 47 61 18 40 23 5 6 31 24 43 2 10 1 9 0 41 25 14 49 58 50 8 34 63 57 39 15 7 59 21 16 56 48 32
26 20 37 42 12 17 49 44 52 38 43 53 46 4 60 19 10 21 29 3 25 62 13 33 18 14 22 45 1 59 6 55 40 51 8 9 16 23 0 15 30 61 5 39 2 41 32 57 58 11 54 56 34 7 48 24 63 50 47 31
37 43 42 29 44 51 21 41 59 30 49 12 19 20 5 56 23 10 45 4 34 6 48 40 22 60 50 31 11 18 13 26 1 53 3 9 54 57 2 63 62 46 8 17 32 15 39 0 47 33 52 24 55 16 14 7 61 38 25 58
26 34 42 20 21 41 40 50 59 14 13 12 43 18 19 48 5 10 2 4 25 1 29 37 7 22 15 38 32 33 45 58 49 46 31 24 54 23 51 17 11 39 9 3 57 44 0 52 53 55 60 61 47 16 8 6 63 30 56 62
19 20 21 34 43 12 45 18 17 37 29 51 33 11 4 16 52 54 25 41 10 30 44 61 32 13 38 3 26 22 6 40 48 46 63 24 9 42 23 49 59 14 57 58 55 56 50 1 15 5 47 39 0 7 31 60 53 62 2 8
44 43 34 45 51 41 19 42 54 29 48 46 53 60 52 62 55 20 22 59 38 26 21 47 18 61 25 24 39 13 12 30 33 10 50 31 23 58 11 40 32 15 14 4 17 3 49 37 2 63 16 57 5 7 6 1 9 0 8 56
26 18 37 45 10 34 54 21 43 2 19 52 59 46 14 44 50 7 11 63 25 3 12 42 30 5 38 29 47 22 15 20 9 32 17 51 23 53 58 49 31 1 16 33 4 13 41 57 40 60 62 39 0 48 8 24 61 55 56 6
44 29 22 45 43 51 50 52 53 60 37 49 19 18 26 54 10 34 46 17 8 38 33 1 57 30 41 9 62 31 2 13 15 55 0 14 47 32 63 25 23 21 20 12 11 48 59 4 39 6 16 58 61 42 24 40 5 7 56 3
44 45 19 43 51 58 52 37 50 10 20 12 11 2 30 59 1 53 21 18 17 23 34 29 46 16 39 49 42 31 15 0 57 33 61 26 8 41 3 55 9 38 60 25 32 48 47 62 56 4 5 14 54 13 7 40 24 22 63 6
19 18 26 20 45 54 12 11 3 10 44 43 50 21 52 13 38 51 63 25 9 8 29 49 22 47 34 42 57 53 48 61 37 14 1 30 60 46 41 33 5 40 17 4 55 56 62 32 39 2 7 0 6 59 23 24 58 31 15 16
37 43 26 17 50 29 22 38 25 21 9 8 45 1 30 33 44 20 39 51 12 46 34 31 32 41 18 15 16 3 59 42 40 19 10 57 48 49 4 58 47 5 23 54 63 2 11 55 13 60 7 24 0 62 6 14 52 56 53 61
37 29 19 26 33 11 3 45 46 25 44 41 22 30 17 52 31 15 59 38 43 55 47 34 23 39 24 60 61 50 32 53 51 10 54 58 12 8 20 57 21 5 18 42 14 63 16 9 0 48 56 62 40 6 49 13 4 2 1 7
26 34 42 20 37 46 29 21 22 44 45 17 14 41 25 19 38 18 55 32 40 39 43 54 47 13 53 51 9 48 5 15 33 62 59 16 10 58 31 50 12 3 60 30 57 6 61 2 0 56 52 49 8 11 4 24 7 1 23 63
19 20 13 18 17 42 43 34 41 33 29 21 14 6 5 52 25 37 46 50 51 16 59 55 38 32 53 45 11 57 44 39 24 60 47 22 54 3 23 63 26 49 58 30 10 1 15 9 2 62 31 7 48 12 4 56 8 61 0 40
26 18 10 20 45 25 21 2 17 29 19 13 37 53 14 24 61 30 32 33 38 40 6 11 9 42 39 7 12 1 43 47 15 34 8 52 16 22 50 31 46 59 44 51 48 49 56 41 57 23 60 4 58 3 5 54 0 55 63 62
37 45 53 43 18 38 46 19 31 20 21 14 34 10 50 55 54 39 29 23 47 42 2 44 52 58 57 33 59 60 63 56 25 1 22 13 7 3 15 30 49 12 62 41 5 6 11 9 8 26 17 61 51 16 40 4 24 48 0 32
37 29 19 45 46 18 17 47 44 9 22 25 0 20 53 60 10 3 1 52 16 42 34 21 55 26 12 24 54 5 2 23 4 38 51 58 49 56 8 11 32 62 13 59 43 41 48 40 50 30 31 63 15 33 6 57 39 14 7 61
37 29 22 45 26 18 10 20 19 38 43 44 39 21 54 47 46 52 60 62 13 42 63 12 4 31 49 34 50 61 55 59 30 41 23 53 40 2 17 15 58 16 1 57 14 33 25 5 56 6 32 24 3 0 11 9 7 48 8 51
44 45 46 52 19 34 60 37 30 18 43 20 29 31 25 42 21 26 49 12 11 61 5 22 23 38 54 62 51 15 14 6 55 10 39 58 2 16 24 59 41 9 7 17 53 47 13 63 8 40 56 50 57 4 3 1 33 32 48 0
26 18 37 45 19 34 9 20 53 0 21 22 33 41 14 32 10 29 40 61 17 44 1 11 62 6 12 13 46 43 15 52 49 30 42 3 51 7 4 50 2 16 25 24 60 59 58 48 31 39 47 54 38 5 57 56 63 55 8 23
37 29 19 45 30 34 46 21 43 10 25 18 14 20 26 32 24 33 54 13 12 53 61 63 44 5 41 31 55 40 48 47 23 11 9 3 39 49 58 4 50 6 22 17 42 0 1 38 7 52 62 56 2 60 51 16 15 59 57 8
37 43 26 19 12 29 30 22 51 25 24 50 14 15 49 38 44 10 21 34 39 33 32 57 17 13 42 46 23 59 18 40 7 11 41 31 1 2 58 47 56 6 48 53 4 3 20 16 60 5 45 54 55 0 61 62 52 63 8 9
26 18 10 34 44 45 46 43 42 29 30 54 63
44 29 19 43 51 26 33 25 17 59 37 52 42 34 45 32 18 49 41 21 13 53 61 8 50 14 48 24 15 60 16 10 20 54 22 56 57 9 0 23 2 3 62 58 40 38 63 55 1 5 7 46 30 31 47 11 4 39 6 12
19 18 26 34 42 29 17 11 20 49 2 3 45 33 25 1 40 21 50 51 43 16 10 32 57 44 22 30 12 24 31 39 41 46 47 56 14 58 59 53 8 7 9 15 48 54 37 38 13 5 6 4 55 23 61 0 52 60 63 62
37 29 21 43 18 38 47 13 30 22 51 26 12 11 4 34 14 52 50 9 53 44 33 45 20 5 19 41 0 10 25 31 6 17 49 40 3 62 15 23 54 32 39 63 42 2 1 8 55 59 24 46 58 16 60 61 48 7 56 57
26 18 37 45 53 20 21 34 19 12 17 46 3 5 42 54 39 47 10 61 63 31 52 33 41 62 32 43 59 40 51 50 48 49 55 8 29 44 4 9 11 58 16 22 6 14 13 30 15 2 60 57 1 0 56 23 38 25 24 7
19 18 17 11 26 37 45 53 4 16 38 33 8 25 24 46 29 31 39 30 60 3 20 54 63 9 32 12 21 52 47 22 42 44 51 10 5 34 2 49 43 58 13 41 40 61 15 50 57 59 23 55 62 7 0 1 6 14 56 48
37 43 42 41 49 57 18 21 50 46 34 33 32 19 45 26 48 10 24 58 47 25 59 55 2 29 44 11 40 39 14 54 56 52 3 1 63 12 60 51 5 4 0 20 38 7 30 53 61 62 31 22 23 17 9 6 15 16 13 8
26 18 10 43 45 21 50 19 12 54 30 14 37 25 29 2 7 31 1 0 23 51 9 13 33 3 17 16 42 57 11 15 39 24 49 48 58 44 4 59 56 40 20 22 38 47 60 5 52 61 6 53 8 41 55 62 34 46 63 32
19 20 21 18 37 13 12 11 34 46 9 29 38 17 4 1 3 30 25 44 0 33 32 26 6 16 2 5 42 43 47 49 54 7 53 55 63 22 51 60 45 52 50 58 10 57 56 62 39 40 59 31 15 14 61 24 41 8 23 48
37 43 50 51 52 59 26 53 42 57 60 29 45 34 61 18 9 20 30 62 17 54 63 44 21 0 58 8 11 4 56 31 19 33 2 41 40 48 23 3 25 32 38 14 12 55 46 22 47 49 13 1 10 15 6 5 16 39 24 7
44 43 42 45 37 29 18 41 21 9 53 20 40 22 19 54 12 61 46 49 57 4 0 38 31 11 34 51 2 56 47 3 13 26 63 39 62 25 17 60 10 8 58 48 50 30 24 59 55 16 14 6 7 32 5 1 52 23 15 33
19 20 29 34 21 13 43 38 37 44 11 42 50 3 51 45 6 60 53 52 47 62 49 31 26 48 56 41 58 59 2 1 33 46 61 22 30 54 55 39 14 17 10 40 23 12 18 5 24 9 0 57 63 15 4 25 16 8 32 7
37 43 26 19 12 45 51 34 54 18 41 38 33 63 29 17 10 59 52 11 4 30 39 9 50 25 1 47 53 24 55 8 31 40 22 13 20 5 0 3 6 61 32 49 57 44 48 46 2 21 16 23 60 62 14 15 58 42 7 56
37 29 22 45 21 38 53 54 19 13 30 10 4 14 47 12 63 39 5 52 11 26 23 34 46 31 51 3 44 6 20 55 41 60 15 50 2 33 43 18 9 7 62 8 49 1 0 17 32 59 58 61 42 40 24 16 48 25 57 56
19 18 26 20 11 10 45 43 9 3 50 34 12 13 25 37 42 41 32 0 33 2 14 48 40 15 46 54 17 55 5 58 8 21 59 44 52 1 22 51 23 29 60 24 30 57 38 53 7 61 6 16 47 49 4 39 31 63 62 56
44 29 20 43 42 34 41 18 38 33 25 12 21 30 4 3 11 49 57 47 14 5 37 52 19 40 53 54 62 32 55 58 2 13 60 51 26 63 39 7 17 61 22 24 59 31 50 46 16 10 8 1 23 9 15 56 48 6 0 45
44 43 26 19 50 51 42 37 38 49 57 17 11 12 21 20 25 58 8 14 10 33 7 39 46 29 56 53 30 48 55 54 60 22 24 1 13 18 15 5 2 59 4 40 23 34 0 16 62 31 6 45 32 61 41 63 47 52 9 3
19 20 13 42 43 10 44 51 50 37 45 49 26 21 29 30 53 46 57 25 48 12 47 14 4 54 38 55 61 31 63 5 34 18 59 3 24 33 9 41 11 17 22 56 52 60 1 40 58 23 7 6 15 2 8 39 32 62 16 0
26 20 37 44 19 38 39 18 10 30 12 1 2 46 29 43 21 23 55 33 34 17 16 42 47 4 0 8 45 24 22 15 50 3 11 31 40 52 60 61 14 13 62 49 48 41 9 63 5 6 25 54 51 56 32 59 57 58 7 53
44 29 18 42 26 52 53 25 49 9 51 56 17 34 20 16 38 37 30 22 24 32 8 31 40 60 50 58 21 45 54 14 33 19 39 63 10 0 2 46 47 11 43 55 12 4 62 41 59 57 3 61 13 48 23 15 6 7 5 1
44 43 26 19 50 25 11 53 34 29 52 45 46 3 16 60 17 47 37 33 18 8 30 51 20 10 32 23 31 22 15 21 0 57 12 42 55 40 41 54 58 48 39 59 1 2 9 49 63 13 62 38 6 5 61 24 56 7 4 14
19 18 26 20 29 33 37 46 12 30 40 11 38 43 22 45 54 25 50 41 44 59 9 15 3 52 60 10 58 13 34 51 16 23 57 0 21 14 17 42 48 2 8 47 55 4 31 53 49 39 6 32 7 5 1 24 62 56 61 63
19 18 26 20 21 22 13 42 29 37 12 14 31 30 38 46 55 17 47 5 6 15 23 34 3 11 4 54 43 44 51 52 9 10 39 63 2 59 49 45 16 24 7 1 0 33 8 56 41 48 60 61 50 57 58 25 62 53 32 40
37 45 19 18 26 38 44 10 30 42 34 33 54 20 12 63 25 51 52 17 39 31 40 23 8 41 43 49 48 11 60 58 24 50 3 53 57 4 62 32 55 61 16 0 46 29 15 59 5 56 13 1 47 9 2 21 14 7 22 6
26 20 13 18 21 34 25 16 44 37 46 12 9 38 4 19 42 11 32 29 22 2 3 23 39 47 31 55 45 10 1 30 53 24 17 40 15 54 33 41 48 14 52 43 49 57 6 51 56 58 60 5 59 7 8 61 62 50 0 63
26 34 43 52 37 20 50 25 16 29 13 42 61 57 51 6 19 60 33 44 12 62 38 11 5 47 58 41 30 21 39 4 53 32 2 10 48 59 22 54 1 31 40 46 55 45 23 15 63 24 17 3 18 9 0 56 7 8 49 14
19 18 37 20 11 45 53 34 12 21 10 29 26 2 33 42 9 1 22 30 41 14 38 47 43 48 13 3 31 54 52 17 40 6 63 61 8 25 7 49 46 50 51 23 5 15 16 44 0 39 56 32 24 59 57 58 60 62 55 4
19 18 37 45 44 20 26 34 46 43 42 38 17 55 31 16 30 33 10 11 12 3 40 54 29 51 8 25 53 49 62 23 1 2 50 39 24 58 9 0 47 4 15 21 63 61 52 60 13 14 41 5 6 22 48 32 7 59 57 56
44 45 37 43 18 9 53 46 52 60 50 38 47 54 29 51 62 21 22 31 13 63 0 19 55 17 42 20 39 61 34 59 25 16 10 4 58 14 26 3 6 41 23 57 32 12 8 11 48 40 30 2 24 5 15 1 33 56 49 7
26 20 13 12 21 6 19 30 5 3 29 4 43 37 14 15 22 44 31 50 38 42 51 10 33 59 1 46 7 45 60 58 2 24 39 25 49 34 32 61 23 18 17 56 16 8 55 41 0 9 54 63 52 53 40 47 62 11 57 48
19 18 44 11 26 34 10 43 17 16 50 1 25 41 8 0 32 53 45 24 4 21 2 9 33 51 42 40 20 52 14 12 3 7 29 30 61 59 60 58 49 38 57 5 48 37 23 22 39 46 15 31 47 55 13 62 6 56 54 63
37 29 19 26 17 11 22 44 10 15 51 9 30 20 21 46 2 52 16 8 60 38 18 43 1 58 47 24 55 14 33 12 59 54 3 40 39 61 25 23 7 45 53 50 34 13 32 31 4 5 49 62 0 57 42 41 48 63 6 56
44 29 21 45 37 30 46 12 13 51 20 43 52 61 58 47 18 59 3 22 53 38 54 14 60 57 6 4 11 26 50 10 19 62 5 49 42 23 33 7 56 48 39 2 31 40 25 15 32 17 63 34 9 16 55 1 24 41 0 8
44 29 20 45 34 33 42 26 37 11 46 54 17 49 62 25 53 8 18 61 32 19 52 51 43 63 10 3 60 21 55 59 4 38 58 2 50 41 24 5 13 14 31 39 7 6 12 40 9 16 1 22 56 48 57 23 30 0 47 15
44 43 18 53 42 20 13 19 21 9 51 26 29 37 34 50 30 14 49 56 11 5 62 46 41 10 7 12 4 31 45 3 55 54 23 39 25 24 1 60 33 52 6 32 38 47 22 17 57 61 63 0 2 15 59 48 58 16 8 40
37 29 20 45 30 23 53 43 18 19 31 46 47 21 15 55 26 60 50 38 61 51 54 62 11 52 59 39 14 9 44 2 3 7 25 57 41 4 12 49 0 32 34 10 42 33 48 5 16 8 63 22 6 13 58 24 17 40 56 1
44 43 18 29 30 45 42 9 53 61 50 31 62 63 21 51 22 33 39 57 49 13 46 38 23 52 5 14 60 54 59 41 19 4 37 58 7 6 40 32 55 11 34 25 26 48 12 24 15 47 16 8 0 17 56 10 20 1 2 3
44 43 34 25 42 37 16 51 20 41 45 53 50 12 32 48 26 59 60 18 33 49 57 58 13 14 9 56 4 40 54 10 15 29 30 8 61 6 24 21 2 0 11 46 19 1 39 52 5 55 38 3 63 31 62 22 23 17 47 7
19 34 41 20 37 18 12 21 11 42 22 45 53 33 44 29 17 46 47 14 26 13 43 2 40 16 6 3 4 49 58 61 51 59 25 32 24 9 8 48 30 38 62 5 50 52 54 0 10 23 1 7 31 39 15 55 63 56 60 57
26 18 37 45 10 20 19 29 46 9 53 11 44 54 12 38 55 25 24 34 2 5 1 13 42 33 17 62 41 32 63 48 49 60 4 43 61 3 59 50 47 0 8 16 57 52 14 40 51 22 30 15 6 58 21 7 56 31 39 23
19 20 13 42 43 50 37 21 57 11 34 12 3 18 14 46 17 30 55 10 39 24 2 22 31 6 29 51 9 7 15 25 41 48 26 33 40 38 45 1 8 16 0 23 44 49 5 47 32 63 58 52 61 60 53 54 62 4 56 59
44 29 20 11 18 25 13 26 17 9 8 16 34 0 30 45 43 41 54 53 2 21 19 6 62 39 32 42 22 51 37 33 59 46 52 60 24 63 5 10 50 14 40 58 15 49 56 4 57 23 38 1 12 31 3 47 7 61 48 55
19 34 43 20 29 51 26 18 10 2 12 37 25 4 11 9 46 13 59 32 14 52 8 22 41 45 6 47 54 42 15 38 24 40 33 5 3 0 53 17 1 7 30 55 50 31 21 60 39 62 23 58 63 61 16 44 49 56 57 48
19 20 45 42 13 26 18 44 34 33 50 46 52 59 32 41 48 53 54 12 5 25 61 6 51 58 49 56 57 11 16 38 10 1 43 62 37 60 4 2 29 24 21 3 63 14 7 30 23 22 47 40 15 55 9 8 17 31 0 39
26 34 44 37 45 21 30 39 42 46 47 17 38 52 18 54 16 19 20 8 31 29 55 50 49 56 41 24 63 10 13 12 60 48 33 40 9 6 3 11 1 62 4 5 53 2 22 61 0 14 58 59 51 43 25 57 7 15 23 32
19 18 44 11 3 20 12 5 21 4 2 45 17 52 60 43 6 9 34 59 58 16 25 26 61 22 33 42 38 24 14 29 41 54 30 15 32 48 1 47 63 50 31 46 40 8 49 0 53 7 56 57 39 51 23 62 13 10 55 37
19 20 21 18 34 22 11 42 17 10 50 16 45 44 43 3 13 33 23 12 26 52 37 41 49 29 30 58 25 56 61 15 8 0 9 24 2 40 38 51 14 7 48 53 4 5 46 1 62 55 32 47 31 39 54 59 60 57 6 63
26 20 37 44 29 17 52 53 11 51 25 21 13 24 18 12 43 6 61 4 9 45 5 46 54 22 8 42 3 1 31 30 34 62 16 10 59 23 32 58 50 60 41 38 2 48 39 57 55 0 40 14 19 33 7 49 15 47 63 56
26 34 44 18 25 37 42 52 45 38 46 30 43 50 9 53 61 0 60 47 57 19 20 21 31 24 11 10 33 51 16 58 29 3 17 8 41 39 14 12 2 49 1 59 4 7 13 62 63 32 23 5 22 48 15 6 55 54 40 56
19 18 37 29 22 43 9 15 51 42 45 53 33 59 60 49 34 32 30 61 54 38 39 46 23 52 47 55 7 20 56 17 10 0 44 2 21 11 63 31 26 58 12 13 4 3 25 40 8 1 24 16 50 41 14 5 6 62 48 57
44 29 20 43 30 21 50 19 34 41 12 22 33 37 32 57 26 10 52 4 3 51 17 25 14 60 46 23 42 38 18 2 53 54 55 45 11 8 58 24 39 13 15 5 6 59 49 48 62 40 9 47 16 61 0 63 31 1 56 7
37 45 26 29 30 20 43 44 11 34 52 21 38 25 22 13 24 16 33 61 8 15 51 39 14 23 47 31 46 55 17 32 5 4 40 19 12 42 50 18 53 7 54 49 58 59 62 6 10 9 60 63 2 48 3 1 41 57 56 0
44 29 22 45 26 15 30 38 46 34 14 17 42 31 8 52 43 18 21 51 59 54 60 16 50 20 33 41 63 32 12 7 9 11 37 3 25 19 24 57 6 13 23 53 2 55 5 4 58 61 49 56 40 10 48 1 39 0 47 62
26 20 13 12 45 14 4 34 22 54 41 11 37 48 53 30 18 44 29 62 61 52 33 25 21 38 63 2 6 55 23 43 16 10 51 24 46 47 60 31 7 58 17 50 9 1 32 19 42 15 5 59 39 49 56 57 8 3 40 0
44 45 46 29 18 42 20 37 38 9 49 54 30 12 43 47 63 62 0 22 55 51 21 19 10 26 15 1 58 8 50 56 34 25 11 4 31 52 3 2 53 23 39 13 17 61 59 33 14 6 16 41 5 24 32 7 40 57 48 60
26 34 41 20 45 25 13 37 44 53 54 29 18 46 43 62 47 17 63 51 59 39 8 42 38 33 19 11 10 48 2 22 49 55 30 58 50 31 14 52 57 4 21 40 32 7 61 3 23 9 60 56 5 12 16 6 1 24 15 0
37 43 34 25 26 19 42 29 21 30 31 22 11 45 53 33 24 50 58 41 51 18 20 4 15 38 12 61 48 57 56 52 54 16 46 32 9 5 44 47 2 60 10 1 39 13 3 8 40 14 6 23 62 49 55 63 0 7 17 59
19 20 45 10 29 38 11 34 1 2 12 3 33 37 31 9 18 53 30 13 6 43 0 32 46 55 44 52 61 23 25 51 4 8 47 39 42 59 60 49 16 21 17 50 22 5 14 26 54 24 57 15 41 40 48 62 63 58 7 56
26 20 13 25 17 42 34 33 29 9 44 21 22 19 49 43 41 40 8 15 24 12 31 56 4 11 3 45 50 59 37 38 46 53 1 55 58 52 60 23 48 6 39 16 32 2 10 57 7 61 18 0 30 54 5 14 51 62 47 63
19 34 44 21 41 10 11 33 20 13 9 2 25 52 3 32 22 49 43 1 60 23 14 5 12 51 26 45 40 29 15 8 0 53 57 42 37 38 31 4 17 50 16 30 46 39 58 7 6 54 55 56 47 18 48 59 24 61 62 63
19 34 43 50 41 32 44 11 52 51 42 29 49 45 38 61 3 46 40 25 47 20 60 18 24 2 33 4 22 54 17 59 58 48 62 9 37 26 1 0 53 30 31 8 10 55 63 21 13 6 39 14 5 57 15 7 23 16 12 56
19 34 43 18 29 45 17 51 26 10 41 37 50 30 38 49 59 46 25 42 20 48 55 47 53 8 16 11 31 60 52 44 62 32 2 58 24 33 57 39 12 4 0 56 40 1 61 23 3 22 21 63 5 54 9 6 7 13 14 15
37 43 18 19 10 21 50 38 46 20 34 55 14 11 4 3 13 33 41 7 44 1 2 49 42 45 54 59 40 52 0 62 25 5 61 26 31 9 58 39 22 32 15 56 57 12 30 6 29 48 53 24 60 16 63 51 47 17 8 23
19 34 41 18 43 33 9 0 42 49 17 52 26 11 45 8 61 51 32 29 48 53 57 37 16 40 50 24 60 10 22 25 20 21 1 59 44 15 2 3 14 58 54 38 23 62 56 7 13 31 12 46 47 55 63 30 6 39 5 4
37 45 44 43 42 41 50 58 40 30 54 19 52 51 57 53 18 26 46 56 38 29 22 9 10 47 60 14 6 32 0 15 49 31 25 24 34 39 48 55 62 11 16 33 17 2 12 1 21 63 3 59 23 4 61 8 7 20 13 5
19 34 41 21 43 26 33 32 25 48 42 17 16 24 37 11 20 50 49 56 10 29 40 9 8 0 44 38 51 59 14 45 12 18 30 22 46 53 60 52 1 3 57 61 2 58 54 55 62 31 23 63 4 15 47 7 13 6 5 39
44 29 21 45 46 13 19 20 12 3 5 34 26 37 30 39 33 38 4 25 17 54 14 6 31 11 18 9 10 41 42 2 62 47 8 50 32 22 51 58 52 23 15 63 1 53 60 7 16 61 43 49 57 0 59 24 55 48 40 56
37 45 19 20 29 38 44 18 46 55 39 54 10 43 34 31 26 41 23 17 9 0 53 47 33 62 8 42 50 40 22 2 61 59 25 15 30 21 32 52 12 1 16 24 58 4 51 49 57 11 60 56 3 5 13 14 6 63 48 7
37 29 19 26 18 43 45 11 4 9 0 17 20 38 31 47 46 55 44 3 42 53 10 51 39 5 25 30 21 1 54 49 52 33 2 13 50 62 63 12 6 23 61 58 15 14 32 24 22 60 59 40 57 7 16 8 48 56 41 34
19 20 29 18 43 51 50 44 59 22 11 10 13 42 52 58 33 41 57 2 32 60 37 46 26 49 3 45 34 24 48 6 53 25 12 40 1 61 15 56 17 9 30 23 0 38 16 14 62 63 4 7 31 21 54 5 39 47 8 55
44 29 22 45 43 52 46 54 26 20 12 42 50 4 41 18 62 17 9 10 13 14 34 63 37 8 2 25 51 31 53 57 21 59 33 24 5 30 58 47 19 1 16 61 11 0 15 49 3 7 39 32 23 6 40 38 56 48 55 60
44 29 21 13 14 15 30 37 22 34 12 38 42 50 31 43 7 45 52 51 49 57 33 59 19 53 61 48 5 26 41 40 18 6 56 11 32 17 4 23 9 10 60 8 58 54 2 62 20 3 55 46 16 39 47 0 1 63 24 25
26 34 44 18 9 37 43 52 33 32 42 20 13 51 61 60 53 62 41 54 38 39 25 11 24 16 10 48 4 45 46 0 21 29 49 55 17 40 8 5 59 57 31 50 14 1 63 19 56 47 30 3 6 22 2 7 58 23 15 12
37 43 18 21 51 42 33 59 44 49 58 26 19 45 40 56 54 24 52 57 14 46 50 60 53 62 39 17 48 30 23 7 61 38 29 10 25 22 13 4 5 12 34 32 3 20 9 11 47 8 63 41 0 55 2 6 16 1 15 31
44 29 21 43 26 25 42 52 17 13 61 8 45 49 20 11 12 54 14 53 47 6 10 50 5 60 19 2 51 18 22 55 9 16 0 1 56 33 63 34 32 23 24 37 38 48 15 3 62 41 4 31 59 7 30 46 39 40 57 58
37 45 19 38 44 18 17 34 43 10 3 9 20 1 11 13 39 42 21 26 5 25 0 30 29 46 41 4 47 49 50 14 31 2 22 12 57 53 7 23 52 55 24 16 54 60 51 32 15 58 59 6 8 40 48 33 63 61 62 56
19 20 37 18 9 34 10 11 33 46 12 21 38 17 29 4 26 30 55 13 5 54 53 6 8 43 2 60 51 40 23 1 3 25 24 14 16 44 32 45 48 59 39 31 61 42 50 15 52 57 7 62 22 58 49 0 63 47 56 41
44 43 42 29 20 11 22 45 37 51 18 34 2 15 33 30 19 24 31 12 21 10 4 23 13 39 49 9 32 14 38 25 52 53 50 56 0 57 41 26 6 5 17 1 59 3 62 47 7 61 46 63 40 54 48 58 8 55 60 16
26 18 19 20 37 43 50 17 12 38 11 34 33 3 46 40 10 4 5 13 16 52 39 2 44 55 29 47 25 32 53 42 41 57 21 54 59 45 9 31 61 0 8 62 51 49 1 30 58 24 22 48 60 6 56 23 63 15 14 7
44 29 22 42 26 21 20 53 62 14 6 23 34 52 45 25 50 38 37 19 12 30 15 33 39 54 47 5 24 46 31 11 51 49 3 16 13 4 17 40 60 2 10 18 61 41 48 56 57 7 32 59 58 55 43 63 9 1 0 8
37 43 42 45 51 34 53 29 25 38 39 59 18 61 21 33 52 26 22 17 32 24 19 12 49 10 11 13 41 50 16 44 58 60 5 3 9 56 40 15 62 57 20 31 54 30 14 1 23 63 55 47 8 7 4 2 0 46 6 48
26 34 44 18 33 40 9 37 41 10 46 29 17 38 2 49 19 54 39 30 53 0 1 25 62 3 20 51 57 11 4 58 47 5 52 32 12 13 22 8 42 56 24 43 50 16 45 59 6 14 48 63 55 31 23 7 15 61 60 21
37 43 26 21 20 17 51 19 14 46 25 7 29 59 13 6 44 33 8 45 50 38 12 49 24 10 57 22 48 4 15 41 39 23 1 42 53 61 30 56 40 52 5 9 3 31 58 55 54 60 34 18 16 2 62 0 32 11 47 63
26 20 13 25 44 45 34 29 16 12 4 43 37 41 30 22 51 59 46 31 21 47 50 24 39 14 48 49 23 52 33 40 53 57 15 8 55 54 18 56 63 11 62 38 32 17 60 6 19 61 0 2 10 3 1 9 5 42 7 58
26 18 10 34 42 41 19 9 8 0 44 37 43 45 49 50 48 20 11 25 59 56 17 57 24 2 46 29 21 12 58 60 33 51 5 16 52 38 1 47 3 14 39 30 55 40 23 7 32 13 4 31 61 54 6 15 22 63 62 53
37 43 18 21 34 26 50 10 14 45 20 44 29 38 42 22 54 33 30 46 51 59 41 31 52 49 2 13 23 25 47 57 17 19 48 6 24 61 15 62 11 32 63 1 58 56 60 3 40 8 12 16 9 5 55 39 4 0 7 53
37 45 19 38 54 10 20 52 18 26 9 63 25 0 11 3 1 12 21 33 46 55 39 31 2 22 8 16 34 47 40 42 29 17 13 30 23 43 41 15 62 44 59 32 24 61 50 48 14 4 51 7 5 49 6 53 58 57 56 60
44 43 26 29 30 45 53 61 42 17 52 37 54 21 13 60 19 23 46 62 51 47 31 50 59 38 8 39 49 41 55 34 32 22 14 57 58 12 20 56 40 11 5 18 33 16 15 7 24 4 63 25 9 10 6 1 2 3 48 0
26 20 45 25 12 54 24 18 34 42 41 33 9 40 48 29 43 51 50 4 37 10 53 32 2 56 30 0 17 11 16 52 44 8 59 58 19 60 57 31 23 46 55 38 5 47 21 13 1 14 39 61 3 22 6 15 7 49 62 63
26 20 29 22 44 34 15 45 37 25 11 13 53 2 12 62 10 30 41 9 61 42 31 21 4 5 33 32 51 48 63 38 17 24 14 60 49 6 46 54 59 43 39 18 50 57 16 8 47 58 1 3 40 23 7 0 52 55 56 19
26 20 21 18 10 29 30 34 44 2 11 4 9 25 24 13 43 42 41 50 6 16 8 40 48 45 46 51 57 49 58 37 12 56 38 22 23 0 17 33 1 31 19 15 14 54 3 32 5 59 53 52 47 7 62 39 60 55 61 63
19 34 42 20 21 12 37 22 5 38 23 13 44 14 6 11 33 49 30 24 50 52 39 46 54 15 10 41 32 45 16 9 56 31 4 26 60 51 1 55 25 18 17 48 40 2 59 29 53 63 43 8 62 47 3 58 0 61 57 7
37 45 53 20 19 34 21 29 42 61 38 31 33 13 14 32 46 51 44 54 5 43 58 59 41 52 22 50 48 57 60 11 62 15 10 40 18 6 24 9 23 63 49 7 17 4 1 0 47 25 39 2 26 55 8 30 56 16 12 3
19 18 26 20 12 25 33 4 21 30 34 29 10 43 22 41 45 11 38 2 37 23 42 44 9 39 53 49 24 17 48 0 50 51 1 58 47 61 62 52 3 55 14 15 60 16 8 6 7 54 13 46 59 32 63 5 57 56 40 31
44 45 19 18 46 52 43 34 9 11 20 37 2 10 1 3 26 54 4 55 51 17 63 38 53 62 61 12 8 25 47 60 13 16 30 6 32 50 42 49 41 48 29 31 24 0 57 5 14 15 40 23 58 22 56 21 7 33 39 59
37 45 53 43 44 54 46 52 42 50 19 41 51 47 60 18 34 26 33 10 21 59 12 29 1 25 40 24 39 38 17 14 20 31 49 11 58 8 16 5 63 9 2 61 3 48 13 57 30 6 0 32 7 22 4 15 23 56 62 55
37 29 22 42 20 45 53 54 44 43 52 30 46 13 62 63 41 61 60 47 12 31 6 19 11 51 15 40 49 57 55 38 58 26 18 10 33 59 25 5 39 7 23 34 56 24 50 9 32 16 8 14 48 1 4 2 21 17 3 0
44 43 34 29 19 10 52 42 11 53 30 18 37 46 20 45 51 50 17 33 59 22 15 12 1 38 57 25 16 31 26 14 32 24 62 54 41 60 4 48 13 21 23 2 3 5 47 6 7 49 39 40 56 8 63 58 9 55 61 0
44 45 46 34 18 37 41 53 42 55 54 62 61 20 43 50 52 48 19 9 39 60 63 47 58 59 25 51 40 32 0 31 29 11 38 21 30 57 23 26 2 12 49 3 10 1 56 8 13 17 24 6 16 22 15 33 5 4 7 14
19 34 42 18 33 43 26 20 11 41 44 25 17 16 37 45 12 5 32 2 3 40 50 46 51 10 8 24 13 21 30 53 14 0 47 6 61 22 7 52 9 59 48 56 29 31 4 1 60 49 38 15 23 39 57 55 58 62 63 54
19 34 42 20 37 45 44 29 33 51 21 43 38 41 49 48 59 12 46 32 18 47 4 26 54 14 52 57 24 3 40 50 13 30 58 17 10 53 15 5 6 16 62 1 56 55 31 39 61 25 11 23 2 9 22 60 8 63 0 7
26 18 10 20 37 42 29 34 11 17 24 2 25 21 3 19 22 46 50 1 38 33 43 51 60 40 41 58 9 32 55 14 0 45 48 44 53 16 12 62 54 39 30 47 61 63 49 59 52 4 13 57 6 15 23 8 5 56 7 31
44 45 26 20 29 43 54 17 42 30 22 51 18 15 12 41 8 46 53 62 55 19 37 38 39 52 63 21 14 25 61 13 59 5 58 16 24 33 34 32 6 50 49 31 11 10 3 2 7 0 23 4 1 60 40 57 56 48 9 47
44 43 34 29 52 60 37 45 61 26 22 41 38 46 20 12 11 62 25 10 55 59 4 17 9 47 54 8 18 42 48 30 63 21 39 2 58 15 23 16 7 53 24 33 40 32 50 49 13 19 51 57 3 5 0 14 56 1 6 31
37 43 26 19 34 29 12 38 46 33 42 41 44 18 21 14 50 54 10 25 55 45 16 47 52 51 22 24 32 5 53 30 17 61 7 58 57 40 39 8 9 2 15 49 56 59 63 13 48 20 3 1 6 31 60 4 62 23 11 0
26 20 13 12 45 44 53 52 29 18 43 38 60 51 31 61 30 54 11 25 17 4 10 6 33 22 14 47 34 16 46 42 32 15 59 50 49 48 62 9 1 37 2 19 41 24 56 21 58 57 5 63 7 40 55 3 23 0 39 8
26 34 45 19 33 41 42 40 18 20 10 2 9 51 48 8 32 29 22 38 12 37 21 23 50 17 47 3 0 16 52 44 14 30 24 49 4 58 59 11 1 53 60 43 13 31 56 57 39 15 25 61 6 55 54 62 63 46 5 7
44 45 46 43 18 53 51 47 62 61 60 42 39 26 33 40 55 37 17 9 1 59 29 41 19 0 49 11 10 22 3 54 30 12 21 31 4 14 2 56 24 13 16 8 63 38 58 5 20 32 25 34 50 57 23 15 7 6 48 52
19 34 45 20 43 18 11 44 25 54 37 17 52 60 61 4 53 42 10 26 49 29 9 12 41 51 63 2 3 46 59 48 47 57 38 32 62 16 1 30 56 13 0 55 14 22 40 58 31 6 21 39 15 50 8 23 5 33 7 24
19 20 45 42 37 18 9 21 11 26 29 10 1 30 17 53 33 24 38 16 8 2 52 34 54 46 55 0 44 61 23 59 13 31 39 22 32 41 14 63 48 43 50 12 5 40 3 15 4 47 49 6 51 56 62 25 60 57 58
26 18 19 34 45 29 9 11 33 0 3 40 20 54 38 42 43 52 50 13 10 25 8 44 37 47 53 57 17 1 63 51 21 46 59 2 16 32 5 14 58 12 39 61 4 55 41 48 56 31 62 60 22 30 24 49 7 6 15 23
37 43 26 29 42 45 38 47 22 41 50 18 53 51 10 21 13 17 24 30 49 61 33 2 46 39 3 16 25 32 8 0 44 15 52 12 11 56 34 4 23 59 55 54 5 14 6 31 48 19 58 63 20 40 1 57 62 60 7 9
19 34 45 11 10 9 1 29 17 54 43 52 37 38 41 21 51 8 39 18 61 48 33 32 47 59 25 31 49 20 13 57 2 26 16 12 23 0 42 44 53 6 50 24 56 63 40 30 14 22 5 46 3 62 55 58 15 4 60 7
44 43 42 51 26 19 58 49 50 60 11 45 37 52 56 33 59 29 30 22 61 3 41 57 10 31 24 9 46 62 21 20 23 14 6 18 39 40 12 4 48 34 25 47 53 54 2 55 8 7 38 0 63 15 13 32 16 17 1 5
37 43 26 17 25 38 44 45 51 34 9 16 53 2 24 18 1 29 8 58 21 52 33 30 50 13 22 59 11 31 39 41 19 47 3 0 10 61 57 20 42 49 15 46 60 56 48 4 62 32 23 40 54 12 5 6 14 63 55 7
26 34 43 18 37 51 33 41 17 16 19 25 40 11 10 21 29 22 9 2 1 12 48 42 4 20 5 8 50 45 14 49 44 13 23 0 46 7 52 60 58 57 32 53 61 54 59 55 63 38 39 15 47 62 56 31 30 6 3 24
44 45 46 54 37 38 53 29 31 60 18 30 19 43 21 11 52 61 47 9 39 22 10 14 17 25 24 51 20 1 33 16 23 12 4 2 6 15 8 13 63 55 0 32 62 34 5 26 42 59 3 49 50 58 56 7 57 40 41 48
44 43 42 29 18 52 22 26 21 34 60 37 45 20 33 30 39 50 12 10 17 31 41 15 59 47 9 25 23 51 2 58 32 13 6 61 57 4 7 19 3 40 53 24 49 56 11 62 38 14 55 46 5 48 54 8 16 1 0
44 43 50 45 19 18 26 34 29 30 17 10 9 0 25 32 2 42 12 1 20 58 54 63 3 41 16 13 24 8 14 4 5 21 51 22 40 52 11 48 38 39 57 31 23 33 6 7 53 59 60 62 46 37 55 47 49 56 15 61
44 43 42 45 46 52 37 51 58 54 53 62 34 20 18 30 61 55 21 26 19 41 63 14 50 10 7 29 47 49 17 9 56 25 39 59 57 60 32 13 8 33 1 31 5 11 12 4 23 22 6 38 15 2 3 40 24 16 48 0
37 43 18 21 51 42 33 44 34 26 45 32 17 46 38 60 19 39 41 50 58 49 31 20 47 25 30 57 40 59 13 55 54 12 16 53 63 11 24 6 29 48 61 62 52 23 22 10 15 14 4 3 9 2 56 1 5 7 0 8
19 34 45 20 43 44 37 30 29 38 21 22 41 26 52 48 15 61 25 18 39 12 3 31 51 5 11 53 54 58 17 50 59 16 47 60 13 23 24 7 33 4 6 46 9 40 42 62 2 1 57 56 55 49 0 14 10 63 32 8
44 43 18 53 50 42 49 57 51 29 30 59 45 37 60 52 46 33 61 62 41 54 63 23 31 39 58 26 38 56 17 25 20 21 40 47 55 9 15 12 1 22 19 48 5 24 34 0 32 3 4 16 2 14 11 6 7 13 8 10
26 18 44 43 10 21 50 45 20 25 24 17 46 19 42 32 12 3 11 54 40 37 30 34 13 29 53 51 16 47 60 58 9 8 39 38 62 22 41 52 23 2 33 15 49 48 7 63 1 57 14 4 5 0 56 6 55 31 59 61
19 18 44 43 50 37 17 20 46 38 12 55 26 51 39 4 13 42 52 8 49 61 33 41 54 21 10 1 29 56 16 58 2 34 45 6 0 31 30 24 40 25 60 14 57 48 32 59 5 62 15 22 7 11 53 9 63 47 3 23
19 20 29 34 12 11 10 3 42 50 44 21 26 17 14 18 41 53 52 48 16 7 37 25 49 8 58 13 43 38 0 33 5 4 2 59 30 60 6 1 57 23 47 22 40 51 15 56 46 45 54 39 31 63 62 55 61 32 24 9
26 18 19 20 13 43 17 10 29 24 11 3 45 37 2 9 16 21 44 42 32 6 22 12 46 38 51 31 33 53 61 50 4 59 23 52 57 49 60 0 14 30 1 41 39 5 54 58 34 47 56 15 40 25 55 62 63 48 7 8
26 34 42 33 24 18 19 20 29 21 11 12 13 3 37 44 53 50 10 5 43 30 4 45 6 40 52 59 58 17 25 7 31 22 41 54 51 32 48 57 16 23 15 38 14 49 2 1 46 8 61 39 56 62 47 60 63 55 0 9
37 45 19 29 38 31 53 26 17 34 43 54 21 20 55 52 42 14 13 10 12 46 50 18 1 61 39 58 57 5 59 11 15 16 22 6 47 23 49 56 41 2 9 51 7 40 60 44 48 0 25 63 8 33 4 3 24 62 30 32
26 34 43 18 17 29 33 50 52 41 25 32 44 60 19 12 61 62 20 8 24 11 30 16 5 22 42 31 45 13 9 37 49 51 58 2 1 57 21 38 3 10 40 48 56 54 47 46 39 6 14 53 55 7 0 59 63 15 23 4
26 18 10 25 45 11 24 32 12 16 9 2 0 34 33 4 19 43 1 20 3 41 42 8 5 54 48 49 13 51 40 14 15 29 63 6 21 44 30 22 31 38 39 52 7 17 56 37 50 57 47 58 46 53 62 23 61 55 60 59
19 18 17 11 26 9 37 29 22 25 24 43 34 15 8 20 12 41 1 10 44 0 50 32 40 59 16 21 3 33 42 45 13 49 54 53 30 55 38 14 58 56 52 39 46 48 6 31 60 2 47 5 63 7 62 51 4 23 57 61
37 29 18 26 21 9 17 45 44 13 38 42 1 47 10 53 52 0 34 8 50 60 22 3 39 49 2 58 61 54 16 41 55 46 43 31 15 25 24 19 62 63 20 59 4 5 57 56 32 11 12 40 48 33 51 23 14 6 30 7
37 29 18 45 30 34 44 9 42 52 53 31 0 49 20 12 23 19 10 61 60 26 56 43 51 15 11 59 5 3 4 33 50 38 47 25 40 6 62 1 24 63 58 41 2 39 7 54 57 48 46 17 8 21 32 55 22 16 13 14
44 29 20 13 18 26 17 45 54 52 21 25 37 14 60 53 22 59 19 8 6 61 32 30 31 55 63 47 39 11 16 23 43 24 2 9 34 5 10 1 12 38 4 33 7 50 15 51 41 3 57 40 62 46 58 42 48 56 0 49
37 29 22 45 21 30 53 15 23 43 34 14 13 46 18 19 42 61 51 9 26 49 12 60 17 5 7 3 59 50 11 52 62 10 39 8 1 31 54 38 33 47 20 25 0 41 40 44 32 4 24 16 56 48 55 2 58 63 6 57
44 29 21 45 46 20 37 38 18 13 31 47 39 53 19 17 12 26 60 62 9 0 51 5 4 55 63 11 10 3 25 34 16 33 42 43 32 58 59 61 52 50 57 40 22 49 6 24 2 23 56 1 8 48 41 30 14 54 15 7
26 20 37 44 53 18 21 43 19 14 29 22 38 52 50 11 34 17 7 45 2 25 59 46 33 41 30 39 42 31 24 23 16 61 49 40 10 5 54 57 48 47 56 9 51 1 3 4 12 13 6 60 0 8 32 58 62 63 55 15
19 34 45 37 42 50 29 22 21 38 41 52 58 10 43 13 30 33 44 40 32 57 56 39 23 25 26 49 54 18 59 61 31 63 48 15 51 46 11 9 14 3 55 17 16 5 1 12 47 24 20 0 60 2 4 53 8 7 6 62
26 18 44 43 42 34 9 20 12 0 41 50 25 45 11 16 32 17 46 48 19 5 37 21 59 51 58 2 33 57 52 24 4 3 8 60 22 10 13 6 61 49 29 38 53 55 14 30 40 62 56 54 31 23 63 39 15 7 47 1
44 45 37 43 52 61 26 29 54 25 18 51 59 46 32 50 30 63 57 24 17 42 34 10 55 41 16 20 49 58 33 31 53 9 1 40 13 60 48 38 62 47 39 11 21 23 12 2 19 4 3 8 22 5 14 6 7 15 0 56
44 45 46 43 26 19 12 52 42 34 60 25 18 21 32 37 14 11 4 20 38 49 10 29 50 39 51 57 47 24 33 55 56 40 54 3 16 63 2 9 62 53 30 8 59 17 58 22 13 48 1 41 23 0 31 5 61 6 15 7
37 29 22 43 20 45 34 19 26 21 51 42 18 13 46 38 14 11 41 23 4 6 44 50 31 9 52 12 7 58 30 3 59 17 25 33 24 60 15 2 16 49 57 53 0 10 56 8 40 39 1 48 47 32 61 55 5 54 62 63
19 34 41 33 25 11 20 29 30 37 45 44 13 12 10 21 43 3 14 6 5 51 52 4 59 7 18 38 22 53 46 9 15 50 61 48 42 32 60 55 58 49 54 62 39 57 0 31 26 8 56 40 1 47 24 16 17 23 63 2
26 18 10 20 29 22 13 4 6 9 34 11 2 25 31 42 8 15 41 40 43 12 17 0 45 50 33 16 51 3 21 54 44 30 49 37 5 58 24 48 56 14 23 39 1 52 38 19 32 57 63 7 59 47 53 60 46 62 61 55
37 43 50 29 21 30 22 12 23 46 20 31 18 19 45 14 47 57 38 55 54 39 63 62 5 52 26 4 11 2 44 34 42 25 13 6 10 33 3 41 60 61 53 51 59 58 48 40 49 56 16 9 1 17 0 8 7 24 32 15
44 29 22 30 20 11 12 45 31 34 43 51 33 41 18 13 49 15 58 48 46 25 17 16 26 57 10 59 42 54 8 47 37 52 14 2 60 61 9 6 4 38 56 21 63 62 53 40 7 0 32 3 50 24 55 5 1 39 23 19
19 20 45 10 12 5 18 37 21 34 43 26 33 29 2 51 30 40 46 54 4 22 6 31 23 14 53 39 63 44 13 15 25 61 62 16 7 1 24 47 58 42 11 60 0 17 50 52 38 55 8 9 3 41 48 57 56 32 59 49
26 18 37 45 53 25 24 54 9 20 29 34 44 0 19 16 8 61 2 32 63 47 17 21 22 11 46 39 10 3 55 13 52 51 1 23 15 30 42 41 33 7 38 60 50 58 5 12 14 43 4 62 40 49 56 48 31 6 59 57
19 20 37 44 51 38 13 26 46 34 43 29 17 42 47 8 41 11 2 6 12 10 1 49 3 9 18 39 0 60 21 40 59 25 30 55 33 50 48 56 45 57 61 31 23 53 62 14 52 58 7 5 4 32 24 63 54 22 16 15
19 34 43 52 41 18 44 45 20 12 37 25 5 29 54 46 33 48 53 55 51 26 63 40 38 11 24 58 60 32 2 61 62 39 47 16 59 21 30 23 22 50 10 3 31 17 49 15 9 42 57 8 7 56 1 0 4 6 14 13
37 29 20 43 26 19 18 17 34 11 52 33 32 44 16 51 13 45 54 21 22 60 53 42 41 30 3 10 61 25 23 40 50 31 24 48 12 49 39 8 57 59 58 9 0 15 14 2 4 56 38 7 1 46 5 62 63 6 55 47
26 18 10 20 45 42 13 17 24 2 9 8 29 19 3 4 1 11 49 16 5 30 37 32 38 44 25 12 46 22 34 41 48 21 52 51 60 58 53 54 39 50 63 47 59 56 57 62 33 31 23 40 55 43 0 15 14 7 61 6
19 18 26 20 10 25 45 42 34 44 12 41 24 9 50 32 48 43 52 57 17 54 59 40 63 29 16 2 11 58 0 56 37 53 22 38 3 60 39 5 51 4 49 21 30 31 33 23 13 62 47 14 6 15 1 46 7 8 55 61
19 34 43 52 51 50 45 20 57 49 33 44 61 10 53 32 58 54 11 37 29 18 42 26 60 46 17 41 1 59 21 22 24 8 16 2 55 63 48 12 62 13 5 0 31 38 3 14 15 25 9 47 40 6 30 4 23 7 56 39
19 18 26 34 33 32 10 11 20 13 42 25 3 12 24 16 5 43 14 6 41 51 40 4 50 59 9 15 45 2 60 44 58 54 48 56 37 46 52 49 17 53 29 8 63 21 61 62 57 22 31 1 0 30 39 55 47 38 7 23
26 34 41 18 42 33 20 17 44 50 59 21 32 58 25 49 57 19 13 5 22 23 16 37 11 9 8 10 30 39 3 43 52 45 38 4 48 46 55 29 15 1 53 60 54 51 40 24 14 63 2 7 0 31 61 12 47 62 6 56
19 34 41 20 13 33 37 11 26 12 5 25 10 2 17 9 43 4 21 24 16 38 32 42 18 14 6 49 3 8 39 44 50 7 57 46 22 48 51 23 1 0 29 30 40 59 52 60 61 53 62 54 45 63 56 55 47 31 58 15
26 34 43 50 42 18 19 44 45 20 41 48 10 46 12 25 54 4 51 29 17 8 30 9 0 31 38 11 52 59 57 37 32 49 1 2 60 40 58 53 16 63 3 24 23 47 33 22 62 61 13 5 6 21 56 14 7 15 39 55
44 29 22 52 53 34 20 21 18 12 13 6 19 11 26 17 42 41 33 62 3 32 24 49 14 25 43 16 56 30 38 5 9 46 15 37 4 2 1 51 10 50 58 31 54 23 48 40 7 0 8 39 47 55 45 57 59 63 61 60
44 45 37 43 51 38 42 19 30 41 46 29 40 49 57 55 26 60 11 56 47 18 58 31 25 39 22 9 21 34 17 48 33 3 0 24 16 54 10 14 32 53 62 52 13 1 6 61 2 5 20 12 4 63 59 15 7 8 23 50
26 20 45 44 53 54 55 34 18 25 32 10 9 19 33 8 17 62 2 1 16 42 29 37 3 40 43 30 31 41 61 51 12 5 52 63 11 38 50 23 0 58 39 48 15 22 47 13 21 59 49 4 14 6 7 24 46 57 56 60
44 43 18 19 10 11 4 29 45 1 30 26 34 54 25 16 24 52 42 41 60 22 20 59 2 3 48 37 0 23 46 17 61 53 50 32 58 49 62 63 33 39 15 38 9 57 13 21 51 5 47 55 8 12 31 56 40 7 6 14
44 45 26 43 53 61 62 52 37 19 50 34 60 17 33 42 10 38 31 46 39 40 25 57 54 55 8 11 29 51 32 9 49 20 59 47 41 23 18 30 12 1 22 15 24 4 21 2 0 58 5 16 56 13 48 6 3 63 14 7
26 20 45 34 18 37 13 17 44 21 43 12 30 39 41 19 8 6 22 10 3 29 38 33 47 11 5 15 23 4 46 50 59 14 31 16 9 54 24 53 25 40 55 2 62 49 48 42 1 0 51 32 7 60 58 63 52 56 57 61
44 29 21 43 37 53 52 38 42 50 47 45 51 26 25 18 58 49 34 30 23 17 60 41 11 14 40 16 22 4 54 62 10 3 5 61 12 39 32 9 0 19 63 6 7 1 8 33 31 20 24 59 15 48 56 55 13 57 2 46
44 45 46 20 12 29 38 54 62 63 34 61 37 42 52 53 55 26 33 24 32 4 51 21 30 49 19 60 43 22 31 17 14 13 16 11 3 10 58 15 47 40 41 50 5 8 7 23 57 6 59 56 25 18 9 48 1 0 39 2
44 29 20 13 18 34 19 17 22 38 33 41 30 45 11 21 46 47 25 39 37 3 14 51 10 54 43 6 23 42 48 24 50 40 58 31 12 56 49 26 15 1 52 4 55 57 2 59 60 7 5 61 53 62 0 9 16 8 63 32
37 43 34 45 52 38 20 19 11 33 46 12 25 54 21 26 55 51 29 17 31 42 13 5 18 4 62 47 32 41 48 30 9 24 49 56 2 59 22 15 50 63 44 0 53 60 40 16 3 1 10 39 14 61 58 23 6 7 8 57
26 18 10 9 37 34 42 43 20 49 0 21 19 11 12 2 1 5 51 38 17 50 13 29 33 40 24 8 58 57 46 45 16 41 54 52 60 32 53 55 4 14 6 25 62 22 3 59 15 61 23 30 48 63 47 44 31 7 39 56
44 43 34 45 51 26 29 30 54 63 46 41 17 18 22 38 9 14 15 42 13 20 52 0 25 6 47 59 12 24 33 11 50 32 31 58 57 4 60 37 2 23 19 5 49 10 21 61 62 48 39 56 53 55 3 40 8 16 7 1
19 20 21 34 43 18 25 29 44 50 11 33 37 52 26 14 61 12 57 45 22 30 54 3 23 63 47 9 17 8 1 42 40 24 49 59 4 56 46 5 7 16 53 58 39 13 41 2 0 38 32 51 48 6 31 10 15 60 62 55
19 18 44 43 50 45 17 57 42 29 54 49 26 46 30 62 63 21 53 31 47 25 22 8 38 23 20 13 16 11 3 37 15 52 34 10 6 14 51 61 60 5 2 55 7 41 39 24 56 9 4 12 1 48 33 40 59 32 58 0
37 45 26 38 44 51 52 19 58 60 54 46 21 42 39 63 55 20 49 56 53 22 50 25 12 5 14 43 10 23 40 11 17 57 18 61 24 47 33 34 3 32 41 62 59 30 7 6 4 29 31 9 13 15 8 1 16 48 0 2
37 43 42 41 18 29 51 60 44 19 21 38 47 52 26 20 45 22 30 23 11 46 59 25 53 61 40 49 15 34 62 14 24 3 10 50 4 2 56 5 33 32 13 48 9 6 12 54 31 7 55 0 8 1 63 16 58 17 39 57
26 20 29 34 12 4 11 10 42 30 37 41 23 49 18 19 44 52 5 6 2 1 0 31 39 45 9 3 33 25 24 43 57 13 54 53 14 56 46 22 61 8 16 48 7 51 59 55 15 38 17 40 47 21 63 50 32 58 60 62
26 18 10 43 42 25 51 59 60 9 44 53 34 52 37 2 62 50 58 38 19 45 41 57 30 32 1 22 49 12 11 33 13 29 3 20 46 14 39 54 55 21 40 47 4 17 31 15 23 48 5 63 56 61 16 7 6 8 24 0
37 43 50 51 26 49 57 21 20 19 11 18 10 34 48 44 52 30 25 2 29 38 46 59 23 39 53 24 32 55 4 42 12 17 14 54 8 16 22 41 60 15 7 1 9 45 63 62 47 6 61 31 40 13 33 56 5 0 58 3
19 34 41 21 29 11 10 20 12 2 3 22 38 1 0 37 46 33 26 49 30 39 14 15 43 18 47 23 25 50 13 16 40 6 5 9 58 32 51 42 17 59 7 57 4 24 48 53 54 56 45 8 52 44 31 60 61 62 63 55
19 20 45 34 12 29 38 4 33 44 11 13 5 10 2 3 21 37 26 1 46 18 51 52 0 55 9 58 60 25 42 6 24 8 47 17 22 50 63 16 32 43 7 41 40 61 59 48 30 23 62 57 14 54 49 15 31 39 53 56
19 18 44 11 9 25 10 8 3 37 20 45 46 13 0 55 32 43 29 30 38 39 53 22 21 2 5 52 51 50 34 61 16 17 12 59 42 41 26 6 1 14 15 24 47 4 23 31 54 40 62 33 48 7 58 63 60 49 57 56
44 29 19 26 22 11 25 33 3 30 40 52 21 17 37 20 51 58 9 18 38 4 5 47 45 24 60 8 31 23 50 10 43 53 34 61 32 39 14 48 54 13 2 63 46 59 62 55 1 6 57 12 16 0 42 56 7 41 49 15
37 29 20 13 30 43 18 19 11 17 9 22 16 26 6 4 51 31 44 34 42 59 58 8 0 38 25 41 52 10 45 60 40 3 15 50 61 24 12 21 53 54 23 39 32 2 14 46 62 5 57 49 33 1 47 63 48 55 7 56
44 29 22 30 18 43 31 9 19 15 45 20 11 52 17 25 0 1 13 2 50 26 34 54 8 41 3 12 46 10 21 14 62 51 24 49 60 47 5 33 57 6 38 32 53 63 4 61 37 39 55 59 23 7 48 16 42 40 58 56
37 29 20 13 12 43 34 19 18 11 26 21 6 44 3 33 22 46 4 2 30 5 41 7 52 48 32 15 38 42 23 31 39 61 14 53 25 24 60 59 16 9 49 50 51 40 57 45 47 17 1 58 56 10 54 8 0 62 55 63
26 34 45 18 41 42 25 16 43 20 12 37 46 13 14 54 19 6 44 22 9 17 15 53 63 5 60 55 52 21 30 39 38 61 3 47 33 50 4 8 11 32 51 0 29 31 24 2 58 49 10 40 1 23 62 7 57 59 48 56
26 34 45 20 18 17 12 10 41 42 25 54 50 29 11 4 63 49 13 33 16 2 43 51 58 9 8 19 48 37 40 3 30 56 57 22 15 53 44 38 24 46 6 31 39 62 47 21 14 23 60 5 61 7 55 1 52 59 32 0
19 34 43 18 26 20 10 1 25 9 13 12 0 14 37 33 17 51 52 8 11 41 59 38 42 50 16 24 49 2 4 58 15 48 57 5 21 53 40 56 44 32 61 3 62 7 6 29 22 60 45 63 31 23 30 46 54 47 39 55
37 29 21 45 26 20 54 14 13 30 19 5 7 53 12 11 22 18 46 39 52 23 10 17 8 4 9 38 31 43 6 0 47 2 15 33 25 16 40 55 1 32 24 60 42 44 50 48 34 58 59 41 61 63 62 51 57 56 3 49
44 45 37 43 42 29 53 61 20 41 30 13 50 58 49 34 40 52 51 56 12 4 33 38 57 48 60 32 46 39 26 23 24 19 47 54 25 18 59 16 5 6 17 8 31 22 21 11 55 14 15 63 3 7 62 10 1 9 2 0
44 29 22 52 43 42 18 15 45 19 34 25 20 9 26 38 49 12 10 1 24 56 11 16 30 4 46 17 13 21 41 48 61 14 6 51 2 37 60 3 40 55 50 39 47 32 5 23 8 7 33 53 62 54 58 31 57 0 63 59
44 29 21 45 46 54 30 34 26 38 41 33 25 17 43 24 62 40 52 31 32 48 20 37 50 51 19 57 18 39 47 22 23 55 56 42 16 60 49 8 61 9 63 11 58 53 13 12 10 2 1 5 6 0 59 7 14 15 4 3
37 29 20 45 38 13 26 44 51 42 53 30 11 18 10 39 34 61 50 2 31 9 62 43 46 17 6 63 47 12 4 21 52 19 60 54 8 22 23 1 3 0 25 15 7 5 55 16 41 59 58 40 48 33 14 32 24 49 57 56
37 29 19 26 33 46 20 13 38 47 18 44 30 23 12 4 31 40 39 42 25 34 50 17 21 41 55 43 16 14 51 63 5 22 6 8 49 45 0 10 48 15 11 56 3 2 53 62 32 54 61 58 52 59 1 60 57 24 9 7
19 34 41 33 25 32 42 48 37 51 43 17 50 49 59 60 58 57 40 11 18 20 56 38 12 9 26 21 8 5 44 52 22 29 13 10 39 24 0 15 23 47 30 14 4 1 7 46 55 45 61 3 16 6 2 53 54 62 63 31
19 34 41 21 45 11 20 29 42 44 43 18 9 25 13 50 58 26 2 57 59 3 37 46 52 53 4 51 60 40 38 54 32 10 49 39 47 0 8 6 22 61 62 5 31 23 12 24 30 33 14 16 7 63 48 15 55 56 17 1
37 29 19 43 51 45 22 10 11 42 34 26 38 60 33 46 21 41 1 30 20 15 25 12 14 9 39 6 18 32 53 44 40 54 31 48 2 61 4 52 17 5 59 0 47 16 23 50 62 55 49 56 13 8 58 24 63 3 57 7
19 34 43 18 29 51 50 37 25 57 38 11 26 42 4 24 20 22 30 3 15 39 46 5 44 13 12 55 33 31 17 10 14 21 41 6 58 49 48 53 45 54 62 59 8 61 7 63 9 52 60 40 56 1 16 47 32 23 2 0
37 45 19 20 53 26 33 43 51 34 29 32 25 12 10 44 11 62 18 59 13 9 58 4 5 14 40 6 42 38 24 54 60 49 22 2 63 55 3 21 30 52 15 41 1 7 48 31 39 0 46 47 57 50 23 56 61 17 16 8
19 18 26 20 9 42 43 33 25 17 13 50 41 21 51 34 22 48 29 32 24 15 44 1 40 4 23 16 5 31 6 37 46 10 38 59 0 30 39 49 56 7 60 55 11 12 14 45 47 54 53 62 3 52 63 2 57 58 61 8
37 45 19 38 54 52 46 29 22 20 44 55 59 43 21 10 11 18 17 53 61 34 3 1 9 14 6 12 13 51 58 0 62 2 30 4 50 15 25 24 16 33 32 39 31 49 7 41 60 26 23 47 8 40 57 42 63 5 48 56
19 18 37 29 17 44 53 42 20 11 49 9 1 0 12 5 22 21 10 38 8 23 3 43 30 26 51 50 4 31 47 34 57 2 25 24 14 41 40 59 16 39 60 61 15 56 46 58 32 48 13 55 54 52 62 6 63 33 45 7
26 20 29 34 12 30 44 43 38 17 41 4 45 47 22 37 18 9 31 39 13 46 55 11 42 48 8 51 53 25 60 15 0 10 14 58 2 33 59 52 50 49 61 1 24 62 16 19 3 23 5 63 21 54 57 32 40 7 56 6
37 43 26 21 44 25 19 12 50 51 42 46 38 30 17 33 53 8 14 7 58 52 41 40 32 60 9 24 45 54 20 1 39 13 62 31 59 29 11 18 47 55 22 4 5 49 10 23 6 3 2 57 0 15 61 63 16 34 56 48
37 43 42 45 26 18 51 38 10 29 22 59 50 17 47 44 53 3 8 57 2 25 34 1 32 46 52 33 39 60 58 62 24 21 20 13 4 41 19 55 40 12 5 23 30 49 61 54 14 6 11 16 31 48 63 0 9 56 7 15
37 45 26 20 21 38 13 19 18 14 39 12 6 31 4 42 44 5 23 34 52 33 41 53 54 40 17 61 30 7 62 59 49 29 25 63 55 56 50 47 57 58 46 10 60 43 3 15 9 0 8 1 48 2 11 32 51 16 22 24
44 29 18 26 34 9 22 41 42 30 38 31 19 20 21 47 40 23 33 37 0 25 15 14 17 24 11 1 16 8 2 45 13 43 54 48 51 58 56 3 50 49 52 32 4 57 46 59 53 62 60 12 61 7 63 6 55 39 5 10
44 29 18 52 37 26 21 9 34 14 17 46 53 42 33 8 7 30 51 62 22 6 19 50 31 45 61 60 59 40 20 10 49 38 11 54 23 3 41 13 1 48 55 43 56 12 16 39 32 24 4 57 5 25 0 2 58 15 47 63
37 45 44 29 46 54 19 47 30 20 13 18 55 52 53 42 60 6 9 17 10 34 26 3 11 63 41 51 58 38 24 8 33 2 39 21 5 0 16 32 62 61 12 43 50 23 1 4 22 31 25 40 49 57 14 15 59 56 48 7
19 18 17 20 45 34 37 16 12 43 33 54 26 42 41 4 52 29 46 38 25 61 24 11 55 47 10 8 3 49 53 1 39 9 31 2 0 44 5 62 30 21 13 6 57 63 51 56 7 32 50 40 14 59 58 22 15 60 48 23
44 45 46 52 18 26 43 53 61 37 25 62 63 19 54 17 10 20 9 51 59 58 29 2 1 32 57 12 50 34 4 0 8 60 11 56 42 39 33 24 40 48 38 47 41 5 55 49 3 16 13 6 14 21 30 7 31 23 22 15
37 29 21 45 19 18 53 43 34 25 26 30 51 38 42 50 44 11 49 59 3 4 39 2 9 31 22 47 41 33 32 46 17 40 48 56 54 58 57 1 60 14 16 13 24 23 5 20 15 61 0 52 55 6 12 63 62 10 7 8
26 34 44 20 19 52 45 17 37 21 33 46 13 18 53 51 10 40 22 6 55 3 43 62 61 14 1 2 32 11 12 0 42 30 48 60 8 49 41 4 57 25 59 56 38 29 54 58 5 9 50 31 24 16 23 7 39 15 47 63
44 45 19 34 41 53 42 20 37 29 30 48 52 59 18 10 46 31 11 38 40 2 13 39 62 49 47 21 33 17 50 26 22 25 16 43 32 57 3 9 60 23 0 24 8 61 54 5 15 55 1 63 6 14 56 7 51 4 12 58
26 20 37 44 21 22 13 34 51 52 53 38 41 58 50 17 29 62 47 19 45 4 10 54 14 33 30 42 32 12 11 3 43 23 49 5 63 57 9 40 46 59 8 24 1 55 6 25 61 7 48 60 16 2 31 18 15 0 56 39
44 45 46 54 26 38 63 52 60 59 58 62 61 43 31 29 30 19 10 21 42 39 37 53 55 20 47 51 23 18 50 34 22 41 17 2 33 13 48 32 3 4 5 16 8 25 40 57 9 0 1 6 11 49 24 56 14 7 15 12
19 18 17 43 26 11 42 9 12 25 8 13 37 41 5 45 10 1 21 38 0 3 46 54 16 24 55 44 39 30 32 33 53 47 49 31 14 51 59 61 23 20 4 34 60 58 52 15 29 56 6 48 50 62 63 22 57 40 7 2
19 34 41 33 25 18 11 3 20 12 37 43 10 48 51 16 21 13 26 17 1 44 42 52 4 50 2 29 60 40 22 38 30 23 14 6 49 53 45 9 15 46 54 31 0 39 59 62 7 8 55 58 5 61 32 24 57 56 47 63
37 29 19 26 33 42 20 38 46 21 44 43 13 12 41 11 30 53 51 49 2 31 3 45 47 59 22 23 57 4 61 52 58 18 15 50 60 48 14 32 17 1 54 55 34 10 56 8 5 39 25 24 0 7 40 6 62 63 16 9
26 34 42 33 43 19 29 30 21 13 25 51 31 45 12 18 44 53 40 32 52 17 9 10 41 14 58 3 7 39 38 49 1 60 62 50 47 11 57 54 61 15 20 0 24 63 4 59 2 22 46 16 55 48 37 23 8 56 6 5
37 29 21 45 43 30 20 11 23 51 19 38 47 22 53 13 44 31 34 52 2 3 50 12 14 1 18 25 46 59 17 15 4 57 7 10 5 55 60 41 32 54 58 9 62 6 42 16 0 26 48 49 24 61 8 40 63 56 39 33
37 43 26 17 25 21 34 33 16 46 51 19 18 42 32 24 44 9 30 41 20 29 38 8 49 59 13 22 0 4 39 45 31 23 50 47 2 52 61 1 14 48 55 12 58 6 5 57 10 3 15 11 54 7 40 62 56 63 60 53
19 18 37 11 3 20 29 45 10 21 14 34 42 22 33 6 38 2 1 13 17 16 15 46 9 44 12 7 53 26 55 30 8 47 39 0 31 41 49 32 24 43 25 48 40 57 58 51 50 56 52 62 54 4 5 61 59 60 23 63
37 45 26 18 19 20 11 4 10 38 54 42 44 52 39 30 46 29 13 62 53 47 2 12 55 63 31 6 59 22 43 34 21 9 17 61 16 24 3 23 25 51 14 15 49 0 7 5 41 8 60 56 50 32 1 33 48 58 57 40
37 29 20 11 12 13 21 45 46 34 53 54 33 38 30 39 19 44 63 32 22 10 52 55 5 61 62 51 9 14 15 2 60 18 31 23 26 25 47 8 0 6 3 16 41 17 42 48 24 40 4 50 7 43 56 1 59 58 57 49
37 45 53 43 18 21 51 26 14 10 25 54 44 52 55 24 46 63 17 38 30 20 47 22 3 58 59 16 12 60 29 7 62 2 15 61 8 0 23 13 9 19 34 39 33 11 1 41 42 49 57 56 4 40 48 32 50 6 31 5
44 45 46 43 42 52 37 30 61 60 18 34 51 38 25 55 29 41 47 58 54 31 22 9 49 20 11 57 40 33 48 21 32 17 19 63 62 10 2 1 16 3 4 53 12 8 0 24 59 50 39 13 5 6 56 14 7 15 23 26
44 43 26 45 52 61 42 41 51 20 33 25 40 49 29 50 58 30 46 37 34 55 23 31 12 19 39 11 17 53 18 13 60 9 3 32 5 48 24 10 0 62 22 21 1 38 54 16 4 63 2 6 8 57 56 47 59 14 15 7
44 43 42 45 29 51 58 37 19 50 30 18 17 9 53 59 0 34 41 22 21 33 15 62 61 46 25 57 63 10 47 54 2 13 26 23 31 39 12 55 38 7 5 4 52 1 20 48 3 32 11 24 49 16 6 56 8 40 14 60
19 18 37 29 22 46 9 34 45 20 26 17 33 41 8 44 51 30 10 11 3 58 53 14 21 43 42 0 47 12 4 49 31 62 48 13 23 16 5 25 1 54 59 55 2 39 38 15 56 57 63 6 40 60 50 24 52 32 61 7
37 29 19 43 45 26 20 44 38 22 34 12 42 52 59 50 13 11 25 17 21 14 5 60 7 39 41 54 46 24 18 55 3 53 61 49 8 6 56 40 16 9 23 51 48 2 30 0 58 10 47 31 63 33 62 4 15 57 1 32
26 20 37 34 33 45 53 46 38 41 39 32 40 43 42 55 52 54 13 60 29 48 62 44 61 51 58 47 59 24 49 21 50 11 2 18 25 31 14 30 19 4 17 7 63 57 56 16 12 22 8 9 6 5 3 10 23 1 0 15
37 45 44 29 20 13 22 30 18 31 54 43 12 34 14 51 46 53 41 55 38 15 61 4 11 42 47 9 19 25 49 50 63 23 0 6 52 57 16 39 58 21 7 48 32 2 3 33 5 62 24 59 56 17 60 1 10 40 26 8
44 45 37 43 51 21 50 53 20 30 34 18 29 59 14 25 39 57 41 32 48 13 58 52 62 7 49 11 60 19 5 38 22 6 42 61 4 23 15 33 12 63 17 16 40 56 3 2 9 26 54 47 10 46 31 0 55 24 8 1
44 29 21 45 26 25 19 34 54 11 20 63 46 13 42 43 30 49 24 53 60 39 62 38 6 5 22 23 3 17 33 41 14 18 48 15 16 2 52 37 57 7 40 10 9 4 51 0 12 59 61 50 47 32 1 56 58 31 55 8
37 45 53 29 18 61 30 21 44 31 14 9 39 13 23 15 26 42 62 38 10 17 20 3 12 47 2 63 49 34 8 0 19 56 46 52 5 11 60 25 1 59 7 51 33 24 4 41 32 40 43 55 57 54 6 58 16 48 50 22
44 29 22 30 18 26 17 52 31 8 25 9 42 24 37 43 34 20 45 38 13 41 54 53 50 11 48 49 16 51 4 6 1 55 39 2 46 23 57 56 21 10 5 47 60 15 7 14 59 12 33 58 19 32 3 40 63 61 62 0
37 43 42 45 51 50 53 54 49 38 19 20 55 11 44 57 29 48 21 46 47 30 58 39 3 34 40 52 60 10 9 13 12 2 1 41 5 4 22 31 23 62 33 8 17 15 26 59 6 63 61 18 14 24 32 25 16 7 56 0
37 43 18 38 44 53 50 21 52 26 30 39 23 45 19 20 33 29 31 17 34 51 54 15 11 40 14 12 13 59 42 25 46 4 3 2 22 5 58 63 62 41 49 57 48 60 16 8 7 24 9 61 55 0 32 6 10 47 1 56
37 45 26 34 42 29 46 25 17 41 44 55 47 9 38 50 19 10 12 39 30 20 58 22 13 4 31 21 15 3 23 11 14 43 5 7 2 18 54 62 1 57 51 6 63 53 52 0 56 59 40 33 32 24 60 61 16 49 8 48
26 34 42 20 13 18 19 49 37 21 9 25 29 41 24 22 15 23 14 5 56 16 31 57 8 12 32 10 50 0 58 48 3 59 40 44 52 38 45 11 33 30 2 51 7 43 60 17 4 54 63 6 46 47 55 61 53 62 39 1
19 18 17 9 44 45 37 25 54 43 16 63 0 29 26 1 32 33 24 53 30 23 40 10 61 62 50 21 38 60 11 34 8 2 3 31 39 20 52 47 13 22 42 4 5 6 12 57 14 59 51 41 58 15 46 49 7 55 56 48
44 29 22 43 42 30 21 50 19 41 49 12 5 23 33 48 58 26 57 11 15 7 39 56 10 52 34 31 40 51 38 25 17 14 18 2 20 16 32 45 54 3 60 24 9 37 4 13 46 0 59 63 6 61 62 8 53 47 55 1
26 34 42 33 45 51 44 20 49 52 32 17 37 40 8 58 19 12 43 53 61 24 18 38 50 9 13 62 54 46 0 60 41 21 11 59 57 25 55 3 16 47 31 63 10 6 29 4 5 2 48 56 39 1 7 23 30 22 15 14
37 45 44 29 46 52 43 53 30 50 21 22 62 20 13 31 23 4 51 15 5 34 19 54 58 12 41 42 3 59 49 40 61 18 63 56 11 2 17 55 10 25 60 26 32 38 1 6 39 33 57 16 7 48 47 24 8 9 14 0
37 29 19 26 18 46 34 33 30 10 9 21 45 8 0 31 2 20 22 12 11 3 13 23 41 5 43 50 59 25 47 4 6 54 38 44 24 55 40 32 17 14 53 39 62 57 51 61 42 58 16 63 56 15 60 48 7 52 49 1
19 34 42 18 44 20 12 43 26 45 17 29 21 33 51 4 24 58 37 30 31 40 3 22 41 39 5 8 16 9 13 23 38 25 52 60 61 62 32 47 2 50 11 6 10 48 0 1 53 46 14 15 56 59 49 57 54 63 7 55
37 29 19 26 21 44 42 20 17 46 55 38 39 30 22 18 52 31 9 23 12 43 15 34 45 10 33 54 1 41 51 60 40 48 47 2 61 32 59 16 0 50 11 63 53 62 3 7 49 13 8 4 5 58 25 24 57 6 56 14
44 29 22 30 18 15 20 43 31 19 45 38 26 17 50 51 10 54 8 57 52 61 34 21 58 9 14 37 56 11 49 41 42 33 2 13 16 3 6 60 32 40 25 23 59 47 39 5 55 7 63 12 53 24 4 48 1 0 62 46
19 18 26 34 41 29 17 42 33 24 20 49 43 50 45 13 51 60 21 10 5 11 40 54 37 14 58 30 12 44 2 9 53 62 63 32 39 23 25 16 0 38 15 8 3 6 47 57 22 55 56 46 59 7 52 31 1 48 61 4
37 29 21 43 42 22 51 38 30 50 44 59 39 33 57 49 14 31 41 48 58 34 40 52 19 46 53 7 45 11 26 24 61 54 3 56 23 25 32 10 18 15 16 9 13 47 1 4 5 20 62 55 12 8 0 2 6 17 60 63
44 29 21 45 46 52 30 43 26 47 42 17 54 41 59 60 51 62 61 58 53 14 25 24 55 39 40 38 18 37 8 34 13 63 31 48 50 12 7 33 11 5 32 57 16 23 15 0 49 3 22 56 20 9 19 4 2 1 10 6
26 20 45 42 29 44 43 52 11 25 21 38 34 30 19 50 47 33 41 46 37 14 18 22 59 17 16 57 54 48 61 53 58 55 24 3 15 60 2 49 32 39 51 62 4 40 31 23 13 8 63 7 12 10 6 5 1 0 56 9
19 34 45 11 33 54 44 43 18 9 37 30 53 29 55 51 52 60 59 32 46 63 61 50 38 39 42 58 21 12 31 20 10 62 5 49 13 1 56 40 3 47 57 26 24 22 41 2 25 23 48 6 4 16 14 15 0 17 7 8
19 18 37 29 21 45 53 11 44 54 3 38 47 39 25 34 46 55 33 43 51 9 20 4 2 12 5 41 26 50 48 22 52 24 59 42 31 58 16 40 23 8 49 56 63 61 10 30 62 57 32 17 0 1 60 6 7 14 15 13
37 45 26 29 38 25 52 53 18 59 32 44 43 24 54 40 22 46 47 55 30 42 20 39 51 15 14 60 21 10 61 34 31 7 16 12 48 33 11 23 9 2 63 50 4 19 41 5 17 0 57 62 3 8 58 56 1 49 13 6
44 43 50 37 30 29 34 57 21 41 19 38 48 32 39 11 52 33 3 61 51 22 60 45 54 31 46 13 5 47 55 20 14 26 53 6 4 15 25 16 7 2 24 58 23 63 42 59 12 49 18 17 8 10 56 62 1 9 0 40
26 20 21 18 37 43 34 29 51 45 19 10 44 22 38 59 15 31 52 25 12 5 11 61 32 30 4 17 9 14 13 0 41 16 6 2 54 46 3 63 23 42 39 47 60 7 1 53 55 48 62 8 24 49 50 58 33 40 56 57
19 20 29 34 12 11 41 37 26 10 45 4 13 14 2 17 6 22 1 42 15 44 33 30 8 46 38 21 50 32 40 25 54 59 58 43 24 7 60 9 3 23 39 5 49 47 55 48 56 31 51 18 53 62 63 0 61 57 52 16
19 20 37 34 33 43 18 17 13 25 10 21 12 6 24 38 14 4 26 9 5 32 44 51 7 16 50 22 0 42 52 11 3 8 40 60 61 41 23 31 1 15 39 53 59 58 62 45 49 63 54 29 30 57 46 55 2 48 56 47
26 34 45 18 9 20 42 41 19 44 53 52 48 46 54 55 43 37 21 12 5 0 29 22 62 51 15 25 17 3 13 40 38 61 11 63 50 6 59 23 1 4 16 39 31 2 10 47 14 33 24 56 32 30 8 49 60 58 57 7
26 20 37 42 13 12 29 14 11 44 15 38 47 30 34 43 52 46 45 59 31 21 53 7 60 51 33 49 22 61 6 54 62 19 18 50 57 39 58 24 56 2 40 10 3 9 25 17 8 4 55 41 5 63 1 32 48 0 16 23
26 20 37 44 53 18 19 38 46 54 21 34 25 12 10 16 45 62 43 2 39 22 55 29 60 52 41 11 13 33 30 5 15 23 61 59 3 49 51 47 32 4 14 40 6 7 31 24 63 50 48 57 58 56 9 0 8 17 1 42
44 43 50 21 18 37 30 52 34 39 61 26 51 58 20 42 49 29 25 56 19 57 14 33 23 7 32 16 5 11 10 24 12 2 9 40 41 60 13 31 47 62 45 1 22 6 17 46 53 55 48 4 15 0 63 54 59 3 38 8
19 20 29 22 21 34 41 13 45 18 43 42 50 54 11 57 52 33 38 32 40 3 24 48 9 17 14 1 15 23 30 61 12 6 49 25 56 46 5 44 60 59 10 4 26 37 31 39 0 16 7 8 62 47 58 2 51 53 63 55
19 34 41 20 45 37 29 38 46 33 44 48 39 11 2 21 43 47 14 53 55 13 25 17 16 51 59 54 61 62 52 50 12 3 49 63 31 60 18 58 30 7 4 5 22 26 6 42 10 56 57 8 24 9 1 32 40 15 0 23
19 34 43 18 17 11 44 51 20 21 4 29 59 50 38 10 37 24 14 52 57 13 60 22 23 9 8 53 12 1 54 39 47 55 46 61 33 6 25 41 0 31 30 2 5 26 32 48 7 45 49 42 63 16 40 58 3 56 62 15
37 45 19 38 39 29 54 10 22 30 31 43 46 21 26 15 1 20 11 3 13 63 50 9 53 14 2 51 8 4 47 25 23 18 6 0 34 16 61 42 17 49 57 44 52 7 32 60 41 33 12 55 24 62 58 48 56 5 40 59
44 29 22 42 20 37 30 13 11 31 26 38 23 25 34 43 24 52 19 45 61 12 39 41 18 59 50 16 32 57 58 10 51 46 33 40 9 49 14 4 60 8 0 53 6 2 54 62 3 47 5 15 21 7 1 17 48 63 55 56
37 29 20 43 30 22 44 21 18 39 38 12 4 3 23 45 2 31 51 42 46 13 15 19 34 17 6 55 54 63 47 5 62 7 52 61 49 33 10 41 32 11 26 1 16 58 60 9 50 57 14 25 56 59 8 40 53 24 48 0
44 29 19 10 21 26 20 53 34 37 45 22 51 42 62 43 13 38 47 5 6 60 4 61 25 52 30 17 8 46 55 11 58 39 23 31 33 18 59 50 2 15 14 41 32 9 7 24 54 3 1 16 49 12 48 40 57 56 63 0
44 45 37 43 42 20 19 29 54 11 34 41 40 53 46 48 12 39 3 52 47 2 59 26 18 25 51 61 1 38 13 21 62 60 33 6 22 15 17 16 49 5 4 56 50 55 14 63 8 7 23 9 31 57 32 30 58 0 10 24
26 34 45 19 12 18 9 37 42 0 17 11 4 53 54 25 20 63 44 21 32 51 38 46 52 39 13 5 1 60 22 3 47 55 62 2 59 24 31 8 58 30 33 43 14 41 10 57 23 7 48 29 6 61 40 49 16 50 56 15
37 29 21 30 23 45 44 52 51 42 20 12 33 13 5 58 26 17 19 38 46 49 60 11 34 40 56 53 61 55 39 4 32 62 63 6 47 50 10 3 8 43 25 24 2 48 1 22 41 9 59 31 7 54 15 14 57 18 16 0
19 34 43 20 37 45 33 18 11 32 44 3 9 0 10 2 21 52 1 38 12 14 4 5 22 13 7 23 51 42 6 59 30 15 41 40 60 53 39 26 50 46 25 16 48 56 17 24 54 47 29 61 49 58 63 62 55 31 57 8
37 43 34 25 19 38 44 21 30 53 50 23 29 52 14 11 47 12 22 5 20 46 42 26 7 41 49 59 62 13 40 15 24 56 51 60 31 16 39 32 10 33 17 6 45 8 48 1 0 3 4 54 9 2 63 55 18 58 57 61
26 20 37 46 29 19 13 34 18 22 41 10 11 4 2 48 21 25 5 6 45 53 43 42 16 51 38 32 33 1 14 7 9 39 55 47 15 12 49 57 31 0 17 30 50 52 44 3 54 23 8 24 40 61 58 63 62 59 60 56
44 29 19 26 17 45 20 13 18 9 12 43 14 25 51 4 46 42 11 5 0 60 32 53 41 39 21 40 48 33 61 62 37 23 7 1 16 15 49 8 55 22 6 47 2 30 59 57 50 24 10 58 54 34 52 63 31 3 38 56
44 29 20 43 30 12 26 34 11 31 38 45 52 60 47 25 22 10 2 13 59 54 18 4 15 58 14 6 42 17 21 3 46 1 5 39 9 0 61 50 32 33 19 23 51 63 62 53 16 41 48 37 55 40 8 56 7 24 57 49
44 43 42 45 37 29 54 34 21 63 46 50 18 22 23 26 33 10 49 52 58 14 59 47 38 60 55 56 61 30 19 17 31 32 48 57 16 39 62 15 41 53 25 11 24 20 9 40 12 3 13 51 7 6 5 4 2 1 8 0
26 34 42 33 41 19 10 48 18 11 12 43 50 21 30 1 29 37 2 57 46 5 40 9 59 22 25 58 52 44 14 61 0 16 60 31 38 24 62 15 4 49 56 39 32 53 45 23 8 51 17 54 55 3 6 20 13 47 7 63
26 18 10 25 45 11 9 44 52 21 24 53 4 46 62 42 37 19 20 29 47 60 43 2 61 63 22 39 55 32 54 1 49 17 16 34 59 14 51 12 40 30 3 38 15 8 0 58 13 33 50 41 31 5 48 7 6 56 57 23
19 34 41 11 44 29 20 21 26 42 30 39 10 33 12 3 22 49 38 13 5 4 32 17 9 2 51 53 24 40 56 60 43 16 62 14 8 18 50 31 48 57 25 37 58 1 52 59 15 0 45 7 46 54 55 63 61 6 47 23
44 29 19 26 37 12 17 46 21 45 5 51 30 13 55 23 38 8 54 11 18 20 33 39 16 63 62 25 22 24 52 10 50 4 9 58 43 15 14 7 34 61 59 47 3 2 0 1 42 41 32 49 48 60 6 31 40 56 57 53
37 29 21 30 19 45 54 12 14 34 39 10 42 20 44 38 3 50 49 48 58 4 31 52 56 26 5 7 23 46 25 47 17 63 33 24 11 2 13 18 62 6 9 51 40 15 32 1 53 59 16 60 61 22 55 0 8 43 41 57
26 20 37 44 45 34 12 43 18 10 33 54 52 41 9 61 51 8 19 13 53 17 63 25 32 5 24 62 11 30 21 47 42 40 4 50 60 46 39 22 55 23 0 1 14 16 58 29 38 7 49 48 15 56 57 6 31 59 2 3
26 20 21 34 44 22 12 45 30 25 33 52 16 42 51 38 37 29 43 50 23 4 49 13 60 53 57 48 59 58 3 32 5 31 56 15 61 24 17 18 10 46 47 6 41 8 11 19 7 55 39 2 9 62 14 1 0 40 63 54
19 20 45 44 21 12 13 10 53 54 37 52 62 22 14 30 46 42 51 6 23 63 38 50 43 18 1 26 49 33 59 58 29 31 55 40 41 47 48 34 25 24 7 60 17 61 32 16 8 56 11 5 4 9 2 3 57 15 39 0
19 34 44 11 18 37 41 17 38 46 29 45 3 21 25 31 54 62 47 53 30 43 50 23 9 55 52 10 20 24 13 5 16 33 61 59 42 8 63 49 40 51 22 48 26 15 56 57 58 60 2 39 0 12 7 32 14 4 6 1
19 20 45 26 18 10 25 34 9 42 12 17 11 3 2 37 33 1 50 54 29 41 0 4 16 51 63 38 44 8 32 58 31 48 60 52 43 47 40 53 22 55 21 30 39 23 56 24 61 62 13 49 5 59 57 46 15 14 7 6
19 20 13 10 11 34 44 12 5 29 43 51 18 6 2 9 14 37 3 4 41 1 0 21 52 16 7 15 42 60 22 38 53 17 26 46 61 45 8 25 33 48 47 39 31 54 24 50 59 30 32 40 23 49 56 57 62 55 58 63
44 43 26 29 51 50 45 19 30 31 18 17 22 52 59 53 11 13 41 34 54 46 25 62 16 49 61 8 38 42 15 40 20 9 1 14 0 24 37 21 6 4 10 7 39 5 33 32 23 2 63 12 58 47 3 60 55 57 48 56
44 45 46 34 26 54 41 52 60 47 63 62 61 18 38 33 42 20 21 49 19 50 25 14 40 12 9 17 29 1 13 43 16 22 53 31 58 51 32 59 4 48 56 24 2 5 23 10 30 0 37 57 3 8 15 7 11 39 6 55
44 29 21 43 30 52 60 61 62 31 37 14 19 38 23 20 12 22 7 3 39 13 51 45 46 42 26 55 6 11 2 50 54 15 4 47 57 5 49 41 33 63 53 59 58 25 24 34 17 10 8 18 56 48 16 0 9 32 40 1
37 29 18 46 30 21 55 26 13 31 20 10 9 44 45 19 2 12 23 54 63 5 3 17 24 34 39 4 53 42 11 16 25 14 33 43 8 40 22 47 49 41 52 56 51 59 50 38 32 48 15 0 1 58 6 61 60 62 57 7
44 29 18 52 37 45 53 61 22 21 30 20 11 9 60 31 13 5 38 51 0 42 26 59 4 19 6 46 12 17 33 23 8 39 55 25 15 54 63 40 47 1 34 62 32 41 24 14 49 3 58 16 48 10 7 50 2 57 43 56
26 18 10 25 32 9 17 16 19 44 0 29 37 1 45 46 38 39 11 34 43 12 8 24 33 51 53 62 54 52 60 42 58 40 31 47 20 23 21 13 41 59 2 50 5 3 48 57 6 14 30 22 7 49 55 63 4 15 56 61
37 43 50 38 19 20 29 44 47 10 11 26 9 51 45 39 46 13 34 12 30 3 42 55 17 31 4 53 54 25 6 24 58 33 22 1 60 41 48 18 49 62 16 23 52 57 32 21 14 7 5 40 15 59 63 61 56 8 2 0
19 18 26 20 29 37 21 34 45 46 43 51 33 44 52 40 10 9 55 30 42 2 59 50 23 22 49 47 25 63 12 32 38 60 24 58 41 39 15 54 48 3 11 14 1 17 4 13 6 5 57 0 31 56 16 8 62 7 61 53
19 20 21 12 13 10 4 22 11 5 14 26 44 23 31 43 50 39 7 6 3 29 34 41 17 37 25 9 48 52 38 45 53 42 46 16 33 51 8 40 49 18 24 57 61 62 47 60 58 54 30 32 59 0 55 63 1 56 15 2
26 20 13 18 44 6 9 52 21 34 5 29 45 22 43 10 60 4 12 50 42 3 2 41 7 51 49 0 14 15 8 61 31 25 33 32 19 11 23 57 53 54 46 59 30 47 24 37 58 39 55 63 56 40 17 38 62 1 16 48
26 20 37 42 34 25 19 29 13 45 21 14 33 11 30 38 50 44 24 32 15 49 12 10 48 31 39 23 43 22 40 6 41 18 53 47 55 56 9 58 17 1 51 52 16 61 60 4 46 5 2 54 3 0 7 62 63 8 57 59
26 18 44 43 10 9 34 29 42 2 30 52 61 17 45 50 8 22 58 60 15 16 53 62 59 19 1 20 25 0 12 37 51 57 49 38 39 5 21 24 46 41 40 32 48 54 55 13 6 47 31 63 4 14 11 3 7 33 23 56
44 43 26 19 12 25 24 11 34 37 3 10 42 5 20 51 45 21 18 53 52 33 30 16 60 9 61 38 29 40 2 59 8 14 54 39 50 17 13 58 57 1 7 15 23 63 31 47 55 4 41 48 0 62 46 56 49 32 22 6
37 45 26 38 46 54 53 60 47 34 30 39 61 62 44 43 50 20 42 22 23 55 14 51 21 6 5 12 7 41 4 29 48 40 31 25 58 13 63 52 11 3 19 17 2 56 15 57 18 10 32 9 8 1 59 0 16 24 33 49
19 34 43 50 37 11 18 46 38 17 10 45 42 20 51 31 24 16 39 30 33 26 55 44 41 59 22 32 60 49 9 25 48 53 52 47 13 12 29 23 15 58 57 2 4 56 61 62 0 1 54 5 8 14 40 21 6 63 3 7
44 29 20 45 46 54 19 11 3 2 13 4 62 43 52 61 38 53 59 30 18 26 50 39 60 57 47 22 14 37 33 15 41 63 34 17 21 32 55 49 40 10 31 25 12 58 16 23 9 42 7 5 24 51 6 1 56 48 0 8
37 43 50 51 34 25 18 49 33 19 16 46 57 44 29 42 52 60 48 56 11 10 2 1 9 17 59 24 38 40 20 3 54 26 0 12 13 22 61 30 15 4 32 6 5 58 7 41 8 31 14 53 45 23 21 62 47 39 63 55
19 20 13 10 11 42 29 22 38 21 44 5 34 43 51 47 45 2 50 18 31 49 41 59 12 25 15 33 40 53 3 58 17 24 4 48 30 14 26 9 1 54 57 0 7 8 6 39 60 52 16 46 62 37 56 23 32 63 55 61
37 43 34 41 50 45 25 20 19 18 10 29 17 42 22 21 40 57 52 59 54 44 58 1 13 51 53 61 11 24 9 14 7 55 56 30 62 16 32 0 60 49 8 4 33 46 39 48 12 26 47 31 38 2 5 23 15 3 63 6
37 45 26 29 46 34 33 25 20 42 24 18 43 41 49 44 21 12 53 32 16 55 38 39 31 13 11 61 14 50 47 17 9 23 57 6 19 59 54 5 7 1 58 30 40 62 10 2 3 15 63 8 0 56 4 51 22 48 60 52
44 43 26 29 42 52 37 30 45 19 60 34 23 54 11 38 41 25 39 12 13 49 20 31 10 2 17 47 53 6 16 33 50 61 14 1 40 57 21 24 18 3 51 58 9 59 56 22 62 4 55 0 7 48 32 63 15 8 46 5
26 18 19 20 9 0 37 42 44 34 17 52 50 16 21 29 53 41 30 59 60 33 40 43 25 14 7 62 11 3 51 45 2 32 4 31 22 61 38 48 49 56 12 10 8 46 55 23 13 47 57 39 54 63 24 6 15 1 5 58
37 43 34 45 19 38 46 47 39 31 54 29 21 22 55 20 13 12 3 6 51 53 44 26 52 41 33 61 23 14 62 10 17 58 18 16 8 60 4 15 9 25 32 11 48 42 24 0 2 30 50 57 7 40 59 56 49 1 5 63
37 45 44 29 54 34 26 42 30 52 33 24 40 38 39 18 49 21 10 43 51 31 46 20 19 58 59 63 23 60 53 11 62 47 12 25 50 22 14 15 16 9 32 41 8 4 3 17 5 55 61 7 6 13 48 56 57 1 0 2
44 29 21 13 26 43 42 20 45 52 59 60 6 34 37 38 41 30 51 50 54 53 61 62 58 46 31 23 63 17 47 12 14 5 7 33 11 22 24 3 19 40 8 10 49 4 9 18 39 0 32 48 56 1 15 57 2 55 16 25
37 45 53 38 29 22 18 43 39 54 55 19 42 31 23 61 21 15 7 20 52 46 50 49 48 47 10 51 63 9 0 26 14 34 59 57 17 2 3 41 32 60 1 44 56 58 13 62 30 33 25 11 4 5 6 12 40 16 24 8
26 34 43 20 37 52 12 18 33 42 19 13 10 38 21 2 51 44 6 11 60 29 3 22 30 32 15 23 31 39 46 4 40 48 14 47 17 24 9 1 0 5 8 25 45 7 16 55 56 41 53 59 54 63 62 61 58 50 49 57
19 20 13 18 37 11 17 45 4 9 25 12 34 26 53 6 21 43 14 29 52 46 33 51 44 54 59 32 55 22 31 38 42 3 1 63 24 60 40 49 15 0 61 30 50 16 56 47 8 2 7 58 5 48 23 10 39 41 62 57
19 18 37 29 9 44 53 26 45 43 34 25 17 54 32 11 10 16 63 61 50 55 47 2 22 8 33 42 51 30 46 40 4 58 31 15 38 24 21 3 1 20 14 7 41 0 13 52 62 6 57 48 60 56 12 59 5 49 23 39
26 20 37 44 29 30 46 17 25 34 8 22 21 12 52 16 24 53 23 31 13 55 42 45 15 51 11 41 39 6 43 4 3 2 38 33 59 14 47 9 19 5 7 58 60 50 32 40 49 54 1 18 63 0 10 48 57 61 62
19 34 45 11 33 43 50 32 18 25 16 51 42 49 44 17 20 37 46 52 59 54 56 9 58 30 38 41 0 60 4 29 62 53 26 1 23 57 61 63 47 21 2 39 12 13 48 5 22 6 14 55 7 8 40 10 24 15 3 31
37 43 26 29 34 25 22 45 19 12 44 38 46 18 24 52 39 16 50 20 51 15 61 33 32 53 10 21 23 58 4 31 60 9 17 40 59 30 1 47 42 11 54 13 5 14 2 3 7 63 55 62 8 41 49 6 48 0 56 57
26 18 10 9 8 2 45 16 11 0 12 4 20 13 14 6 44 53 42 22 62 52 34 41 21 43 3 17 19 29 23 61 54 25 37 46 50 1 60 5 24 63 15 58 38 31 7 39 40 33 30 59 51 48 57 49 56 55 47 32
37 43 26 17 50 38 45 53 54 55 29 18 61 21 9 0 34 42 47 39 13 52 49 20 8 56 41 19 22 33 1 11 25 44 30 5 48 57 3 24 40 31 6 12 4 16 60 10 51 2 14 7 15 32 62 58 46 23 59 63
19 34 42 18 44 50 26 37 10 51 53 21 46 30 45 55 14 20 58 12 13 61 54 33 47 5 49 43 38 1 32 41 23 39 31 62 22 9 63 6 48 25 17 52 0 11 4 8 2 57 15 29 16 7 56 3 24 40 59 60
19 20 37 44 53 34 43 52 41 18 51 59 10 48 58 57 33 2 1 29 26 60 49 25 40 30 46 42 32 9 56 11 17 24 8 54 13 55 50 0 61 21 22 5 14 45 3 4 62 31 16 23 38 47 15 63 6 12 39 7
19 18 26 20 11 25 33 4 37 44 29 38 3 17 5 2 16 10 9 24 34 6 12 21 53 41 46 62 52 0 14 39 54 8 32 30 13 42 22 60 1 23 55 47 15 61 45 40 31 7 49 56 59 63 51 43 57 50 48 58
26 34 43 18 29 30 21 44 19 37 9 50 51 58 38 39 33 13 45 10 5 8 59 20 49 60 0 41 1 17 48 12 4 52 22 15 23 3 53 57 14 54 42 11 25 46 2 24 55 47 40 61 62 16 31 56 7 32 63 6
26 20 45 44 53 54 55 34 12 13 42 52 29 41 60 37 14 19 48 30 38 25 17 46 39 21 23 6 33 15 7 4 18 40 10 50 3 56 5 32 58 59 49 61 51 47 63 57 24 43 9 0 62 16 31 22 8 1 2 11
44 29 18 26 34 52 20 17 60 33 22 13 42 53 24 9 4 21 25 32 8 49 0 23 43 61 50 59 45 19 14 7 41 10 12 54 37 16 2 3 11 30 46 51 39 5 62 40 6 31 56 48 15 1 38 63 57 55 58 47
37 45 53 29 18 26 17 43 44 46 30 23 51 62 61 22 21 20 39 50 12 19 15 31 42 9 38 59 63 4 3 2 11 49 0 14 41 5 57 10 7 55 54 25 47 52 1 32 6 34 33 48 58 40 13 8 16 60 56 24
44 45 26 18 37 43 10 29 54 25 52 51 20 63 24 60 30 12 11 22 13 17 14 3 9 2 59 42 53 23 4 6 21 46 50 38 34 33 31 61 32 39 15 57 1 47 55 16 41 48 40 5 7 0 19 58 49 62 8 56
19 18 37 45 53 54 44 52 61 38 60 51 43 59 62 29 55 34 26 20 42 49 46 33 22 63 30 47 11 12 39 31 9 17 56 10 23 21 4 8 13 5 41 3 0 15 14 57 32 58 25 24 48 7 1 2 40 50 6 16
26 34 41 33 45 21 20 19 32 44 37 54 11 18 53 43 10 62 14 2 61 52 60 48 50 17 25 46 13 42 38 40 4 39 51 57 47 55 24 3 31 49 63 16 1 22 9 59 30 7 12 8 6 15 29 5 56 58 0 23
26 34 41 19 37 43 52 21 44 60 53 42 11 33 45 17 20 54 49 38 8 10 46 39 47 13 40 50 58 25 1 2 14 55 63 9 62 61 3 48 18 32 6 12 30 15 16 24 22 56 4 57 51 29 31 23 59 7 5 0
26 18 19 20 37 34 17 46 10 45 12 25 44 8 30 2 53 54 24 52 51 33 42 43 47 55 9 0 38 50 11 3 4 39 41 22 31 16 13 21 62 60 49 5 14 15 7 40 1 58 57 6 29 56 63 23 59 61 48 32
26 34 42 20 45 44 21 33 12 18 43 54 29 50 49 51 63 30 37 14 31 23 41 56 32 25 10 17 8 19 40 24 59 1 13 46 2 60 38 5 53 48 61 3 15 9 7 47 11 0 55 57 39 6 4 52 16 62 58 22
44 29 18 43 51 26 19 9 22 11 17 45 10 16 12 4 24 30 38 50 46 25 33 31 49 2 1 15 8 59 3 0 14 41 34 13 5 20 21 57 7 39 32 40 48 42 52 47 23 58 37 61 53 54 55 63 62 6 60 56
37 29 18 42 30 38 45 19 20 54 47 9 17 12 5 31 23 15 46 25 43 55 61 10 22 51 50 39 32 13 26 62 34 60 11 24 59 58 1 21 14 4 16 8 49 40 56 52 63 48 33 53 0 6 7 41 44 2 3 57
19 34 45 20 12 54 43 4 37 52 41 48 51 29 53 11 38 59 18 44 21 26 58 46 25 60 5 39 61 6 31 9 10 23 47 13 0 17 14 1 15 55 42 32 40 7 8 16 2 22 56 33 24 30 62 63 3 50 49 57
19 20 37 44 21 34 41 12 29 30 5 10 31 18 51 39 47 52 53 33 1 48 11 60 17 16 26 4 8 54 13 6 24 50 14 2 25 38 49 3 61 42 46 22 45 32 9 43 40 63 7 56 23 55 59 57 58 0 62 15
26 34 41 20 44 42 12 33 32 18 49 40 10 37 30 50 58 38 45 24 46 53 60 43 25 2 9 11 17 16 1 19 3 39 52 54 55 4 21 62 51 59 61 8 48 57 31 0 63 56 29 5 47 13 6 14 7 23 22 15
26 34 43 52 51 18 61 20 25 32 10 59 50 41 49 11 44 2 16 33 42 19 21 22 4 24 40 53 12 17 9 29 23 56 58 0 37 57 54 14 6 30 46 3 5 15 1 45 39 38 7 13 47 62 63 8 55 48 31 60
19 34 44 53 52 11 54 62 10 37 12 51 42 3 33 21 38 45 58 41 26 25 24 1 46 40 17 18 5 29 9 30 47 60 63 55 22 8 43 14 32 13 23 31 15 6 16 4 50 7 48 57 39 59 61 56 49 20 0 2
26 20 13 12 29 38 45 6 4 43 14 11 18 25 44 46 34 22 32 10 47 31 53 52 2 9 21 42 41 62 0 16 24 54 15 3 63 48 33 49 57 17 51 1 8 56 37 19 61 30 5 50 59 55 39 58 23 60 7 40
26 18 10 43 44 45 52 9 34 59 54 29 8 38 46 2 21 20 30 31 60 25 11 22 47 63 16 0 14 12 61 39 23 7 17 33 3 24 5 42 1 15 13 4 41 62 37 49 48 19 40 32 50 56 6 57 51 53 55 58
37 43 34 45 52 29 22 42 26 21 20 44 38 14 13 18 25 24 9 33 6 7 51 30 50 46 23 19 54 53 15 57 58 12 16 10 3 47 40 60 1 2 17 63 39 5 41 0 62 49 11 8 59 55 48 61 32 31 56 4
19 34 43 18 33 50 37 41 57 45 32 11 20 46 54 21 14 53 10 63 38 1 62 42 3 12 29 13 5 40 30 39 47 51 52 44 49 58 48 25 2 56 17 26 55 16 31 7 0 4 23 6 59 22 15 24 9 8 60 61
37 43 26 19 18 38 45 21 51 53 54 52 14 55 11 10 39 9 8 29 25 3 30 1 46 13 22 23 4 42 31 24 2 50 61 7 20 0 59 6 62 60 16 17 5 47 15 44 57 12 34 41 49 32 63 48 40 33 56 58
19 18 26 20 21 22 13 5 45 42 34 43 6 37 52 41 17 7 29 16 40 46 12 61 14 4 38 44 47 50 49 31 58 54 15 57 10 30 51 56 39 23 62 1 3 60 53 55 25 59 9 2 63 48 33 8 0 24 32 11
26 20 13 25 37 46 21 6 12 45 14 29 53 44 39 30 38 3 52 54 31 7 43 42 18 5 4 34 32 47 55 16 51 9 17 22 49 41 2 58 15 19 59 40 24 23 48 1 10 50 56 62 61 11 63 33 8 60 57 0
26 34 43 18 29 44 9 42 50 33 32 17 52 19 10 3 2 41 40 37 46 38 16 11 45 8 4 12 24 61 47 20 53 49 59 21 54 1 30 51 48 39 31 23 22 57 25 62 60 56 58 55 63 5 13 6 0 14 7 15
37 43 50 51 42 41 52 45 32 21 44 57 46 54 59 40 33 53 38 26 18 47 55 62 48 63 29 31 39 22 34 60 23 20 30 9 12 25 11 15 19 4 14 2 0 7 6 5 13 17 3 10 1 16 24 56 61 58 49 8
19 20 37 34 33 44 53 42 13 62 51 10 21 12 11 18 9 49 43 45 26 46 30 60 59 24 55 52 32 6 41 39 16 38 5 14 7 17 29 4 47 23 3 54 63 40 25 2 50 15 56 22 48 8 31 61 0 1 58 57
19 20 13 10 21 18 11 34 25 37 9 0 46 2 33 32 17 24 16 4 1 3 5 41 48 45 26 38 39 49 52 12 57 8 50 51 22 30 29 31 44 43 42 40 59 60 56 58 47 53 14 55 61 15 6 7 23 54 63 62
37 43 50 21 19 42 29 38 41 10 13 51 45 20 11 3 34 25 39 40 52 57 30 60 16 14 2 53 18 12 61 33 59 31 47 55 54 26 24 9 48 46 49 17 4 22 23 63 6 56 8 7 15 1 44 5 58 62 32 0
37 43 50 51 26 17 42 57 44 33 41 30 59 49 38 21 19 52 23 29 25 11 53 62 60 22 3 47 20 2 9 34 32 14 39 18 12 4 15 16 5 40 48 7 6 31 10 13 46 61 8 56 63 24 1 45 55 58 54 0
19 20 37 44 13 38 21 10 11 14 9 5 52 34 12 18 42 60 45 2 26 49 4 41 39 30 15 23 33 6 48 3 43 31 22 8 7 17 56 32 46 57 59 50 25 58 29 54 55 51 1 0 53 61 47 24 16 62 63 40
19 20 13 18 21 34 44 22 26 43 12 6 51 11 23 45 3 31 25 42 49 41 48 14 53 40 46 33 32 17 24 16 7 56 30 5 8 39 37 58 10 52 47 38 59 9 15 61 57 0 1 54 29 60 62 55 4 2 50 63
44 45 37 29 19 34 30 43 52 38 47 20 26 61 51 21 46 53 14 39 54 60 41 13 59 18 12 5 10 11 4 55 62 15 22 17 9 2 25 1 3 31 6 42 50 7 23 16 63 57 33 48 58 32 0 8 40 49 56 24
37 43 18 19 10 38 42 1 21 34 26 49 51 33 46 29 20 44 45 47 56 12 54 22 15 61 55 17 16 24 40 59 4 41 52 11 39 31 60 57 63 32 25 14 13 50 30 6 5 7 58 8 9 3 0 62 2 53 48 23
26 20 29 18 43 51 9 19 12 37 34 4 52 33 25 21 59 17 45 54 22 1 11 30 63 23 31 44 46 60 15 3 14 38 53 42 41 50 10 58 32 7 6 49 24 55 5 16 40 48 57 56 0 39 61 62 13 8 2 47
44 29 18 42 30 53 49 26 34 20 13 31 37 43 19 45 51 50 52 25 38 12 21 5 16 9 6 48 61 7 10 14 58 62 0 39 54 17 11 60 4 24 15 22 23 3 33 2 40 8 47 41 59 32 46 56 63 55 1 57
19 34 42 18 17 20 45 37 13 26 43 10 11 24 41 49 25 51 44 12 4 14 8 52 21 29 3 33 40 16 59 0 9 46 30 50 22 61 58 38 39 57 60 53 7 1 15 56 47 54 62 32 48 31 23 63 55 5 6 2
19 18 26 34 42 50 41 40 45 54 25 20 11 9 33 3 12 32 21 4 58 51 52 59 49 22 17 48 14 7 0 10 63 16 24 57 56 8 44 38 53 43 1 37 29 2 23 46 60 61 62 15 47 31 5 30 39 13 6 55
44 43 18 37 30 38 45 53 51 9 62 59 34 23 26 25 42 20 60 49 16 17 19 12 11 61 13 33 50 63 40 32 56 3 54 10 21 55 1 29 41 14 24 2 15 57 46 39 47 0 31 48 52 22 8 6 4 7 58 5
44 29 22 30 19 42 31 21 34 26 37 12 14 38 17 13 4 6 33 52 15 41 49 18 46 23 5 56 50 3 53 51 45 16 10 24 40 61 54 39 11 62 47 1 63 32 59 25 20 55 43 48 60 58 57 7 2 9 0 8
26 18 10 9 37 11 2 25 16 29 19 8 17 46 4 3 30 1 45 43 20 24 55 34 0 22 32 12 52 31 23 38 15 33 41 59 53 14 5 54 39 47 61 48 21 6 49 63 42 44 7 40 62 50 57 51 58 13 56 60
26 20 13 18 29 34 9 10 11 2 25 38 12 16 45 52 54 37 32 63 43 4 39 24 53 51 22 41 42 30 21 47 0 15 59 14 31 8 7 61 40 50 49 23 33 6 46 57 3 48 56 19 60 55 44 62 58 17 5 1
26 34 45 20 12 18 33 43 42 54 51 41 44 52 25 16 50 58 57 21 30 17 19 24 10 4 8 1 53 0 3 49 37 14 22 46 48 29 63 2 7 23 39 6 60 40 5 9 15 31 32 56 11 55 13 38 47 62 61 59
19 18 17 11 3 20 37 34 12 9 1 13 25 4 29 32 6 44 2 10 26 14 15 22 38 21 53 33 40 16 42 39 47 41 30 45 31 61 8 50 24 51 52 23 46 55 60 58 48 43 5 7 54 63 62 0 59 57 49 56
26 18 44 25 19 12 17 29 9 10 20 52 33 34 30 32 53 37 21 24 60 13 11 4 38 42 43 51 16 3 14 62 45 46 41 61 55 47 22 48 54 15 39 7 8 0 59 31 23 5 63 58 57 40 50 1 49 56 6 2
26 34 43 18 33 42 19 52 17 10 3 11 49 8 12 44 60 61 50 20 45 32 62 1 2 38 40 9 25 56 29 48 46 4 51 30 21 54 63 59 5 13 22 15 6 7 23 41 58 31 37 14 53 57 24 55 47 16 0 39
44 29 20 13 22 31 15 43 11 30 50 51 18 12 4 45 38 19 26 49 42 33 53 25 41 37 56 62 57 46 39 2 60 58 10 14 6 61 54 34 17 59 63 9 21 24 52 48 40 3 16 55 47 8 1 23 32 0 7 5
44 29 20 11 30 45 46 52 60 31 22 14 21 54 26 34 38 18 6 47 9 10 41 0 2 17 37 59 12 42 24 7 63 19 1 40 13 16 33 43 48 25 58 4 39 32 50 62 8 56 51 57 15 61 55 3 49 5 23 53
37 45 53 54 44 61 46 29 20 26 18 39 42 34 55 38 63 21 52 47 31 9 19 59 25 49 41 17 13 24 0 43 33 62 51 1 56 57 60 22 10 3 48 6 23 14 16 30 58 8 7 40 2 11 32 15 5 4 12 50
37 43 18 19 10 9 8 2 34 45 20 46 52 51 50 57 38 16 55 53 61 41 0 26 24 54 17 31 63 12 4 39 42 44 62 25 47 1 48 30 58 59 60 21 56 40 14 22 49 3 5 33 29 11 13 6 15 7 32 23
37 45 44 43 53 30 46 38 29 22 18 20 21 52 47 14 11 12 59 19 13 3 26 55 2 10 6 7 15 9 0 1 39 31 34 4 23 51 5 42 63 62 17 61 41 50 25 40 32 8 54 16 49 24 33 60 58 48 57 56
44 43 26 45 54 29 52 46 30 17 34 62 18 59 60 61 63 25 16 47 41 31 50 42 53 37 32 10 20 40 3 8 19 13 55 57 22 9 38 2 12 15 14 33 1 4 5 6 49 0 58 48 51 56 11 24 39 21 23 7
44 29 22 42 18 26 17 52 43 30 20 25 61 15 53 8 34 19 38 37 11 33 31 62 45 13 32 46 6 9 1 59 63 24 51 12 23 60 50 21 58 3 47 39 7 41 40 4 10 48 5 2 16 55 0 54 49 56 14 57
37 45 53 54 44 52 26 20 13 12 61 25 43 6 21 38 17 60 46 29 18 34 47 63 59 8 42 55 39 51 11 33 14 9 24 19 62 5 1 23 7 30 31 41 40 2 4 48 15 10 0 16 22 50 3 58 57 49 56 32
19 20 37 34 26 38 12 4 13 6 43 10 21 52 39 18 33 25 51 32 17 46 40 30 42 44 11 50 49 56 29 8 45 48 53 24 31 22 5 14 59 61 9 54 55 47 23 58 63 62 2 60 16 0 1 15 7 3 57 41
19 34 43 50 41 32 37 11 18 25 51 38 44 52 33 45 16 17 20 26 54 8 40 29 49 63 4 12 13 10 0 14 30 48 2 21 39 47 59 3 5 1 53 62 61 60 7 31 9 58 42 22 46 6 15 24 23 56 57 55
19 18 44 11 26 43 50 45 46 25 3 12 10 2 32 24 34 52 9 47 42 29 21 13 14 20 22 49 56 30 53 8 16 23 4 15 7 41 51 37 1 60 59 48 39 40 54 61 5 17 57 33 62 31 0 38 58 6 55 63
19 18 44 43 51 20 9 34 11 37 30 59 13 38 42 10 29 26 58 31 47 6 25 52 53 2 60 16 4 46 39 12 23 45 21 55 63 32 17 41 50 61 5 8 1 3 40 14 22 49 33 15 48 0 62 57 54 56 7 24
44 43 50 21 18 53 34 26 20 29 45 52 19 54 30 42 22 31 37 38 46 13 41 23 5 12 11 48 60 62 61 4 15 55 39 58 14 47 40 10 63 51 1 2 3 59 49 32 17 6 57 9 25 56 8 33 24 0 7 16
19 18 37 11 3 45 26 4 44 20 10 9 46 43 42 29 5 54 62 52 30 63 51 34 21 59 58 31 33 47 0 25 1 41 48 50 61 22 60 32 12 13 15 2 55 38 14 16 53 57 17 8 39 7 40 49 24 23 6 56
26 18 10 29 30 22 37 25 21 11 9 43 45 44 52 20 12 46 42 61 24 19 47 2 23 15 60 51 14 54 50 16 7 32 0 58 38 17 34 13 62 49 8 53 41 55 5 4 59 63 39 31 57 6 33 40 48 56 3 1
44 29 22 42 26 21 13 25 17 45 43 30 20 9 19 5 6 53 37 14 4 10 1 51 59 11 7 50 24 38 39 18 52 60 61 33 12 46 32 34 49 15 47 16 3 8 40 48 41 55 54 56 0 31 57 2 23 62 63 58
26 18 10 43 44 45 51 17 34 3 53 42 49 20 19 12 11 59 13 4 60 61 5 22 62 50 54 56 37 63 41 33 9 38 32 46 58 2 1 8 24 16 30 29 31 57 0 6 14 25 55 52 47 23 7 39 48 40 15 21
37 45 26 38 54 34 29 22 42 18 21 52 47 39 44 19 11 20 15 41 12 13 31 4 59 51 9 17 33 23 46 0 43 30 48 53 5 63 2 58 50 60 14 6 7 55 10 40 49 57 25 16 8 1 3 56 32 24 62 61
19 18 26 20 13 21 37 46 29 33 10 44 17 6 11 22 38 14 53 25 54 9 45 1 5 4 3 63 23 39 24 61 62 60 52 32 30 43 42 50 51 34 0 15 41 47 55 2 12 48 7 40 58 49 31 16 59 57 8 56
26 18 10 43 44 25 50 2 9 29 17 34 20 53 52 1 38 30 19 51 16 11 60 37 4 41 46 57 49 8 31 55 0 3 13 39 42 12 54 33 24 6 22 62 5 21 48 56 7 40 23 58 45 59 47 15 14 32 63 61
26 34 43 20 37 51 19 45 21 14 44 42 18 12 58 59 60 33 11 29 30 10 3 38 41 13 24 50 39 40 25 46 48 16 2 49 4 23 15 9 54 1 31 55 52 22 0 32 17 6 5 56 7 61 47 63 62 57 53 8
19 18 37 11 3 4 9 43 20 2 51 59 34 16 50 49 10 29 30 17 0 25 45 38 1 53 42 21 41 31 44 40 39 26 52 12 22 54 46 8 24 32 5 47 61 13 55 63 58 57 6 60 33 23 14 7 48 56 15 62
26 20 13 12 37 34 4 45 41 29 46 18 10 38 30 48 33 31 39 43 22 11 23 25 19 9 1 21 40 14 49 2 51 0 53 15 16 47 6 52 61 55 5 59 54 7 17 62 44 32 60 8 3 58 24 42 50 57 56 63
44 45 19 34 41 21 43 26 33 51 46 11 12 53 18 37 52 13 59 60 54 61 4 55 29 3 10 30 5 17 14 48 42 6 39 22 7 38 49 50 20 24 56 25 9 0 23 58 8 31 62 40 32 15 57 63 16 2 47 1
44 29 21 45 30 31 20 43 42 11 37 22 12 26 2 4 13 3 50 41 32 58 46 54 5 55 59 49 47 52 19 6 25 18 39 10 1 51 53 40 23 0 48 38 9 24 34 15 63 60 62 16 61 17 57 33 14 56 8 7
44 29 19 10 22 42 11 12 26 52 49 15 5 34 37 13 33 43 30 40 45 53 21 41 61 23 17 24 51 58 9 50 46 60 39 20 57 25 48 54 63 31 32 3 8 18 7 14 59 38 47 0 1 55 62 16 4 6 2 56
44 43 50 53 45 51 58 29 19 42 33 18 22 52 37 38 30 20 12 31 39 4 23 15 13 49 46 6 61 62 9 26 21 10 48 24 25 14 17 11 7 8 0 47 60 1 55 32 34 59 3 2 40 41 5 57 16 54 56 63
44 43 50 51 18 37 29 21 22 42 20 14 52 61 60 26 19 30 41 49 57 58 15 34 53 23 25 59 7 6 13 46 45 16 33 56 39 32 48 40 17 8 47 10 9 12 2 55 62 0 5 54 1 3 63 38 31 4 11 24
26 34 41 17 45 19 25 37 44 18 21 33 30 49 42 38 40 52 53 51 56 48 50 32 9 29 46 0 10 31 8 60 20 24 54 2 16 11 39 62 59 58 23 14 1 57 5 22 4 6 43 12 15 3 61 13 7 47 63 55
44 29 22 30 21 43 37 12 20 52 4 14 60 19 50 3 34 38 13 5 39 42 6 58 10 53 45 46 61 62 49 11 51 31 15 41 2 40 55 59 56 9 17 48 18 26 33 47 1 7 57 32 25 16 24 8 54 63 23 0
26 18 10 43 44 9 51 11 19 59 2 53 52 29 4 33 20 45 40 12 37 30 1 21 62 17 60 54 16 0 42 61 22 63 46 3 13 39 34 38 47 14 23 25 24 32 55 31 7 58 15 5 50 8 41 57 56 49 48 6
19 20 37 44 29 30 43 10 45 38 39 34 11 13 33 41 25 47 6 31 21 26 9 12 22 24 48 2 3 49 40 8 42 4 56 57 50 52 23 18 60 46 32 61 53 62 16 58 51 59 54 15 1 0 63 17 14 5 7 55
37 29 20 13 19 34 18 43 21 38 39 22 51 17 5 6 23 46 41 42 33 15 9 4 54 32 7 1 25 14 10 48 24 45 52 49 44 47 26 11 55 30 57 58 53 63 62 59 31 16 2 3 60 50 40 61 56 12 0 8
19 20 37 44 45 10 53 42 11 3 18 62 12 26 2 46 54 63 33 1 52 17 43 51 50 13 5 29 30 38 49 21 47 23 9 0 60 56 41 40 22 39 61 14 31 57 8 25 6 58 34 15 7 55 32 24 4 16 48 59
44 45 19 18 26 20 11 43 9 17 54 29 42 63 38 50 8 34 46 3 25 24 41 53 52 47 33 10 31 21 60 1 14 22 0 51 57 48 59 61 15 30 39 62 37 23 55 6 13 12 4 7 2 49 58 16 56 5 32 40
26 34 45 21 43 25 18 11 24 54 42 50 4 44 58 41 52 51 38 16 37 17 10 46 30 2 19 59 32 12 57 53 55 39 33 62 5 8 29 60 47 13 61 40 14 63 49 9 1 56 23 20 48 3 0 7 31 15 6 22
44 29 19 26 21 45 30 53 52 37 17 51 46 31 60 8 58 13 34 55 47 41 33 62 61 43 63 12 10 59 20 57 22 38 24 54 56 25 5 15 48 49 18 14 40 4 3 32 50 1 11 9 6 23 0 39 16 7 2 42
44 43 50 29 19 42 41 52 37 49 51 26 57 34 53 46 30 61 55 59 33 24 21 56 48 58 60 38 25 20 39 14 13 32 62 10 11 17 8 54 7 6 45 3 18 40 47 9 0 15 4 5 16 23 1 12 22 31 2 63
19 20 29 18 11 4 43 38 17 50 13 34 2 12 37 3 47 16 10 26 5 9 24 39 57 30 21 32 46 54 61 14 23 45 55 62 44 15 63 53 0 22 25 8 6 31 52 51 7 60 42 49 48 33 41 58 40 56 59 1
37 29 21 30 23 46 38 22 15 43 47 45 53 12 50 51 19 26 31 39 25 49 55 17 59 18 9 61 52 14 20 34 3 5 48 24 41 1 42 44 0 10 16 63 60 33 32 58 2 13 57 40 4 54 8 11 6 56 62 7
37 45 44 43 52 61 60 29 38 47 20 21 62 51 31 53 54 12 13 55 26 14 50 18 10 22 5 34 19 39 63 2 17 59 42 9 30 4 1 11 58 6 7 8 3 49 57 33 23 25 24 32 40 48 46 15 16 41 0 56
26 34 42 18 19 33 45 17 10 3 1 20 32 37 12 49 8 4 9 40 43 16 13 2 24 0 25 52 59 44 41 60 29 14 6 21 11 53 22 51 61 15 5 46 39 50 23 31 38 47 54 62 57 58 48 56 55 7 30 63
44 29 20 13 26 25 21 53 18 14 32 43 51 58 6 9 15 5 45 37 59 42 19 12 4 7 30 60 3 23 38 34 22 11 52 2 17 24 50 33 16 54 10 41 40 8 1 0 55 63 49 39 46 31 47 48 56 62 57 61
37 43 18 29 45 53 46 9 61 21 19 11 42 49 34 41 13 38 26 52 47 14 0 39 20 12 50 60 55 59 5 54 4 6 22 3 7 63 57 30 58 17 40 1 23 56 31 51 15 48 33 25 44 32 2 62 8 16 10 24
37 43 18 38 46 19 34 25 10 11 9 1 3 17 33 41 52 55 48 51 16 45 50 12 21 13 20 30 54 26 29 42 5 59 23 31 2 53 60 24 39 22 40 32 47 44 63 62 0 6 15 49 4 14 61 8 7 58 56 57
44 29 22 45 21 15 30 34 14 20 19 53 37 7 12 31 52 59 61 13 5 11 3 46 47 54 60 43 18 9 23 62 55 4 42 39 0 41 50 26 38 10 25 58 2 17 33 16 57 51 8 24 49 32 40 63 6 56 48 1
19 34 42 18 44 50 9 21 29 11 14 25 33 37 38 43 49 46 45 41 55 54 53 56 3 22 30 15 17 0 51 52 59 23 32 61 48 12 31 60 62 6 20 39 7 24 58 40 13 5 1 16 4 10 47 57 26 2 8 63
44 45 26 20 37 34 29 18 43 38 30 22 39 50 12 21 46 54 47 13 31 3 5 53 61 63 62 55 11 4 15 23 2 19 57 42 10 9 52 33 0 7 32 25 14 8 16 51 60 24 17 1 6 58 49 56 48 40 41 59
44 45 37 43 18 29 51 19 54 58 30 20 53 38 59 42 41 50 11 2 21 46 3 23 52 32 57 10 17 61 62 16 47 55 1 49 40 31 63 12 60 9 0 48 14 7 25 22 39 34 4 8 15 5 33 26 24 13 56 6
19 18 37 11 10 45 12 3 44 29 46 2 21 13 9 53 4 47 20 17 55 16 22 63 25 34 61 42 30 52 43 38 1 54 62 39 26 14 5 50 58 6 15 41 40 7 32 60 59 51 8 48 24 0 23 31 33 57 49 56
37 45 44 29 18 9 30 43 34 26 21 46 38 42 52 22 0 53 41 25 47 49 16 24 17 13 39 54 32 51 56 33 20 50 59 8 15 61 31 10 5 57 3 12 63 11 40 60 58 6 2 14 4 48 7 19 62 55 23 1
26 20 37 34 33 45 21 25 13 41 44 6 53 54 19 43 17 38 55 61 48 8 52 62 46 39 24 59 40 18 5 29 51 16 7 50 58 11 10 60 30 57 2 22 0 4 12 32 31 56 3 9 49 23 47 63 1 42 15 14
19 18 17 43 44 37 45 21 34 29 51 33 46 11 26 52 60 38 20 53 3 58 22 61 54 62 50 8 39 9 30 23 59 57 42 49 15 47 24 32 12 31 10 16 25 7 48 2 1 40 55 0 14 13 5 56 4 63 6 41
26 34 44 18 17 16 9 2 0 20 42 19 8 41 40 29 21 48 24 43 56 52 50 59 61 12 3 13 6 11 58 25 37 46 10 30 55 22 51 45 38 47 23 15 32 14 4 33 53 49 57 1 7 63 39 31 60 54 5 62
19 20 13 42 44 21 43 45 53 10 22 12 54 34 4 23 29 6 5 52 60 63 46 3 55 47 41 25 33 37 39 26 1 17 24 16 51 62 38 61 30 11 9 18 8 48 2 0 40 14 59 32 15 31 50 49 56 58 57 7
37 45 53 43 42 34 18 41 51 60 33 19 52 26 25 46 20 10 61 40 38 21 32 30 47 62 49 48 29 16 23 57 24 55 2 17 14 44 50 7 13 9 59 1 54 63 12 31 0 3 39 11 56 58 8 6 15 22 4 5
37 45 53 20 18 46 47 34 19 21 33 41 14 32 12 43 48 50 42 13 44 9 25 52 11 51 58 4 26 55 10 49 59 1 24 22 57 40 54 3 8 6 39 17 0 61 29 63 62 60 15 7 2 30 38 56 31 16 5 23
37 29 21 45 26 18 53 43 9 38 47 13 20 61 44 39 6 55 51 34 42 22 14 5 62 7 46 49 15 25 33 0 31 63 17 41 4 23 19 59 10 1 16 60 52 3 50 58 32 54 40 24 57 11 8 56 12 48 30 2
19 34 45 37 29 22 43 50 33 11 42 32 21 20 13 49 2 6 15 14 12 38 31 53 41 39 47 25 59 58 30 26 51 40 52 54 61 4 57 10 17 48 1 7 5 16 3 60 44 23 24 56 8 62 46 63 18 55 0 9
37 29 21 30 18 12 13 26 31 46 34 41 11 10 9 44 51 2 17 42 49 4 45 20 33 8 19 43 53 14 7 22 39 16 3 25 6 62 60 47 0 58 1 38 24 32 59 48 54 40 5 23 52 50 56 57 55 61 15 63
26 20 21 34 19 17 44 45 42 52 25 18 43 51 46 29 37 54 33 13 30 32 53 23 40 48 11 10 22 4 24 61 9 8 59 16 1 41 62 15 3 63 39 38 6 0 31 58 60 2 55 47 12 50 49 14 57 56 5 7
44 29 19 10 11 43 42 12 20 37 18 50 58 9 5 21 26 45 53 61 8 2 30 17 3 14 51 1 33 22 24 39 15 41 49 16 13 57 31 59 47 34 54 25 56 0 40 23 46 48 62 32 60 38 7 6 55 4 63 52
19 34 45 37 41 53 42 18 17 11 20 9 46 12 60 61 3 38 21 4 1 48 62 2 39 49 52 0 44 16 43 14 13 55 7 6 40 22 30 29 25 33 58 50 32 10 56 26 24 54 15 47 8 57 31 5 59 51 63 23
19 18 37 29 9 44 53 45 30 22 21 13 46 54 55 38 14 23 5 61 39 20 11 17 62 26 34 1 43 47 63 33 16 31 2 51 59 3 32 7 60 12 15 58 10 6 42 8 0 25 57 50 24 52 49 4 41 40 48 56
26 20 29 38 30 34 11 12 47 18 43 52 9 10 33 19 5 25 17 16 24 44 13 41 53 31 8 0 21 37 40 6 14 22 51 42 23 60 2 15 7 62 58 50 48 46 45 4 39 1 49 54 61 32 63 55 57 3 59 56
26 34 44 20 42 45 12 52 53 29 46 13 37 41 22 30 21 31 39 54 33 32 5 43 11 4 23 17 3 47 50 38 62 61 51 10 18 55 9 15 60 59 48 1 8 40 14 25 24 6 7 58 57 19 63 16 49 0 2 56
19 18 37 45 26 20 10 9 53 34 21 38 25 22 14 11 30 17 44 24 39 52 8 23 60 42 3 7 50 43 6 16 32 1 13 58 51 5 4 46 54 55 29 33 49 41 15 12 31 40 2 0 61 47 59 62 57 56 48 63
44 29 19 42 20 21 26 10 38 43 12 17 25 33 1 22 8 53 52 3 23 30 4 24 49 45 34 41 16 5 11 37 48 51 54 57 59 18 9 58 40 60 62 47 46 31 32 63 39 61 14 50 55 56 13 0 15 7 2 6
44 29 20 11 22 43 34 45 51 30 46 59 18 37 31 53 50 33 61 38 12 62 4 23 15 14 41 9 6 39 63 54 32 2 52 13 10 48 21 5 0 16 26 42 25 47 19 49 60 40 24 58 8 3 55 17 57 56 1 7
19 34 44 21 33 10 20 37 14 43 42 22 1 51 60 6 7 29 23 18 45 53 13 54 5 58 63 12 4 41 11 30 25 32 46 26 40 17 59 38 8 24 39 47 31 9 0 61 62 50 16 3 55 2 48 15 52 49 57 56
37 29 18 44 53 38 39 45 21
37 43 26 29 44 25 42 49 20 13 24 38 30 21 47 34 11 16 12 14 19 45 54 39 15 6 51 2 33 41 56 58 46 7 18 5 8 52 22 31 50 10 53 23 48 60 59 55 1 61 17 9 62 0 57 40 63 32 4 3
26 18 37 29 9 42 21 17 19 11 25 8 3 10 16 24 33 41 1 38 46 4 45 52 5 47 49 44 54 2 60 56 34 12 43 63 20 51 32 59 58 13 61 53 30 40 50 6 14 23 31 22 57 48 0 39 7 62 55 15
19 20 29 38 30 34 44 52 43 18 61 45 31 60 11 50 25 26 33 42 58 41 40 57 59 46 54 22 15 37 21 10 51 48 56 16 1 63 62 2 3 55 32 49 17 13 47 23 12 53 4 39 14 7 6 24 8 5 9 0
26 18 37 45 53 54 44 61 9 0 62 25 24 52 63 46 55 20 10 34 42 49 43 17 60 2 1 16 11 50 13 12 58 38 21 59 29 33 47 57 32 22 4 39 23 51 3 14 56 19 30 40 6 7 48 5 41 15 8 31
44 43 18 37 30 21 20 38 46 9 22 53 60 13 4 62 12 6 19 31 23 39 52 15 14 11 25 51 7 29 5 10 47 26 54 32 1 45 58 59 34 17 33 41 2 8 61 55 48 24 63 49 3 50 57 42 40 56 0 16
44 29 18 43 51 26 37 46 30 50 45 52 25 42 21 14 41 40 34 22 19 31 59 38 58 10 7 24 47 12 16 17 61 54 2 8 15 33 32 48 62 9 1 13 20 60 56 63 11 57 49 6 0 39 23 3 53 55 5 4
44 29 20 43 30 31 34 33 38 46 41 52 61 26 45 49 17 13 21 12 32 42 50 8 54 63 25 37 22 40 57 23 39 47 5 6 7 56 55 51 3 4 11 18 2 14 53 48 59 62 58 24 9 16 19 1 15 60 0 10
19 20 29 18 11 34 25 22 44 21 33 10 23 17 38 14 5 4 3 12 2 7 1 26 16 9 37 40 30 46 0 51 47 24 39 8 58 31 32 42 6 15 53 43 48 62 60 59 41 61 52 55 45 54 49 13 63 56 50 57
37 45 19 38 44 51 39 30 22 31 23 10 52 43 18 29 59 17 20 54 53 50 58 46 41 12 26 15 62 61 8 24 9 49 57 63 55 47 16 21 1 25 13 0 33 42 5 3 14 32 2 4 34 11 40 48 56 6 7 60
37 43 26 17 34 29 18 33 8 9 30 16 41 22 45 49 52 54 19 50 38 47 39 46 63 53 32 62 0 61 31 10 59 21 48 23 24 42 13 57 11 3 1 12 44 56 14 5 4 2 25 60 51 20 15 40 55 6 7 58
37 29 19 26 21 45 53 34 44 11 18 25 3 54 46 14 55 20 9 61 13 52 51 2 24 62 1 5 30 50 42 33 41 39 49 60 22 10 31 38 17 48 59 47 56 63 12 57 7 43 32 8 58 15 0 16 40 23 6 4
37 29 20 11 22 38 19 44 53 43 12 21 34 3 51 23 4 45 15 30 46 61 10 50 13 31 39 5 52 54 62 25 18 1 9 59 42 2 49 57 32 56 48 41 14 63 55 17 26 47 33 7 8 6 58 16 24 40 0 60
19 20 37 44 21 18 53 52 51 43 26 22 10 38 23 59 45 61 46 34 29 15 62 17 12 5 30 3 42 39 50 49 11 57 25 2 48 58 1 63 14 32 13 47 4 6 31 54 9 33 55 8 7 41 24 60 56 40 0 16
19 20 29 18 26 22 13 21 11 4 6 12 30 34 3 2 33 32 15 31 41 25 38 10 24 42 17 8 23 5 9 45 54 37 14 50 58 7 43 44 51 40 48 52 39 59 61 1 0 49 56 16 53 57 60 55 47 63 62 46
44 29 18 26 20 43 34 53 62 45 51 58 52 61 60 37 46 50 38 54 57 19 55 56 42 17 8 31 9 22 21 25 39 13 32 33 5 59 23 0 41 11 3 15 1 12 4 63 47 2 10 24 40 16 14 7 30 6 49 48
26 18 10 20 37 44 19 17 42 29 8 33 34 45 21 43 46 41 40 11 13 5 6 49 3 47 30 24 50 9 56 38 25 7 14 48 51 23 1 60 55 52 53 12 39 22 4 62 15 31 54 2 32 63 16 59 58 61 0 57
37 45 26 38 44 19 54 53 11 18 21 17 16 20 46 10 34 2 43 62 63 29 12 13 33 55 4 24 22 23 47 42 60 6 8 39 61 51 31 15 7 0 5 25 9 3 1 30 41 32 59 50 40 52 57 49 58 14 48 56
37 29 21 43 50 51 52 57 18 59 42 45 44 20 61 49 46 26 56 38 17 54 30 25 62 34 12 63 53 11 55 60 2 8 41 48 10 3 16 31 4 22 40 32 0 47 24 14 58 9 33 19 15 13 1 23 39 5 7 6
44 45 26 20 29 18 43 34 11 53 42 30 19 37 38 39 46 54 17 50 33 32 58 2 62 10 12 8 55 60 23 21 47 49 25 16 1 5 22 0 61 52 9 3 41 15 57 31 59 24 51 40 48 63 4 56 14 13 7 6
26 18 19 20 13 21 10 34 22 6 4 11 41 25 16 14 17 23 12 5 29 8 44 9 43 52 1 30 15 2 37 32 33 40 31 38 53 24 3 54 62 50 42 45 57 0 48 58 51 46 7 56 49 61 59 47 39 60 55 63
26 18 37 45 53 20 29 34 43 21 12 30 22 52 23 54 44 31 50 13 46 39 25 42 61 15 17 3 19 41 4 38 32 5 14 51 63 9 60 55 11 48 0 49 33 10 2 58 56 16 62 8 47 1 7 24 6 40 59 57
26 34 44 20 19 18 17 33 21 53 62 37 30 14 12 13 45 52 15 4 11 25 42 46 51 6 3 8 55 29 40 2 38 31 9 58 43 47 50 22 39 23 5 49 59 10 41 61 48 54 63 7 57 60 1 32 16 56 0 24
37 43 50 45 29 21 18 51 52 57 34 26 20 33 30 9 44 31 41 42 54 12 23 61 59 58 19 53 3 49 0 15 40 22 62 63 48 17 56 38 10 11 4 24 13 60 39 5 55 47 8 46 32 1 6 14 7 2 16 25
44 29 18 52 45 26 60 54 38 9 20 21 63 37 0 43 34 47 19 33 22 59 42 13 58 11 31 50 40 23 6 49 15 10 51 32 24 8 14 7 25 17 12 4 41 53 56 48 30 61 55 57 46 16 62 5 39 1 3 2
19 18 26 34 33 11 42 25 24 20 21 22 9 49 43 10 41 50 17 0 4 3 23 40 57 56 51 44 29 52 53 54 48 32 60 38 62 14 13 58 47 12 55 37 1 16 2 31 6 45 39 63 7 59 61 5 8 15 46 30
44 45 26 52 37 17 34 29 53 42 18 20 60 9 8 51 1 62 49 16 21 59 54 2 12 46 58 13 38 25 0 19 22 23 24 11 3 4 6 10 31 39 14 32 50 48 61 15 41 30 57 56 55 43 5 63 40 47 7 33
19 34 41 33 43 50 45 20 18 32 48 17 51 49 11 52 59 4 21 54 37 53 2 25 57 38 29 13 6 3 31 61 10 39 9 26 44 46 55 47 42 30 63 1 0 8 22 23 16 5 24 60 56 62 12 58 15 7 40 14
19 20 13 26 37 29 17 10 38 43 34 46 54 33 1 12 25 16 50 55 40 53 44 14 62 9 4 5 45 41 24 11 42 21 7 22 2 61 23 32 18 30 0 15 6 48 60 49 52 39 57 31 51 56 47 8 63 58 59 3
37 29 20 11 19 44 30 18 53 22 12 38 34 26 2 41 47 46 48 33 31 21 13 49 39 55 45 3 17 43 32 42 4 40 51 10 25 9 0 6 1 60 5 62 7 54 63 24 52 56 58 23 61 59 8 57 15 16 14 50
26 20 45 25 17 42 33 54 29 24 49 9 12 30 34 44 31 43 46 22 63 50 51 4 37 55 21 60 14 39 41 38 18 11 32 7 58 48 13 15 3 6 19 40 0 56 16 10 47 57 2 1 52 8 5 62 53 61 59 23
19 20 13 26 33 43 29 17 42 11 25 22 44 50 37 45 31 21 10 24 9 3 57 6 38 12 2 8 1 51 41 18 60 58 53 4 59 61 54 56 52 39 5 14 47 16 15 23 34 0 30 7 63 55 62 46 32 49 48 40
19 20 37 44 21 38 39 30 52 51 46 26 50 58 25 42 49 60 53 54 23 10 55 62 18 33 1 56 48 17 34 11 29 3 8 16 47 13 32 43 24 31 6 41 14 7 4 40 59 15 9 63 57 0 22 61 2 5 12 45
19 20 45 44 43 18 21 50 26 37 42 54 30 46 47 51 62 55 12 23 29 33 53 3 59 10 13 58 5 22 41 4 39 61 2 34 6 63 57 14 38 9 25 7 11 1 15 31 0 24 60 48 40 16 17 32 8 49 56 52
37 43 18 19 42 46 44 45 21 34 25 29 38 47 20 10 54 17 16 24 9 12 31 8 3 22 0 33 14 13 15 11 55 63 26 7 30 23 41 53 32 51 62 48 49 52 60 59 61 40 1 2 56 57 6 5 4 39 50 58
44 29 21 13 30 31 18 43 20 11 51 25 12 50 22 19 37 14 26 38 9 4 23 0 5 15 34 59 42 6 39 46 2 47 24 45 7 33 54 55 32 52 57 49 16 53 3 41 62 10 56 40 60 8 17 63 48 1 58 61
19 20 37 18 11 4 13 43 34 21 50 44 3 41 5 42 51 46 33 58 52 59 49 60 30 23 29 10 17 25 26 40 39 6 7 16 24 2 1 22 45 9 48 57 31 14 53 32 15 62 8 61 12 38 54 0 47 55 63 56
37 43 26 29 42 20 30 38 51 31 12 25 22 45 47 4 17 39 23 21 3 50 46 2 24 52 19 34 33 15 49 55 60 54 58 59 53 10 44 41 11 56 57 40 9 18 63 8 13 6 1 61 32 0 48 5 62 16 7 14
44 43 50 29 26 51 18 57 59 42 22 19 49 53 11 17 21 20 8 30 31 38 47 15 10 9 1 41 25 34 13 14 52 12 5 37 54 45 46 4 32 24 23 3 48 61 62 40 6 16 2 63 60 56 33 58 55 7 39 0
37 45 26 38 44 34 43 20 30 25 21 52 12 23 39 31 15 29 60 19 54 59 11 14 47 5 41 10 58 63 50 42 51 13 17 18 7 40 61 9 8 33 16 46 24 0 48 49 56 2 1 6 4 62 32 57 3 22 55 53
26 34 42 20 13 12 11 25 17 43 29 9 50 52 24 57 8 33 44 19 60 30 38 4 10 51 59 14 16 45 21 31 47 37 41 18 6 32 2 39 22 58 3 1 54 55 49 0 53 5 56 61 23 46 62 7 15 48 40 63
26 34 42 20 45 44 21 46 37 22 51 43 14 58 19 17 18 29 55 7 52 25 38 54 23 41 53 62 59 47 5 60 48 9 50 13 8 31 0 33 16 40 39 49 30 61 57 63 12 32 24 4 11 15 3 2 1 56 10 6
37 43 34 29 20 25 33 45 51 50 54 11 16 41 22 52 2 63 44 15 49 48 59 58 60 61 26 32 42 18 30 38 23 12 39 46 7 10 17 24 8 21 14 6 4 19 57 0 9 56 53 1 31 62 5 47 13 3 40 55
37 45 44 29 19 42 26 10 38 18 30 31 11 43 52 20 25 46 2 3 54 17 51 50 12 34 41 59 39 55 8 4 9 0 1 32 61 63 40 47 33 24 21 23 53 16 58 62 13 14 6 60 15 57 22 49 56 48 5 7
26 20 13 42 29 22 31 11 43 34 25 18 49 44 19 24 3 30 41 33 32 57 16 52 56 51 21 9 39 12 10 14 50 48 61 37 5 53 60 17 45 38 59 58 0 62 15 7 54 8 1 47 4 6 23 2 40 46 55 63
44 29 18 42 34 26 21 10 30 31 22 43 39 13 25 19 41 48 5 53 15 33 2 20 49 24 16 4 32 17 14 3 11 56 45 51 60 47 1 6 50 58 9 52 57 38 46 8 23 12 7 37 0 54 61 59 63 40 55 62
44 43 34 29 21 33 30 52 26 22 37 38 31 18 45 14 12 39 25 23 60 46 54 62 32 61 10 9 8 13 11 0 7 59 20 3 53 17 6 19 1 5 55 2 4 16 41 49 47 63 15 42 56 50 48 40 58 51 24 57
26 20 13 34 41 12 43 50 37 6 52 32 48 46 4 33 57 49 22 59 55 18 42 45 29 51 56 38 58 15 31 19 60 21 24 5 7 54 40 23 39 44 61 47 10 1 53 30 2 62 11 17 25 63 14 3 9 0 8 16
44 29 19 43 42 10 30 20 13 31 18 49 2 53 37 26 51 50 21 59 58 38 33 41 23 12 34 1 52 3 39 25 11 57 16 22 62 54 46 17 60 14 40 61 9 63 4 32 6 24 0 5 8 55 48 7 56 15 47 45
19 20 45 10 11 26 9 18 29 21 17 30 22 42 43 12 38 25 3 1 41 23 24 50 44 51 58 52 15 33 60 7 14 57 32 31 59 2 0 47 39 8 16 4 13 49 37 61 40 53 55 63 54 34 6 46 48 56 5 62
37 29 21 30 22 46 26 12 45 53 14 43 61 18 19 10 2 15 47 25 39 42 20 31 49 17 13 6 24 41 4 38 5 56 11 54 23 60 63 55 7 9 8 62 52 34 48 3 44 40 51 59 50 58 33 32 57 0 16 1
37 43 18 19 26 33 34 17 32 25 11 44 51 41 48 12 10 3 40 59 4 29 2 38 20 21 22 1 39 49 42 46 56 5 54 45 30 23 13 50 57 63 62 58 16 9 52 14 8 53 61 60 31 47 15 6 55 7 24 0
26 18 44 29 30 34 9 53 33 31 20 43 38 10 2 45 52 25 21 50 16 24 62 61 60 8 17 19 37 41 42 11 0 13 47 51 6 46 48 22 40 32 59 58 39 55 12 3 4 54 23 1 49 15 14 63 57 5 7 56
44 45 19 18 37 43 51 29 30 20 46 55 9 17 21 59 10 2 47 39 38 31 58 0 22 12 13 53 50 26 4 42 52 11 25 33 34 6 24 5 7 41 14 60 57 23 1 49 48 40 3 15 61 56 8 54 62 63 32 16
44 45 46 29 18 42 26 43 51 25 41 11 22 53 21 59 52 39 58 37 34 50 17 19 33 24 49 40 16 10 57 56 4 12 61 15 2 9 0 13 1 32 5 30 48 38 20 54 55 14 8 63 47 62 23 7 31 3 6 60
26 34 41 19 12 20 44 48 33 29 22 4 5 25 21 6 24 52 49 18 10 17 3 50 9 14 37 2 13 31 60 53 1 38 62 32 43 16 23 42 57 61 46 45 15 63 7 55 47 58 11 59 30 54 39 56 51 0 8 40
26 34 44 20 42 29 19 10 11 2 37 46 3 4 21 13 30 12 5 52 9 16 43 38 54 41 48 31 50 62 45 51 53 40 55 47 8 6 39 23 15 58 22 14 61 63 32 17 24 7 57 59 60 18 33 0 1 25 49 56
19 20 13 12 11 42 45 37 43 44 41 2 46 54 3 52 62 26 61 5 21 30 39 49 18 55 53 23 34 50 51 59 1 17 29 47 63 33 31 9 38 4 48 40 10 25 32 56 16 24 15 14 22 8 57 58 6 7 60 0
44 29 18 26 20 53 25 21 52 19 22 9 37 32 42 34 62 45 10 61 54 63 17 30 1 51 39 33 58 31 46 50 24 0 59 2 40 14 49 8 43 38 55 56 6 57 23 16 3 7 48 15 13 47 41 11 12 5 4 60
37 43 50 21 19 42 34 49 29 51 13 25 56 48 58 20 60 18 26 41 11 59 9 14 44 22 33 6 7 52 12 30 40 17 38 57 5 45 16 8 53 1 24 3 2 39 31 54 47 62 55 46 4 61 32 23 0 10 15 63
37 43 18 21 29 22 14 45 53 54 44 19 20 13 55 9 42 7 23 34 38 52 51 63 41 60 4 12 5 58 0 46 59 40 49 26 61 47 39 57 50 17 32 31 62 48 33 6 10 15 25 30 56 16 11 3 8 1 24 2
37 45 19 38 39 18 26 20 11 42 29 21 44 34 30 52 43 50 33 4 12 17 25 46 3 47 54 22 59 61 57 32 53 5 13 58 8 55 16 56 51 24 14 15 31 41 6 62 9 10 49 23 2 40 7 0 48 60 63 1
26 18 19 34 33 17 41 21 16 40 29 37 44 12 14 13 38 43 25 47 10 9 39 24 52 2 5 46 53 61 3 55 54 30 32 45 31 62 0 4 51 48 50 23 60 1 11 42 49 57 63 8 15 20 58 59 56 7 22 6
19 34 45 20 18 11 4 3 42 37 29 17 33 49 50 41 21 38 30 32 46 47 26 25 10 22 24 8 48 54 39 44 12 13 43 57 51 53 9 23 40 59 2 58 6 16 60 5 0 55 52 61 63 56 15 31 62 1 14 7
37 29 19 26 33 45 30 10 53 22 14 25 18 31 12 41 21 13 1 43 24 38 46 47 51 34 5 9 11 2 3 20 48 42 32 59 44 6 7 54 16 8 55 40 0 62 52 4 50 63 39 57 58 60 23 49 17 61 56 15
19 18 37 29 22 30 9 42 21 12 31 44 5 23 46 39 15 3 49 26 33 25 13 55 32 56 34 24 43 7 53 51 17 52 38 14 50 11 4 40 20 54 57 1 58 41 0 10 47 59 60 6 63 61 8 16 62 2 45 48
19 34 41 11 44 29 20 43 52 50 10 12 26 33 37 32 30 61 51 31 57 18 60 45 13 42 38 21 24 47 62 25 22 46 9 4 40 2 3 58 39 23 5 49 16 59 53 0 1 6 8 56 48 14 17 55 54 63 7 15
19 34 41 20 45 10 13 26 18 17 16 11 2 1 9 44 53 54 55 3 4 42 25 62 43 51 52 0 46 33 58 49 48 38 37 29 21 61 40 56 60 50 31 12 8 30 32 6 63 24 23 5 47 39 59 57 22 14 15 7
37 29 20 43 21 12 34 45 13 46 53 30 11 26 22 4 39 14 38 54 44 51 63 41 42 52 33 10 25 55 2 16 61 32 58 50 31 23 48 19 62 49 9 1 24 17 56 47 6 5 57 59 8 3 7 60 40 15 0 18
44 29 18 42 26 43 37 46 41 34 25 50 21 52 53 45 60 13 58 49 48 24 20 59 51 9 33 32 40 61 10 57 62 19 22 14 47 30 5 1 2 55 15 54 11 12 17 6 38 3 16 4 0 63 23 39 56 31 7 8
37 29 19 45 30 18 17 9 38 20 1 47 21 43 34 22 53 26 39 14 25 11 12 4 44 31 23 42 52 33 6 50 49 0 55 32 51 54 24 60 10 15 63 48 40 2 13 8 3 62 5 41 7 16 56 57 46 58 59 61
26 34 43 18 25 50 11 16 44 10 41 4 52 45 20 42 49 13 12 61 17 24 51 48 58 59 33 32 57 29 56 19 14 5 3 15 9 2 53 8 46 60 37 39 21 38 0 30 6 1 62 40 22 7 55 47 54 23 31 63
37 43 50 45 19 20 13 12 11 57 21 18 25 4 34 30 52 22 5 29 3 26 46 38 33 24 23 15 47 44 6 60 54 39 17 32 59 62 7 8 41 40 42 55 51 58 16 49 14 31 63 10 48 53 61 2 1 56 9
37 43 42 41 19 29 21 20 45 14 50 34 7 58 26 52 51 60 25 18 57 56 53 32 17 13 12 59 16 44 49 22 23 61 30 24 48 11 62 63 3 8 9 46 55 40 33 15 31 47 54 6 39 1 4 5 0 10 2 38
44 29 20 45 37 43 30 21 26 12 54 46 38 17 4 31 52 51 22 63 19 61 33 39 47 15 59 34 62 23 42 13 5 18 60 53 55 6 11 40 9 41 7 50 14 2 57 0 25 16 24 58 49 56 10 3 1 8 48 32
44 43 42 29 18 50 45 41 21 26 40 54 57 10 17 51 2 49 22 30 56 37 52 14 7 59 39 33 23 19 38 13 25 15 6 20 5 12 63 48 60 32 11 4 34 53 58 8 24 16 3 46 55 9 61 47 31 62 0 1
26 34 41 33 40 32 44 37 43 18 25 48 10 51 53 19 38 1 11 49 29 30 2 4 0 20 52 46 16 42 23 61 22 14 60 59 9 24 5 6 55 17 56 8 15 45 54 39 58 21 62 57 47 13 50 3 7 12 31 63
26 18 10 25 44 9 0 11 17 16 24 8 4 12 3 33 40 45 37 34 53 41 20 54 48 49 55 38 30 62 42 43 50 32 52 56 1 58 46 39 31 47 51 2 29 13 22 5 59 19 21 14 57 60 61 63 15 23 6 7
19 34 42 20 21 13 12 29 14 5 44 49 38 4 33 10 11 15 22 43 52 47 26 41 48 50 59 58 57 61 51 32 24 16 6 25 7 60 9 40 37 56 31 3 2 8 39 53 45 23 17 30 62 54 18 46 55 63 1 0
26 34 41 19 20 33 43 29 11 44 30 13 21 37 12 52 5 23 38 49 32 22 39 45 61 46 31 15 50 54 55 3 57 6 4 60 2 48 18 59 62 47 53 40 25 24 51 9 10 1 17 63 0 8 16 58 56 42 7 14
37 29 21 30 23 46 18 34 41 19 45 31 20 11 22 25 9 33 12 13 4 49 48 3 57 26 2 42 38 39 47 54 50 17 32 1 0 56 16 40 15 8 6 59 61 5 58 62 60 14 24 51 52 10 43 7 53 55 63 44
19 18 17 9 37 20 0 34 10 44 33 42 45 24 13 12 21 3 50 1 11 26 52 60 25 41 59 43 29 4 51 14 48 40 6 57 32 22 23 16 7 15 5 58 38 56 30 39 8 46 49 53 31 2 47 54 61 63 62 55
44 29 21 13 19 43 45 11 34 37 52 33 5 51 26 54 25 50 12 59 32 16 58 18 10 40 17 3 49 14 4 24 20 30 60 53 41 46 6 48 61 9 57 42 23 31 1 62 55 0 63 56 8 22 39 47 15 2 38 7
44 29 20 11 26 34 22 52 33 43 61 17 12 32 42 45 46 4 18 53 60 38 13 59 2 51 47 62 25 15 40 10 19 6 50 39 31 49 37 16 30 23 56 24 41 21 5 3 8 54 55 14 9 63 1 48 58 57 7 0
19 18 44 45 17 34 43 20 37 11 46 52 33 9 0 25 13 55 47 32 2 1 53 54 30 38 29 22 21 39 10 4 8 26 3 14 62 60 23 15 63 16 59 58 51 42 7 31 41 50 12 6 49 48 24 61 57 56 40 5
44 45 26 20 37 34 12 29 33 32 30 53 43 23 38 52 51 13 31 42 61 54 62 39 60 59 55 11 18 21 4 2 49 50 10 56 5 22 14 6 47 9 15 46 58 57 19 41 0 8 7 63 16 17 48 25 3 40 1 24
26 18 44 45 10 9 19 52 0 20 21 17 16 29 38 14 59 60 25 12 5 58 11 54 30 31 23 8 39 3 33 22 13 41 40 7 15 4 24 47 49 1 43 50 2 57 51 34 61 62 32 53 42 48 56 6 55 63 46 37
19 34 41 20 45 48 12 37 29 22 26 21 44 13 33 54 30 4 14 18 11 5 9 32 43 31 42 6 24 10 23 51 15 17 39 50 57 0 59 7 40 49 58 1 8 56 52 47 63 46 38 16 25 55 53 2 3 61 62 60
44 29 18 52 45 38 30 22 53 54 47 43 31 20 50 26 63 51 11 9 42 49 60 55 0 46 25 17 41 34 61 16 15 12 57 56 48 37 24 2 13 32 10 39 21 3 33 62 59 19 23 40 1 8 14 58 4 6 5 7
26 34 45 21 33 25 18 43 50 41 40 52 14 32 42 51 61 10 16 7 19 49 20 29 1 12 30 2 24 22 58 37 44 38 11 53 9 57 23 17 48 31 13 4 56 8 15 0 39 60 3 47 6 46 59 5 62 54 63 55
37 45 53 29 18 44 21 9 51 22 19 54 23 52 55 15 17 61 30 38 62 13 5 26 60 46 20 6 47 10 11 25 14 12 2 63 1 4 43 42 3 50 32 31 59 7 57 33 41 34 39 40 49 48 56 16 58 8 0 24
44 45 37 43 54 63 52 59 34 20 61 50 38 60 53 41 55 62 21 47 12 29 48 11 19 26 10 33 46 1 40 25 9 32 51 56 22 30 39 5 16 58 4 14 31 13 7 6 18 23 42 2 49 0 57 3 17 24 15 8
19 18 44 29 21 43 42 52 17 11 30 25 33 20 37 23 3 26 31 40 24 38 61 14 46 8 9 10 0 2 16 49 12 39 41 53 56 51 34 58 47 50 7 48 55 60 32 13 54 57 4 1 15 22 6 5 59 62 45 63
19 34 44 37 42 52 46 18 17 20 33 38 53 51 50 58 21 41 60 12 30 32 5 16 10 11 24 22 3 23 25 49 39 2 13 14 1 62 43 61 8 54 48 26 57 59 7 29 45 0 4 6 15 9 47 31 55 63 40 56
37 45 26 18 19 20 13 33 54 46 17 12 38 55 4 44 10 30 42 5 39 53 51 3 11 43 22 2 25 59 50 16 34 41 62 61 48 14 52 63 9 24 57 47 29 21 15 40 49 1 60 32 8 0 58 56 6 31 23 7
26 18 19 20 21 33 13 29 34 5 6 43 4 11 32 40 37 30 48 45 51 14 15 44 46 41 25 54 22 12 17 10 50 7 1 9 38 49 53 23 8 52 31 3 24 0 61 2 63 47 59 58 57 55 39 16 60 62 42 56
26 20 13 34 29 21 43 18 17 5 14 52 10 37 30 2 22 8 6 19 41 15 9 11 38 48 50 39 61 0 44 23 32 4 25 57 45 16 1 31 46 53 54 60 12 47 51 7 42 33 24 59 40 49 56 55 62 63 3 58
19 20 13 18 44 21 29 30 11 4 3 10 12 43 5 53 39 2 1 14 25 26 52 9 34 41 42 51 59 31 17 24 22 0 7 8 40 45 16 48 38 50 37 47 32 49 58 54 63 15 56 55 6 57 61 60 23 33 62 46
37 29 18 42 19 45 22 21 20 14 54 53 46 30 61 11 26 38 10 52 7 47 31 25 55 2 23 62 1 34 59 60 33 44 24 13 51 9 63 49 56 32 17 50 58 6 12 4 41 16 0 43 3 48 15 5 40 57 8 39
19 18 17 9 37 25 26 20 0 34 8 16 11 38 32 2 46 10 39 55 29 30 45 33 13 44 31 1 41 49 54 21 51 52 48 53 63 58 22 23 12 3 15 42 47 14 61 40 43 24 57 50 6 60 4 62 59 56 7 5
26 34 41 21 29 22 43 18 37 50 13 30 52 44 19 32 38 17 20 51 23 61 59 6 49 47 5 4 60 58 12 53 25 14 48 40 31 3 11 42 62 10 33 54 1 24 55 16 9 57 46 56 2 63 7 45 15 39 8 0
37 43 50 38 26 57 44 34 45 29 42 51 59 52 54 46 60 63 31 18 19 12 33 47 49 20 5 58 39 61 11 41 48 3 17 21 2 24 4 23 22 32 56 10 40 15 1 30 16 8 55 53 25 14 7 13 0 6 62 9
19 18 26 20 45 34 17 16 12 43 41 29 51 11 37 59 8 42 9 40 10 0 25 2 33 44 21 32 52 46 54 14 3 53 30 5 24 22 13 23 60 55 62 1 7 4 63 38 49 56 31 15 61 58 50 57 48 39 6 47
37 45 26 38 46 20 44 18 21 52 53 34 25 54 61 22 63 43 39 16 13 47 9 5 59 60 62 2 0 10 33 42 23 31 11 40 29 4 30 19 32 1 41 24 15 55 12 17 51 14 7 3 6 58 8 49 50 57 56 48
19 20 37 34 18 38 41 21 45 26 33 32 39 9 12 17 30 22 42 50 11 5 13 54 25 3 10 46 23 29 47 16 14 1 0 8 40 48 2 43 61 6 24 63 51 49 58 57 7 4 15 52 55 31 44 53 60 59 56 62
37 45 53 43 18 29 21 19 20 54 50 9 26 34 41 38 42 11 44 62 10 33 22 13 25 31 23 12 30 49 8 17 48 3 51 15 32 56 63 55 1 0 24 16 47 58 52 61 46 14 7 6 4 57 60 2 5 59 39 40
37 43 34 45 52 51 20 53 54 38 59 18 9 50 29 33 42 13 19 55 21 0 17 22 31 16 58 39 32 41 10 57 60 2 30 49 11 25 4 3 46 61 62 15 14 47 48 23 63 7 44 5 1 56 12 24 8 26 40 6
26 18 10 43 42 25 34 20 13 9 8 33 40 6 29 0 17 16 11 3 41 30 21 44 24 14 53 19 12 62 2 48 39 32 45 49 5 51 4 31 59 1 37 60 61 47 15 46 56 23 55 22 38 57 54 50 63 7 52 58
44 29 19 26 17 42 20 37 30 8 43 45 53 31 34 46 54 60 62 52 39 55 18 21 10 41 23 33 38 9 59 51 50 3 2 49 48 1 25 32 61 47 63 11 40 56 13 14 7 12 58 5 22 15 6 57 24 16 4 0
44 29 18 43 37 19 34 9 52 42 20 11 22 51 41 49 50 46 13 21 26 60 61 25 17 5 45 15 32 40 0 59 2 3 53 54 4 24 30 31 16 8 55 10 57 1 23 33 47 12 58 63 48 56 39 14 62 38 6 7
37 29 19 26 20 12 34 46 18 42 38 25 55 30 33 11 23 24 21 41 50 14 40 47 22 45 43 44 3 58 54 4 17 53 6 61 13 9 51 5 2 7 15 32 39 52 1 10 59 31 16 0 60 62 8 63 49 57 56 48
44 43 34 41 51 37 25 33 19 17 32 18 50 48 9 52 29 16 53 20 10 30 38 2 23 39 49 54 22 15 12 21 42 31 11 3 61 45 13 6 1 59 58 24 55 0 4 63 40 62 56 14 8 26 5 47 46 57 7 60
26 34 41 21 29 33 45 20 18 37 43 42 30 38 31 52 40 19 22 47 44 11 60 46 54 51 58 32 4 63 24 55 50 48 12 13 14 59 49 53 57 61 62 9 17 39 0 3 25 16 2 15 5 10 6 23 1 56 8 7
37 43 42 45 19 41 54 11 26 29 21 63 50 38 3 51 53 58 39 17 44 12 34 10 25 16 48 46 62 14 57 55 13 31 52 30 47 18 2 5 23 60 61 59 7 56 24 15 22 20 4 40 8 1 9 0 32 49 6 33
26 34 43 52 51 18 29 37 44 21 25 16 33 41 42 59 14 20 53 50 40 22 13 4 17 24 61 10 32 48 30 11 49 23 8 56 3 0 57 46 6 12 15 5 9 62 7 1 19 31 38 60 45 39 47 54 63 2 55 58
26 34 44 37 41 17 8 52 53 18 46 25 24 38 30 42 49 50 43 32 10 54 40 22 29 9 59 19 47 51 21 57 11 33 58 20 31 2 3 16 23 12 45 0 62 39 56 14 6 7 1 48 4 15 13 63 55 61 60 5
19 34 42 20 33 10 13 32 26 51 12 11 40 4 37 24 9 1 21 8 18 5 3 17 16 46 60 2 38 45 25 31 0 44 39 22 53 41 43 54 14 52 55 59 49 63 58 56 61 6 15 48 50 30 47 7 23 57 29 62
37 43 42 29 44 52 19 18 51 50 26 34 45 12 9 53 22 21 59 10 46 47 41 33 11 2 30 20 25 58 14 23 57 48 31 38 40 16 13 32 4 39 1 17 0 3 60 15 54 8 55 62 6 61 24 49 5 63 7 56
19 20 21 34 41 33 43 13 12 50 14 11 10 29 51 5 30 49 26 18 40 31 25 3 57 59 38 23 22 47 42 37 46 16 7 48 2 15 6 24 56 4 17 54 44 32 58 52 39 1 9 8 45 60 0 53 62 55 61 63
19 34 45 21 43 10 29 51 26 17 33 37 38 44 42 32 1 50 8 25 58 47 49 52 46 12 53 57 41 62 13 16 56 40 61 22 11 0 30 54 18 60 15 9 39 23 48 4 59 14 63 7 55 20 31 3 2 5 6 24
37 45 44 43 18 38 42 19 54 26 20 41 34 13 50 53 6 59 48 29 52 11 4 17 47 51 10 33 40 30 58 63 21 25 60 57 55 2 23 22 9 62 14 8 56 24 49 3 1 46 39 32 12 15 16 0 61 31 5 7
44 29 21 13 19 42 22 23 5 43 20 37 26 25 31 15 46 45 49 39 34 55 30 12 17 41 24 14 38 56 50 51 52 54 62 18 40 47 11 2 53 48 33 10 3 59 6 9 32 60 58 16 0 61 1 7 4 8 63 57
26 18 10 43 45 17 24 2 42 16 9 8 25 32 44 29 0 54 19 1 20 37 38 46 21 13 30 51 53 52 3 49 63 55 61 11 34 47 6 39 33 62 60 50 31 41 56 5 22 23 58 48 14 15 4 12 40 57 7 59
37 43 26 29 34 19 44 45 53 20 52 25 22 42 18 38 24 17 51 32 11 10 9 4 16 2 39 46 3 8 21 62 49 30 31 47 61 13 14 33 40 41 63 48 6 7 50 1 55 12 0 60 58 5 59 56 54 23 15 57
44 29 21 13 19 42 37 11 14 45 5 7 26 25 53 43 20 54 15 6 46 55 17 4 50 61 62 23 18 30 3 2 33 32 34 51 16 58 52 63 12 10 39 40 57 9 0 41 38 8 1 24 49 59 60 22 48 56 47 31
37 29 22 46 38 45 21 31 53 52 43 51 18 19 42 15 39 33 11 3 30 13 4 9 44 5 25 61 10 20 60 59 54 62 6 17 8 7 12 26 47 23 41 1 34 16 63 49 56 55 58 0 40 48 2 50 24 14 57 32
37 29 22 30 21 43 38 39 42 23 47 14 7 41 26 46 31 13 54 6 5 62 61 34 33 20 51 59 44 32 63 52 25 50 15 60 48 45 19 40 49 17 9 12 3 16 4 18 53 56 24 58 10 8 11 2 0 1 57 55
44 43 26 19 50 17 42 51 60 29 22 30 8 59 20 45 53 34 41 33 52 32 25 9 11 15 31 18 16 21 37 4 40 38 13 54 39 12 1 61 57 23 2 3 55 49 14 5 6 0 48 47 7 24 63 62 46 58 10 56
19 20 29 38 45 26 31 11 12 37 22 39 18 4 46 17 9 52 53 60 25 34 10 54 21 2 5 15 43 13 44 24 55 23 14 0 30 3 1 42 51 58 16 62 32 33 40 61 41 7 6 8 49 56 63 48 57 47 50 59
44 45 26 20 12 43 51 17 54 19 42 21 30 58 25 37 29 46 38 31 11 34 8 2 52 62 55 33 18 32 53 9 40 22 14 47 1 60 59 5 13 50 41 0 4 61 57 15 24 23 63 49 56 10 6 39 3 7 16 48
37 29 21 30 22 45 38 13 43 51 53 61 18 19 54 44 12 5 34 25 50 26 32 15 33 23 31 39 11 49 59 24 17 8 52 63 14 62 46 16 55 9 41 47 20 6 57 48 1 40 7 10 4 2 42 0 3 56 58 60
37 43 34 29 21 41 26 18 51 59 50 38 44 52 58 20 32 22 60 49 13 42 9 19 12 61 10 17 25 40 62 45 54 6 53 1 56 57 30 11 4 8 3 46 33 55 15 24 63 14 23 31 5 2 16 7 47 39 0 48
26 34 45 21 20 13 14 54 44 22 46 37 30 39 12 23 63 19 18 3 31 51 43 55 25 42 5 53 29 33 50 4 60 38 15 17 9 59 11 61 16 49 57 41 58 0 1 52 2 7 24 10 6 40 48 56 47 32 62 8
26 18 19 34 41 29 33 10 20 42 9 24 50 17 38 30 45 44 43 46 2 51 8 57 58 12 52 54 4 59 25 11 53 3 47 0 1 48 55 60 31 16 32 22 15 37 49 61 62 21 5 6 13 23 7 63 14 40 56 39
19 20 21 18 44 22 12 37 11 26 9 4 23 42 34 52 49 30 29 14 31 38 43 50 5 33 24 56 51 45 15 39 54 3 60 25 48 53 47 6 10 59 17 32 2 1 16 46 13 58 61 40 57 7 55 8 41 62 63 0
19 34 45 20 12 29 22 54 41 18 17 13 26 9 10 31 15 16 24 4 11 3 2 8 37 1 14 32 53 44 55 62 52 42 33 6 5 60 50 21 25 59 40 51 58 38 0 30 43 46 39 47 63 48 61 23 49 56 7 57
26 34 45 21 20 13 33 41 49 42 43 54 6 5 37 18 44 50 4 29 30 39 59 53 23 38 47 57 31 22 46 52 14 11 19 32 60 15 63 62 48 51 58 56 55 17 24 40 3 2 25 10 8 61 9 16 7 0 12 1
19 20 21 12 37 18 11 22 25 34 5 45 29 43 30 31 44 3 54 16 32 9 15 46 41 33 4 13 23 17 0 48 51 10 26 38 8 62 63 53 50 42 1 49 14 59 55 7 6 2 58 60 52 57 24 47 61 39 40 56
37 29 19 45 54 34 46 53 60 20 43 47 38 26 21 11 44 22 17 50 30 31 2 62 14 18 63 12 51 3 25 52 23 24 32 6 39 41 5 42 48 1 61 4 49 58 33 9 13 57 40 15 16 10 0 8 59 55 56 7
37 29 18 45 30 21 12 9 53 54 26 22 14 15 55 31 23 25 24 63 43 52 0 50 7 38 39 6 51 46 57 47 5 20 13 62 61 60 3 44 19 11 17 33 2 8 16 42 49 1 32 41 40 10 59 48 56 4 34 58
44 45 46 43 42 34 19 52 53 11 18 49 26 21 41 54 3 51 60 29 14 50 56 9 0 33 22 32 59 38 24 57 39 10 55 20 30 2 25 23 4 17 13 12 15 16 48 61 1 5 31 47 6 7 62 40 37 8 58 63
37 45 26 29 46 18 19 25 21 47 53 30 9 12 31 11 55 43 14 44 51 63 39 59 3 62 50 7 54 49 10 22 6 20 52 5 42 23 60 13 24 58 4 34 57 8 2 61 40 41 15 38 48 16 33 32 17 56 0 1
19 20 21 18 37 43 34 45 52 22 44 51 13 4 53 46 50 61 30 12 3 60 11 42 58 25 47 38 49 26 39 5 24 23 54 55 29 17 33 40 16 2 6 62 63 32 48 14 9 59 7 8 41 57 56 15 1 10 0 31
26 20 37 44 21 30 19 34 45 17 25 16 53 13 24 11 38 52 43 54 9 46 6 2 12 29 39 33 8 31 23 18 40 22 62 4 59 61 3 63 5 32 60 48 41 10 1 51 56 58 14 15 7 42 49 50 55 0 57 47
44 43 50 45 26 57 42 41 52 29 54 46 30 18 10 63 53 51 40 32 60 25 62 2 19 48 1 22 39 34 14 47 9 20 37 21 55 31 13 16 23 12 4 0 58 49 61 33 56 38 11 6 5 59 7 3 17 15 24 8
19 18 37 43 51 20 9 17 13 46 25 12 11 42 38 2 29 21 41 10 54 34 1 59 22 26 4 5 33 47 60 45 52 16 8 40 44 63 6 32 53 62 3 0 58 48 55 23 39 61 24 50 15 31 56 57 14 7 30 49
37 45 19 34 44 53 52 29 46 11 30 31 20 38 10 1 21 12 61 22 39 54 26 25 47 62 51 43 55 63 33 59 50 49 15 40 57 60 4 42 41 23 16 7 14 48 58 5 2 18 6 32 0 56 13 3 24 8 9 17
19 20 45 34 12 13 33 11 4 5 2 3 26 43 6 29 30 40 18 37 44 46 52 23 54 17 47 53 16 60 25 21 32 51 38 10 62 22 31 9 1 61 50 59 15 57 42 24 14 0 8 7 58 39 48 55 41 56 63 49
44 45 26 20 37 25 21 52 19 38 53 54 39 18 34 31 62 29 47 10 51 12 11 50 30 43 1 14 7 4 13 5 9 42 61 17 60 0 23 3 59 55 16 15 2 33 41 58 6 24 63 40 46 8 32 57 56 49 22 48
19 20 29 34 44 38 42 52 21 11 10 13 53 49 51 60 26 46 14 37 62 18 56 9 50 15 17 58 39 55 6 43 1 47 3 61 45 5 57 7 4 16 41 63 12 33 22 40 48 8 0 31 2 23 30 25 54 59 32 24
37 45 19 18 44 29 38 47 54 43 9 11 39 52 4 31 21 61 26 30 53 22 12 3 10 8 60 46 55 25 0 5 42 50 13 62 32 20 34 24 63 14 23 40 7 41 6 2 49 51 48 58 56 15 17 33 16 57 59 1
19 34 42 50 41 32 37 26 33 24 40 21 44 10 49 43 20 48 14 29 12 53 58 18 45 22 11 52 17 16 61 25 8 13 2 7 6 30 3 57 15 46 56 1 59 4 38 62 9 39 54 63 51 0 47 60 55 23 31 5
26 18 37 45 19 29 9 20 54 43 21 0 44 13 42 38 22 34 10 52 6 11 3 5 46 25 39 31 41 62 47 33 61 4 2 60 23 12 32 14 51 24 17 30 53 16 1 7 59 50 49 48 40 55 63 8 56 57 58 15
44 43 50 37 29 30 34 52 61 41 21 26 25 13 32 51 42 57 46 17 9 45 14 18 60 49 38 54 33 16 47 15 58 2 40 48 20 59 7 24 23 53 5 12 0 11 10 22 8 63 19 1 62 3 4 55 39 6 56 31
19 20 21 18 26 22 45 34 33 37 17 43 12 25 9 41 32 11 48 5 44 52 3 10 23 8 60 30 42 14 0 40 7 1 38 49 4 50 6 54 24 29 56 47 16 58 57 51 59 31 39 13 2 15 55 46 63 53 62 61
26 20 37 46 38 34 21 29 12 19 45 25 55 54 18 31 63 44 32 4 11 9 42 43 30 24 52 10 2 47 3 61 5 39 51 40 60 50 53 33 8 17 16 59 58 14 41 57 22 1 0 15 49 23 6 7 13 62 48 56
26 18 10 34 44 37 42 33 40 51 52 19 50 1 29 49 43 17 8 45 56 22 38 32 9 60 21 20 2 48 11 0 41 54 63 31 61 16 13 14 15 53 58 59 24 7 6 23 62 25 46 55 30 3 47 39 57 12 4 5
19 34 42 50 33 26 49 40 51 58 17 44 45 46 32 18 25 12 37 9 54 29 52 38 20 13 8 63 11 21 41 60 48 16 53 43 10 56 22 2 14 6 39 59 62 55 47 1 5 57 7 30 23 3 61 0 31 4 24 15
19 18 37 11 3 20 12 45 44 29 38 5 9 31 4 34 6 30 43 50 54 46 39 63 53 42 26 25 17 10 49 41 62 56 57 2 33 8 22 51 0 15 52 58 23 48 7 61 13 60 21 14 16 40 47 55 59 24 1 32
19 34 45 20 26 21 12 17 14 13 25 4 44 29 22 18 9 15 6 10 33 32 16 40 3 53 41 1 2 37 11 49 52 31 48 60 61 46 55 56 42 30 43 50 54 62 38 51 24 39 47 63 59 58 5 7 0 8 57 23
37 29 22 44 21 26 52 45 42 53 34 60 62 46 25 13 14 43 51 31 47 18 30 33 32 38 11 54 58 6 63 12 7 9 5 20 15 2 61 17 10 23 39 3 59 24 0 40 41 8 19 4 1 16 48 55 49 50 57 56
26 18 44 43 9 19 20 45 51 0 46 13 37 11 3 54 12 59 58 57 17 21 1 55 29 22 47 34 63 25 14 4 30 15 33 31 6 5 38 42 2 7 50 24 41 10 8 60 40 62 39 52 53 23 49 32 61 56 16 48
37 43 42 29 19 38 46 34 26 54 21 33 41 14 25 24 16 45 30 10 13 12 63 40 47 20 1 17 3 18 11 31 49 58 6 62 56 5 9 52 61 50 22 7 57 55 32 48 15 23 59 2 53 44 39 8 0 60 51 4
37 45 44 43 18 19 52 38 30 22 10 9 51 29 23 20 31 59 50 47 34 41 26 11 12 46 2 61 13 21 55 4 53 42 25 14 8 1 15 60 40 7 49 56 5 17 33 32 39 3 48 63 0 62 16 58 54 57 24 6
19 20 21 34 42 12 45 26 11 14 5 44 29 4 37 50 13 22 30 10 49 54 63 39 18 6 3 56 7 41 33 38 43 52 40 25 24 2 51 32 60 61 58 46 31 59 48 57 23 9 8 0 17 16 1 53 47 15 62 55
19 34 43 18 33 41 44 45 46 29 20 51 59 32 9 37 22 52 53 15 25 11 48 50 38 47 39 31 30 62 13 58 2 61 42 0 60 26 10 54 21 14 49 5 7 4 55 40 3 12 56 23 16 24 1 57 6 63 17 8
44 29 19 10 21 13 1 26 33 52 14 34 60 43 51 25 37 30 16 42 22 7 6 40 18 5 4 23 41 49 31 32 15 20 50 45 46 9 48 56 11 57 2 24 59 0 38 58 12 54 8 53 47 39 61 3 17 63 55 62
19 34 41 21 37 42 29 33 13 48 49 50 56 20 24 43 18 32 25 16 40 22 8 4 51 9 11 59 60 57 58 17 44 53 12 2 45 5 0 26 46 62 52 38 3 61 47 54 1 39 15 23 14 10 55 7 63 30 6 31
44 45 26 20 46 54 37 47 55 18 62 34 39 43 53 30 42 52 51 59 29 41 23 31 50 58 21 63 11 14 22 60 5 4 57 15 33 24 17 10 49 40 19 56 9 1 32 12 25 13 16 48 0 6 2 38 7 8 61 3
37 45 26 20 29 38 39 43 51 50 30 21 13 11 53 47 19 22 55 4 3 18 10 2 31 52 15 23 44 54 5 6 49 58 59 34 12 42 9 61 41 14 57 0 46 7 33 62 8 25 24 17 1 40 16 56 63 32 60 48
37 29 20 43 42 34 26 18 30 49 50 13 6 21 56 33 10 12 40 44 3 22 53 5 25 46 4 23 14 41 32 60 62 58 15 52 45 16 61 2 47 54 39 48 59 31 38 7 9 24 19 51 57 11 1 17 63 8 0 55
37 29 21 45 44 13 18 34 14 9 42 15 7 51 23 26 10 33 50 11 2 20 54 63 38 4 5 47 22 58 49 46 19 30 24 12 52 56 25 60 41 48 8 32 53 1 39 0 16 43 55 17 3 57 40 61 59 31 62 6
37 43 42 29 21 34 44 51 33 45 26 19 50 13 20 41 32 49 60 25 54 63 40 48 58 52 24 16 38 47 10 11 46 18 14 55 12 5 61 15 30 59 62 57 4 39 53 9 7 3 22 23 56 31 8 0 17 2 1 6
37 45 26 34 33 18 10 43 44 25 19 32 51 38 24 59 54 11 58 1 42 50 16 63 20 40 30 52 53 17 8 46 61 21 2 39 57 3 22 14 12 4 29 56 15 23 9 49 7 62 31 60 41 0 47 6 13 5 55 48
44 43 34 41 42 51 33 25 58 60 40 52 18 48 50 45 32 19 53 24 20 46 49 61 54 55 62 37 63 47 29 21 26 17 8 9 39 38 56 57 22 15 30 23 13 14 31 59 7 5 11 10 1 12 3 0 4 2 16 6
44 43 18 53 51 42 37 21 34 46 50 49 41 52 61 60 59 25 45 40 48 57 30 19 26 17 39 55 24 54 32 33 47 38 8 9 29 20 58 22 15 63 14 23 16 62 10 5 31 7 13 56 6 2 4 1 0 12 3 11
26 34 41 21 29 18 43 48 14 52 50 30 33 57 20 25 38 13 19 44 9 10 11 3 31 7 5 12 42 49 53 39 16 17 6 8 51 4 0 54 61 22 2 60 15 37 46 45 56 55 63 23 47 1 62 32 24 59 58 40
19 18 44 45 17 52 53 43 54 29 59 9 26 11 10 25 30 20 42 62 21 50 57 3 0 22 33 40 14 55 2 46 38 60 47 6 15 39 4 37 63 1 13 49 31 5 8 16 32 12 34 23 56 51 24 58 7 48 41 61
44 29 18 52 30 22 37 43 53 45 60 31 38 19 34 51 10 11 46 47 58 9 42 50 26 20 49 25 1 12 39 62 14 15 55 41 8 2 23 16 33 57 48 61 13 4 17 24 59 56 40 54 3 63 5 21 32 6 7 0
19 34 44 53 41 21 29 33 52 20 18 38 32 42 12 11 62 9 30 48 0 24 3 14 46 10 13 37 16 26 17 4 49 50 51 54 40 22 59 2 56 43 45 57 31 47 55 60 7 61 23 63 6 39 5 8 58 25 1 15
44 45 19 34 43 18 17 20 25 51 13 52 37 26 60 9 11 53 54 33 42 4 61 62 46 47 2 21 55 6 24 50 41 63 8 3 0 1 29 38 10 49 39 30 22 59 48 56 57 40 32 31 15 23 12 58 16 5 7 14
37 29 19 26 33 46 21 25 17 13 55 42 51 11 18 38 30 23 3 39 31 8 16 20 15 10 45 53 43 40 41 7 12 50 2 47 6 4 0 14 58 5 22 44 49 1 9 57 61 34 24 60 59 54 48 56 52 63 62 32
19 34 42 50 41 40 48 20 43 18 29 32 57 59 13 22 45 54 44 56 46 6 11 4 12 26 21 5 10 9 49 51 60 52 17 24 23 58 0 25 37 61 14 2 33 30 38 55 7 31 39 1 3 47 15 16 8 53 62 63
19 18 26 20 21 37 38 45 10 11 54 9 1 43 4 63 51 29 44 39 12 2 0 42 30 59 53 25 55 8 3 31 34 41 23 17 24 32 49 5 47 15 33 61 50 57 16 14 6 13 58 52 22 46 62 7 60 40 56 48
37 43 50 51 42 29 60 46 38 57 49 59 21 22 26 45 53 39 31 61 54 13 52 34 33 41 15 18 48 44 5 40 25 63 11 10 32 20 2 30 19 14 47 16 6 4 12 24 3 23 8 55 9 7 58 1 62 56 17 0
19 18 26 20 21 33 37 22 25 43 41 32 14 44 53 42 51 52 24 40 11 38 29 58 39 34 61 3 30 9 4 45 48 17 60 15 16 47 54 12 23 7 2 46 31 50 5 62 59 0 57 6 63 1 10 49 55 13 8 56
26 20 45 25 12 13 18 44 32 11 43 9 21 24 4 54 6 10 29 30 37 5 19 34 17 16 42 41 33 3 31 23 63 53 50 51 15 49 52 38 8 60 48 40 46 47 14 61 55 1 39 58 0 62 57 56 22 2 59 7
37 45 53 29 21 54 43 61 63 51 50 49 26 14 13 47 34 19 10 38 59 20 30 52 46 12 57 11 2 17 6 33 42 22 56 1 60 58 0 5 8 44 62 31 32 23 7 24 15 40 9 18 16 3 48 25 4 55 41 39
19 20 45 26 17 18 21 11 4 16 25 43 8 0 12 29 30 22 38 34 42 41 13 44 50 5 14 46 24 10 52 37 40 54 3 60 55 6 53 32 61 1 33 51 49 2 31 62 23 58 7 48 57 56 47 15 9 39 59 63
37 29 19 26 20 13 22 11 4 30 12 15 23 31 33 6 18 34 14 25 38 39 41 2 43 10 9 8 47 51 24 46 0 21 52 48 45 50 1 17 44 3 42 53 32 49 61 40 56 55 59 16 5 62 54 60 63 58 57 7
26 18 19 20 45 44 21 33 53 34 17 9 37 25 41 54 32 61 10 13 12 38 8 43 63 4 29 46 39 47 30 40 3 14 52 16 60 22 48 0 24 31 42 2 62 51 23 49 1 15 7 55 58 5 6 57 56 50 11 59
37 29 19 45 22 34 44 21 54 52 13 26 25 16 51 14 33 12 24 40 20 31 53 61 7 30 18 10 46 17 2 58 8 9 4 43 23 11 32 0 62 42 59 15 41 60 57 48 1 38 50 47 55 49 5 63 39 56 6 3
37 45 26 34 43 52 53 38 51 59 61 50 41 20 13 33 42 18 49 40 25 48 32 57 29 17 11 10 31 60 44 54 9 62 46 6 58 19 56 39 55 47 21 2 24 22 14 63 3 16 1 15 7 4 23 0 5 12 30 8
19 20 37 44 21 34 33 30 39 23 46 12 53 38 14 10 13 42 22 55 45 60 26 40 25 5 32 43 6 15 29 41 18 31 7 24 54 62 50 58 4 51 52 3 49 48 57 16 61 59 9 2 1 11 17 0 47 8 63 56
44 45 26 52 37 30 54 20 59 25 29 34 19 60 33 63 61 41 21 43 32 22 51 12 23 10 24 13 49 38 39 40 42 31 1 50 4 53 5 48 57 16 58 18 9 3 46 6 11 17 2 62 15 14 55 8 47 0 7 56
26 34 43 18 17 52 33 20 29 16 12 22 37 19 15 41 48 42 51 30 8 25 10 45 54 38 31 0 39 49 57 44 24 5 59 32 4 56 11 60 50 46 58 53 6 55 61 62 63 40 47 21 13 14 23 1 2 7 9 3
19 20 21 18 17 11 10 13 12 29 44 9 3 43 42 34 22 50 33 51 49 4 14 52 57 23 25 5 6 30 53 16 8 56 38 37 24 1 31 32 45 61 15 58 26 47 39 7 62 46 48 63 2 0 55 40 41 54 59 60
37 45 53 29 21 54 44 52 26 13 60 17 25 18 62 42 11 61 55 19 38 33 5 39 49 43 31 23 46 47 59 58 63 41 8 9 51 20 22 57 16 6 32 2 1 12 30 14 50 40 10 0 48 4 3 24 34 15 56 7
37 29 20 11 30 38 22 14 15 44 6 21 53 34 12 23 31 3 39 47 42 52 55 49 46 54 45 7 5 4 33 26 43 32 56 63 19 18 61 13 17 50 41 16 58 60 25 57 24 59 9 2 8 0 40 48 62 10 1 51
44 45 46 29 37 53 62 47 38 60 61 54 20 30 19 52 43 11 31 10 59 34 3 12 41 26 18 25 9 17 63 42 2 21 51 39 13 23 49 5 1 55 15 40 4 58 8 33 6 0 16 14 22 7 32 24 50 48 56 57
37 43 18 38 46 19 10 21 51 26 14 2 39 34 17 52 3 20 1 11 42 59 45 16 13 44 25 30 22 47 60 6 31 53 9 41 58 29 62 23 55 61 49 24 54 63 4 50 40 56 15 32 5 7 33 0 8 57 48 12
26 34 42 18 20 12 13 25 44 50 49 45 33 48 58 21 17 14 51 24 22 53 19 31 16 11 5 41 56 29 40 32 37 8 10 52 43 6 23 15 7 38 0 4 30 59 47 3 60 57 2 61 46 39 54 63 55 1 62 9
19 34 43 52 33 18 20 21 45 38 61 59 54 44 31 42 37 63 11 3 10 26 12 29 30 47 53 39 22 13 49 2 51 62 17 56 25 24 41 23 40 50 58 60 4 5 16 32 57 46 48 9 6 14 55 8 1 0 7 15
44 29 21 43 37 20 50 52 26 19 12 4 3 25 24 17 13 14 30 23 39 33 5 22 10 8 6 11 45 34 2 31 60 15 7 54 16 57 46 47 32 1 53 42 49 48 0 38 55 41 59 51 40 63 9 62 56 18 61 58
37 43 42 41 49 45 53 57 18 19 40 29 56 38 44 52 21 51 39 9 58 46 59 22 11 20 25 50 0 26 15 54 47 23 62 7 12 55 63 17 14 24 33 16 30 10 8 5 32 4 6 31 13 61 3 34 60 1 2 48
44 45 46 52 19 20 43 10 29 34 33 37 11 22 60 51 21 47 55 53 62 38 58 63 54 3 30 41 15 25 48 23 31 59 32 57 14 18 16 13 2 6 12 4 26 42 49 17 24 61 40 7 50 56 9 39 5 0 8 1
37 29 20 45 44 34 26 11 30 22 33 18 19 43 13 12 14 15 51 40 9 17 3 0 4 42 52 61 6 10 25 53 50 38 47 59 8 1 60 49 57 41 21 39 54 63 48 56 5 55 32 16 46 58 24 23 31 62 7 2
37 43 50 38 44 29 20 11 22 30 12 45 46 21 13 51 10 52 42 34 18 41 33 23 61 6 4 9 49 53 19 14 3 39 31 40 32 5 60 59 25 58 15 57 7 26 8 0 55 54 62 24 47 63 16 2 17 48 56 1
37 43 34 29 21 22 52 33 25 41 23 16 44 38 45 30 31 12 13 61 39 15 14 47 3 20 48 46 60 11 26 42 62 49 54 53 5 19 7 63 40 4 6 32 2 17 56 18 24 51 58 57 50 59 9 0 55 1 10 8
26 34 42 18 44 29 30 50 9 21 12 52 25 24 58 49 20 51 60 19 56 13 14 0 17 10 2 33 8 31 16 43 37 6 5 61 40 22 23 45 54 38 53 15 32 59 46 47 39 48 41 3 4 57 1 62 55 63 7 11
37 45 53 34 33 29 22 44 43 42 50 52 59 49 18 26 20 40 32 12 56 41 19 30 21 25 51 10 16 58 9 11 17 1 31 38 2 54 0 14 62 24 60 8 23 39 57 15 63 46 4 48 55 61 7 47 3 6 5 13
26 34 45 18 42 54 17 43 19 29 51 20 63 50 41 40 48 56 59 25 49 16 21 22 10 58 24 2 1 33 32 52 30 37 9 11 3 60 8 12 13 4 5 6 31 14 15 0 44 39 38 7 47 23 61 46 55 62 53 57
19 20 45 26 37 18 17 34 21 11 41 8 2 22 10 44 43 1 16 51 13 25 59 4 33 24 29 42 23 52 49 54 38 12 32 58 57 50 9 31 53 60 3 5 61 48 47 63 0 15 14 62 46 56 40 7 6 55 30 39
19 20 21 18 44 22 9 52 45 46 60 17 38 34 12 30 11 0 33 3 16 59 4 61 47 54 23 29 1 43 62 13 50 37 2 25 42 31 15 5 26 49 6 14 53 24 41 51 58 39 32 57 48 10 7 8 56 40 63 55
44 45 37 29 22 21 38 52 14 13 12 15 59 4 19 34 41 47 30 23 31 33 5 39 25 20 42 54 53 60 51 48 49 11 43 46 10 7 61 6 26 40 32 24 3 1 16 18 17 2 9 0 8 56 55 58 50 57 63 62
37 29 18 46 30 34 41 21 44 38 12 9 20 51 45 23 39 19 58 54 17 14 1 3 52 10 2 48 63 13 4 22 33 25 49 0 15 5 8 16 53 11 31 50 57 60 6 26 43 42 59 40 61 62 24 47 32 56 55 7
26 18 19 34 42 20 33 49 12 4 50 17 10 25 13 43 44 6 8 37 38 51 21 24 32 41 58 30 22 59 48 16 52 60 61 23 45 40 5 53 3 56 31 14 29 2 57 46 9 54 7 0 11 39 47 15 1 55 63 62
44 29 20 45 38 34 41 31 42 18 43 51 26 25 59 30 17 52 60 61 9 1 47 58 22 50 8 37 46 11 24 48 0 16 40 19 56 12 33 55 63 53 54 32 4 15 49 21 13 39 62 23 10 5 14 3 2 7 57 6
37 45 53 38 19 18 17 29 31 11 4 34 21 9 0 16 33 43 50 3 25 44 2 57 51 26 20 10 1 54 52 42 63 40 24 39 58 62 8 49 47 46 60 41 30 59 56 12 55 32 48 22 14 61 13 6 15 23 5 7
19 20 45 44 37 34 53 52 18 62 51 46 12 10 2 42 30 1 59 5 0 17 43 50 55 39 47 29 41 23 31 22 54 58 14 61 15 38 57 11 60 48 32 56 21 33 26 40 49 9 25 6 3 8 24 16 13 4 63 7
19 18 44 45 26 43 17 8 51 42 54 46 37 60 33 63 47 20 9 29 59 21 34 0 41 50 12 52 62 4 53 58 13 25 5 10 3 39 11 49 31 61 32 55 24 22 1 6 14 23 40 30 7 2 15 38 57 48 56 16
26 20 45 25 19 18 17 44 29 8 12 21 13 4 3 54 42 37 16 24 63 34 32 49 0 9 5 53 46 39 52 33 10 11 55 47 38 14 41 60 61 1 30 22 15 62 50 58 56 51 59 57 48 6 2 43 23 31 7 40
26 18 37 25 17 43 33 32 9 19 42 29 24 46 20 11 21 10 40 16 3 0 44 13 30 12 1 8 6 48 2 52 22 39 55 34 41 15 45 14 4 5 31 54 47 53 7 50 58 23 62 38 60 59 61 63 49 51 57 56
26 34 42 20 13 18 19 50 17 6 21 12 37 16 3 44 52 46 33 51 9 29 25 60 30 24 5 8 32 43 55 10 59 4 7 58 53 31 23 38 22 11 39 45 2 15 49 47 41 61 14 48 1 0 56 57 54 40 62 63
19 20 45 10 12 37 18 4 1 26 21 54 46 47 55 30 5 38 44 11 17 52 53 33 3 42 60 59 22 39 43 9 25 51 41 13 0 24 40 34 16 8 14 62 58 32 2 15 50 31 23 6 29 61 7 48 56 63 49 57
26 18 37 34 33 42 25 32 10 20 50 45 54 51 16 19 52 41 24 40 12 5 4 13 17 43 21 2 6 9 48 61 44 49 57 59 0 29 53 22 3 8 30 7 15 14 11 63 55 56 38 1 23 31 60 58 62 46 47 39
19 20 13 34 43 12 37 14 4 52 6 11 2 38 10 1 15 5 41 18 9 21 61 51 59 48 46 26 30 3 29 47 33 7 17 44 49 42 50 22 45 25 16 54 39 60 62 32 53 58 24 55 23 8 57 40 63 31 0 56
44 43 26 19 10 17 33 25 18 12 9 21 42 52 61 40 11 2 20 1 16 60 0 50 45 4 37 46 34 41 29 22 59 8 49 56 23 32 5 15 3 24 57 13 58 51 6 14 31 48 53 62 47 55 38 30 39 54 7 63
26 20 29 18 10 22 44 25 34 41 42 45 30 11 16 50 12 31 21 2 17 13 14 32 3 15 43 24 1 8 40 4 58 59 46 52 5 38 7 6 0 9 60 61 62 53 33 49 23 54 51 37 39 55 47 63 19 57 48
26 34 41 33 42 20 40 25 19 32 29 38 12 21 30 48 45 5 18 22 44 17 4 50 15 14 47 13 31 46 6 54 39 11 62 63 37 53 9 43 23 7 58 3 52 59 2 61 24 10 51 8 1 16 55 57 49 60 56 0
44 29 19 42 43 10 22 52 11 18 49 3 61 41 33 56 21 26 57 37 25 60 50 13 46 15 2 38 53 1 4 51 31 9 14 48 30 24 32 20 45 39 0 23 59 12 16 58 5 6 47 55 40 62 17 54 34 8 7 63
44 29 20 45 30 22 37 38 53 51 26 25 47 61 54 34 14 23 31 21 41 5 52 46 6 11 15 60 43 39 12 62 2 18 58 42 13 7 24 32 63 19 33 55 49 16 17 4 59 8 9 56 57 10 1 50 3 0 48 40
26 20 45 44 29 38 53 54 63 34 30 22 47 52 33 41 14 42 18 17 13 37 51 60 25 24 16 9 50 12 32 58 49 40 4 46 10 31 21 7 57 3 62 5 8 43 19 56 6 23 55 48 39 61 2 11 59 0 15 1
37 43 18 38 44 45 39 9 42 29 19 31 51 10 21 13 52 26 46 58 60 53 54 47 5 30 0 14 15 41 17 62 61 34 25 8 23 7 11 33 1 3 50 59 20 6 63 22 57 49 24 32 40 48 56 55 4 12 16 2
26 18 10 20 29 34 45 21 13 30 42 25 22 43 50 49 56 12 32 58 41 48 17 6 14 37 38 2 46 24 9 1 16 7 11 31 4 51 60 8 19 44 59 3 52 40 0 61 23 55 54 53 39 47 63 33 5 62 57 15
37 43 18 19 10 29 51 34 22 59 50 49 57 20 12 41 25 33 42 9 8 38 56 32 60 15 26 52 40 2 24 0 45 16 53 17 1 58 39 11 44 4 21 54 46 61 5 48 63 13 62 55 30 23 31 47 14 6 3 7
26 20 37 44 53 46 29 18 19 51 12 34 25 17 33 11 52 54 42 41 48 49 38 13 24 47 55 63 39 43 6 45 8 40 4 10 32 16 3 2 9 1 30 31 57 56 62 5 50 60 22 58 21 0 61 14 15 23 59 7
19 18 37 45 26 20 54 34 12 44 52 46 47 53 60 13 33 11 4 40 29 5 6 55 38 51 25 14 10 41 59 1 50 49 39 24 62 9 15 61 21 3 48 22 30 31 0 58 32 56 57 63 17 7 43 23 2 42 16 8
26 18 44 43 50 34 42 37 17 20 25 58 38 46 54 32 57 9 59 52 21 19 11 39 30 23 22 2 41 33 1 8 13 10 3 4 49 48 53 51 45 12 14 7 15 60 40 63 55 5 0 31 29 62 61 16 24 47 56 6
19 18 17 34 42 20 45 26 21 37 43 13 25 9 6 54 29 50 11 12 63 5 22 14 57 23 0 51 33 53 49 10 7 38 1 32 44 15 30 8 31 48 24 39 3 2 61 41 16 4 59 46 55 52 40 60 56 58 62 47
37 43 18 29 21 20 45 19 50 44 26 14 13 30 22 12 4 11 34 41 38 51 52 10 3 54 32 61 46 39 59 58 5 31 1 55 63 49 6 2 57 47 23 60 17 0 25 15 62 48 42 53 33 16 24 9 7 8 40 56
37 45 53 29 19 34 33 26 22 54 43 52 17 25 50 42 20 13 24 44 21 12 4 8 9 11 18 5 62 16 30 31 10 49 23 41 3 14 39 0 55 46 47 61 48 58 15 7 60 63 51 40 57 32 6 56 38 59 1 2
19 34 44 20 21 45 41 18 46 13 12 4 17 22 6 33 43 26 11 3 25 52 31 16 42 10 60 50 37 14 59 29 9 32 24 40 51 2 8 23 30 61 53 39 38 7 5 58 57 0 62 55 48 54 47 15 63 49 1 56
19 34 42 50 49 20 26 18 33 48 58 32 10 25 45 11 24 37 46 51 9 16 4 0 17 12 56 55 2 43 5 44 53 1 29 40 47 39 41 54 8 3 57 38 63 30 52 59 60 13 21 62 23 31 61 15 22 14 6 7
19 34 45 21 29 37 13 11 42 43 50 38 3 52 47 57 58 10 54 14 56 53 7 41 48 33 17 20 18 40 49 22 46 16 25 5 51 9 32 61 30 23 15 31 8 4 44 1 26 0 39 55 60 24 62 59 12 63 6 2
26 20 45 34 42 41 21 25 33 43 24 14 44 16 8 29 52 60 13 5 53 50 37 38 40 49 39 54 19 18 57 48 46 55 51 17 62 59 10 31 32 61 6 1 47 9 15 30 56 23 12 22 7 63 2 0 11 4 58 3
26 18 10 34 44 37 30 9 8 52 53 2 11 43 60 25 17 61 62 4 33 54 47 55 12 39 51 59 42 32 45 0 58 29 41 48 46 31 22 24 49 56 20 16 38 50 19 63 57 40 1 5 3 13 15 21 14 7 23 6
19 18 37 20 9 44 29 22 21 30 53 34 23 52 45 54 43 26 33 42 51 17 59 49 63 32 41 55 24 58 56 31 47 50 38 10 40 1 25 15 60 46 2 48 8 11 57 14 4 0 13 3 39 12 5 62 7 16 61 6
37 43 18 29 30 20 13 12 51 42 41 34 21 48 19 6 44 50 5 14 25 39 49 56 23 46 55 7 40 53 45 54 58 4 11 9 61 60 59 32 47 31 0 26 10 8 22 63 1 2 15 33 24 16 38 17 3 57 62 52
44 45 37 43 52 53 38 29 54 61 18 19 20 12 21 63 26 9 34 22 62 42 0 31 41 17 25 33 39 50 23 16 46 49 60 14 5 7 13 6 11 15 32 24 59 1 2 57 8 10 58 48 3 55 47 51 4 30 40 56
37 29 19 45 30 21 54 31 38 46 13 12 39 52 55 63 3 5 22 14 44 42 34 33 20 18 15 47 49 51 62 56 59 61 32 43 41 24 11 10 60 53 26 23 17 1 40 2 7 8 50 9 25 16 0 6 58 57 48 4
26 34 41 17 45 37 46 38 31 39 42 50 33 29 49 40 24 32 48 43 25 54 30 18 52 44 11 56 58 60 61 62 16 8 55 23 9 4 20 19 21 13 12 5 10 53 3 2 6 51 14 7 59 57 1 0 22 15 47 63
37 45 19 34 33 29 22 10 53 43 26 38 1 54 44 15 46 20 12 52 60 51 62 63 30 4 13 55 21 25 59 18 5 3 14 58 39 17 24 47 57 40 8 23 32 7 50 49 9 61 42 0 31 16 2 11 41 48 6 56
44 43 50 45 19 42 52 11 26 58 38 21 3 37 41 17 29 39 46 49 25 20 30 47 14 61 13 2 57 24 22 51 18 56 4 9 32 33 59 60 55 7 6 54 62 31 8 10 1 34 12 15 40 53 23 5 48 63 0 16
26 34 45 20 12 25 33 42 17 37 43 19 41 49 29 9 10 5 32 44 48 40 8 3 57 24 51 50 11 1 18 22 38 54 58 39 2 53 13 6 47 55 16 31 14 0 21 60 46 4 30 7 61 52 59 15 62 56 23 63
26 20 37 34 21 38 44 52 53 22 51 58 39 43 12 18 14 30 46 62 23 13 5 61 41 33 9 4 25 24 11 32 60 50 57 31 48 15 3 54 42 10 6 59 40 8 55 29 49 56 16 47 7 17 19 45 2 1 63 0
37 29 21 45 44 13 54 63 46 20 14 38 31 22 12 52 34 30 55 26 23 47 53 6 15 62 43 3 61 33 39 5 18 10 9 60 25 0 59 41 51 32 2 7 40 48 8 42 58 17 11 4 50 49 57 56 16 1 24 19
26 18 19 20 45 33 13 44 52 37 11 54 43 50 17 60 29 22 63 46 30 62 15 10 57 34 53 38 39 31 9 55 12 47 61 14 25 2 40 4 5 24 21 32 23 7 16 1 3 8 6 51 58 42 59 48 49 41 0 56
26 34 42 18 37 29 10 9 8 50 58 46 20 19 30 33 25 51 49 1 12 17 40 21 13 5 60 56 0 39 22 32 38 31 3 45 48 4 2 14 43 59 54 41 6 23 57 11 44 52 53 7 24 63 15 55 47 16 62 61
37 29 18 45 54 42 38 47 21 61 43 44 51 9 0 46 30 26 39 14 55 60 49 10 20 23 62 19 13 12 17 16 53 2 11 52 25 63 58 31 5 22 8 56 40 24 33 50 34 41 57 48 59 3 32 4 1 15 6 7
44 29 19 42 26 10 49 25 22 30 17 24 18 52 53 43 2 1 60 45 37 3 16 56 38 15 21 23 20 39 33 14 51 50 32 46 58 9 48 41 11 40 13 61 34 6 31 59 5 54 63 57 7 4 8 55 47 0 62 12
19 20 29 18 37 30 23 31 39 46 22 42 34 41 21 14 26 38 7 33 43 12 32 25 53 54 49 45 40 52 13 11 16 15 55 48 59 44 61 62 63 51 2 17 58 57 9 60 24 1 5 8 0 6 4 47 56 50 10 3
37 29 20 13 26 34 42 43 52 45 46 51 50 41 25 33 49 61 44 54 12 58 38 47 55 48 40 59 6 11 60 63 31 21 30 18 17 23 19 53 3 8 9 5 57 24 10 2 39 0 15 56 32 22 14 4 16 7 62 1
26 20 21 22 37 42 19 44 34 18 14 7 52 45 12 59 25 43 30 17 10 23 41 40 51 33 54 3 9 60 29 8 49 58 48 63 50 56 15 11 31 46 24 39 53 32 1 2 13 0 57 38 61 5 16 62 6 4 55 47
44 43 42 51 60 53 37 49 56 26 18 41 52 38 54 19 30 45 31 62 11 29 33 39 47 55 46 34 20 22 23 40 48 9 25 50 32 21 61 59 0 63 14 6 13 15 58 57 7 5 4 2 12 3 1 16 24 10 8 17
37 45 19 18 44 43 51 20 12 59 54 21 42 52 11 3 14 22 9 17 50 46 30 34 38 0 53 31 25 6 10 61 13 29 39 49 24 63 60 55 33 58 15 2 26 16 41 4 48 57 5 23 47 62 7 32 1 40 56 8
19 34 44 21 26 10 29 33 11 12 1 42 3 53 37 38 41 20 22 13 52 51 47 39 46 18 50 2 43 31 60 55 25 4 9 30 6 40 5 17 24 32 23 45 63 0 8 58 49 15 7 59 57 54 48 16 62 14 56 61
19 18 44 20 9 52 13 17 45 38 53 0 11 54 29 43 50 42 63 58 60 3 61 6 57 21 2 30 26 25 47 56 16 4 37 22 5 39 41 59 46 8 34 55 7 32 23 14 24 10 62 31 1 51 49 40 48 33 12 15
26 20 45 25 12 54 17 43 34 18 19 9 10 4 24 33 37 11 53 29 63 46 38 61 2 39 52 13 31 60 16 30 14 0 1 55 21 44 59 50 32 22 47 5 3 23 15 40 48 51 57 8 62 49 58 56 41 7 6 42
44 29 21 43 26 52 51 50 30 19 53 31 11 34 37 62 41 20 57 25 24 48 33 17 40 3 42 46 38 49 54 12 56 39 61 22 13 5 59 18 14 60 8 45 58 15 47 9 4 63 55 23 0 1 6 7 2 10 32 16
19 18 26 20 37 42 13 33 29 45 25 38 40 12 10 21 43 6 51 24 5 41 22 1 2 23 53 34 46 3 44 9 14 11 47 55 54 4 15 7 0 16 32 48 49 61 30 63 60 52 50 17 59 31 62 39 8 56 57 58
37 29 21 45 19 22 23 13 30 34 41 20 12 38 6 26 53 31 33 52 43 10 18 54 63 11 2 3 39 40 59 14 17 51 32 16 48 9 15 1 61 55 0 47 4 46 60 5 42 44 7 25 50 58 49 62 8 56 24 57
37 45 26 34 44 20 33 41 18 43 52 25 48 59 42 49 61 11 24 50 12 21 22 51 4 14 17 53 57 23 60 8 58 9 54 63 38 56 55 46 1 3 19 39 2 13 31 10 30 47 40 32 15 5 29 62 0 6 7 16
19 20 45 18 12 37 26 4 29 44 5 38 43 54 10 6 21 34 53 50 42 2 33 14 51 30 39 32 41 25 55 59 58 48 7 31 24 40 3 16 1 49 56 57 8 61 17 52 22 63 60 9 62 47 46 11 0 15 23 13
26 20 13 42 29 21 44 19 11 18 14 2 12 15 7 52 9 10 6 0 23 34 4 38 8 16 47 1 43 45 17 30 31 50 37 3 59 33 32 54 51 22 25 39 53 40 48 58 60 62 41 46 57 24 61 49 55 5 63 56
26 18 10 43 44 25 50 45 19 53 32 29 30 17 54 20 61 51 42 63 11 12 59 34 55 49 21 13 5 38 8 57 37 31 33 22 15 16 39 46 47 40 41 52 24 3 4 23 58 7 2 62 56 1 9 60 0 6 48 14
37 29 21 43 50 38 19 18 17 11 3 13 39 45 46 31 53 26 22 55 4 23 33 30 15 9 44 10 0 34 20 5 41 48 14 2 49 40 32 42 54 57 12 16 51 6 25 24 56 62 7 58 59 52 1 8 61 60 47 63
37 45 26 34 44 18 25 32 54 63 46 43 9 47 55 30 41 11 50 21 52 51 10 17 19 53 24 20 12 33 60 48 49 3 38 62 40 16 61 1 39 13 0 2 23 22 29 57 5 14 42 31 8 15 6 59 58 7 56 4
37 45 53 29 19 34 30 21 13 20 41 18 9 33 43 38 42 5 6 12 31 39 22 26 32 48 47 52 50 58 49 44 57 54 46 7 17 55 11 25 59 4 10 16 63 14 60 40 24 62 56 2 3 8 15 1 0 51 23 61
37 43 18 19 34 9 50 51 42 49 56 48 20 25 58 46 44 59 41 52 53 61 39 32 26 13 24 54 62 57 33 45 60 40 21 17 30 14 29 38 7 23 5 6 22 47 16 12 11 31 0 63 55 8 15 1 2 3 10 4
44 43 34 29 42 50 51 26 20 53 30 52 49 13 18 10 25 38 46 47 54 16 24 22 11 17 3 62 55 60 14 31 39 15 12 8 0 37 45 33 6 63 32 57 9 23 58 21 61 48 19 4 59 40 56 5 41 2 7 1
26 20 45 25 17 44 43 34 33 53 62 16 42 18 13 32 40 51 9 10 52 12 2 8 4 54 58 19 63 37 24 1 0 6 21 50 38 29 46 30 49 61 23 47 60 59 3 48 39 57 41 5 14 31 55 11 22 15 56 7
26 18 44 25 24 34 9 29 42 43 37 46 22 51 50 41 33 45 20 16 60 32 40 48 52 19 11 59 21 12 54 4 57 38 3 61 30 63 5 31 47 2 17 10 23 6 62 53 39 49 8 55 58 1 56 15 0 13 7 14
26 18 37 43 10 9 44 2 0 16 50 34 41 42 25 58 11 12 57 45 59 30 38 46 20 40 49 19 4 33 47 17 8 56 31 52 32 54 24 29 53 51 61 55 48 13 3 1 21 60 39 62 5 6 7 22 15 14 23 63
26 20 45 44 29 18 43 51 50 17 34 54 52 42 19 38 49 60 33 48 9 0 12 41 8 11 59 5 32 58 3 25 21 22 47 4 57 2 10 56 14 16 13 23 37 1 7 6 24 31 39 40 53 55 15 61 62 46 30 63
37 29 21 30 22 44 19 26 46 12 14 7 20 38 3 15 39 13 34 31 6 43 10 41 42 23 45 47 55 4 49 53 11 5 62 1 40 61 18 33 17 56 58 48 50 52 59 8 25 63 51 57 24 2 54 32 9 16 0 60
19 34 45 21 41 26 37 11 42 50 10 9 17 38 44 52 46 18 33 16 20 12 53 54 39 31 55 43 58 25 2 49 61 47 40 29 5 13 0 62 24 8 63 32 3 57 48 56 30 60 51 22 1 4 15 6 23 59 14 7
19 18 37 43 17 29 34 45 21 13 54 26 38 10 51 47 22 53 39 8 1 50 24 61 44 2 30 20 63 41 49 0 5 15 14 16 9 55 62 57 48 59 31 23 46 32 11 3 33 40 60 58 56 6 42 4 25 52 12 7
37 45 53 38 29 43 34 22 21 41 18 20 26 19 44 10 39 54 12 3 13 52 59 6 51 60 15 50 57 46 9 23 25 47 62 16 42 7 48 49 58 8 40 17 30 61 55 56 0 1 4 31 24 11 14 63 33 32 2 5
19 20 29 22 21 34 43 18 30 37 15 52 51 38 9 42 61 50 33 53 41 26 12 14 13 40 49 24 59 4 45 56 23 6 11 54 63 17 57 5 16 31 39 25 10 48 58 7 44 1 0 55 47 8 60 46 32 2 62 3
44 29 19 52 53 26 51 43 33 10 11 42 1 60 50 57 49 59 30 62 54 17 45 22 41 48 15 21 58 25 13 46 37 14 6 7 61 5 24 31 39 3 34 23 20 38 63 40 2 8 12 0 9 16 55 18 32 4 47 56
44 45 37 29 22 43 52 30 23 15 20 61 21 13 46 54 42 47 7 49 19 31 53 14 59 62 5 38 39 51 55 12 60 34 63 6 25 11 56 4 58 33 41 16 17 32 26 50 18 9 8 48 10 2 3 0 40 57 24 1
26 20 45 42 12 17 49 29 18 56 25 33 34 37 40 4 44 52 16 32 58 46 38 9 55 19 59 60 61 48 51 50 43 39 1 8 10 0 13 22 15 24 30 2 11 31 21 54 57 41 14 62 23 5 53 63 3 7 47 6
44 45 37 29 18 51 20 19 11 9 52 21 22 42 43 59 12 4 2 26 25 32 24 16 61 60 14 7 0 50 13 33 54 38 49 23 30 56 57 17 53 34 39 47 48 63 15 31 10 5 55 40 6 1 3 46 8 41 62 58
19 18 44 29 9 42 22 26 20 45 54 37 33 24 30 0 10 21 40 52 51 23 59 13 14 25 34 31 39 1 2 6 12 49 43 58 5 61 8 16 57 63 38 41 50 53 15 4 11 17 60 3 32 48 55 62 56 7 46 47
19 34 44 21 37 11 10 29 18 52 30 22 42 23 4 20 38 9 26 17 12 45 43 41 48 5 31 25 60 53 61 2 15 3 50 40 13 46 49 62 54 63 55 59 0 14 24 8 6 47 33 51 16 32 39 58 1 7 56 57
19 34 43 50 51 20 21 11 49 12 33 41 18 25 5 29 16 42 22 26 37 24 9 10 32 57 56 44 2 1 53 38 0 4 47 45 48 58 40 15 54 46 30 31 52 59 39 8 17 55 61 62 14 23 13 6 60 3 7 63
19 34 43 20 29 10 26 37 44 18 21 53 45 50 33 13 2 40 42 52 11 9 62 12 32 25 48 49 30 31 58 54 4 17 1 16 51 3 6 56 41 38 24 57 39 46 14 47 63 55 5 59 22 23 61 60 15 8 0 7
37 45 26 29 30 23 43 19 11 44 38 31 54 42 53 34 20 25 22 2 39 21 12 61 41 13 46 52 14 63 10 4 60 62 33 18 17 51 6 24 15 59 49 48 1 57 58 3 5 7 16 9 40 32 56 55 47 50 8 0
19 20 37 18 13 45 34 21 53 46 38 44 10 6 39 33 51 29 9 58 41 26 52 62 40 60 61 0 59 55 57 32 22 49 63 14 54 17 16 1 5 24 8 4 7 12 2 25 47 31 23 43 3 48 56 15 11 42 50 30
44 43 42 51 50 45 29 53 34 26 59 58 54 46 52 63 55 62 49 40 48 61 38 22 17 25 47 30 19 8 16 57 56 24 41 60 37 12 20 31 4 33 10 13 21 5 6 3 9 2 32 39 11 7 1 14 0 18 15 23
44 29 20 43 34 19 10 45 51 12 13 26 11 4 33 18 3 32 22 14 17 52 21 37 5 23 46 8 25 9 6 59 24 2 30 47 40 31 60 7 15 61 54 62 0 38 50 49 63 16 41 42 56 57 48 58 1 53 55 39
19 34 42 18 17 50 49 9 37 16 58 11 33 46 20 43 52 13 6 29 0 44 4 32 22 38 12 60 25 26 47 10 45 53 24 21 30 2 61 14 1 31 59 54 5 51 7 57 8 15 63 62 55 40 56 41 39 23 48 3
44 43 26 29 51 34 42 50 30 20 37 46 12 22 49 52 38 17 15 59 55 48 25 18 9 19 33 8 57 21 60 1 41 39 14 40 11 2 3 23 47 58 32 61 45 63 0 7 6 53 16 13 4 5 62 56 54 24 10 31
19 20 45 44 37 30 12 10 52 5 4 34 41 53 43 42 46 55 21 18 47 50 1 2 54 63 23 40 3 0 51 33 62 11 26 13 29 31 25 14 49 57 6 58 9 16 22 32 38 59 48 61 17 7 8 24 39 15 60 56
44 45 26 52 37 18 60 34 25 59 42 61 11 20 53 24 32 40 12 9 0 4 16 46 54 33 29 63 13 51 55 22 48 21 6 39 58 47 10 19 41 50 43 30 31 2 38 15 62 57 23 8 49 17 56 3 5 14 1 7
19 20 45 26 12 5 10 29 21 13 17 11 4 54 14 3 38 23 43 6 7 47 63 37 18 52 22 42 61 30 34 41 15 16 40 59 53 44 60 62 31 2 25 33 9 51 39 24 49 8 32 46 0 56 50 58 57 1 55 48
44 29 20 45 26 12 37 42 54 19 5 4 3 11 30 17 49 31 22 53 23 55 25 46 43 33 52 59 40 41 62 21 24 18 47 15 10 51 39 1 61 9 58 14 7 2 0 56 13 8 50 34 57 32 60 48 38 16 63 6
19 34 44 53 43 42 52 61 50 26 60 51 46 12 11 54 62 3 58 29 25 33 18 57 21 59 56 24 37 17 8 9 40 41 49 55 5 48 30 10 39 45 32 38 16 22 31 20 63 13 4 14 6 0 47 23 1 2 15 7
44 43 50 37 30 52 60 51 26 49 58 45 38 46 53 29 55 59 21 61 42 13 54 41 56 39 31 33 14 15 25 23 5 34 47 48 57 16 7 18 19 40 17 11 3 10 1 9 24 20 32 62 12 8 63 22 0 4 6 2
26 20 37 46 13 12 4 19 29 43 38 6 18 34 55 33 50 17 40 30 16 52 23 10 1 11 42 41 51 2 9 58 61 53 5 45 7 44 60 54 22 32 25 14 57 59 15 56 3 48 31 21 39 24 62 49 8 0 63 47
44 43 18 29 42 52 61 9 26 20 30 17 25 21 14 50 19 12 57 60 0 10 3 49 24 33 41 1 2 16 11 34 8 22 51 56 32 59 58 62 45 40 15 37 46 7 48 47 38 39 6 23 31 5 4 13 53 54 55 63
19 18 37 43 17 45 26 11 4 33 51 20 53 54 55 29 21 30 40 10 1 12 23 61 38 46 44 62 14 25 3 5 47 31 22 16 13 52 60 34 63 7 9 8 39 32 24 2 50 0 6 48 59 15 42 58 49 57 56 41
19 20 21 12 45 26 11 34 5 14 37 2 10 18 29 43 33 22 30 54 44 38 15 46 50 3 62 63 17 41 6 51 59 9 53 31 23 61 49 58 1 40 25 16 8 57 4 39 56 42 48 32 55 0 52 24 47 13 7 60
44 43 26 29 45 25 17 9 51 52 30 46 61 58 38 18 53 20 59 62 12 50 42 13 11 31 47 10 34 37 0 54 2 4 16 1 19 21 8 60 5 3 63 33 32 24 40 48 41 49 56 55 6 39 57 7 22 23 14 15
19 20 29 18 12 4 43 42 9 17 41 26 25 38 30 34 21 10 44 31 22 8 47 48 3 32 33 53 16 40 37 14 23 51 59 46 7 5 39 11 60 24 50 54 45 13 0 61 1 6 63 55 49 57 58 15 52 56 62 2
37 45 26 20 19 18 44 33 46 29 17 25 11 12 10 43 38 22 51 4 15 54 2 8 16 42 13 47 49 1 40 3 34 59 50 39 9 14 60 41 53 30 21 62 48 57 63 55 6 52 56 61 23 24 31 5 0 32 58 7
37 43 50 51 26 21 19 57 14 17 59 12 11 30 13 7 29 5 41 22 39 31 10 47 8 44 49 18 15 16 25 1 20 23 9 0 38 24 6 42 32 45 4 34 46 40 33 60 61 56 48 2 53 58 54 52 3 55 62 63
37 45 53 54 26 29 55 20 38 18 10 31 30 34 12 4 42 9 19 61 44 17 46 50 0 2 21 14 11 47 43 39 16 63 49 48 25 1 62 33 56 51 8 52 40 24 5 3 32 6 58 57 60 59 7 41 13 22 23 15
37 43 42 41 26 21 50 25 20 44 34 12 18 9 13 59 48 19 11 5 6 10 29 45 58 33 2 49 30 51 52 53 38 39 32 7 22 57 31 3 47 46 55 17 0 61 54 23 4 62 56 8 15 40 60 14 16 1 24 63
37 29 22 44 43 51 19 30 38 23 46 15 18 45 42 50 20 52 31 41 13 47 55 26 7 10 53 39 25 14 21 24 59 58 57 63 34 49 16 8 48 11 2 9 1 56 12 17 33 6 5 40 32 54 61 4 3 62 0 60
19 20 13 18 44 29 17 43 34 45 38 9 50 25 0 26 32 33 37 51 52 12 24 57 5 46 40 6 16 59 14 21 54 8 41 53 49 47 42 22 10 11 2 48 55 58 60 30 4 1 15 61 63 3 23 39 7 62 56 31
37 43 42 45 53 38 31 39 44 19 21 54 10 50 55 51 18 23 52 11 4 61 20 33 26 1 49 17 40 12 30 34 25 58 8 63 46 9 3 47 62 5 0 41 48 60 13 57 29 2 16 24 32 6 22 15 14 7 59 56
44 45 37 43 51 59 54 21 42 38 26 25 19 10 39 52 1 30 53 61 14 33 50 34 24 41 60 11 29 9 40 7 23 32 13 18 5 63 58 48 17 31 16 49 57 56 22 15 62 4 20 6 55 0 46 47 3 2 12 8
19 20 13 34 43 12 33 18 21 6 11 2 4 29 37 45 44 32 17 9 26 51 30 38 14 16 58 31 23 52 3 25 47 22 60 42 24 15 54 63 7 46 61 59 5 40 48 49 50 41 1 56 39 0 55 62 10 57 53 8
37 29 19 26 21 11 25 33 17 9 3 44 40 30 1 13 52 45 23 46 12 8 38 41 55 47 24 10 31 20 34 53 6 5 22 7 43 51 4 39 50 54 32 15 2 0 14 16 59 58 61 63 18 57 42 62 49 48 60 56
44 43 34 45 52 51 38 33 58 37 32 41 18 39 25 53 29 19 61 59 48 16 47 30 31 54 21 11 9 2 3 46 55 23 15 49 60 12 0 26 10 4 42 17 57 8 24 56 13 40 50 20 22 1 5 62 63 14 7 6
44 45 26 34 42 20 13 25 17 43 24 41 50 16 29 21 8 59 40 51 58 12 52 18 38 30 19 10 22 49 56 37 60 31 23 11 4 46 2 3 55 57 39 32 48 1 9 53 54 61 0 47 63 15 62 33 7 5 14 6
44 45 46 20 21 52 59 47 37 19 54 42 12 29 22 60 61 23 38 43 13 63 41 40 62 30 14 58 26 31 51 6 33 3 11 34 39 18 7 24 9 10 25 5 32 8 16 53 50 55 4 2 15 48 56 17 0 1 49 57
19 34 45 37 43 53 41 18 46 51 52 48 44 61 33 39 26 20 55 40 59 30 9 17 38 50 23 54 58 1 42 60 10 29 0 22 25 8 2 3 32 11 47 24 31 13 12 4 62 21 6 14 15 7 5 49 56 63 57 16
37 29 22 46 21 30 18 34 45 26 25 14 43 44 7 12 13 15 38 50 23 17 3 19 33 42 9 31 5 20 49 8 58 10 1 32 24 11 53 40 0 57 41 16 59 2 47 51 39 55 52 56 48 62 63 6 60 54 4 61
26 18 19 20 37 46 12 10 9 44 11 17 34 1 2 3 45 4 47 33 16 24 25 8 38 55 5 32 29 6 52 43 50 21 41 30 40 49 54 53 42 59 58 51 13 14 0 57 62 60 61 63 22 23 7 15 39 31 48 56
44 29 22 45 26 15 37 43 54 30 51 20 53 34 25 52 18 55 63 50 21 9 0 16 31 23 19 46 39 47 60 14 32 62 7 12 5 4 57 49 58 17 38 42 3 59 41 48 61 33 13 56 24 2 8 6 40 11 1 10
26 34 43 50 44 29 51 20 57 25 12 59 33 11 10 41 24 17 8 45 30 22 13 38 40 4 54 2 31 9 48 46 52 19 6 61 15 14 58 21 47 37 1 53 23 18 60 32 16 39 3 56 42 0 5 62 55 7 49 63
37 43 50 21 34 42 19 26 18 49 48 17 25 10 33 56 9 46 38 44 29 40 13 24 51 53 52 60 11 61 58 57 8 39 41 0 55 30 20 12 14 54 2 15 59 16 5 1 22 3 7 23 47 45 4 31 32 63 62 6
37 43 18 38 51 9 46 34 42 29 19 50 49 54 21 41 26 58 47 22 17 14 1 30 20 0 23 60 62 31 57 40 56 59 6 25 48 45 44 12 52 15 11 10 32 2 5 7 3 55 63 4 61 53 16 24 8 33 39 13
44 45 19 43 37 20 29 11 26 21 12 34 46 4 30 47 42 38 54 39 5 49 41 17 18 6 57 3 8 50 22 40 2 61 53 60 62 55 52 59 58 33 24 32 7 13 25 16 14 15 10 63 23 0 9 31 1 51 48 56
26 20 29 34 42 43 52 51 11 12 37 25 19 30 50 18 9 45 17 59 32 16 60 57 49 58 24 61 10 33 31 21 22 14 8 2 53 46 6 4 40 7 55 38 1 5 3 56 44 54 13 15 41 48 47 39 62 23 63 0
44 45 26 43 53 20 13 52 54 19 51 29 30 12 34 18 11 58 50 46 37 63 25 57 38 60 59 23 56 39 55 2 3 62 1 4 42 6 21 24 47 49 31 22 5 9 0 14 7 33 32 40 17 48 15 8 41 10 16 61
26 34 45 17 42 50 33 21 19 11 44 52 58 25 12 41 14 38 3 29 37 43 60 20 8 57 22 9 46 4 47 59 16 53 18 7 62 15 0 61 56 32 49 39 2 40 5 10 13 30 48 51 31 1 24 54 6 23 55 63
37 43 18 38 46 54 39 30 44 45 34 25 33 29 17 19 52 50 63 59 51 62 22 15 23 9 53 31 7 16 20 11 10 2 57 41 1 60 49 26 13 48 21 12 58 56 5 14 47 32 4 3 40 8 55 42 24 61 0 6
19 34 44 53 43 37 52 51 33 10 29 25 45 21 22 32 38 46 50 49 41 42 58 40 60 26 20 14 24 30 7 57 31 6 12 61 15 4 56 18 13 5 2 47 16 8 59 23 54 9 39 11 48 63 55 17 62 1 3 0
44 43 18 29 26 45 52 25 51 50 38 53 59 10 9 19 20 8 57 54 55 31 42 30 17 49 46 24 22 34 33 60 58 32 48 47 16 63 41 14 1 11 40 61 13 56 2 21 12 5 0 4 6 3 62 15 23 37 7 39
19 34 44 53 41 11 10 33 20 37 32 18 43 21 14 48 49 42 3 50 17 9 25 24 13 6 0 7 52 40 29 45 58 59 54 4 12 2 38 57 30 46 60 55 1 23 15 22 26 39 56 51 5 16 31 8 62 47 63 61
26 18 10 9 44 2 0 16 34 33 40 17 45 32 43 48 8 42 41 24 25 51 59 49 50 1 20 29 19 37 56 57 21 54 58 60 53 62 52 3 55 13 12 14 30 31 15 61 39 5 11 4 38 6 63 47 22 46 23 7
26 34 41 17 42 33 43 49 18 51 45 20 59 10 9 37 44 1 16 52 3 50 13 11 58 29 24 54 53 19 32 61 55 8 38 60 48 57 12 46 0 30 2 6 4 56 47 63 22 23 31 39 25 15 21 5 14 7 62 40
44 29 22 45 26 20 43 42 13 19 34 18 49 6 33 25 24 38 51 40 52 32 12 58 10 9 4 11 31 47 3 15 56 2 21 60 17 46 37 14 48 30 61 5 16 62 41 59 23 57 8 1 7 50 39 0 53 55 54 63
44 29 18 26 21 9 17 45 30 34 19 31 1 52 43 50 51 13 53 42 54 12 20 8 16 24 22 14 41 55 4 32 58 0 39 47 60 10 40 5 25 3 63 2 23 61 62 37 33 15 6 11 7 48 59 49 38 57 56 46
44 29 19 26 22 45 17 11 46 52 37 54 43 51 58 25 59 55 42 9 47 30 21 12 61 14 13 39 15 41 8 63 23 33 34 7 3 20 16 6 50 5 53 60 49 38 1 2 10 32 18 56 48 57 31 40 62 4 24 0
37 45 53 38 19 61 44 18 17 51 62 29 20 13 12 10 3 5 54 34 31 39 30 47 60 21 26 16 24 42 11 32 6 1 25 14 33 46 9 7 63 49 55 8 4 43 15 40 50 23 22 52 41 2 57 48 59 58 56 0
37 29 18 26 17 45 19 42 46 20 13 25 43 50 53 54 44 21 34 11 52 41 40 33 24 61 62 63 9 47 22 1 51 23 8 58 3 59 38 10 16 32 15 39 55 12 31 5 30 4 0 14 57 48 2 49 60 7 56 6
26 20 45 44 53 42 12 17 49 62 43 37 54 29 61 4 8 52 30 50 58 21 22 19 14 39 18 6 59 34 5 3 46 51 31 9 13 41 63 57 48 47 1 16 15 40 7 60 33 10 11 23 55 32 38 0 56 2 24 25
19 18 37 20 11 45 44 29 22 3 54 34 2 52 25 46 41 62 38 43 63 48 59 60 10 39 55 30 21 47 23 12 31 53 4 16 61 9 42 49 0 17 32 50 40 33 24 5 13 14 7 1 15 51 56 26 57 6 58 8
37 29 18 42 22 30 43 44 38 23 50 26 19 14 53 57 31 34 58 59 46 17 15 41 16 33 45 8 6 62 48 12 49 32 11 3 25 20 52 55 54 63 10 61 0 9 4 40 2 51 24 47 60 39 56 21 7 1 13 5
19 18 26 20 29 22 45 54 11 25 38 12 21 4 2 10 1 43 15 9 33 41 40 31 47 13 50 44 5 59 34 42 63 46 51 37 53 32 49 58 8 57 56 62 55 0 24 17 61 48 60 6 23 14 16 30 7 52 3 39
19 20 13 10 45 42 29 21 11 12 37 46 2 26 4 53 33 14 44 17 54 18 34 32 52 43 40 3 51 22 30 61 50 38 31 58 49 9 0 59 7 6 60 41 16 24 47 5 1 62 57 56 63 8 25 55 23 39 48 15
44 45 26 52 54 38 60 63 46 18 30 25 62 59 37 61 53 47 24 22 9 19 21 51 11 12 14 33 3 6 29 13 31 5 55 20 23 34 4 39 42 0 58 10 7 50 41 32 49 57 17 16 43 2 56 40 1 15 48 8
44 43 26 45 51 18 37 25 19 12 24 59 58 38 10 9 11 1 42 17 13 53 30 5 8 29 54 52 22 57 60 3 46 33 0 61 41 21 34 55 20 40 48 14 2 16 6 49 39 50 31 7 15 56 63 47 4 32 62 23
19 34 44 11 42 50 18 21 41 26 43 48 40 49 58 32 12 56 4 17 33 20 57 3 5 51 60 13 25 10 8 52 14 6 37 30 9 24 16 22 23 31 59 39 7 38 2 61 29 0 47 46 54 1 53 45 62 15 55 63
26 34 45 18 41 19 9 33 20 21 40 11 29 37 44 32 13 22 31 38 3 25 46 48 30 6 24 15 14 54 43 51 7 42 39 10 59 23 56 4 17 12 2 47 62 63 5 0 49 57 52 1 8 53 16 50 55 61 58 60
19 20 45 44 53 18 21 54 46 29 11 10 13 26 25 24 32 22 31 43 55 40 30 15 14 17 50 62 34 37 61 57 8 5 12 42 63 16 48 4 23 47 52 7 58 39 6 33 9 49 51 38 56 0 41 59 3 60 1 2
37 29 22 43 34 45 20 19 18 25 32 10 52 26 17 15 54 12 2 8 30 44 11 31 9 3 4 24 23 51 58 42 7 13 39 53 16 60 61 63 41 40 50 0 6 21 46 5 1 38 14 57 56 33 59 55 47 48 62 49
26 18 37 29 19 20 21 43 12 22 30 38 31 13 44 11 5 14 2 25 42 49 46 50 23 7 33 55 41 34 24 17 45 4 48 54 3 15 52 47 51 10 39 61 8 53 59 60 62 32 16 57 56 0 1 63 58 9 40 6
19 18 17 43 44 21 51 26 14 45 25 42 54 46 50 63 37 7 53 10 33 8 20 41 24 60 9 59 11 1 52 12 34 29 4 61 22 5 16 13 55 30 23 49 6 47 31 15 3 2 56 48 57 39 40 32 58 62 38 0
26 20 45 44 43 54 12 42 49 29 37 11 21 19 2 33 40 17 34 4 46 55 30 56 8 32 58 50 41 25 24 38 62 13 51 10 1 52 3 53 61 59 60 0 5 18 47 48 9 39 31 16 63 23 57 6 22 14 7 15
19 20 21 18 34 12 3 42 50 33 9 26 45 37 13 0 46 22 24 32 40 4 17 29 14 30 39 31 1 44 43 55 25 2 6 11 38 51 52 41 47 61 60 49 10 57 48 8 62 53 54 7 23 15 16 58 59 56 5 63
19 18 17 11 4 20 45 2 29 43 34 30 12 16 3 21 51 37 25 53 13 26 61 5 10 42 24 59 33 38 60 54 63 44 31 8 50 1 0 47 58 32 46 23 40 62 6 39 55 22 52 41 48 9 49 57 56 14 15 7
26 18 37 43 9 38 45 52 51 19 21 34 41 33 46 50 44 10 58 48 60 53 42 47 55 0 39 31 24 57 40 54 2 29 12 13 56 3 4 1 17 8 63 11 5 25 61 49 32 30 23 6 20 62 59 16 22 15 14 7
19 20 37 34 12 38 44 45 46 4 33 11 30 52 53 42 59 41 10 26 17 9 51 43 25 62 13 23 5 47 3 60 48 50 8 29 39 40 21 56 49 2 58 22 31 14 6 16 1 0 18 24 15 7 55 57 32 54 61 63
44 45 46 52 53 29 18 26 17 43 51 62 61 25 63 8 42 9 0 19 34 54 33 40 21 16 22 47 32 37 55 24 11 14 13 50 39 59 30 3 15 2 57 5 4 7 41 58 12 20 48 6 60 38 10 49 23 31 1 56
26 34 44 37 42 33 43 52 40 19 12 49 53 51 50 17 46 32 18 54 61 48 55 11 24 20 21 60 57 38 30 13 29 9 0 23 41 1 45 63 47 31 3 62 59 58 16 4 56 22 15 2 14 10 5 6 7 8 39 25
19 18 44 11 3 4 5 43 34 37 52 60 38 51 9 29 20 47 21 25 42 41 50 45 53 30 31 39 55 13 22 54 16 33 23 10 1 59 57 58 32 17 12 15 26 6 61 14 49 63 8 2 7 40 46 56 48 62 24 0
26 18 10 20 37 43 29 17 12 3 2 22 4 38 34 25 24 13 33 40 31 15 42 49 39 47 21 6 23 11 50 57 44 45 54 51 5 19 52 1 30 60 55 9 53 61 8 63 32 16 59 58 48 41 56 46 62 0 14 7
26 20 45 34 19 42 50 18 10 37 11 2 44 17 38 49 9 41 21 59 56 13 4 53 5 0 25 57 1 22 43 29 54 46 3 33 14 12 47 7 62 16 30 55 8 52 61 6 60 23 24 39 31 63 48 51 15 32 40 58
26 20 13 42 43 50 49 25 19 34 44 11 41 52 3 29 60 48 17 18 56 9 58 6 32 33 40 53 0 61 22 45 12 21 46 4 24 51 62 23 10 2 1 16 59 37 15 54 63 55 5 8 47 7 38 14 30 57 31 39
44 29 18 26 21 45 17 25 46 43 37 47 50 11 34 51 58 38 55 53 62 57 49 33 39 22 23 52 30 13 20 41 2 31 48 63 56 61 6 59 54 60 9 42 15 32 40 4 16 19 12 0 1 7 3 8 24 10 5 14
19 34 41 21 29 37 42 49 50 11 56 48 32 51 58 33 14 13 44 43 24 15 38 52 3 47 5 26 57 20 18 9 39 6 59 22 23 40 61 60 30 7 10 2 46 31 0 16 8 12 45 17 25 62 4 55 54 63 1 53
19 34 45 20 43 44 41 50 13 54 53 18 52 12 55 42 17 16 58 60 51 48 38 49 4 37 30 5 9 39 40 63 25 32 31 56 33 11 6 46 29 47 10 57 62 1 8 2 26 21 24 23 3 7 14 15 0 22 59 61
37 29 20 13 19 45 21 43 46 47 38 18 26 39 50 11 12 57 17 9 14 16 44 10 2 22 31 23 0 25 42 4 8 51 33 41 53 15 55 61 60 1 24 49 3 52 5 59 7 32 34 54 62 30 58 63 40 6 56 48
44 45 19 20 13 10 11 26 17 34 29 6 21 14 5 12 42 43 3 4 37 2 18 25 50 33 7 22 9 51 41 38 53 52 46 61 60 48 1 32 23 0 16 57 58 55 49 15 54 59 39 47 31 8 40 30 56 62 24 63
19 20 13 42 45 12 43 14 49 44 37 18 11 26 4 21 34 2 25 56 22 38 53 51 15 33 59 16 52 7 46 10 41 23 57 50 6 47 40 58 1 29 39 32 5 0 24 48 55 30 54 62 9 61 17 60 31 3 8 63
26 18 19 34 45 54 25 11 10 21 37 16 44 9 17 24 53 38 46 62 43 55 33 52 51 58 39 30 0 40 63 2 20 29 31 42 13 12 60 6 23 47 22 59 61 14 4 5 41 15 1 8 32 49 56 50 3 57 48 7
26 18 37 25 19 12 9 17 8 16 5 29 24 43 33 34 51 42 30 31 45 52 53 40 32 11 22 0 4 61 50 60 38 49 20 15 59 58 21 46 39 54 57 44 48 13 1 47 62 23 6 3 14 56 2 55 63 10 41 7
19 20 37 18 10 2 21 22 14 34 33 45 26 43 52 42 38 51 44 6 49 60 11 40 59 41 61 57 1 4 12 3 5 0 56 39 46 54 25 29 58 24 53 17 8 9 31 13 16 47 15 7 32 48 55 50 30 62 23 63
19 18 44 29 9 10 21 13 22 26 17 45 14 0 1 25 37 12 53 31 5 20 15 6 34 61 38 46 4 39 47 30 62 54 11 41 32 24 23 63 16 8 50 2 52 7 42 33 3 40 55 51 58 49 57 43 59 56 48 60
44 29 19 26 20 43 51 34 38 18 33 11 17 32 40 59 37 48 2 25 24 45 58 12 54 30 56 46 21 63 10 13 41 3 14 8 39 47 22 31 9 16 4 1 52 5 60 23 0 53 6 50 61 49 15 7 42 57 55 62
19 34 45 37 44 20 12 11 18 51 10 3 26 25 29 17 2 54 9 1 8 46 32 4 13 14 63 16 47 53 43 55 33 38 58 39 62 42 50 52 60 57 21 30 56 41 24 40 22 23 31 0 15 49 61 59 6 5 48 7
26 34 41 20 37 46 21 48 12 45 55 13 5 22 30 6 23 4 44 54 62 31 19 15 33 40 17 18 3 38 39 16 10 51 7 43 24 9 58 11 32 59 8 57 2 14 49 29 53 52 56 47 60 1 42 50 25 61 63 0
37 43 42 45 44 29 21 50 46 38 30 47 52 20 34 26 54 14 11 60 19 18 13 6 51 55 61 23 41 62 17 40 33 2 5 32 63 25 7 53 12 16 3 4 58 15 39 31 48 49 24 22 1 56 10 9 0 8 59 57
19 34 41 20 37 48 18 38 46 21 45 11 10 25 17 29 31 43 32 1 2 13 5 47 33 42 52 24 40 55 22 30 56 23 16 4 14 12 54 7 3 44 53 51 59 39 26 9 62 50 49 6 57 8 60 61 63 58 0 15
26 20 29 18 10 25 37 2 11 12 4 43 50 21 30 45 44 38 32 13 14 7 34 51 58 42 3 5 19 22 49 46 17 59 52 41 23 53 48 16 15 8 60 40 55 47 1 63 54 31 57 61 39 0 62 24 33 9 6 56
19 20 21 34 44 53 42 50 49 26 52 14 51 60 25 16 37 17 33 29 38 41 48 56 18 10 1 13 11 12 57 3 2 0 62 46 55 22 7 39 8 58 47 30 43 24 40 63 61 6 54 32 23 45 9 59 15 5 4 31
37 45 44 43 50 42 51 60 34 25 54 33 26 41 58 59 61 18 40 29 24 53 19 49 17 9 21 10 56 38 46 47 8 16 2 48 55 14 13 20 30 32 7 3 4 39 12 62 31 5 0 15 1 57 6 22 23 11 63 52
26 18 19 34 33 21 42 10 45 25 17 50 20 11 2 40 58 8 16 29 24 41 37 9 13 51 52 4 49 38 3 12 0 5 22 1 48 60 14 30 6 53 54 56 32 15 47 46 44 55 23 43 61 62 57 7 39 59 31 63
19 18 44 20 9 43 42 0 10 11 12 51 58 59 17 25 2 21 30 52 32 22 45 57 60 39 29 61 15 49 56 5 14 40 3 37 38 24 8 1 16 13 48 33 34 53 4 31 47 41 54 6 23 55 26 46 7 63 62 50
37 43 50 21 20 13 34 45 26 18 14 41 32 57 19 11 42 25 4 9 58 22 52 15 29 49 5 51 0 16 24 59 33 10 61 46 38 2 56 12 60 47 17 53 7 40 8 44 62 54 23 1 30 31 48 39 55 3 63 6
44 43 18 37 30 21 51 50 45 39 20 42 19 17 49 46 54 53 38 58 52 56 13 62 16 29 48 61 33 40 14 26 47 7 63 55 24 5 59 11 31 9 25 41 34 22 10 2 6 8 12 60 3 32 1 4 23 15 57 0
37 43 42 45 51 29 21 59 46 41 30 31 19 13 5 20 39 10 23 14 26 12 1 11 50 38 49 9 32 33 52 55 2 56 54 57 4 61 17 25 18 24 15 60 44 8 16 47 34 22 62 63 58 6 40 3 7 53 0 48
44 45 37 43 34 25 50 38 52 21 33 42 16 59 39 30 12 24 61 17 41 48 32 51 9 49 57 58 46 56 60 31 53 40 26 19 23 54 29 62 11 3 47 18 10 0 2 8 55 1 14 20 4 22 15 13 5 7 63 6
44 29 20 13 22 31 18 43 51 34 19 50 33 45 12 25 41 52 32 11 6 37 10 17 38 2 21 49 58 4 48 14 9 42 15 57 53 54 56 5 55 16 46 1 26 59 39 61 0 24 62 7 40 8 60 47 23 63 3 30
44 29 18 26 34 9 0 43 37 45 53 25 32 62 33 16 19 20 22 21 54 11 17 23 3 2 30 10 1 31 50 63 38 52 59 40 41 57 13 60 51 24 55 61 42 14 12 8 58 39 46 49 15 47 5 7 56 6 48 4
44 29 22 52 21 26 25 14 6 19 43 17 60 37 9 24 30 8 10 23 15 31 33 38 42 3 1 12 20 51 5 18 50 7 45 57 34 59 41 11 58 13 2 0 46 32 16 39 56 53 54 62 40 49 48 47 55 4 63 61
44 45 46 29 20 11 22 43 42 51 58 53 50 39 61 59 18 49 13 38 41 40 60 62 56 25 37 34 31 57 63 19 54 23 10 15 30 4 12 21 9 8 1 52 2 55 5 3 47 14 48 26 24 0 33 6 32 16 7 17
26 20 29 22 44 34 12 11 42 43 52 49 56 33 25 51 30 4 40 24 50 21 15 37 16 41 14 19 18 23 46 13 5 59 38 48 60 17 58 53 2 39 32 7 6 8 57 3 61 9 0 31 62 1 54 45 47 63 55 10
44 43 26 45 52 19 18 53 12 11 34 25 46 5 24 17 61 29 8 54 38 51 4 47 62 10 42 9 39 37 2 41 59 32 40 50 16 3 55 0 30 31 20 33 60 63 1 48 49 21 14 13 6 56 22 23 15 7 57 58
37 43 26 19 50 51 42 45 29 25 53 33 49 46 24 34 39 52 10 18 59 55 17 61 54 58 41 47 38 11 63 40 48 16 9 62 12 56 60 8 57 13 44 21 4 30 0 3 1 2 20 32 14 15 6 22 31 5 7 23
37 45 19 38 46 29 30 18 53 54 44 52 59 51 58 43 17 47 60 21 50 31 20 49 22 10 23 24 34 26 55 42 2 1 39 13 62 41 8 63 12 9 32 33 4 57 40 11 3 15 56 61 14 5 0 16 25 48 7 6
19 34 43 20 25 11 13 51 52 21 29 41 48 37 50 57 45 61 53 12 42 38 39 5 58 26 2 59 22 14 17 18 15 46 54 32 9 6 16 55 4 10 7 24 33 8 49 3 60 40 44 47 56 31 62 23 30 63 0 1
44 29 21 43 42 20 22 45 37 23 54 63 14 6 12 51 7 5 58 49 15 13 30 19 11 50 56 52 53 34 25 48 40 18 9 41 59 0 31 38 17 60 33 10 57 32 26 46 1 2 3 4 16 8 55 39 61 62 24 47
19 34 41 33 43 50 44 29 51 32 22 52 48 11 18 20 57 25 59 30 17 14 12 26 60 16 38 13 4 45 37 53 31 5 61 62 24 21 10 1 63 49 8 40 46 23 15 9 2 56 0 54 39 58 6 7 47 3 42 55
37 29 20 45 19 18 46 38 47 10 21 31 26 55 54 53 11 34 43 2 22 30 63 23 33 52 44 32 62 50 14 13 1 7 42 41 15 25 12 5 4 0 60 9 40 61 57 39 8 59 58 16 17 3 48 49 56 51 24 6
44 43 18 45 54 46 51 42 53 63 50 9 19 34 29 59 0 21 58 52 55 22 26 25 60 49 38 61 62 47 15 37 13 30 32 16 40 14 41 57 39 56 33 31 6 7 48 4 5 10 11 24 23 20 3 17 8 12 1 2
26 18 37 34 33 45 17 20 29 22 13 16 54 53 46 63 9 25 32 39 61 42 51 44 19 38 55 12 8 49 11 58 21 5 30 10 3 47 23 60 59 1 43 0 41 48 56 50 52 40 24 62 14 2 57 7 15 31 4 6
37 43 18 38 42 34 45 52 50 51 60 19 20 21 22 57 46 13 26 9 12 11 58 25 30 55 41 49 56 32 5 23 33 24 10 3 53 31 17 16 14 2 29 48 8 4 1 54 15 0 61 6 40 59 7 44 47 63 39 62
26 18 37 45 19 34 54 11 42 50 9 43 33 41 10 38 44 29 49 24 51 60 25 40 21 0 48 2 39 58 17 30 4 3 31 23 32 63 20 46 1 13 47 55 52 22 12 5 15 56 6 14 7 57 62 61 59 16 8 53
37 45 26 18 10 25 44 2 24 29 30 34 53 38 31 39 17 23 42 16 46 52 47 61 59 32 60 33 9 55 62 49 56 51 50 43 8 41 48 58 3 63 22 54 1 40 57 14 15 7 6 21 20 12 13 5 4 11 19 0
44 29 22 43 20 30 42 14 38 50 21 13 12 41 37 45 49 48 34 31 53 18 7 26 25 16 5 51 58 62 9 6 15 2 59 10 11 19 8 52 40 3 23 0 47 1 17 33 54 46 55 63 61 56 32 60 39 24 57 4
37 29 21 43 18 38 46 54 55 20 62 14 34 19 13 17 7 26 50 12 16 8 0 10 11 15 2 44 42 58 45 47 52 63 49 30 41 51 31 61 24 22 5 4 23 48 33 3 39 9 1 6 56 40 32 25 59 57 53 60
44 45 37 29 21 13 18 43 52 26 42 34 38 47 25 10 2 60 39 17 20 46 53 3 22 12 19 11 16 1 55 15 5 61 33 8 54 50 4 41 48 24 40 63 58 30 14 9 51 49 56 6 32 57 59 62 7 31 23 0
19 20 45 26 17 42 18 10 2 8 16 44 53 34 21 14 0 25 50 62 32 24 33 54 63 12 5 11 52 1 22 3 9 29 61 23 7 6 30 40 4 38 31 37 41 13 15 59 39 49 48 60 58 56 51 55 47 46 57 43
19 20 21 34 45 37 46 54 33 29 44 18 62 41 38 25 26 13 22 47 40 63 49 43 24 11 55 32 52 61 30 17 53 57 5 48 12 31 16 51 4 8 50 23 15 60 9 58 10 7 14 42 59 6 56 1 39 3 2 0
19 34 44 20 12 29 41 4 5 53 22 18 52 37 3 33 25 32 43 49 62 38 16 50 30 61 39 15 13 17 45 54 26 42 14 63 40 11 60 51 2 24 21 59 58 6 55 23 10 31 8 1 9 57 56 0 48 47 46 7
44 45 26 18 37 34 33 29 9 40 38 52 59 10 51 42 21 8 0 39 11 54 46 53 16 22 63 60 20 19 50 3 55 25 43 2 14 57 13 5 17 58 24 62 6 61 49 32 30 56 41 7 15 1 47 12 48 23 4 31
44 43 34 29 19 42 26 11 12 53 10 1 52 13 20 60 30 51 6 14 45 33 50 31 3 38 15 4 9 37 54 46 22 49 61 2 17 8 41 25 58 39 24 40 57 18 55 62 47 63 0 48 16 32 5 23 21 7 59 56
26 18 37 34 9 10 33 0 19 46 20 40 1 29 22 45 43 42 17 13 11 52 54 2 47 30 59 12 14 63 44 16 23 53 49 51 62 61 58 31 24 21 39 8 41 32 38 60 50 4 3 5 25 15 7 57 56 6 48 55
44 45 37 29 54 53 22 43 26 20 52 62 13 25 24 55 51 34 30 19 33 50 58 16 46 12 17 47 41 40 42 57 60 14 11 15 6 61 18 3 4 31 49 32 23 10 63 38 9 5 59 48 56 1 39 7 8 21 2 0
44 29 21 45 30 22 46 20 19 31 23 42 37 18 34 15 9 43 51 38 50 54 47 0 17 12 62 39 11 58 60 10 13 26 7 59 3 8 33 49 57 32 25 41 48 55 4 1 40 14 63 56 2 24 16 61 5 53 52 6
26 18 44 29 9 42 20 37 38 51 34 21 19 33 40 45 54 32 50 48 53 49 43 52 22 12 57 14 17 23 13 55 11 8 41 39 61 46 63 30 47 5 24 1 15 59 60 4 0 56 10 6 58 3 31 2 16 62 25 7
19 18 44 20 9 37 11 34 30 0 26 4 3 42 12 21 25 53 62 5 6 39 13 46 29 24 33 14 45 41 47 52 32 40 43 54 15 22 51 55 23 7 63 31 60 10 1 58 49 48 59 61 57 56 17 38 50 8 16 2
26 18 44 45 10 43 53 29 42 41 49 56 37 25 51 46 17 60 59 8 30 11 62 3 19 50 9 38 39 52 61 20 13 55 12 23 33 47 31 22 57 16 21 4 58 2 1 54 5 32 34 40 14 7 63 0 24 15 6 48
37 45 44 43 50 51 18 9 53 21 42 52 34 54 59 38 61 58 19 49 55 60 41 11 48 62 31 56 0 40 20 29 13 5 4 3 22 25 33 57 16 39 10 15 46 12 30 2 47 8 1 26 17 14 6 63 32 7 23 24
26 18 10 34 45 37 29 20 42 33 44 9 19 51 49 12 8 30 21 2 1 46 11 13 55 43 31 16 17 0 24 39 58 47 14 52 53 4 50 60 54 62 25 57 61 23 15 38 3 6 56 48 5 32 7 59 40 41 63 22
19 18 44 20 9 52 45 26 34 17 60 42 8 33 49 56 32 40 21 29 38 12 50 16 13 2 25 43 5 11 48 4 10 30 3 24 22 58 37 31 23 6 39 61 57 59 41 1 14 53 54 47 55 15 51 46 7 0 62 63
26 18 10 25 44 43 50 51 17 57 24 37 19 1 11 3 2 8 9 0 29 45 52 21 34 41 58 16 42 53 4 59 22 30 31 49 48 33 60 61 54 47 38 46 63 40 14 23 15 20 55 32 56 5 62 12 39 6 13
26 34 44 20 33 25 24 41 18 10 43 29 12 53 38 4 49 32 19 50 42 22 13 14 6 48 57 21 62 45 2 40 16 5 15 56 3 31 47 8 54 17 7 52 23 61 51 55 46 39 60 1 63 58 9 30 59 11 0 37
26 20 45 25 21 22 17 29 24 43 18 37 44 42 13 8 23 14 9 5 4 12 34 31 15 52 7 0 6 19 60 32 3 54 10 61 39 59 16 33 51 30 38 46 40 2 41 50 62 55 57 58 47 48 63 53 1 56 11 49
26 20 13 18 37 12 34 14 9 46 38 42 6 30 22 44 11 4 54 39 51 41 19 10 43 60 21 7 5 0 15 23 1 52 29 2 47 3 50 57 25 17 49 33 8 48 40 16 56 32 31 55 24 45 59 63 53 62 58 61
37 43 26 21 19 38 42 20 39 11 44 52 61 49 41 50 34 40 14 33 58 25 56 22 53 7 12 29 18 47 15 45 13 4 55 60 3 5 31 54 24 46 51 30 32 63 59 10 17 16 9 62 2 6 23 1 48 57 0 8
37 45 19 34 33 18 53 43 42 41 49 40 26 58 9 24 32 25 44 12 16 10 51 52 1 50 60 2 5 29 11 38 20 13 57 61 14 56 21 8 30 15 3 59 23 22 17 48 39 31 62 47 46 0 6 7 55 54 63 4
37 29 22 46 38 42 34 26 21 19 11 13 17 15 33 43 30 23 52 24 40 50 44 3 57 8 45 58 20 53 31 60 59 41 2 12 18 56 5 39 55 51 4 49 14 25 61 54 32 62 9 0 10 1 63 7 47 48 16 6
19 20 13 34 41 33 43 12 37 48 4 6 32 11 49 50 26 44 18 3 2 46 5 51 29 22 53 25 45 42 40 52 17 38 30 60 39 10 21 24 9 1 55 54 31 14 16 8 15 23 59 47 63 58 7 62 61 56 57 0
44 29 19 10 22 52 45 26 34 41 11 38 20 12 21 23 17 33 25 37 40 18 43 51 4 9 59 50 42 32 1 49 8 0 47 16 53 31 15 2 46 7 30 62 3 55 57 5 58 39 60 56 54 14 48 61 24 63 13 6
19 18 37 43 34 41 26 20 10 44 42 25 51 2 12 11 24 32 17 46 16 50 4 58 52 61 30 13 49 40 33 38 29 53 48 8 56 21 9 22 59 57 14 5 6 0 62 1 23 45 55 39 47 15 7 31 60 54 3 63
19 18 17 34 44 37 42 20 46 38 12 52 41 4 21 9 26 22 14 48 40 33 1 43 24 6 53 25 51 62 13 59 11 29 39 2 54 60 61 30 23 10 55 3 16 45 58 0 15 47 56 57 8 50 49 63 5 32 7 31
37 43 26 19 18 17 11 12 50 10 9 21 2 8 20 44 16 57 13 46 55 5 22 0 52 3 34 30 14 29 42 15 45 1 38 51 58 25 7 47 4 6 59 61 56 24 54 49 41 33 39 31 32 53 60 48 40 62 63 23
44 45 46 43 42 54 19 47 63 41 38 61 50 30 49 18 40 51 60 20 9 17 12 5 16 29 37 59 52 56 48 0 1 2 23 53 26 58 4 31 6 11 39 25 33 62 3 57 24 21 22 15 55 32 10 7 8 14 13 34
19 18 44 20 11 34 12 4 26 45 42 29 46 13 30 54 21 38 10 52 60 31 5 9 37 6 3 2 23 22 53 15 1 50 25 51 17 32 39 16 49 61 63 33 62 43 7 59 14 41 48 55 57 56 8 0 24 58 47 40
26 34 42 18 19 50 9 12 20 21 29 37 22 11 49 44 3 15 30 17 58 1 10 23 0 25 33 14 38 47 51 2 7 16 46 5 31 45 8 52 54 43 60 55 4 40 6 13 41 24 32 61 53 59 62 39 48 56 63 57
19 34 42 20 21 12 37 29 26 18 13 22 15 25 11 46 32 4 55 2 10 6 5 41 50 9 3 44 52 53 51 38 8 1 33 58 39 45 43 14 17 23 31 40 60 62 48 54 63 49 61 16 24 30 7 47 59 57 56 0
19 34 44 20 33 52 21 41 37 43 18 12 42 22 53 38 60 61 14 10 40 59 51 6 29 17 7 30 5 46 13 15 9 1 0 58 25 50 3 48 26 11 54 39 56 24 62 63 45 23 47 55 57 2 32 16 4 49 8 31
44 29 21 13 26 43 14 45 54 25 52 60 12 42 59 61 41 47 22 58 63 30 38 49 34 33 17 15 24 19 51 53 62 11 5 31 10 20 18 1 40 46 23 8 3 6 37 32 7 9 56 2 0 50 39 4 57 55 48 16
44 45 19 34 54 11 26 18 3 63 33 29 46 43 51 52 37 50 42 38 60 25 17 32 22 15 24 53 61 9 21 41 55 30 58 49 59 13 20 2 39 12 48 4 0 62 47 16 6 56 10 5 31 57 14 23 40 1 8 7
44 45 26 18 37 43 50 38 53 34 19 20 17 57 10 16 29 46 33 1 47 60 54 32 9 22 42 25 58 41 8 52 21 63 61 13 24 62 15 0 49 48 40 30 3 23 51 56 39 7 55 11 12 4 2 59 6 14 5 31
26 20 45 42 12 17 34 44 18 33 41 49 43 37 50 21 14 19 25 13 11 5 9 7 15 4 24 0 57 32 30 38 16 39 29 22 1 56 10 2 48 53 51 40 31 8 61 46 52 6 47 23 3 60 58 59 54 62 55 63
44 29 18 52 30 20 37 42 34 26 25 38 60 24 50 51 39 33 22 49 32 10 11 12 53 16 17 19 8 31 43 46 5 54 21 47 57 14 48 45 23 4 2 9 13 1 61 58 41 15 63 59 7 55 62 3 6 40 56 0
19 18 17 11 37 16 26 34 3 44 42 38 43 4 45 53 52 21 54 20 29 59 25 62 14 7 61 41 39 60 51 10 13 33 15 12 40 50 57 46 47 49 24 30 9 1 32 6 56 23 8 0 48 5 31 22 63 55 58 2
37 29 20 11 26 45 30 23 46 47 54 34 55 61 33 25 31 38 63 53 15 19 16 32 18 52 39 44 3 2 60 62 21 24 51 4 42 12 10 8 17 43 13 1 40 22 14 49 50 41 56 6 7 5 59 57 58 48 0 9
44 29 19 42 34 26 17 37 46 11 21 33 32 53 10 14 12 3 25 38 45 47 7 13 5 20 54 61 55 63 6 8 30 24 52 9 50 40 1 31 62 4 41 15 23 59 49 48 39 51 56 58 60 43 57 16 18 22 0 2
44 43 34 25 26 19 18 17 9 45 52 37 11 59 20 13 30 0 32 10 21 53 6 24 42 29 16 3 1 23 60 50 41 51 38 8 54 48 40 31 33 22 12 49 56 61 46 2 62 4 15 7 14 63 55 57 58 47 39 5
26 18 37 25 17 43 34 41 33 24 9 44 52 32 42 38 45 49 29 61 59 10 48 46 53 50 57 56 2 1 8 11 40 62 54 30 22 21 0 60 14 23 39 55 19 13 5 31 58 4 51 20 47 3 63 15 7 12 6 16
19 18 37 11 26 34 10 20 25 44 9 8 42 41 0 49 51 60 16 17 29 30 50 21 40 24 32 58 13 12 38 48 33 45 5 43 52 3 31 46 14 23 39 7 53 22 2 4 57 47 56 62 54 55 6 15 61 59 63 1
44 29 22 42 26 21 34 25 50 37 19 43 38 53 14 58 49 20 57 39 59 56 33 15 24 10 48 7 41 60 62 46 30 18 55 45 12 47 11 23 1 17 16 40 9 8 31 3 13 32 61 6 4 54 2 52 63 51 5 0
44 45 46 29 21 13 19 54 30 22 14 52 12 31 38 47 60 18 37 43 17 10 3 1 2 61 0 15 62 16 23 39 51 7 34 42 55 58 20 63 59 53 33 5 6 32 4 41 9 50 48 26 8 40 49 56 11 57 24 25
37 45 19 34 53 20 21 13 33 43 51 18 6 26 9 17 25 16 12 22 10 42 29 24 32 30 23 14 5 38 8 50 31 1 58 54 0 52 44 40 3 2 41 4 48 39 61 57 55 46 56 59 11 7 60 63 15 47 62 49
44 45 19 52 53 20 29 38 21 18 60 12 3 11 46 22 9 25 13 0 26 14 7 33 37 55 10 30 40 2 54 23 1 4 5 17 16 63 15 51 31 41 49 34 61 8 50 24 43 62 47 6 39 57 48 58 59 42 32 56
19 34 44 21 29 20 26 18 33 38 9 41 11 52 17 42 45 10 13 12 31 24 43 0 61 6 25 60 59 50 2 1 8 46 49 37 14 5 55 40 30 23 54 53 48 56 58 22 32 39 57 63 7 62 15 3 16 51 4 47
37 45 44 43 42 29 19 10 38 26 54 39 31 53 47 41 18 46 2 1 30 3 52 62 63 21 20 60 14 13 50 22 33 12 51 58 15 49 48 40 11 5 4 17 34 61 8 6 59 25 23 24 57 56 55 9 16 0 32 7
19 34 43 20 29 38 21 52 50 45 47 51 44 49 60 61 59 13 57 53 46 18 25 30 17 37 54 9 0 41 39 23 62 14 42 11 33 55 7 5 2 12 15 22 31 40 63 1 48 6 10 56 4 58 16 32 26 8 24 3
26 20 13 42 45 37 29 38 46 12 11 30 34 4 21 41 19 18 33 22 49 25 16 54 5 43 52 32 44 57 48 61 51 58 56 14 3 40 60 59 17 2 55 47 23 7 6 63 62 39 50 9 0 15 31 53 1 10 8 24
37 29 22 43 19 30 34 44 53 52 20 33 45 26 21 46 18 54 32 13 14 9 10 6 31 41 63 2 50 38 7 42 49 62 25 24 47 11 1 0 61 15 3 51 39 4 16 57 17 55 58 59 56 48 5 12 8 40 23 60
19 18 37 11 3 45 26 20 54 2 29 34 10 30 21 38 1 63 53 22 31 39 25 32 14 52 43 9 46 6 24 50 44 17 51 59 58 13 62 33 42 16 12 60 8 49 40 56 15 4 57 61 5 7 47 23 48 0 41 55
37 45 19 29 44 18 38 47 39 31 54 52 53 20 9 46 22 42 43 61 21 10 2 26 63 55 59 1 11 3 33 25 17 0 62 4 23 30 60 16 49 24 34 32 8 13 41 15 12 56 14 50 51 7 6 5 58 57 40 48
26 34 41 18 10 9 20 17 44 21 25 11 2 3 8 12 13 5 30 1 29 39 31 52 45 46 54 16 47 33 6 7 42 4 22 50 43 14 61 38 0 19 15 60 24 63 37 49 56 57 40 62 32 48 53 55 51 23 58 59
44 43 34 41 33 29 49 25 20 45 22 19 18 21 16 32 37 23 53 46 26 13 12 61 6 42 14 10 51 30 24 11 40 50 59 52 17 7 1 60 2 56 39 9 54 5 48 31 47 8 15 62 63 57 0 55 3 4 38 58
44 43 50 21 26 45 20 29 14 42 53 61 41 40 22 13 32 38 5 24 12 15 23 6 49 57 54 47 59 46 30 11 7 39 52 58 31 60 48 56 18 9 2 10 19 37 62 51 55 33 4 34 1 63 25 17 0 3 16 8
26 34 44 18 17 37 46 19 10 52 33 25 20 2 24 55 11 12 3 8 29 21 60 4 13 51 50 42 16 1 41 32 22 30 9 31 15 58 53 54 38 47 49 43 59 14 45 56 5 40 39 23 48 6 63 62 61 7 0 57
26 34 45 20 42 54 19 41 44 29 63 50 49 37 33 48 21 30 57 56 39 11 12 31 22 18 23 40 17 9 58 43 25 38 52 53 61 4 1 62 51 13 46 15 60 59 5 16 8 14 6 10 3 24 7 55 47 32 2 0
37 45 53 43 42 54 55 38 29 63 47 22 19 39 51 20 15 18 21 50 58 34 44 13 9 23 6 41 31 12 33 26 17 10 52 60 59 32 11 0 30 5 8 2 4 46 3 57 49 16 61 62 25 40 48 56 24 14 1 7
26 34 43 18 19 50 17 11 42 9 10 41 58 57 52 2 33 59 48 37 38 51 3 32 0 53 44 1 20 39 12 4 13 29 60 16 56 45 22 25 54 6 24 5 21 62 31 40 8 49 7 55 63 47 61 14 23 46 30 15
37 45 53 34 42 54 33 38 20 18 46 13 55 43 6 61 44 49 26 24 32 29 47 21 60 50 51 59 16 5 9 12 19 41 48 58 4 30 14 39 62 63 52 10 25 57 23 7 11 17 31 15 40 1 0 3 8 22 56 2
19 20 29 18 12 13 11 22 37 45 6 4 38 47 15 42 2 10 39 44 17 26 1 8 43 9 41 31 33 50 5 34 52 61 58 7 51 57 54 59 0 3 30 21 23 14 60 46 16 53 62 25 24 49 48 56 55 63 32 40
26 20 29 18 37 45 19 21 30 42 17 22 23 14 44 38 53 25 13 52 15 6 12 4 34 33 51 16 32 7 11 31 54 3 9 2 5 46 10 40 24 60 39 49 43 41 61 1 59 63 8 47 0 58 50 62 55 57 56 48
19 34 44 53 52 11 26 18 3 29 9 51 25 16 24 20 12 13 62 32 42 37 21 41 45 30 40 49 46 50 59 47 33 61 56 38 14 48 60 43 57 17 58 10 22 4 5 8 1 6 55 0 31 54 15 2 23 63 39 7
44 43 34 45 53 20 37 42 26 54 51 33 40 50 49 17 18 56 19 41 29 52 8 24 58 25 46 59 21 13 38 48 57 16 61 47 31 62 6 60 30 12 11 39 10 4 23 22 9 15 32 0 1 2 3 5 14 7 63 55
44 45 26 20 54 25 19 42 12 11 2 3 17 43 34 37 51 21 33 59 30 49 29 22 52 50 38 24 18 39 48 57 47 16 46 63 61 10 41 56 8 40 14 13 9 0 1 7 6 5 31 58 4 62 15 53 60 55 23 32
26 34 44 18 17 20 19 10 13 29 41 52 37 11 33 43 21 38 45 25 24 22 4 9 39 3 53 40 0 8 59 16 50 42 32 51 23 60 58 15 49 54 30 5 2 31 63 47 61 56 6 55 62 12 57 46 7 48 14 1
19 20 21 34 43 50 51 12 13 6 37 30 22 31 25 11 57 44 3 14 52 41 23 61 53 59 58 10 42 56 48 49 5 45 7 15 46 38 26 54 63 18 62 4 33 2 47 29 9 0 17 16 24 1 60 55 39 40 32 8
37 43 50 51 18 21 34 25 20 49 57 52 32 13 33 41 26 17 14 15 24 42 9 29 48 0 53 61 5 22 10 16 31 8 19 54 45 2 59 40 6 38 44 46 1 58 63 23 30 12 56 39 47 11 62 60 55 3 7 4
44 29 18 42 20 37 43 11 38 34 41 51 50 48 32 53 4 52 45 2 61 60 21 47 58 46 30 33 55 49 31 9 12 13 56 62 26 25 59 54 24 16 17 40 10 3 39 5 8 19 63 23 14 22 6 1 15 7 0 57
26 34 42 20 29 41 44 50 58 43 49 25 51 45 12 60 18 9 33 22 16 48 40 13 10 24 53 11 59 52 56 46 37 32 4 19 57 21 14 5 3 6 30 38 1 8 0 2 31 47 55 54 7 63 23 15 39 61 17 62
26 20 45 44 53 42 13 52 60 19 10 37 49 51 43 12 4 61 58 59 18 11 38 14 54 29 62 33 50 25 24 31 3 1 17 2 39 46 30 40 47 16 41 63 55 21 23 15 8 57 34 9 6 5 22 7 32 0 48 56
37 29 22 43 50 45 26 17 42 20 11 15 30 31 44 53 54 13 51 2 12 63 46 39 61 19 6 21 33 3 5 25 34 18 8 32 23 57 10 4 47 60 14 9 40 55 16 38 41 49 24 7 0 62 58 59 52 1 48 56
19 34 43 50 41 20 52 32 13 10 37 51 49 59 18 61 1 26 33 29 38 17 25 21 9 30 53 8 16 2 0 42 12 3 22 46 39 5 14 24 11 44 40 6 45 62 4 7 54 47 63 58 15 56 55 60 31 48 57 23
37 29 22 42 34 41 18 44 48 33 32 24 19 40 50 56 51 60 52 26 17 12 10 2 9 20 43 30 11 15 49 8 38 57 0 45 5 25 59 16 21 4 61 58 39 31 23 6 53 46 55 13 14 47 1 54 63 62 3 7
37 43 18 29 42 9 51 59 30 21 44 31 58 45 22 41 52 15 38 46 34 50 19 26 10 60 23 11 4 53 47 17 54 33 25 61 0 1 12 57 8 5 6 14 49 40 13 62 63 20 32 3 56 39 2 24 7 55 16 48
44 45 19 52 37 30 46 47 23 20 55 10 13 63 43 18 21 6 5 54 61 60 11 22 17 34 26 62 41 25 51 42 29 14 33 31 39 2 53 9 59 49 16 12 1 0 40 8 56 32 38 24 7 3 15 58 50 48 57 4
26 18 44 43 9 53 42 41 62 29 49 52 40 19 51 60 11 34 30 20 45 37 25 38 21 16 46 13 50 2 33 17 8 58 6 59 1 48 12 47 57 32 3 4 5 0 55 22 54 61 23 39 31 15 7 10 24 14 56 63
37 45 44 29 21 19 11 13 30 43 52 3 38 53 50 23 18 47 14 25 31 20 51 22 4 7 9 54 62 6 12 17 34 33 39 1 41 58 10 15 0 42 63 8 5 46 26 40 55 61 48 56 2 49 24 16 32 59 57 60
26 18 44 29 22 25 17 52 10 30 53 14 51 43 31 11 19 62 24 59 34 8 4 33 15 3 13 60 42 50 37 21 12 32 16 39 5 6 9 2 41 45 54 40 0 46 20 1 61 23 63 55 38 7 47 48 49 56 57 58
26 20 21 34 12 13 14 29 30 18 11 4 25 32 3 17 9 2 10 19 45 39 31 37 22 8 1 54 53 7 24 46 15 33 0 5 6 61 47 23 41 38 62 63 40 16 42 49 51 55 52 43 44 48 57 60 56 50 58 59
26 18 10 29 37 46 22 45 53 15 39 43 19 21 44 52 14 54 23 20 61 38 63 34 51 59 41 11 30 25 16 62 50 42 13 6 9 58 12 32 31 3 60 47 55 5 33 49 57 2 1 48 7 56 40 24 4 0 17 8
26 34 41 17 25 21 37 44 45 46 43 24 8 9 47 52 14 19 10 3 1 18 16 2 32 12 33 29 59 0 5 38 42 48 11 60 53 54 31 49 62 63 22 20 55 61 30 23 13 15 56 50 58 39 57 51 7 40 6 4
37 29 19 43 45 11 50 54 21 22 3 26 17 51 23 38 44 10 20 25 39 30 46 13 18 4 5 16 59 15 52 47 33 12 24 58 8 1 63 55 14 42 7 60 41 40 2 62 9 34 0 31 57 49 61 6 32 53 56 48
37 29 18 45 38 47 39 46 53 55 21 60 54 13 14 9 61 30 0 15 31 42 43 20 5 22 41 34 33 52 23 7 19 10 63 12 51 24 6 62 49 50 3 25 59 4 17 58 44 2 11 8 1 56 48 26 16 40 32 57
26 18 10 9 44 43 0 21 34 19 50 53 45 1 12 17 8 42 20 54 11 29 30 52 33 4 3 31 39 47 63 38 37 14 62 25 41 55 7 49 56 22 40 13 6 51 24 16 23 32 60 61 59 5 46 48 2 58 57 15
19 18 44 45 26 20 9 25 21 13 54 29 34 63 22 31 46 33 38 14 41 49 43 52 30 39 42 12 5 10 6 4 11 50 59 37 23 0 57 1 24 3 32 47 48 15 17 60 53 51 8 2 62 16 61 40 58 56 7 55
37 45 26 20 19 18 10 17 8 1 2 3 11 38 54 53 13 29 30 22 21 9 61 12 43 6 31 42 15 39 5 50 51 24 47 63 55 25 16 23 0 4 7 34 14 52 57 44 46 58 59 60 62 56 32 49 40 41 48 33
44 29 19 10 11 12 5 42 43 50 20 45 30 18 37 38 53 54 49 22 9 2 17 41 51 8 15 57 31 61 48 59 39 21 63 23 58 3 34 7 26 52 13 25 0 47 60 4 6 1 32 24 16 56 55 40 14 46 62 33
19 34 45 11 42 37 21 54 3 50 38 18 25 43 53 16 26 52 51 29 46 44 55 31 30 59 58 14 20 49 7 17 57 23 48 33 8 61 62 13 22 39 4 2 1 60 24 9 0 15 32 41 12 47 63 10 40 5 6 56
44 45 19 20 13 52 54 42 29 11 49 63 37 21 30 39 31 26 53 6 51 61 18 56 47 10 22 60 9 0 17 8 5 15 58 38 7 43 59 12 62 50 33 3 41 25 24 34 46 40 4 14 1 23 2 16 32 48 57 55
26 34 41 33 25 17 42 24 37 29 8 44 20 43 38 51 59 18 21 14 53 48 13 19 7 60 61 62 49 16 9 6 10 39 32 1 12 5 46 55 52 45 31 56 47 0 57 4 2 23 11 22 63 3 58 50 40 54 30 15
37 43 26 19 12 11 44 29 10 25 17 45 38 3 18 5 54 1 42 34 41 50 59 57 30 22 14 39 49 6 33 40 52 46 20 24 51 60 61 53 21 58 23 63 16 13 62 15 2 8 0 9 7 47 32 55 31 48 56 4
44 45 19 52 53 34 43 42 51 18 26 59 46 54 25 32 63 20 11 41 61 3 37 60 50 62 24 16 12 49 48 13 17 55 6 29 58 14 38 30 31 57 22 56 40 39 21 7 33 15 23 8 9 10 2 5 1 4 0 47
26 20 29 38 44 52 21 13 14 17 12 18 37 22 39 45 25 32 9 4 8 19 23 47 24 31 54 11 43 50 10 16 51 0 61 5 6 34 41 59 55 15 42 2 7 63 58 57 53 60 3 30 56 48 33 46 49 40 1 62
37 45 44 43 26 20 54 30 12 29 31 63 46 4 34 55 21 19 52 59 60 25 18 51 42 17 47 38 62 33 24 23 10 11 5 49 3 32 15 61 41 50 40 9 57 1 48 53 8 2 0 58 22 13 6 39 14 56 16 7
19 20 29 22 12 18 17 11 44 4 21 45 30 26 43 38 54 16 23 14 9 13 8 34 5 42 15 6 31 0 1 52 50 2 53 39 3 51 25 41 61 37 46 47 55 10 58 33 40 59 60 63 24 49 57 7 48 32 62 56
37 29 22 46 20 45 55 30 34 15 53 54 31 33 13 19 44 21 41 18 62 52 10 47 17 12 32 5 11 38 4 3 43 1 26 50 42 16 2 51 61 24 57 48 39 58 59 63 0 49 6 25 56 40 8 60 23 14 7 9
37 45 26 18 53 43 44 29 42 54 10 25 19 41 63 62 34 30 38 20 33 46 49 56 32 1 39 47 52 9 2 60 13 40 55 11 23 16 0 22 31 15 12 3 48 17 61 5 59 4 7 50 57 51 24 21 8 58 6 14
19 20 13 42 45 10 11 12 9 4 34 6 49 44 29 26 43 3 25 37 46 41 14 38 21 56 30 51 18 16 24 22 15 39 58 54 63 62 52 32 61 50 48 53 5 40 23 1 17 7 31 2 47 8 33 57 60 59 0 55
37 43 26 21 34 44 45 17 42 53 61 62 52 60 19 18 29 50 16 10 3 11 25 51 41 8 57 30 38 40 13 9 2 32 59 4 23 49 24 5 56 39 54 1 12 63 48 0 46 58 22 55 33 15 14 7 47 20 6 31
44 29 22 42 18 19 20 21 13 11 49 43 26 15 45 25 17 6 12 46 38 31 10 9 23 30 0 56 37 39 24 32 50 14 41 57 34 48 53 62 1 3 47 52 59 51 61 16 4 60 63 2 33 55 58 54 7 8 5 40
44 45 19 52 53 61 37 20 21 29 30 13 62 43 5 12 3 31 23 22 60 39 51 50 34 54 38 4 15 2 1 42 6 14 47 63 57 46 58 18 33 25 41 11 7 26 24 40 49 59 17 56 55 9 8 16 32 48 0 10
26 34 43 18 33 41 49 51 42 24 25 20 13 56 52 53 10 50 45 12 61 32 21 44 60 14 58 59 37 62 29 30 16 11 63 38 40 54 4 17 47 39 15 55 19 5 57 1 2 23 7 22 46 9 0 48 6 31 8 3
44 43 18 21 20 45 42 9 37 19 14 30 39 26 10 1 0 29 11 3 54 46 12 23 50 2 22 38 31 41 34 8 52 4 25 13 5 58 47 7 16 51 59 53 15 62 17 55 33 6 40 60 61 49 48 32 57 56 24 63
26 20 29 18 19 22 12 21 9 33 37 17 8 46 10 34 30 13 11 5 6 31 25 0 40 4 3 24 41 48 56 42 44 43 39 38 49 57 51 14 55 58 16 2 53 7 15 23 32 45 47 54 59 50 61 62 1 60 63 52
26 18 37 43 50 25 34 41 24 45 29 51 10 2 42 16 33 30 32 49 59 38 31 22 40 57 56 48 8 21 44 17 52 58 19 46 54 20 14 15 13 12 5 9 7 55 47 61 53 39 3 1 23 6 11 62 63 60 4 0
44 45 46 34 26 20 33 52 53 42 13 17 43 47 49 54 19 10 63 62 11 12 3 6 37 25 59 40 55 60 9 41 21 29 30 58 39 5 61 14 57 31 15 7 51 50 18 4 38 23 22 8 0 32 1 16 2 48 24 56
26 18 19 34 25 20 43 32 16 17 13 12 37 24 8 45 5 38 21 52 41 0 9 44 42 11 60 10 50 29 46 22 1 33 14 53 31 54 61 47 30 7 3 40 62 6 51 23 49 57 58 39 56 4 2 55 15 48 63 59
19 18 44 11 9 43 42 25 3 45 26 20 12 21 24 33 46 17 40 53 29 5 14 37 52 60 54 47 10 2 4 63 32 13 6 8 61 15 39 30 31 41 49 7 1 22 23 55 34 50 57 56 51 48 59 58 16 0 38 62
26 20 21 18 19 34 9 29 41 14 33 17 12 10 25 4 37 40 32 8 22 46 7 30 16 42 5 15 39 24 38 43 2 1 50 59 53 45 44 31 58 54 60 6 63 57 56 47 11 49 51 52 0 62 55 13 3 23 48 61
26 18 10 9 19 34 8 29 33 0 17 25 44 2 21 41 30 24 37 31 40 45 11 20 12 53 22 16 38 42 49 4 61 39 13 23 52 1 32 59 54 3 14 15 46 60 43 55 47 50 5 51 48 57 62 56 6 63 58 7
19 20 45 10 21 37 11 42 12 53 38 46 52 44 49 60 55 31 39 47 51 4 1 29 54 58 3 43 5 40 59 63 22 26 61 34 17 30 25 2 62 33 32 14 18 16 13 24 57 6 7 23 41 50 48 56 8 0 9 15
44 45 19 34 46 53 52 20 21 39 61 54 41 51 47 18 31 13 9 33 58 49 40 55 32 29 12 42 62 25 24 11 59 56 17 26 30 60 10 16 50 0 8 1 63 22 43 57 37 48 5 38 14 6 4 3 2 7 15 23
26 20 13 34 44 6 18 37 30 38 43 10 46 52 45 23 50 29 21 42 5 57 19 54 41 14 7 32 25 33 39 11 58 24 31 47 2 49 53 59 56 40 3 4 15 12 51 62 61 22 17 8 9 1 63 55 16 60 0 48
44 43 18 45 52 19 34 42 11 60 49 41 53 20 29 22 51 58 15 56 54 30 21 37 50 10 48 23 2 3 31 38 47 12 26 57 59 33 46 62 63 40 4 13 39 5 55 61 25 16 24 32 6 14 7 17 9 0 8 1
37 43 34 29 19 11 20 46 3 2 13 4 52 26 38 30 23 51 50 33 18 22 21 44 55 31 41 58 6 9 15 48 59 57 39 14 25 32 7 61 42 12 56 47 0 10 40 49 17 54 5 8 60 53 1 16 24 45 63 62
19 18 37 20 26 33 10 2 21 22 25 42 43 34 14 29 41 6 30 52 23 49 12 13 57 45 61 32 40 48 17 51 44 3 53 39 4 38 31 24 15 58 9 62 1 50 63 0 56 60 8 7 46 16 59 54 47 5 11 55
44 43 34 25 19 45 52 11 54 63 42 61 10 9 1 20 33 41 60 18 26 59 21 14 17 2 12 5 13 6 51 50 58 8 49 32 46 57 48 24 16 0 4 47 22 40 15 30 53 37 23 56 39 29 62 38 31 55 3 7
44 45 19 34 54 37 46 53 52 21 20 18 42 50 41 26 9 38 11 32 14 7 48 40 17 62 13 12 39 2 29 47 63 25 16 60 33 55 24 43 10 1 30 23 3 22 59 57 8 51 31 58 61 5 6 4 15 49 0 56
19 34 45 21 20 37 29 13 26 18 25 53 43 33 9 24 46 39 44 0 14 51 30 38 54 22 42 62 15 50 23 31 55 6 41 52 17 49 32 40 57 11 7 59 61 58 5 56 10 2 3 4 60 12 47 63 8 1 16 48
37 43 42 45 19 34 33 41 49 29 46 40 51 18 53 59 44 58 56 38 30 21 20 11 48 62 17 24 13 5 22 31 25 12 32 9 54 57 23 50 4 47 61 63 26 6 55 2 52 15 60 3 39 10 0 16 1 8 7 14
44 43 42 29 21 45 19 13 30 52 46 39 59 37 38 54 55 49 23 11 22 60 18 14 62 53 5 15 7 17 56 12 61 51 34 41 26 10 31 20 8 25 33 24 1 6 16 9 32 57 48 40 0 3 2 4 50 63 47 58
19 20 29 38 44 34 33 45 37 32 12 51 46 11 58 5 10 52 21 47 55 30 41 1 54 61 53 63 43 50 48 42 23 31 2 39 60 40 18 15 59 13 24 57 62 17 56 4 49 9 25 3 14 22 26 6 8 16 0 7
26 18 19 34 41 12 43 51 37 25 17 16 24 29 59 42 8 50 21 32 10 30 23 46 44 11 40 52 58 9 22 49 13 0 45 61 57 2 20 38 1 53 31 4 54 5 6 56 48 39 3 62 33 60 63 7 14 55 47 15
44 43 42 51 60 45 37 53 34 59 61 62 19 26 18 49 50 41 58 29 63 9 52 20 54 55 47 25 32 33 21 22 12 5 11 13 14 2 23 15 30 57 6 39 24 38 31 17 8 46 3 7 56 4 16 10 48 40 0 1
37 29 20 11 22 43 42 45 50 30 53 61 54 15 21 13 38 44 52 34 18 55 26 17 59 58 6 39 57 5 41 60 4 49 23 12 63 19 48 2 33 25 47 32 14 51 10 3 8 9 0 1 16 56 7 40 31 46 62 24
26 20 45 34 33 54 13 12 29 32 4 19 40 21 22 48 41 42 44 24 49 5 18 14 63 57 3 30 23 2 15 31 37 17 56 43 50 38 25 58 16 9 47 7 6 46 10 39 11 62 8 55 53 61 52 0 60 59 51 1
37 29 21 45 26 20 11 14 22 38 39 44 19 13 46 30 7 47 52 18 23 31 54 59 43 55 63 3 61 51 17 60 12 6 58 10 50 62 4 24 1 34 2 57 41 48 16 15 56 8 25 33 49 53 32 40 5 9 42 0
44 45 26 52 54 17 60 19 34 29 20 37 30 53 11 33 41 42 25 49 40 12 48 63 57 2 8 56 62 9 51 22 24 31 13 43 23 61 5 46 39 14 10 50 6 55 38 15 4 1 47 59 16 32 58 18 7 21 3 0
44 43 18 29 51 9 22 59 0 53 50 42 52 60 58 19 10 41 33 45 26 24 49 17 34 15 25 11 61 3 38 57 40 62 2 56 48 46 16 21 54 8 12 1 4 13 37 39 14 32 23 20 31 63 5 7 55 47 30 6
19 18 44 11 9 17 3 0 16 45 1 34 46 53 61 4 5 54 62 21 26 25 14 29 37 2 33 30 31 42 51 50 43 60 49 23 39 47 38 13 20 24 59 48 6 63 12 55 32 22 56 40 41 7 52 58 57 8 15 10
37 29 21 45 43 30 18 13 54 50 14 44 53 61 62 52 39 47 51 34 63 59 58 26 33 57 42 49 5 23 56 9 25 41 0 17 32 24 38 10 60 8 40 12 31 15 19 20 7 22 16 46 55 3 6 48 2 11 4 1
19 34 44 21 29 20 14 45 11 52 42 30 39 12 26 22 38 18 15 31 25 17 47 10 60 33 3 51 1 13 23 37 46 9 40 32 8 48 58 7 24 4 53 16 43 55 6 59 54 5 56 50 57 49 41 61 62 63 0 2
44 29 22 45 20 43 34 19 52 42 50 33 54 61 32 26 12 41 53 15 18 25 59 5 17 9 30 60 51 46 4 13 62 58 38 37 31 21 6 63 11 47 40 3 39 14 49 23 1 24 7 57 56 48 2 10 8 16 55 0
19 34 41 20 29 33 43 52 25 16 11 32 17 37 42 48 38 22 45 13 49 40 30 3 50 58 15 46 21 54 51 59 55 18 57 47 39 44 60 31 26 12 8 56 53 0 2 1 24 10 4 5 9 62 63 61 6 14 23 7
37 29 18 44 51 34 43 52 33 45 54 25 60 46 38 55 50 53 39 20 63 57 30 61 11 13 47 59 49 41 42 22 15 2 4 6 12 9 24 23 0 62 31 16 56 14 40 32 58 10 26 19 3 21 7 48 5 17 1 8
37 45 19 18 17 38 39 43 50 51 34 25 33 41 52 54 48 31 26 32 42 59 44 10 23 60 3 30 61 2 53 9 55 11 1 46 12 5 24 29 20 13 4 62 21 0 58 14 22 57 6 15 47 63 40 7 49 16 8 56
26 20 13 25 37 42 34 46 49 56 43 44 18 10 24 19 11 3 12 14 45 17 16 32 6 53 9 29 50 8 30 57 33 31 2 4 1 40 51 0 23 59 60 15 55 52 38 61 21 39 58 22 62 41 48 54 47 63 7 5
37 45 53 20 19 34 26 38 43 10 25 41 31 33 18 39 42 44 48 49 11 9 40 17 16 2 47 61 50 59 21 13 58 22 54 51 1 29 3 56 5 55 15 14 57 24 23 30 52 12 32 0 62 4 46 6 60 63 8 7
26 20 29 38 30 34 43 52 50 25 61 31 19 37 16 18 22 24 10 21 44 13 6 42 41 60 11 3 12 2 59 48 45 9 39 57 4 5 1 17 51 47 15 49 32 46 53 62 8 14 63 40 55 0 54 58 56 33 7 23
26 18 10 9 44 43 0 29 42 52 30 17 25 20 61 50 53 22 51 24 19 1 57 11 3 60 21 34 8 12 15 54 47 39 41 38 2 58 13 14 32 4 6 5 49 33 59 55 16 45 23 48 56 31 7 37 46 62 40 63
26 20 29 18 43 25 19 30 12 50 51 11 10 52 61 2 9 34 31 38 47 21 37 39 46 5 42 23 59 55 32 49 48 0 44 24 16 60 14 22 54 62 63 56 8 1 41 3 53 57 15 45 4 33 58 7 6 40 17 13
26 34 41 18 44 45 19 42 33 43 46 54 62 32 24 47 9 50 38 25 40 61 16 52 29 11 10 63 53 51 12 20 59 48 49 56 57 58 22 37 30 60 21 23 31 55 15 14 39 2 5 17 3 0 8 13 4 1 7 6
19 20 21 12 3 34 44 13 18 29 6 43 22 14 50 30 31 52 7 4 45 39 51 58 41 5 38 11 53 61 42 48 59 60 40 46 33 2 1 47 10 9 8 57 49 0 25 17 62 23 16 63 15 37 24 54 55 32 26 56
26 18 37 43 44 25 50 29 22 51 34 41 20 59 58 53 19 52 17 13 21 30 46 39 33 14 23 31 62 24 47 57 32 60 42 40 5 9 15 11 45 55 3 12 0 6 49 16 8 54 7 38 61 1 63 10 4 48 2 56
44 29 22 42 34 30 20 11 13 26 38 37 41 21 43 19 14 33 46 18 12 23 3 6 7 52 50 49 25 16 53 47 56 5 40 57 58 59 4 51 45 48 15 62 10 2 24 54 31 17 9 1 8 32 55 61 63 60 39 0
44 29 19 10 30 43 50 37 26 52 60 34 41 51 1 61 58 45 54 17 42 25 18 3 53 11 16 49 48 47 9 46 12 40 20 23 39 33 63 57 55 2 56 32 21 0 8 4 5 59 62 24 13 31 22 6 15 14 7 38
19 20 45 44 13 10 43 18 29 52 61 12 53 34 26 33 37 6 17 38 30 8 4 21 32 22 11 3 25 24 39 50 23 54 46 51 2 41 47 55 40 42 58 59 57 1 63 48 0 9 14 15 5 31 7 62 16 56 49 60
19 34 44 53 33 20 29 38 45 37 52 18 26 43 62 32 40 59 39 54 60 17 50 30 12 13 8 48 31 42 14 61 63 6 49 46 58 10 25 55 11 15 3 23 7 21 51 4 47 9 5 41 0 1 24 16 2 57 56
26 34 41 21 29 33 44 48 40 20 11 42 22 53 51 37 49 15 23 56 50 14 5 13 45 58 7 25 16 38 43 6 60 17 12 4 18 46 32 10 19 9 62 24 55 59 8 54 63 31 47 2 57 39 52 61 3 1 0 30
44 45 19 34 43 52 60 11 33 25 16 42 3 18 26 59 58 32 38 4 5 20 24 8 53 17 12 29 50 61 51 49 10 54 62 9 13 47 22 1 31 2 30 37 39 23 0 41 40 6 55 57 46 14 21 63 15 7 48 56
26 20 37 42 34 18 49 44 43 30 45 50 41 33 57 48 21 54 63 52 10 53 32 12 46 55 38 51 56 9 62 39 61 59 14 25 11 22 13 19 58 47 8 40 31 4 17 6 24 2 60 1 16 0 29 15 23 3 7 5
44 45 19 34 41 11 42 48 26 52 10 9 40 18 53 37 2 54 21 25 20 43 8 4 46 1 12 51 60 59 56 30 55 3 17 61 50 63 16 32 38 49 57 0 5 47 58 24 14 22 39 6 62 23 29 33 31 13 7 15
19 20 21 12 13 10 4 43 26 6 44 37 34 14 7 29 46 42 51 18 49 45 1 53 5 50 25 16 58 2 54 47 17 22 61 63 39 59 62 41 30 0 33 38 55 24 57 31 32 60 8 52 3 9 11 40 23 15 48 56
26 18 37 45 19 29 54 53 22 20 11 4 9 43 2 15 34 21 13 63 12 3 5 41 48 0 16 6 14 7 23 33 50 38 47 25 32 31 39 30 17 42 51 10 52 55 44 8 24 46 1 40 62 57 49 61 60 58 59 56
37 29 20 45 26 12 21 18 10 30 54 34 13 44 41 33 42 17 31 19 51 53 16 50 25 39 43 8 49 40 11 23 9 3 24 2 14 46 62 1 32 57 47 38 52 22 48 61 60 55 5 59 15 63 4 6 58 56 0 7
37 29 22 43 26 19 42 41 50 45 40 21 44 34 25 17 10 58 46 20 8 1 49 18 30 38 14 52 61 32 12 60 59 23 53 48 9 5 31 39 3 47 11 2 57 16 15 4 13 62 63 6 55 54 24 0 7 51 33
26 18 19 34 41 21 43 50 9 11 45 10 51 44 29 58 25 0 53 32 12 30 14 37 33 7 22 17 16 61 48 13 59 60 62 42 54 63 57 20 46 55 3 8 23 38 24 56 15 4 47 31 6 2 49 5 52 40 1 39
44 43 34 25 18 37 45 21 30 46 41 23 20 9 14 48 26 7 51 50 22 19 11 2 0 16 3 10 38 29 6 12 49 59 13 4 17 5 32 8 33 15 54 42 58 55 52 31 57 63 60 40 47 61 53 39 56 62 1 24
26 34 43 20 42 33 24 17 18 19 37 50 11 12 5 29 10 46 51 16 55 2 45 53 22 39 21 15 8 4 44 30 47 25 61 41 23 6 49 40 1 63 38 62 52 13 3 56 48 57 60 32 7 58 59 31 54 14 9 0
37 43 26 21 34 42 44 46 50 25 16 24 19 58 49 51 55 30 41 32 40 12 14 48 45 52 33 29 39 8 3 23 57 38 22 59 17 10 20 53 18 47 54 5 4 11 1 63 9 62 13 15 31 0 61 60 7 2 56 6
37 43 18 21 34 44 53 52 14 62 45 38 39 29 30 20 13 25 41 42 32 7 59 40 51 9 15 54 46 5 12 6 50 47 49 4 22 60 26 33 3 23 31 11 19 57 10 2 61 24 63 55 48 56 0 16 58 17 1 8
37 43 50 21 18 44 34 42 29 58 14 7 19 30 49 33 31 10 45 51 12 56 59 60 57 17 48 20 16 11 9 46 61 5 4 40 38 39 47 13 22 52 53 62 6 3 54 41 26 25 32 63 24 1 2 23 0 8 55 15
37 45 26 38 46 54 53 19 21 33 63 29 39 61 44 42 52 43 59 55 41 14 17 51 62 49 11 34 50 47 48 18 25 10 20 58 3 4 13 32 24 5 6 56 57 60 23 12 30 9 2 22 40 7 1 16 8 31 15 0
26 20 21 18 10 25 37 9 34 11 12 45 2 29 16 14 22 15 44 51 54 13 43 33 7 24 46 63 58 50 17 4 19 30 6 38 5 42 52 8 47 32 40 60 62 3 59 57 23 39 49 1 31 55 0 53 61 48 56 41
44 43 42 29 20 51 60 41 26 19 49 25 24 59 11 37 33 3 50 32 52 34 22 18 58 38 46 21 13 55 9 57 12 6 14 16 17 15 4 0 47 39 56 5 48 40 23 2 1 10 45 53 30 8 54 62 31 61 63 7
37 29 18 45 22 42 34 21 50 49 38 47 13 33 20 51 56 6 24 48 39 30 12 32 23 16 5 43 41 31 40 44 57 26 19 25 54 61 8 11 4 58 46 9 59 3 55 15 10 2 14 53 52 62 7 0 17 1 63 60
19 20 21 12 3 14 45 18 30 4 11 54 13 2 10 43 17 9 7 15 1 8 5 26 24 6 34 25 33 16 37 41 50 32 40 59 0 22 53 44 52 51 23 31 49 48 63 55 61 42 60 29 57 62 38 46 39 56 58 47
37 43 50 51 18 29 42 20 22 46 52 26 11 30 17 34 41 9 19 49 1 33 38 10 40 13 56 59 55 45 4 58 32 15 25 24 21 16 8 54 23 3 39 12 60 57 53 2 7 14 44 63 5 62 61 31 48 0 47 6
44 29 21 45 30 22 46 54 14 38 43 51 47 7 13 15 23 53 5 37 19 11 20 31 58 4 34 18 3 26 33 59 12 55 61 6 52 63 25 62 60 24 50 10 39 49 17 57 2 42 40 8 16 9 0 41 32 1 56 48
26 34 44 20 33 43 50 45 29 38 46 53 61 21 12 3 30 13 5 37 18 23 42 19 22 47 39 9 51 49 17 41 54 60 32 6 57 15 1 25 55 24 58 11 2 4 14 7 16 0 59 63 10 52 8 31 40 56 62 48
19 34 41 18 42 48 33 25 26 50 17 9 37 21 43 45 16 46 55 12 10 24 32 20 29 40 51 2 44 49 13 47 4 63 11 5 57 52 30 38 56 31 59 58 14 7 6 8 39 60 22 3 23 15 61 53 54 62 1 0
26 18 44 43 50 51 10 53 62 49 42 45 58 61 29 9 40 30 21 25 17 34 54 11 24 57 1 0 41 2 37 16 33 48 56 13 8 19 38 32 31 47 20 39 14 12 4 15 7 59 52 63 23 3 55 22 60 5 6 46
26 34 44 37 46 17 45 38 31 55 33 30 8 43 52 19 12 39 29 32 41 59 54 11 60 25 40 10 9 61 51 47 42 50 62 1 49 48 56 63 20 18 16 24 0 5 4 21 14 13 6 15 58 23 22 53 3 7 2 57
44 45 26 52 60 59 54 61 47 63 20 21 22 13 17 25 4 9 12 53 18 29 42 19 16 5 0 15 55 37 34 11 23 30 38 39 14 32 33 24 10 3 7 8 43 31 40 51 50 6 62 49 57 41 58 48 2 56 46 1
44 43 26 19 42 51 12 11 10 29 37 52 21 49 59 14 30 1 34 23 9 18 20 60 46 5 25 33 56 17 4 22 15 55 7 2 39 3 24 32 58 31 40 53 38 57 45 50 16 41 8 13 62 0 47 48 63 6 61 54
26 20 37 44 19 38 13 17 25 21 43 24 34 5 45 42 29 30 16 51 31 10 50 41 8 54 3 22 33 47 18 46 53 23 48 58 12 11 6 39 2 1 0 60 57 40 52 7 15 49 61 56 55 9 32 14 4 59 62 63
44 43 34 25 18 19 42 11 10 20 9 37 46 52 12 41 32 4 5 0 21 2 8 1 33 30 26 55 50 17 3 58 59 51 39 60 29 48 61 6 57 49 38 23 54 47 16 13 14 24 63 15 40 53 45 22 31 56 7 62
26 20 45 44 13 17 25 19 18 37 46 30 42 9 1 12 10 14 21 55 7 34 6 33 41 8 4 32 16 54 39 2 52 29 0 51 40 50 43 49 60 11 3 31 56 47 63 24 59 61 62 48 23 53 58 22 38 57 15 5
26 18 19 20 13 43 29 21 9 33 50 37 25 57 12 17 41 40 51 52 38 6 61 5 49 8 11 44 4 30 7 60 46 39 42 58 59 10 22 24 1 3 2 45 54 14 48 55 15 31 23 0 56 32 16 34 53 62 63 47
37 29 18 46 20 34 41 11 43 26 22 33 2 10 19 49 45 52 17 24 32 40 59 30 8 3 55 42 38 1 50 31 44 47 56 14 12 5 25 48 9 57 21 51 53 13 16 60 6 63 62 7 58 4 15 0 39 54 23 61
26 18 10 29 45 25 21 54 24 9 30 20 43 34 42 22 0 37 15 51 60 31 52 59 19 12 13 5 38 46 61 1 11 53 14 3 44 39 23 7 58 4 6 32 62 33 17 63 55 49 47 8 56 16 41 57 2 50 48 40
37 45 53 38 39 29 19 47 21 52 54 20 12 61 22 34 43 18 41 23 55 5 10 1 9 8 63 42 0 40 50 44 48 33 13 58 11 56 60 14 6 17 32 51 49 30 62 25 7 57 46 59 16 15 4 3 26 31 24 2
26 20 21 18 44 29 30 34 9 37 41 0 12 53 45 42 43 31 19 38 22 48 23 15 62 49 25 13 50 32 24 4 40 39 14 51 60 11 5 61 52 7 46 54 17 3 56 63 57 59 2 8 33 16 10 1 55 47 6 58
19 20 29 22 30 38 13 4 37 34 43 26 39 45 17 10 33 31 6 51 21 32 47 14 44 12 7 23 18 16 52 5 25 55 46 41 11 42 2 1 15 59 54 53 61 3 63 62 40 60 50 58 24 48 9 8 57 49 0 56
37 29 20 13 22 30 19 31 6 4 15 44 38 23 53 26 34 43 45 33 25 54 41 16 42 52 63 48 21 12 14 39 46 40 11 18 60 50 17 61 57 62 47 7 5 9 3 55 59 51 8 10 2 49 32 0 56 1 58 24
26 18 37 45 53 54 10 25 63 44 17 9 8 29 33 2 11 52 34 46 19 42 39 47 30 55 61 40 51 1 16 24 49 4 3 43 38 58 41 60 57 12 20 22 59 31 21 5 15 0 32 14 7 6 23 50 62 48 56 13
26 20 37 44 29 18 51 30 31 34 25 52 12 38 47 21 41 32 53 3 22 15 13 33 9 10 42 62 43 60 59 0 24 5 45 49 50 19 17 57 58 8 6 11 54 23 48 7 56 4 61 63 40 39 14 55 2 1 46 16
19 20 29 22 13 26 21 6 33 34 30 14 44 38 31 37 23 42 46 53 62 45 50 39 43 25 16 24 7 52 18 32 60 57 47 10 1 2 41 48 17 51 58 0 5 8 54 12 56 55 49 40 3 61 11 59 63 15 9 4
19 34 45 11 10 29 12 37 46 21 18 53 60 9 8 2 1 20 30 22 14 13 4 0 43 6 44 15 33 51 58 38 25 62 23 16 7 31 42 39 32 41 5 59 52 24 26 17 47 3 54 40 49 55 63 56 61 57 50 48
44 43 50 29 34 41 33 57 48 32 26 25 37 46 19 52 51 18 30 31 22 45 55 53 16 17 54 20 11 4 9 58 49 60 3 15 38 2 23 42 39 0 59 63 61 10 14 6 1 47 56 24 8 62 5 13 40 21 7 12
26 34 42 33 43 18 29 50 32 45 58 40 25 20 54 41 19 59 9 57 11 51 21 37 49 52 61 44 46 16 24 12 3 5 13 14 17 47 53 22 15 48 23 63 38 60 8 7 56 4 6 10 39 55 62 31 2 30 1 0
19 20 21 34 41 12 42 30 22 14 5 18 13 43 23 49 38 6 7 26 4 33 48 25 24 17 50 57 45 54 16 29 40 8 63 32 58 15 31 47 37 59 44 51 46 52 53 56 60 61 55 62 39 11 3 9 10 2 1 0
19 18 44 43 26 29 10 52 30 34 42 20 45 41 33 38 40 25 13 22 16 9 8 48 46 17 61 54 24 49 56 59 57 4 21 12 60 53 62 2 6 11 5 0 23 14 7 37 58 15 55 31 39 32 1 51 3 63 47 50
26 18 37 45 10 38 44 9 39 34 53 62 33 54 61 52 43 42 17 16 19 3 1 11 47 32 63 12 0 2 4 20 49 46 55 60 5 51 24 29 8 31 21 22 58 41 59 14 25 50 7 40 23 48 56 57 30 13 6 15
26 34 45 19 18 37 12 20 46 10 33 41 42 43 21 25 48 54 44 52 50 55 16 40 17 59 38 30 3 2 63 14 60 51 29 4 53 22 11 24 39 9 7 56 1 6 58 61 49 13 47 62 15 23 31 8 5 57 32 0
37 29 19 45 38 31 53 61 39 43 51 50 52 34 49 59 30 11 33 25 46 48 10 9 26 18 23 55 44 40 20 13 2 22 6 3 58 21 4 42 32 60 12 5 1 57 17 41 62 24 47 16 14 7 63 8 56 54 15 0
44 45 26 18 10 25 34 43 53 61 33 52 37 41 42 17 48 29 32 2 30 23 60 40 50 24 8 58 62 51 19 9 59 56 54 46 57 20 22 21 11 1 38 13 15 14 0 7 31 3 16 47 39 63 4 49 12 6 5 55
19 20 29 38 37 43 39 34 42 45 33 25 52 54 21 32 41 61 46 49 16 12 51 26 48 44 57 24 18 60 63 10 58 50 59 11 62 30 17 40 9 53 2 8 14 47 4 13 22 56 1 31 3 0 23 7 5 15 6 55
44 43 26 29 45 25 42 51 50 37 19 33 59 60 49 53 38 56 48 40 30 39 47 21 20 18 14 13 62 52 24 54 55 17 9 10 61 16 22 63 4 31 34 7 46 1 6 32 12 3 8 0 2 58 11 23 15 5 57 41
26 20 37 42 43 44 29 17 52 53 50 19 25 38 8 33 30 34 12 11 41 23 46 5 18 16 13 39 10 24 21 1 62 4 31 61 60 51 54 40 58 45 49 0 22 56 9 59 48 32 47 55 14 57 63 15 7 6 2 3
37 43 50 51 34 49 18 29 45 26 19 42 59 38 30 54 46 11 48 47 33 40 55 22 23 9 0 20 4 63 21 14 17 57 41 3 53 16 44 61 2 13 31 15 12 39 32 56 52 24 8 6 62 10 25 1 60 58 5 7
37 29 22 46 19 30 20 43 45 11 31 15 44 52 26 17 60 38 34 53 47 18 62 42 21 55 49 50 41 54 23 61 13 14 25 4 7 40 33 24 16 9 2 6 58 56 63 48 59 57 8 12 39 3 10 5 32 0 51 1
37 45 44 43 50 30 26 20 46 54 63 51 53 47 29 17 58 60 13 21 42 49 33 61 22 19 31 12 34 41 8 23 52 59 4 57 10 18 40 2 55 24 9 5 32 38 14 15 16 39 7 25 6 1 48 56 0 62 11 3
37 43 42 29 44 51 34 52 19 18 58 20 60 45 21 59 13 41 49 61 62 6 40 22 33 48 12 5 26 24 23 50 30 38 10 31 32 9 57 1 47 56 16 46 53 63 11 3 17 25 2 54 8 15 4 14 55 0 39 7
26 18 10 29 30 9 43 51 44 31 42 45 20 2 54 33 0 16 40 34 19 13 22 32 38 25 17 47 58 63 41 14 15 52 37 48 11 4 60 46 6 49 39 8 3 61 62 21 5 53 55 12 59 50 56 57 1 7 23 24
44 43 50 29 18 52 22 51 59 30 53 57 20 14 41 45 15 26 54 46 13 60 61 63 38 10 37 31 21 4 9 49 19 8 34 12 5 33 3 39 25 17 42 7 62 58 1 2 48 11 47 0 23 32 40 56 16 6 55 24
19 18 37 11 9 25 3 4 17 2 33 16 1 34 41 49 48 20 50 45 10 57 13 29 44 8 54 43 30 46 0 22 14 23 42 52 32 26 6 63 55 38 5 12 56 15 21 47 60 59 24 40 62 53 61 39 51 7 58 31
44 45 19 18 17 43 52 21 37 38 31 51 42 9 60 20 12 49 34 53 11 16 25 4 5 6 30 33 61 26 8 39 41 48 10 0 40 24 29 59 3 32 1 13 50 54 14 2 58 7 22 23 57 56 62 63 15 46 47 55
19 18 44 45 17 34 54 20 33 41 26 25 48 12 4 21 32 53 43 42 52 5 6 46 47 10 2 60 51 63 22 40 3 1 62 59 11 61 29 16 50 58 38 14 13 56 49 30 0 9 55 24 37 39 31 23 8 57 7
44 43 50 51 34 41 26 18 42 59 48 32 58 20 10 52 29 38 37 49 12 13 19 2 57 53 25 21 14 5 1 30 45 11 6 46 61 60 55 17 4 3 39 56 33 54 47 16 62 24 31 7 8 9 15 23 22 63 40 0
37 43 50 29 19 57 21 34 42 22 44 20 25 51 14 53 59 18 41 13 15 7 11 12 4 10 45 6 9 48 33 2 62 26 3 52 1 5 30 38 61 40 39 32 23 8 17 31 46 58 47 49 56 16 60 54 63 55 24 0
37 43 26 17 34 44 50 21 18 25 19 30 16 10 20 33 53 51 29 8 22 11 41 24 45 14 32 49 57 40 1 59 12 62 58 52 13 3 15 56 31 7 9 54 6 4 63 38 46 55 2 47 61 5 48 60 0 23 42 39
26 20 29 18 11 12 19 34 33 17 25 40 10 21 45 37 9 2 5 1 3 13 43 53 38 47 39 42 52 61 24 54 55 31 14 16 32 4 30 15 6 63 7 46 50 51 8 49 59 41 62 23 0 22 44 60 56 48 57 58
44 43 18 29 30 52 51 58 61 42 37 60 50 21 41 62 12 14 20 40 34 59 48 49 32 39 53 33 19 4 23 46 13 45 11 25 54 26 17 9 47 22 3 57 56 5 6 31 24 55 16 2 63 8 38 10 0 7 15 1
44 45 37 29 54 34 21 52 18 26 60 30 23 9 0 43 25 46 20 42 53 16 55 22 41 19 12 17 8 31 33 4 24 49 57 61 50 63 5 59 15 48 11 3 32 10 38 58 13 14 47 56 2 40 6 39 62 1 51 7
44 45 37 29 46 51 53 52 21 62 43 39 61 42 38 22 49 26 54 20 12 19 60 41 14 63 34 57 25 7 48 33 15 17 8 31 24 9 16 23 2 1 40 50 11 4 10 3 59 30 47 58 5 18 6 0 13 32 56 55
26 20 21 18 10 25 34 22 16 33 40 9 14 24 43 29 13 7 0 32 31 51 52 11 15 19 50 41 12 42 48 44 38 2 30 49 37 39 1 58 47 4 45 17 3 53 56 6 54 60 8 63 55 46 23 5 62 57 59 61
37 45 26 34 41 19 44 48 46 33 10 29 32 25 18 55 30 20 40 2 17 31 49 51 52 11 13 24 58 50 12 21 22 42 9 6 8 60 39 1 56 15 47 43 53 23 16 14 0 5 4 54 63 59 38 62 3 61 57 7
44 45 37 43 34 20 13 30 38 18 51 50 46 54 55 6 39 29 49 25 22 58 26 40 24 31 59 16 9 23 63 32 41 17 42 2 15 47 56 61 21 10 57 7 0 11 62 12 8 1 53 14 60 33 3 48 19 4 5 52
19 34 42 50 41 40 48 18 37 11 58 46 38 49 54 33 26 45 52 59 56 17 20 13 9 51 6 10 32 53 29 44 2 12 25 57 62 55 61 0 1 22 60 4 43 47 63 24 31 16 8 39 30 3 21 14 15 5 23 7
37 43 26 29 30 19 44 33 11 3 10 38 17 12 13 23 45 22 25 1 42 14 31 54 40 18 15 51 20 34 6 8 5 39 58 59 16 53 62 4 21 32 0 52 61 7 2 9 47 63 55 46 41 50 24 57 49 48 56 60
37 29 20 43 26 11 45 25 50 53 12 21 54 63 44 57 17 42 38 39 41 51 47 4 58 33 24 55 60 59 34 8 18 16 9 22 61 48 32 30 2 0 15 46 13 5 1 52 62 10 6 14 19 49 3 7 40 23 56 31
26 34 43 20 25 41 33 51 37 24 16 42 19 38 40 29 21 11 60 59 39 49 18 47 32 46 56 10 52 44 58 14 3 13 50 31 6 2 15 4 53 5 45 23 12 7 55 48 9 17 30 1 0 62 61 54 57 8 63 22
37 43 50 38 46 29 21 14 34 51 26 22 44 49 57 45 30 23 41 19 20 47 54 55 18 10 31 62 2 39 53 48 11 3 4 32 13 6 15 60 59 33 63 58 52 61 5 1 12 25 40 17 42 24 9 56 16 7 8 0
19 20 29 18 26 37 9 21 11 17 12 42 22 13 25 4 46 34 5 10 43 16 3 14 15 30 33 51 59 1 31 2 24 38 49 7 39 54 45 50 0 52 63 47 57 44 41 23 6 56 60 58 53 40 8 55 61 62 32 48
19 34 41 11 20 37 43 12 38 46 29 39 2 44 13 18 21 26 17 33 47 55 52 5 6 48 14 3 4 50 45 61 32 31 49 22 10 9 60 42 59 57 62 25 56 53 40 51 30 7 8 24 16 15 54 23 58 1 0
26 20 29 34 11 12 13 17 25 22 9 6 44 43 37 16 33 24 38 10 15 40 21 47 5 42 41 51 7 18 32 2 4 19 52 45 1 60 39 3 30 23 61 59 14 48 46 0 50 55 31 54 62 57 56 63 8 49 53 58
37 43 42 41 50 45 32 34 29 52 18 19 10 58 20 21 38 40 48 25 44 1 14 9 33 13 46 55 12 53 17 5 3 7 30 49 60 4 59 51 22 26 56 57 61 54 39 15 16 62 2 47 0 11 23 8 63 31 6 24
44 29 21 13 19 26 33 10 20 45 1 43 22 12 3 23 37 18 34 4 51 52 46 59 42 53 38 49 9 2 15 30 60 32 17 55 31 8 56 50 40 54 47 48 25 11 6 0 62 63 16 41 24 5 61 7 57 58 14 39
37 29 20 45 26 11 38 47 30 22 39 43 51 46 31 23 54 21 15 61 63 13 6 52 2 19 12 53 55 3 14 44 59 60 5 42 4 58 50 34 33 25 41 10 1 32 48 24 40 49 57 7 62 56 16 0 17 8 18 9
26 18 37 29 20 45 46 43 42 12 19 38 54 10 13 25 34 55 21 62 31 30 16 41 39 5 23 47 9 17 1 44 22 33 50 0 51 14 24 8 3 4 32 53 52 59 6 58 49 60 11 57 48 40 56 2 61 7 63 15
37 29 18 26 21 9 25 32 0 30 20 43 24 14 38 19 10 45 46 11 22 8 42 16 2 12 4 33 44 54 7 53 34 6 40 49 63 5 58 51 47 3 17 39 1 55 62 61 15 52 50 48 23 31 13 41 60 59 57 56
19 20 29 22 13 4 44 34 30 11 18 52 45 46 33 17 12 38 10 3 21 26 14 41 37 5 15 40 55 7 39 47 42 31 24 63 6 32 51 50 8 43 48 16 61 60 1 9 58 23 25 62 54 57 2 0 59 56 49 53
44 29 18 52 53 26 34 41 30 20 12 4 45 38 46 25 21 11 19 54 60 51 5 37 17 31 39 14 32 6 2 47 22 10 62 33 49 42 59 56 58 63 57 50 55 15 43 61 7 3 23 24 8 48 40 9 16 0 1 13
44 45 26 18 19 34 9 12 25 21 46 0 5 52 29 11 13 38 60 24 31 53 42 30 37 54 47 50 61 39 3 59 22 4 17 23 41 33 40 6 20 32 48 16 15 43 58 56 2 55 8 63 10 14 7 51 49 1 62 57
19 18 37 11 26 33 17 34 20 25 9 43 24 8 32 16 50 2 0 29 42 46 21 10 3 57 58 14 1 59 44 41 22 4 7 38 47 15 40 30 55 6 23 12 13 31 39 48 5 49 51 45 56 54 62 52 53 60 61 63
26 34 43 52 37 20 42 45 13 38 44 33 30 29 22 51 39 15 32 12 19 18 11 21 9 0 60 2 17 5 4 59 25 61 23 3 54 41 48 14 58 40 10 63 53 24 62 46 47 57 31 55 6 56 1 50 8 16 49 7
26 20 13 34 43 18 37 6 9 46 42 49 12 33 55 17 16 38 45 11 29 8 47 24 2 21 41 39 30 0 5 63 25 19 10 14 4 54 52 22 31 44 23 51 7 53 62 61 60 59 57 1 40 56 58 15 50 3 32 48
19 18 26 34 45 12 10 29 43 52 22 54 17 25 63 44 59 2 37 8 24 20 9 15 41 42 11 16 13 14 6 60 61 38 4 5 51 58 39 40 30 46 3 31 0 62 55 47 49 21 1 33 53 7 32 50 23 57 48 56
26 20 21 18 37 45 44 25 19 43 24 30 54 63 38 29 22 12 52 14 13 34 6 11 33 31 9 17 51 7 8 40 2 32 10 42 15 59 50 5 48 0 61 23 60 46 1 41 39 58 3 62 49 47 53 57 55 4 56 16
44 29 19 43 21 20 13 42 26 18 51 59 17 10 12 34 58 24 60 22 33 11 8 16 31 3 37 49 50 6 40 45 30 41 32 23 46 38 39 48 56 53 4 25 54 15 14 52 9 55 2 57 47 61 62 1 63 5 7 0
37 29 19 45 46 26 22 21 54 55 17 10 12 25 3 1 20 63 33 43 44 24 42 15 38 53 47 41 40 13 34 30 16 50 51 8 61 49 14 23 57 18 58 11 9 59 39 56 60 0 4 62 6 7 48 31 52 2 32 5
19 34 45 37 42 53 46 29 44 50 61 21 13 62 43 38 26 54 20 10 63 12 18 17 5 14 52 60 30 39 23 31 47 22 16 11 4 6 58 3 1 55 59 24 15 8 9 49 40 56 25 32 0 41 33 7 2 57 48 51
44 45 19 52 54 38 53 55 63 26 42 46 25 17 34 18 37 33 30 29 10 11 32 41 60 1 50 39 47 21 8 62 51 59 4 61 9 48 58 49 13 20 23 0 24 5 14 16 56 43 40 2 31 3 57 22 12 7 15 6
19 20 29 18 44 45 46 52 9 37 43 26 59 53 21 60 25 51 38 11 62 47 50 17 10 0 3 42 31 13 22 54 33 24 4 2 58 5 41 40 39 49 61 30 48 12 32 14 63 57 7 15 55 56 1 6 23 16 8 34
44 43 34 41 26 45 51 52 50 17 37 21 20 19 12 4 46 55 60 54 25 57 11 24 49 42 63 59 14 62 13 53 39 61 40 3 58 6 18 10 5 47 56 33 32 29 38 48 2 9 0 7 8 30 22 1 16 15 31 23
37 45 53 34 26 38 29 54 41 22 43 25 18 50 32 33 39 17 21 20 13 19 11 52 51 30 31 12 49 5 63 24 16 10 4 46 44 57 6 14 47 42 62 9 61 59 0 55 3 2 60 7 56 8 48 23 58 40 15 1
37 43 18 21 34 25 29 19 33 46 11 10 51 30 32 42 41 17 38 59 22 12 9 45 20 14 53 60 39 44 50 26 6 40 62 7 58 47 24 5 3 57 49 48 52 16 13 54 61 23 8 2 56 31 0 1 4 15 55 63
37 45 44 43 18 21 34 9 53 25 20 54 26 12 42 52 51 38 33 32 61 49 46 55 63 62 50 41 10 59 0 17 16 60 57 24 13 8 40 3 22 19 4 1 11 30 2 58 47 23 14 56 5 29 48 39 31 6 15 7
26 20 21 18 19 12 3 25 37 29 9 11 13 4 22 44 17 0 42 43 51 34 16 50 49 23 41 59 58 45 31 24 38 2 15 10 5 56 8 39 40 32 57 7 46 54 30 52 47 14 61 6 60 63 53 48 33 62 55 1
44 29 19 42 43 26 17 50 30 21 41 10 20 22 45 53 34 12 5 11 59 46 37 33 1 38 3 18 40 58 39 4 9 48 56 13 57 32 51 8 47 54 14 15 7 2 63 60 62 25 52 61 16 24 55 49 6 0 31 23
44 43 18 37 42 20 29 34 46 30 12 45 38 51 53 62 58 13 50 49 40 52 54 4 22 14 11 60 26 19 15 41 32 21 55 9 47 6 31 59 61 17 0 2 16 25 3 39 10 48 33 23 63 1 5 24 8 7 56 57
37 43 42 29 19 38 51 10 11 50 45 49 34 25 1 20 12 21 18 17 26 4 3 52 39 33 22 46 55 2 57 44 5 15 30 23 48 58 31 47 54 40 24 56 9 14 53 60 62 16 41 32 59 61 6 13 63 0 7 8
26 20 45 25 18 11 21 44 24 19 4 17 10 3 2 54 29 22 43 8 14 37 9 42 13 12 31 23 53 52 63 33 61 34 16 41 51 0 1 39 40 32 5 15 6 7 30 38 50 58 59 49 60 46 48 56 47 57 62 55
26 20 13 25 19 42 37 21 29 30 44 51 49 6 46 12 5 22 53 45 31 38 24 39 52 54 61 23 11 34 50 62 14 17 43 3 4 57 47 55 63 16 2 32 8 0 7 48 33 41 60 59 15 10 40 18 1 58 56 9
44 29 21 45 46 43 42 50 26 18 37 47 58 30 19 34 39 11 22 13 54 53 12 14 20 61 2 3 33 49 60 24 15 23 38 55 63 31 32 7 6 59 4 51 25 52 62 9 0 17 57 5 48 10 1 16 41 8 40 56
37 43 42 45 44 51 53 49 26 46 59 58 52 61 50 17 41 18 19 30 48 12 23 29 38 22 47 54 10 11 24 8 31 20 3 57 25 9 5 32 16 4 62 2 33 55 40 6 0 34 63 39 56 21 1 15 13 14 7 60
19 34 44 37 43 10 11 50 42 52 21 12 26 30 3 20 46 25 17 49 33 16 39 8 24 14 60 38 58 45 48 18 7 2 13 59 1 23 22 57 9 31 4 15 53 32 6 55 47 40 63 5 56 41 51 62 54 29 0 61
37 29 20 11 19 43 10 9 1 38 30 18 8 23 50 45 46 55 26 25 34 0 3 2 54 51 39 42 47 53 63 58 57 52 33 40 12 49 22 5 17 56 44 13 32 4 61 24 14 21 59 31 16 7 6 62 48 15 41 60
44 29 18 43 51 52 53 34 22 19 20 21 41 59 13 62 42 40 49 26 25 6 4 11 12 60 3 24 48 5 32 10 1 14 45 30 2 50 33 17 15 0 37 57 61 7 8 16 9 54 23 39 58 56 38 31 55 63 47 46
26 20 21 18 37 43 50 29 9 38 13 12 30 19 42 33 3 4 5 0 44 52 17 41 47 8 16 11 60 59 49 6 58 51 2 56 22 39 40 55 34 10 23 24 7 14 25 48 57 46 31 61 1 45 63 15 54 53 62 32
44 43 42 45 37 51 60 21 53 38 30 41 39 59 19 46 54 61 40 55 18 49 14 22 31 10 11 26 25 20 58 3 4 12 33 9 29 7 1 52 63 24 8 23 47 5 13 56 50 34 6 32 48 15 62 57 2 0 16 17
37 43 50 51 42 57 60 41 19 21 34 26 14 29 49 12 17 18 40 59 22 32 10 2 25 30 33 56 1 23 9 0 48 5 13 38 24 4 46 61 15 8 11 45 44 31 16 53 62 39 47 20 6 52 58 54 3 7 63 55
26 20 21 34 19 11 18 25 41 29 16 32 10 1 4 22 30 43 51 50 48 39 14 17 52 3 37 5 2 61 59 38 42 13 44 49 47 46 54 31 12 45 15 23 53 62 0 56 57 9 63 58 55 8 24 60 6 7 40 33
26 20 21 18 37 29 30 44 13 31 19 11 12 34 43 50 53 6 23 62 51 38 5 52 10 22 14 4 59 9 41 42 25 48 3 58 33 60 2 24 49 1 32 17 46 56 40 55 54 39 47 7 57 45 15 63 61 8 0 16
44 45 37 29 46 55 20 19 38 21 26 42 34 43 12 13 49 11 50 47 54 53 62 57 4 56 10 60 18 41 63 1 33 51 2 61 48 9 30 25 52 22 16 39 31 5 40 8 3 58 59 17 0 15 14 6 23 32 24 7
19 20 21 18 37 11 26 22 3 45 29 42 53 12 34 33 14 30 38 7 9 10 2 23 5 17 49 50 15 48 16 46 47 43 32 39 44 24 6 8 40 60 52 55 58 51 56 13 1 54 61 62 25 0 31 41 4 57 59 63
26 18 19 34 25 21 29 16 17 8 41 30 45 44 24 33 40 46 42 43 32 50 37 10 14 12 1 2 3 48 55 11 49 47 5 7 20 4 9 58 51 0 31 53 57 63 54 39 52 62 23 60 22 59 61 56 13 15 6 38
