37 29 22 43 50 44 26 19 11 18 52 4 17 30 20 9 0 14 15 38 3 34 13 2 21 5 41 33 40 51 25 32 46 23 59 49 57 55 42 24 10 1 54 7 45 56 8 47 12 61 16 58 63 62 6 53 60 39 31 48
44 29 19 42 20 37 38 52 45 30 59 12 22 47 46 54 62 23 11 3 53 15 51 13 34 60 2 33 43 61 4 55 24 26 21 58 50 10 5 31 14 32 1 39 25 7 57 17 18 16 8 0 6 41 49 40 48 9 56 63
26 34 41 19 20 37 43 51 12 33 59 48 42 4 29 10 13 14 45 60 49 46 61 30 31 23 11 25 38 50 54 22 6 5 40 24 1 63 32 3 18 58 21 47 2 62 53 9 16 39 44 52 7 0 17 8 55 15 56 57
26 20 37 46 13 42 44 25 21 51 34 19 50 49 18 14 52 43 59 12 32 45 29 33 30 31 41 38 23 9 22 40 53 17 8 60 10 15 3 0 57 1 7 6 54 4 61 55 39 24 11 63 47 2 16 48 62 58 5 56
37 43 18 21 19 29 51 26 45 44 22 59 33 53 54 11 12 55 3 9 52 23 63 17 20 4 62 40 2 38 16 0 13 6 39 31 25 32 58 1 10 34 14 30 5 7 61 8 47 57 41 24 15 50 49 60 46 48 42 56
44 45 26 18 37 29 22 21 10 9 46 34 13 14 25 30 11 2 33 40 17 5 8 53 23 43 60 38 6 62 52 42 19 12 49 1 24 39 0 31 47 16 20 50 58 57 3 41 32 51 4 15 59 48 54 61 7 63 55 56
19 34 42 20 26 41 37 50 18 21 43 46 58 33 32 12 13 48 24 10 14 15 11 59 60 29 1 2 5 25 22 52 9 16 40 3 44 30 17 0 57 45 53 6 7 54 31 49 47 38 62 39 8 55 4 23 63 51 56 61
37 43 18 21 51 26 14 45 34 50 20 59 44 19 10 7 42 38 39 13 46 1 60 54 22 25 4 31 6 33 17 9 24 5 57 12 30 55 62 32 52 61 2 63 11 15 16 58 29 56 53 23 41 0 8 49 40 48 3 47
44 45 37 43 50 29 20 51 54 19 42 63 59 21 14 22 38 47 11 49 23 18 56 12 39 52 13 46 25 26 30 3 61 17 55 60 4 15 53 31 34 62 2 41 16 48 10 1 40 7 58 24 9 6 8 33 5 57 0 32
26 34 41 21 43 18 14 48 37 38 29 7 19 42 45 30 10 51 13 25 31 39 59 23 32 16 46 50 44 54 40 49 15 52 56 11 47 9 3 12 2 20 22 1 8 33 57 4 60 6 63 0 24 58 55 17 5 61 62 53
19 20 45 10 21 37 11 2 13 44 52 53 38 26 51 46 29 30 18 14 22 50 25 12 31 34 5 24 9 39 33 42 61 62 55 47 63 4 6 8 58 43 32 41 1 15 17 0 23 57 7 59 16 40 49 3 54 60 56 48
44 43 42 51 58 45 46 53 19 37 38 26 25 39 47 21 31 50 49 24 18 10 34 54 60 62 30 52 1 12 14 23 59 56 63 61 40 41 11 9 32 48 33 55 0 8 2 57 20 4 16 7 13 5 6 17 3 29 15 22
44 45 19 43 51 50 54 29 42 52 61 26 33 34 53 11 30 20 58 31 18 60 12 24 40 41 49 13 25 10 6 9 3 46 0 63 17 32 37 8 2 16 1 4 22 57 39 15 5 62 48 14 38 21 55 59 23 47 56 7
44 45 19 43 53 61 42 50 58 52 46 39 62 60 47 26 29 21 17 63 13 55 37 41 49 20 54 56 32 18 11 8 51 12 4 14 10 1 40 30 34 59 22 5 23 31 7 15 38 2 9 57 25 3 6 24 16 48 0 33
44 45 46 34 42 43 26 18 20 47 37 17 53 21 8 50 55 62 57 58 61 54 22 38 25 60 11 13 52 56 19 59 41 24 30 9 39 12 29 10 4 51 33 6 1 48 2 31 23 0 14 63 16 49 40 3 32 7 15 5
37 43 50 29 19 26 21 51 34 11 18 49 59 33 25 46 12 14 55 45 3 9 40 24 32 5 22 52 44 20 38 47 17 23 53 60 62 54 1 42 30 4 7 63 57 8 10 41 13 58 56 0 48 2 31 61 16 6 15 39
26 20 13 18 37 45 34 12 11 6 10 29 30 23 43 38 39 50 53 19 14 46 47 22 44 3 31 9 42 55 17 15 1 33 24 2 25 41 54 0 8 61 40 32 16 49 57 56 63 51 60 21 52 48 5 4 7 58 62 59
26 20 29 18 44 30 22 14 21 34 39 37 6 51 52 23 38 7 17 45 12 59 53 16 9 54 41 31 8 2 10 47 61 19 60 5 58 3 15 43 46 50 25 33 55 32 1 24 40 63 49 0 13 48 11 42 62 4 56 57
19 18 26 34 41 29 37 42 20 44 43 12 30 23 10 33 45 38 4 52 51 13 24 40 50 5 32 17 6 1 25 16 2 59 8 21 31 22 0 11 48 14 61 49 58 53 39 46 15 57 55 47 9 63 56 3 62 60 54 7
26 18 19 34 25 21 29 37 44 32 14 43 10 45 54 17 52 12 51 61 11 46 38 30 60 7 62 20 9 58 59 4 3 42 16 31 5 55 33 49 57 0 23 2 40 50 22 56 8 13 53 6 39 24 15 41 48 47 1 63
19 34 44 21 29 11 33 43 18 37 26 51 4 42 12 3 20 10 38 45 22 15 2 14 52 41 59 61 23 54 49 48 63 53 6 32 24 5 60 58 50 40 17 25 57 16 62 9 0 7 13 46 30 56 8 1 55 47 31 39
44 45 19 18 37 43 42 11 3 4 46 54 17 38 55 41 52 61 60 25 39 9 62 2 51 21 53 63 40 29 16 30 26 34 0 59 47 31 33 8 14 48 22 12 13 5 56 1 49 15 23 10 20 24 50 32 58 57 7 6
19 18 26 34 33 32 45 37 9 0 43 10 29 46 2 30 38 39 22 14 20 21 15 44 16 17 42 3 54 8 11 24 51 50 49 47 40 56 4 59 6 58 25 23 13 63 52 60 62 53 31 12 55 61 1 48 5 41 57 7
37 43 42 41 51 45 49 44 53 57 40 33 58 59 60 56 34 26 24 30 17 29 21 18 19 38 47 10 31 32 12 54 50 62 46 16 2 14 61 25 20 52 8 9 22 11 6 23 13 55 1 15 7 3 63 39 0 48 5 4
44 45 37 29 22 21 14 43 50 7 26 30 31 18 53 25 6 15 12 38 19 20 9 0 11 61 24 10 47 57 42 13 5 17 39 46 52 54 33 41 60 3 62 4 49 63 2 51 1 34 55 23 59 32 58 16 56 48 8 40
19 34 43 18 17 9 25 50 37 16 0 1 41 45 44 20 59 52 13 42 51 49 21 32 40 29 30 26 8 14 2 48 38 23 12 54 31 6 24 22 15 11 57 60 10 39 46 7 56 58 33 5 61 53 62 3 4 63 47 55
44 29 18 43 51 42 20 19 30 21 12 13 11 10 5 45 9 58 54 14 59 60 7 3 34 17 26 25 1 15 4 2 32 22 6 8 33 41 23 46 49 56 57 40 48 63 61 39 53 0 52 62 50 24 38 37 47 31 55 16
37 29 22 44 26 34 33 20 21 23 15 41 52 30 18 38 12 11 42 43 13 3 47 46 4 7 2 60 53 19 45 55 54 24 10 31 14 61 63 9 32 62 40 39 1 25 8 49 16 0 50 57 6 17 51 59 58 56 48 5
26 34 45 18 41 33 25 20 9 32 42 37 43 50 29 0 12 54 40 21 44 11 63 49 24 52 53 3 38 47 19 48 4 10 2 13 59 16 1 60 31 39 5 55 61 14 17 62 46 23 56 30 15 57 22 7 8 6 51 58
37 45 26 20 53 25 18 44 13 54 17 11 55 12 29 6 4 16 22 63 32 21 43 52 9 8 14 24 42 30 60 40 38 2 62 61 19 10 7 15 39 50 33 47 31 5 58 3 34 46 1 23 0 49 48 41 59 51 56 57
37 43 26 21 34 46 51 42 29 59 50 33 45 20 40 58 14 25 49 44 57 13 18 56 6 19 30 10 60 52 53 62 47 61 2 1 0 5 12 22 31 17 32 54 9 55 63 4 48 7 11 23 15 16 41 39 24 3 38 8
19 20 13 42 45 44 52 21 22 37 43 18 49 56 34 26 17 12 4 29 33 53 41 59 61 30 23 5 38 11 2 54 47 39 6 9 16 10 57 40 51 31 3 55 50 58 48 32 24 14 46 15 25 1 7 63 0 60 62 8
26 20 37 25 21 29 19 11 13 43 38 14 34 30 2 44 18 47 53 52 15 7 31 33 22 54 62 45 40 12 59 61 17 23 63 3 6 24 4 10 42 46 55 51 39 5 41 9 8 16 50 0 1 48 32 49 60 57 56 58
26 18 44 34 19 12 41 37 11 53 29 45 43 4 61 54 55 30 46 42 9 25 24 38 23 63 22 51 50 17 59 1 33 49 0 10 56 57 13 60 39 31 2 47 8 58 32 20 40 3 14 6 15 48 5 7 21 52 62 16
44 43 26 45 51 20 46 34 19 10 37 38 25 17 12 24 30 53 11 5 9 8 61 23 29 21 1 41 42 18 31 58 4 50 49 56 40 2 60 13 0 32 16 59 57 47 14 7 52 3 6 62 33 39 22 15 48 54 55 63
19 20 21 12 37 34 26 44 3 10 13 25 52 5 18 60 53 29 45 46 24 42 59 11 54 33 22 43 50 32 17 9 8 63 16 30 40 41 61 57 58 15 0 62 2 1 48 49 39 38 56 51 14 6 31 23 55 47 7 4
26 20 21 22 44 52 14 34 42 17 60 7 18 25 8 11 12 49 2 45 38 53 50 33 61 19 56 3 10 1 40 32 5 16 23 54 24 41 47 51 43 55 62 39 46 4 30 37 58 48 29 6 59 63 9 57 31 0 13 15
26 18 19 20 37 34 10 11 9 17 25 46 3 42 38 32 13 39 44 0 8 51 49 29 41 2 33 50 60 40 24 57 12 43 1 16 56 21 58 5 52 59 22 15 45 54 30 23 31 53 55 4 47 63 14 6 7 48 62 61
37 45 44 29 20 11 46 43 42 52 19 34 18 30 50 21 60 53 54 58 26 55 31 17 14 51 41 48 9 33 8 16 32 7 13 12 63 25 40 39 24 1 10 62 56 22 38 23 5 0 6 4 2 15 61 59 47 3 49 57
44 29 19 10 22 30 21 26 20 14 15 23 17 33 13 53 38 6 31 37 18 7 4 11 2 39 46 16 60 3 51 52 42 45 25 61 62 9 43 5 0 50 40 24 58 59 32 8 47 48 56 63 12 55 1 41 49 57 34 54
26 18 10 34 44 25 17 11 33 42 43 32 19 51 49 24 40 16 50 53 60 41 46 45 37 20 29 2 9 62 52 56 8 48 4 12 58 1 0 59 5 39 57 13 55 30 31 23 61 47 14 38 22 3 63 15 21 6 7 54
44 29 18 52 45 43 53 38 30 61 42 22 62 41 60 59 49 20 40 54 58 9 12 51 19 4 46 50 0 17 21 33 34 1 23 15 16 11 25 14 6 13 26 63 2 31 5 24 55 57 48 56 3 32 37 47 39 10 8 7
37 45 53 34 33 43 50 29 20 32 30 13 11 52 59 54 38 22 15 21 6 51 26 5 4 31 44 57 58 17 49 12 60 41 56 3 19 7 48 39 25 61 47 14 9 10 23 24 62 40 18 0 55 63 2 46 16 1 8 42
44 45 46 29 37 42 19 43 49 20 18 41 40 52 13 11 53 54 4 47 38 22 60 56 57 10 61 62 39 30 26 17 34 21 1 2 12 31 14 23 9 5 8 59 3 58 50 51 55 25 6 0 32 7 15 63 48 33 24 16
37 29 22 45 19 20 13 21 53 38 47 26 44 54 30 34 41 42 49 6 4 12 18 31 3 56 50 48 43 58 23 25 63 11 46 62 61 55 40 60 39 33 10 17 32 9 8 14 59 0 5 57 7 52 1 16 51 2 15 24
37 29 18 44 19 38 53 52 39 45 51 59 30 31 47 21 23 43 54 42 34 11 60 46 12 63 20 4 2 10 55 15 49 17 3 26 16 9 25 13 5 62 50 14 61 32 6 33 22 57 1 58 24 8 56 48 40 7 0 41
19 20 45 26 21 43 42 12 25 33 3 5 10 29 40 54 38 13 51 49 41 11 14 4 37 6 7 24 56 50 44 9 1 34 57 58 2 59 22 53 8 39 52 30 61 48 47 46 60 62 16 17 63 32 23 0 55 31 18 15
19 20 29 38 30 34 21 14 43 10 25 42 11 51 1 26 59 37 45 2 22 9 46 31 41 12 6 13 3 52 23 48 16 55 54 15 4 24 44 62 17 18 53 58 5 49 47 0 33 39 50 8 40 57 63 7 56 60 61 32
37 45 19 38 46 29 44 53 30 31 61 26 23 42 22 55 17 54 47 25 20 34 24 8 39 16 43 51 59 12 11 62 60 32 63 21 3 13 18 4 41 48 9 58 52 15 33 2 6 5 57 10 14 40 7 50 49 0 1 56
19 34 41 11 42 37 3 49 46 38 44 10 50 52 30 18 43 33 1 26 25 12 29 59 58 57 56 23 20 2 48 45 40 51 31 16 53 54 17 22 13 39 47 14 60 55 15 0 62 61 63 21 9 8 24 32 7 6 4 5
37 45 44 43 26 19 18 33 20 11 50 29 54 17 38 57 2 22 34 46 9 1 51 31 53 52 15 61 49 13 6 25 21 59 8 10 32 3 30 48 14 39 60 5 4 55 58 7 41 12 0 23 62 42 40 63 47 16 56 24
37 43 34 41 50 51 33 59 19 20 57 11 49 46 52 48 32 42 13 45 53 54 60 21 29 5 3 2 12 4 10 18 44 26 56 61 55 63 25 16 14 23 9 0 40 47 22 6 8 30 39 31 24 1 7 15 38 17 62 58
26 18 10 25 44 11 24 32 40 45 4 29 19 34 20 53 30 37 43 1 2 31 22 14 12 21 39 17 52 60 15 3 38 51 9 42 0 13 23 8 54 46 5 33 49 62 16 6 7 41 47 55 61 57 63 50 56 48 58 59
37 43 34 41 18 29 44 45 48 19 50 33 11 52 53 3 54 55 26 25 59 51 62 61 32 40 30 46 42 57 47 63 9 39 17 21 38 56 23 24 16 1 0 22 31 15 58 49 13 12 60 20 4 8 10 14 5 6 2 7
19 20 37 44 53 42 12 62 51 60 34 21 58 33 32 46 22 52 50 14 29 4 38 47 7 23 15 24 54 41 5 11 30 39 10 18 49 31 55 45 9 48 59 43 56 0 40 6 25 57 17 1 26 16 3 2 13 63 8 61
19 20 13 12 45 6 4 34 26 37 29 54 63 18 10 2 33 46 11 62 61 41 55 3 53 5 49 44 21 25 52 60 59 22 14 30 31 7 15 39 38 47 9 23 24 17 1 8 16 57 40 43 0 32 48 56 42 50 51 58
37 43 42 45 19 20 29 41 49 18 11 4 51 21 3 56 17 34 5 10 40 24 14 33 22 12 58 7 13 9 2 6 16 59 32 31 15 8 46 55 52 48 1 0 26 57 60 50 53 30 23 25 38 54 62 61 39 47 44 63
19 18 44 43 9 53 52 45 51 42 38 21 54 29 37 62 61 47 31 30 34 20 23 50 11 26 22 60 33 10 57 32 49 13 24 12 58 56 3 0 2 15 14 55 7 1 63 41 8 40 59 17 39 4 48 46 25 16 5 6
19 20 13 10 45 12 21 14 11 30 5 37 29 22 15 42 34 41 18 44 9 54 38 1 51 3 52 46 4 43 2 17 25 58 24 6 7 32 23 33 0 31 59 60 55 50 48 49 40 26 62 8 53 47 39 61 16 63 56 57
19 34 42 50 44 37 46 53 49 48 56 30 62 18 33 41 51 25 38 20 26 45 10 61 24 17 16 1 43 59 9 8 22 39 11 14 52 3 4 21 12 54 29 58 47 55 0 63 23 5 57 60 40 13 32 2 7 15 6 31
19 20 13 42 43 10 41 34 26 12 29 49 11 44 57 3 9 4 45 30 21 25 16 24 31 37 46 38 39 5 6 56 17 40 50 18 33 58 32 54 22 2 1 48 53 47 63 0 55 61 51 8 52 15 23 59 7 62 60 14
37 43 26 21 51 46 14 19 11 7 29 34 55 20 44 50 33 2 52 32 49 38 12 58 30 4 40 22 45 48 13 17 6 60 42 5 56 39 59 41 31 61 18 54 63 62 24 25 47 53 16 10 23 57 3 9 0 1 8 15
19 18 37 20 10 44 51 42 34 26 33 50 58 25 32 52 53 12 45 43 17 60 13 14 6 9 11 49 41 62 59 54 1 30 22 40 63 5 57 24 61 15 16 29 23 31 21 56 4 38 48 46 7 8 39 55 47 2 3 0
37 29 22 30 19 43 38 20 11 39 21 14 50 10 7 3 23 42 2 6 44 58 18 12 49 9 51 17 26 53 4 56 34 46 5 45 54 63 8 0 16 57 61 62 52 31 60 59 55 25 47 33 24 1 41 40 32 13 48 15
19 20 45 44 21 46 53 60 47 39 61 18 17 9 26 54 55 25 0 62 32 33 31 12 29 1 16 11 52 8 43 24 13 22 38 30 37 50 4 5 57 34 51 10 41 42 2 48 58 3 63 49 15 40 6 23 59 7 56 14
37 45 44 29 18 51 30 23 38 9 26 17 22 39 53 21 13 54 58 52 43 50 19 11 31 20 34 42 2 5 47 4 61 63 49 12 14 41 32 46 10 3 6 48 8 7 40 25 60 55 59 1 56 62 16 57 15 33 0 24
37 29 18 46 38 44 51 9 21 20 12 30 34 11 22 52 10 23 60 26 55 2 39 45 17 54 19 33 0 13 31 24 16 25 42 43 41 48 1 59 62 61 40 3 15 53 50 58 56 63 4 49 8 6 14 7 57 5 32 47
19 18 26 20 37 42 13 33 43 12 29 46 41 49 34 44 51 6 9 59 32 30 21 14 57 56 52 10 17 24 4 8 25 40 31 11 3 45 2 23 55 47 0 5 22 38 54 1 16 61 7 58 50 53 60 39 62 15 48 63
19 34 45 37 41 10 38 44 53 39 30 52 46 60 62 54 20 26 18 17 2 1 25 21 59 58 22 33 8 23 32 14 0 9 3 43 51 12 5 48 42 11 50 40 55 31 24 47 13 4 16 57 15 6 29 63 7 61 49 56
19 20 13 10 18 12 2 42 43 17 45 44 26 1 21 37 38 34 11 39 50 57 53 61 62 33 51 5 4 59 0 3 41 14 22 40 29 25 6 23 47 52 49 54 48 30 31 15 24 58 60 46 56 16 55 32 7 9 8 63
37 43 18 21 50 19 11 26 17 3 20 25 24 42 2 34 9 12 29 13 49 8 22 44 51 33 14 59 52 1 41 57 16 32 40 4 48 45 0 38 61 31 5 60 30 53 46 15 7 47 54 6 58 39 23 56 55 10 63 62
26 18 37 34 19 20 12 45 10 21 53 4 33 40 11 2 14 30 25 41 23 16 5 13 44 43 3 38 22 62 48 7 24 39 15 32 52 51 61 6 8 60 58 59 17 46 50 9 29 31 0 57 54 47 55 63 42 49 1 56
26 18 19 34 25 32 9 21 41 17 37 12 10 43 50 59 33 29 52 20 22 1 24 11 8 61 5 14 23 4 13 45 44 6 49 57 51 46 42 30 3 58 31 2 60 16 7 53 54 39 38 47 62 15 55 63 0 40 48 56
44 29 18 26 34 41 30 20 42 38 48 45 12 33 46 19 24 37 17 39 10 53 55 50 49 32 61 9 47 11 1 25 3 57 56 63 40 4 43 22 2 60 58 54 51 21 59 31 23 8 62 14 13 6 16 15 7 0 5 52
44 43 18 21 34 26 17 42 52 41 50 60 45 8 20 13 19 12 40 58 10 29 33 32 16 2 0 24 59 54 51 61 57 56 4 3 6 5 48 37 38 49 63 31 22 15 30 23 1 47 25 11 14 9 53 62 39 46 55 7
19 20 37 44 13 12 21 18 51 26 11 52 33 50 58 22 29 40 17 38 43 5 53 2 3 16 46 45 47 39 23 34 42 10 32 60 54 4 55 57 1 62 14 25 24 63 41 59 48 56 9 0 8 30 31 49 61 15 6 7
37 45 19 38 39 18 52 11 44 43 9 53 4 61 20 12 34 17 21 2 51 46 29 16 25 13 0 30 10 42 22 59 5 15 23 31 49 47 62 14 54 55 58 3 7 6 1 32 50 41 24 57 33 63 60 8 56 48 40 26
26 34 44 18 33 45 25 43 54 32 16 42 19 63 53 24 49 12 55 37 11 61 51 52 38 41 9 4 3 58 17 46 29 0 21 20 60 57 10 8 50 31 40 62 47 22 5 59 56 39 30 2 13 14 7 6 23 48 1 15
37 43 18 29 21 20 50 46 42 34 26 19 45 38 22 51 47 49 13 33 59 30 11 39 25 44 48 53 32 55 54 12 61 52 14 2 60 6 63 62 31 57 23 58 5 17 3 16 24 40 41 56 1 7 10 4 8 9 0 15
19 34 41 18 37 29 22 46 45 10 20 43 55 25 9 26 50 30 33 12 5 4 21 13 39 6 1 31 23 52 17 16 42 53 61 48 8 54 47 15 49 2 14 7 11 38 3 58 59 56 44 0 24 63 51 60 62 32 40 57
19 34 41 33 43 49 45 52 50 59 25 38 32 18 29 30 11 9 37 44 31 22 39 47 48 16 0 4 57 23 53 61 54 51 42 63 26 40 17 21 15 2 10 1 60 24 14 58 56 7 20 6 3 12 62 55 46 13 5 8
26 18 19 20 21 33 11 2 44 43 25 22 3 52 41 32 17 50 23 12 37 30 60 4 51 16 46 53 59 34 40 45 61 62 24 54 63 47 10 58 5 13 42 49 14 48 1 38 55 8 31 39 9 7 56 15 0 29 6 57
19 34 41 21 43 18 17 42 37 26 33 9 51 50 59 20 1 8 25 46 22 58 38 10 57 12 29 39 44 13 4 49 45 6 0 31 56 5 24 52 7 30 47 32 2 55 14 11 61 15 48 16 40 60 23 62 53 54 3 63
37 29 19 43 21 20 45 11 2 3 50 22 4 51 10 30 13 18 23 31 52 12 26 5 34 54 6 42 33 59 14 32 44 1 41 49 17 38 47 46 58 60 55 7 25 53 63 57 61 9 48 40 8 24 15 16 39 56 0 62
44 43 42 51 34 25 58 45 26 20 29 41 19 22 50 11 15 37 53 38 24 57 52 60 13 61 54 21 56 33 31 23 2 12 40 39 59 3 4 6 30 47 5 48 63 7 10 49 32 55 46 16 8 1 14 18 9 17 0 62
26 18 44 29 9 52 30 17 60 53 46 31 8 0 20 43 1 62 38 12 10 54 55 61 37 59 19 11 5 21 22 39 34 33 51 3 42 16 32 50 49 15 23 45 7 56 13 4 6 24 48 14 47 40 41 2 25 57 58 63
26 20 37 44 53 38 30 46 54 42 34 25 12 41 49 50 51 62 48 43 52 19 33 11 17 13 6 60 29 22 47 40 14 24 18 59 57 16 2 56 32 10 9 4 45 15 5 31 3 61 23 0 55 39 21 7 8 58 63 1
19 18 37 11 3 20 13 21 9 42 29 14 43 44 49 22 30 56 50 38 31 51 15 12 59 60 53 39 23 46 54 45 10 58 4 17 47 63 41 0 16 34 57 52 62 40 26 7 8 1 33 32 5 25 48 24 2 55 61 6
44 29 21 13 14 15 7 43 26 34 12 53 51 50 37 18 62 19 23 46 49 59 39 55 58 60 9 52 61 0 17 48 57 16 33 54 42 5 40 41 10 3 47 25 45 32 2 63 30 11 4 38 22 56 31 6 24 1 20 8
26 18 19 20 9 0 29 37 10 34 8 17 46 12 25 22 30 2 1 38 43 16 24 32 13 55 5 44 52 61 39 53 15 45 41 50 21 33 48 42 51 40 58 14 60 4 54 56 23 3 62 6 47 31 63 49 11 57 7 59
19 18 44 29 37 20 10 45 26 51 30 17 25 21 11 3 8 33 34 32 53 61 12 24 40 43 42 4 46 22 1 39 5 13 58 54 15 9 16 31 63 6 47 49 50 52 14 2 57 0 41 48 59 55 62 60 56 23 7 38
37 45 53 20 18 34 12 38 44 9 46 54 47 29 26 43 31 52 30 13 59 51 10 22 23 17 61 4 19 60 0 58 5 1 11 42 55 21 50 3 33 25 8 32 14 62 41 63 2 40 48 15 49 57 7 39 24 56 6 16
44 43 50 37 42 52 26 18 60 29 20 34 46 61 22 30 9 58 62 15 31 10 57 45 53 8 0 38 14 54 2 12 51 23 7 49 11 39 56 33 55 13 4 21 19 40 17 6 5 59 47 25 48 63 16 41 32 3 1 24
19 20 45 44 37 18 43 46 21 22 10 42 51 2 49 41 29 56 54 34 33 62 17 30 40 58 14 48 31 50 52 6 7 9 15 32 0 26 1 60 53 38 55 63 25 16 5 13 24 12 23 11 59 8 61 47 57 39 3 4
44 29 18 26 20 43 17 13 51 34 42 41 22 59 11 15 60 45 58 21 19 16 54 37 6 63 53 14 8 3 7 52 10 4 24 30 61 2 1 50 31 23 40 12 5 9 0 49 38 46 25 48 57 47 33 32 62 39 56 55
37 29 20 45 19 11 38 43 42 47 26 46 13 25 2 21 14 6 12 3 17 22 24 5 4 34 18 1 30 49 44 10 52 39 53 8 15 54 56 41 16 9 23 60 62 63 59 31 33 58 50 61 7 57 0 55 48 40 51 32
19 20 13 12 37 6 5 18 21 46 7 14 9 3 15 43 29 44 50 51 4 45 53 30 39 54 11 38 63 62 60 47 34 25 52 0 2 57 26 59 23 22 58 10 17 1 56 33 49 8 32 40 31 42 16 61 41 48 55 24
19 18 17 9 26 16 37 44 43 29 20 30 25 50 11 10 38 12 5 45 52 54 57 33 0 34 8 47 46 59 13 2 31 22 62 14 15 61 40 1 39 53 24 55 63 32 3 51 42 6 60 41 49 48 7 21 56 4 58 23
44 29 19 52 37 30 60 43 23 34 51 26 25 20 12
37 45 26 20 13 34 53 12 11 46 29 19 42 22 31 33 18 3 39 49 21 9 50 55 38 6 47 54 48 4 17 30 52 56 5 15 63 61 0 43 51 10 25 14 1 40 41 57 23 7 59 32 2 62 16 24 44 60 58 8
26 34 45 37 42 33 29 51 32 24 49 38 46 22 30 54 44 40 60 25 15 50 63 48 21 62 61 19 18 9 20 43 10 11 12 5 47 52 16 14 58 53 3 57 56 2 41 39 0 17 7 4 59 23 1 8 55 13 6 31
44 45 46 43 42 20 21 29 37 30 12 11 31 54 19 47 2 38 62 22 13 55 52 39 63 18 25 5 34 17 10 49 16 53 60 41 40 48 14 59 51 50 33 9 56 6 15 3 0 4 57 61 32 1 23 26 58 24 7 8
26 34 41 18 20 19 17 21 22 25 44 48 33 45 46 43 51 13 49 52 61 59 53 23 42 38 12 37 54 55 14 6 47 9 1 62 39 60 10 31 7 11 5 24 63 30 3 57 40 29 56 16 58 4 8 2 50 15 0 32
19 18 44 29 21 20 10 22 12 2 30 13 11 37 6 3 4 38 47 52 15 23 9 1 60 51 39 14 17 43 34 31 45 25 7 41 5 61 42 54 40 46 53 55 16 59 62 48 63 49 0 26 58 56 33 24 32 50 57 8
26 34 41 18 37 29 9 44 19 0 53 42 21 30 20 22 10 51 46 11 1 43 49 38 39 62 15 40 60 57 8 33 32 16 14 55 31 25 45 47 54 6 58 24 3 12 17 59 5 13 50 23 7 52 48 2 61 4 63 56
44 29 21 13 22 42 20 45 46 15 18 11 23 34 5 54 12 53 38 14 6 31 4 30 49 3 2 47 41 56 50 33 32 51 62 9 0 10 60 43 25 52 37 19 48 16 17 59 26 24 61 1 8 55 40 7 39 58 57 63
37 43 18 21 50 46 34 33 25 19 11 10 29 12 38 26 4 17 1 9 16 39 14 30 55 8 5 20 40 13 3 32 2 54 31 57 45 53 24 0 47 23 60 15 44 61 52 6 41 59 22 48 49 63 51 42 62 56 58
44 43 26 45 51 20 29 34 46 30 25 50 49 16 22 38 33 14 17 52 6 32 37 59 53 15 18 39 19 12 10 62 61 31 5 8 41 54 63 11 47 2 42 4 3 60 23 40 48 13 24 7 58 9 21 55 1 57 0 56
37 43 34 41 50 29 21 52 26 18 48 42 49 19 20 58 9 14 13 46 25 32 57 17 59 5 61 16 38 39 40 22 30 51 45 54 10 53 23 31 24 2 7 33 44 15 62 11 4 12 47 55 60 3 1 8 63 0 6 56
44 43 34 45 52 29 18 50 46 42 41 26 17 51 49 59 25 9 11 60 1 16 20 47 53 19 21 57 32 10 33 61 62 37 39 54 58 63 22 15 30 2 23 55 12 4 38 14 8 31 5 40 0 13 6 7 56 24 48 3
19 20 21 12 45 22 4 18 26 44 53 25 23 34 9 37 41 51 52 61 24 33 58 49 32 50 48 10 57 5 59 17 2 3 30 14 54 8 6 46 38 42 29 7 11 40 1 62 43 60 15 16 0 31 39 56 13 47 55 63
19 18 17 34 45 21 41 11 4 37 20 10 29 9 43 25 13 22 8 2 12 16 23 52 51 54 61 59 33 46 26 3 63 32 40 5 44 0 6 48 42 50 30 14 24 39 1 62 60 7 49 53 58 15 57 38 56 31 47 55
37 45 19 20 13 18 17 38 39 10 52 54 21 26 11 29 44 3 53 30 34 60 1 46 61 12 31 47 43 41 48 42 59 22 2 62 4 8 24 5 63 51 25 50 49 56 14 57 58 16 55 15 6 7 9 33 0 23 32 40
37 43 42 29 51 34 26 33 22 17 24 40 32 44 45 46 47 30 23 31 8 58 60 16 38 54 62 63 19 61 20 18 10 13 11 21 53 39 12 41 25 59 52 15 48 9 3 49 4 5 6 1 7 14 50 2 55 57 0 56
37 45 53 29 19 20 21 34 41 11 43 14 3 42 22 44 6 26 50 54 49 51 58 61 25 48 52 33 24 17 46 12 32 57 40 10 5 7 30 60 59 15 1 23 63 39 56 62 38 9 13 18 4 2 16 47 55 8 0 31
26 34 42 20 21 18 10 43 13 33 41 19 37 6 11 12 24 2 9 17 14 22 25 4 52 40 7 8 30 49 5 46 57 31 0 38 54 23 16 15 3 32 29 62 1 61 47 51 59 39 45 56 48 58 63 53 50 60 55 44
44 45 37 43 51 53 50 38 42 26 30 29 19 57 54 59 17 11 18 31 62 33 39 8 41 49 58 10 60 47 9 46 25 63 21 16 1 20 55 24 34 52 40 32 12 14 22 0 6 5 23 3 2 15 13 48 56 61 4 7
44 43 50 53 18 51 59 58 45 42 62 29 49 20 60 41 57 26 21 54 19 56 22 10 9 37 25 8 48 40 34 61 33 12 3 13 46 15 17 32 1 4 23 2 6 14 30 31 38 11 5 39 52 63 55 16 24 0 47 7
44 45 37 43 54 63 53 46 34 26 20 12 13 52 61 50 18 30 38 51 47 9 21 39 31 14 7 25 59 19 22 60 62 15 17 29 1 33 23 8 3 10 40 55 6 42 57 24 41 49 11 4 5 58 56 0 32 48 2 16
44 45 26 34 41 17 37 53 61 62 25 38 9 20 39 8 63 46 18 10 43 31 21 47 19 12 54 42 51 14 55 48 23 16 33 49 1 29 52 24 11 2 32 40 13 5 0 59 22 30 58 3 4 6 15 57 7 60 56 50
37 43 34 45 44 29 51 58 22 33 19 52 53 30 46 14 31 26 25 38 61 47 13 62 32 42 15 11 55 59 49 20 63 41 50 40 18 17 2 57 24 3 60 54 21 1 48 5 39 23 8 56 12 6 4 7 0 10 9 16
37 29 18 26 17 25 22 9 24 44 51 33 34 53 43 42 50 58 59 21 10 30 52 45 23 60 62 54 49 39 1 40 31 15 41 0 11 32 63 20 61 38 19 2 3 4 56 12 13 55 57 16 8 46 14 6 5 48 7 47
37 43 42 29 19 38 46 45 44 26 31 54 20 39 53 30 25 18 10 50 62 21 34 23 51 2 13 22 49 57 14 61 33 16 24 58 11 12 4 3 41 48 56 7 1 6 52 9 5 55 15 32 40 63 60 47 0 17 8 59
19 34 43 50 41 18 37 25 20 11 2 48 57 52 42 4 17 38 32 40 46 9 29 24 49 58 39 30 61 16 56 13 22 51 3 45 8 31 59 26 53 10 1 0 12 21 5 14 6 23 44 55 54 62 63 15 7 60 33 47
19 20 21 12 45 10 29 44 37 34 43 54 26 30 23 22 1 31 42 52 51 25 4 13 50 59 46 33 63 5 41 32 18 17 58 2 53 14 8 0 9 47 16 24 15 7 38 57 40 3 11 49 48 39 6 60 61 55 56 62
26 34 44 18 25 16 10 20 32 52 29 17 45 19 59 37 11 21 43 1 38 53 9 8 24 50 62 31 41 33 42 57 14 60 47 13 0 58 22 61 46 51 6 15 23 55 54 3 4 5 56 12 49 40 7 48 63 39 30 2
26 20 13 25 17 42 44 43 24 8 34 21 29 37 9 52 38 14 19 5 7 22 60 61 15 45 4 31 39 30 46 18 23 59 10 16 0 1 51 33 11 50 32 2 6 55 49 48 58 41 57 40 54 47 12 3 63 62 56 53
19 34 41 21 45 37 38 44 14 18 51 20 11 26 12 29 25 24 16 43 33 7 42 10 22 13 3 46 54 60 40 23 2 47 32 9 5 63 15 4 17 48 49 6 0 1 39 57 31 50 58 30 8 59 55 52 61 56 53 62
37 43 42 45 19 38 39 11 52 49 10 61 34 21 20 25 14 29 30 22 12 31 47 55 33 24 56 51 16 26 40 13 32 18 9 3 41 46 59 60 62 0 44 15 58 2 6 53 8 17 7 57 1 5 54 23 4 50 63 48
44 43 42 51 58 21 18 45 52 29 54 60 37 59 30 39 26 20 50 34 14 63 19 41 53 9 55 57 33 13 12 47 23 38 17 11 48 3 10 46 49 24 22 25 0 32 2 5 6 56 40 7 4 61 16 31 62 8 1 15
44 45 37 43 18 20 51 29 12 26 38 21 52 4 19 39 31 42 22 23 3 60 34 10 11 14 25 13 49 41 53 2 33 32 9 40 50 58 17 16 59 62 30 46 61 54 1 0 15 7 48 56 6 5 57 55 47 63 8 24
44 45 37 43 53 29 26 42 18 62 20 38 47 9 61 19 52 34 63 46 17 60 59 31 55 22 1 0 30 13 54 25 12 21 10 4 24 33 11 3 23 39 51 58 2 14 15 49 8 16 32 41 40 50 57 7 5 6 56 48
44 43 42 51 58 37 26 34 46 41 50 38 40 54 29 17 30 31 20 59 21 33 23 13 25 22 45 32 63 48 12 11 6 62 61 18 53 52 47 57 4 5 15 3 16 24 49 60 8 10 56 39 2 7 14 1 55 19 9
44 43 18 21 42 49 26 25 19 52 14 7 45 11 17 54 46 9 12 10 24 13 29 33 60 51 34 47 38 53 32 30 62 40 3 1 59 8 50 61 2 63 16 57 37 4 5 58 15 6 56 23 0 48 55 22 41 39 31 20
26 18 10 43 45 19 12 37 42 9 8 41 49 54 63 57 44 46 56 62 58 29 53 20 51 17 25 16 55 33 21 30 39 2 24 23 11 50 40 34 52 61 3 14 7 32 60 59 48 47 1 4 38 13 22 0 5 31 6 15
44 43 18 37 46 9 26 34 51 29 25 24 17 41 30 52 33 50 53 32 0 23 45 10 11 3 8 4 19 12 60 54 59 38 42 22 5 58 49 48 61 6 47 1 15 55 2 13 31 20 21 14 57 56 39 62 7 16 40 63
37 45 19 34 44 43 53 46 39 62 42 52 59 47 51 31 38 50 60 10 30 61 55 29 21 14 26 20 1 63 22 13 41 33 58 25 5 18 23 2 49 15 17 40 54 12 48 24 3 9 11 57 16 0 8 4 56 6 32 7
37 45 26 29 30 21 14 25 44 34 33 7 13 31 22 52 19 38 47 41 15 6 23 10 39 43 40 55 17 20 12 8 51 11 46 32 5 54 60 16 53 42 63 59 3 4 58 48 9 50 49 2 18 57 0 62 24 61 56 1
37 43 18 21 51 46 29 19 38 26 55 45 34 9 20 59 12 31 10 22 39 47 14 1 53 52 30 61 11 25 54 5 32 2 42 41 3 15 49 44 40 48 60 57 50 16 33 62 63 58 17 23 8 13 56 24 7 4 6 0
37 29 21 43 18 22 23 13 30 19 44 45 50 20 11 42 54 12 52 61 3 46 51 58 41 31 15 47 55 32 5 2 38 25 49 14 10 6 17 7 39 26 53 34 59 4 9 8 16 60 1 62 63 24 40 0 33 56 48 57
19 18 17 43 51 50 44 52 60 61 58 45 37 59 57 9 62 25 26 30 53 34 38 39 24 16 0 29 20 10 31 54 11 3 33 1 47 41 46 21 42 49 13 40 32 55 12 14 5 22 2 23 63 4 15 48 8 7 56 6
37 45 19 38 54 53 46 63 61 34 43 10 62 50 51 59 30 60 44 55 39 23 20 21 29 47 33 26 58 40 22 41 13 52 32 5 6 24 18 12 2 25 57 17 16 56 4 8 9 1 0 31 11 14 3 42 48 49 15 7
26 20 29 22 30 34 42 38 13 33 41 17 43 50 25 40 37 19 9 8 31 14 23 10 39 16 1 21 49 5 7 15 44 12 3 46 47 58 57 48 59 56 32 53 18 60 52 2 51 61 54 4 11 62 55 63 45 24 0 6
37 29 20 11 12 43 44 21 19 18 30 13 10 14 5 22 26 17 15 45 8 9 1 0 3 31 52 42 41 25 32 24 38 7 33 54 53 51 50 6 4 39 23 34 62 61 59 57 63 60 46 47 49 48 58 16 55 2 56 40
26 18 37 34 9 44 42 20 29 22 30 0 15 17 11 13 10 21 53 23 43 50 16 38 12 25 46 4 52 62 39 3 45 14 31 47 1 7 5 55 54 60 19 63 51 6 2 8 33 40 61 24 41 48 57 49 56 32 58 59
44 29 22 45 20 13 26 52 37 34 12 11 18 25 60 30 23 46 38 43 9 47 41 48 32 59 58 16 50 2 24 42 6 57 0 10 54 21 19 39 3 53 56 61 14 7 1 8 55 5 40 15 63 62 51 31 4 17 33 49
44 45 37 43 53 38 29 62 34 22 31 25 52 47 16 41 33 32 46 39 55 17 61 20 11 50 57 54 18 30 21 59 49 4 51 42 15 60 26 13 6 48 10 12 3 19 5 1 56 8 40 9 24 2 58 14 0 63 23 7
44 45 37 43 53 21 34 26 17 54 14 52 51 59 58 41 19 20 42 22 60 46 13 7 48 18 12 49 29 40 47 5 10 50 38 31 33 16 30 55 6 56 39 15 61 4 8 32 9 2 3 62 0 1 57 25 63 11 24 23
37 45 53 20 19 34 18 44 33 26 13 38 52 40 42 50 25 16 29 6 47 60 43 10 11 46 32 41 58 2 49 22 48 17 59 24 8 57 9 39 54 55 51 56 31 61 4 30 62 15 12 0 63 5 14 3 1 23 21 7
44 29 21 43 30 22 37 52 34 25 60 61 26 45 23 13 42 31 53 51 16 59 50 57 5 46 54 47 63 38 49 15 39 62 7 4 55 58 3 20 11 41 12 18 9 10 33 40 14 6 48 56 17 0 19 1 24 8 32 2
19 20 21 12 37 18 10 45 5 29 38 13 26 25 54 4 33 43 44 17 3 34 9 24 42 1 6 50 30 46 52 53 51 55 57 32 47 58 8 23 2 22 49 16 31 48 63 41 11 56 14 0 59 61 60 62 40 7 15 39
26 34 45 18 25 54 11 29 63 24 32 44 16 10 43 33 22 12 41 52 59 48 9 61 51 37 38 31 53 8 39 20 2 60 4 15 21 30 62 3 23 55 19 50 57 13 49 47 58 0 6 5 17 14 46 7 1 42 40 56
44 45 46 34 42 54 33 29 62 63 37 43 19 47 55 11 21 22 53 49 20 18 50 41 56 38 17 57 58 25 31 26 30 9 52 13 2 61 5 39 24 59 16 3 40 48 51 0 10 1 14 7 15 60 12 23 8 4 6 32
19 20 37 44 13 46 38 30 29 11 3 2 1 26 52 12 18 43 25 6 47 45 4 61 60 39 10 51 62 24 22 55 33 42 53 34 40 17 23 41 16 54 49 15 32 48 7 9 59 14 56 21 50 58 8 0 57 5 31 63
19 20 13 12 21 34 41 14 6 5 43 26 4 50 51 44 18 58 22 32 59 17 52 42 40 7 25 49 23 48 8 11 9 61 30 10 2 24 57 53 54 62 29 3 1 0 56 45 38 47 16 31 46 33 39 37 55 15 63 60
44 45 26 52 60 59 54 61 38 46 20 43 34 42 62 31 53 18 41 12 21 63 17 40 37 58 39 22 23 29 19 25 5 8 48 4 49 6 16 33 30 50 57 56 3 14 11 51 13 24 15 7 55 9 47 32 2 10 1 0
37 45 44 43 18 9 52 59 34 25 26 19 42 50 54 51 49 53 58 21 14 57 60 48 56 46 17 33 62 41 24 29 20 10 11 3 40 7 47 12 16 32 13 30 31 55 15 22 5 39 23 8 61 38 2 6 0 4 63 1
44 29 19 52 53 26 60 43 33 62 46 11 30 20 13 22 34 31 37 17 38 4 15 55 3 18 2 14 10 32 40 45 8 42 25 1 54 61 24 47 41 12 5 50 59 57 63 48 51 6 21 16 7 58 23 39 0 49 9 56
19 18 26 34 43 52 17 11 12 8 16 13 42 24 37 45 51 38 53 50 4 41 54 10 31 59 57 58 21 14 25 20 22 33 9 30 23 55 48 39 29 32 40 44 47 6 61 63 7 62 60 1 3 49 46 2 5 56 0 15
44 43 42 51 58 29 26 52 19 18 53 10 12 20 11 34 21 50 25 60 49 57 37 59 9 3 4 1 2 13 0 17 24 40 33 62 56 45 30 38 61 5 31 14 41 23 22 16 46 54 6 48 63 32 47 55 15 39 8 7
19 20 45 26 21 11 18 10 2 54 9 3 37 22 17 16 14 1 8 6 53 52 23 38 61 43 59 29 30 51 13 0 44 42 50 33 39 58 15 24 25 60 49 32 57 31 47 63 46 12 55 4 5 56 34 62 7 41 40 48
44 43 42 45 19 18 17 11 29 51 4 49 50 3 26 33 59 58 41 37 46 55 25 5 20 38 21 34 56 53 52 9 61 12 2 40 6 24 32 30 14 7 48 16 22 23 10 60 13 62 0 57 63 1 39 31 8 47 15 54
44 29 20 13 22 45 37 52 53 42 26 15 12 25 17 54 19 38 6 43 46 34 33 24 40 55 61 51 60 32 30 10 31 21 16 18 3 1 14 47 41 5 2 48 50 57 63 7 62 49 56 4 39 9 8 23 59 11 58 0
19 18 44 29 21 43 26 13 30 39 5 11 10 9 2 14 0 52 4 17 37 12 20 1 45 53 8 34 23 3 16 6 7 15 62 61 42 33 24 25 38 32 60 59 46 49 41 63 22 55 56 31 54 50 48 47 40 51 58 57
19 18 44 43 26 29 45 46 30 11 10 31 34 9 53 60 54 52 42 62 21 50 3 4 39 20 33 38 17 41 12 14 1 25 2 47 22 13 24 16 51 8 57 32 23 0 55 58 40 49 59 61 5 48 56 15 7 63 6 37
37 43 34 45 20 25 51 52 54 59 33 19 16 46 38 44 61 53 10 31 60 29 39 32 18 63 30 21 13 22 58 9 23 12 3 50 8 0 47 24 11 15 7 62 41 26 55 40 14 6 5 1 2 57 17 42 48 56 49 4
37 45 53 20 18 26 19 10 21 29 38 22 9 30 17 24 11 25 8 42 43 12 33 46 5 52 49 3 23 60 16 14 13 56 41 44 1 0 47 6 57 2 59 4 54 39 31 34 62 40 61 63 50 58 32 51 7 15 55 48
37 43 34 25 19 20 51 45 44 59 46 21 50 41 16 38 30 33 49 54 53 48 57 52 58 47 60 11 10 23 3 39 13 1 17 12 63 29 55 2 14 5 15 32 0 26 62 42 22 40 61 6 18 24 56 31 4 7 8 9
37 45 53 43 26 21 29 22 30 18 13 20 31 23 19 5 50 11 2 38 44 3 9 33 10 17 34 61 4 1 54 51 15 25 16 52 62 63 55 12 0 57 42 41 39 14 40 47 24 46 58 60 48 59 6 32 49 7 8 56
37 43 50 38 46 51 44 54 39 45 26 21 58 30 19 11 3 29 31 10 20 12 55 47 1 34 42 41 13 5 22 33 14 23 48 59 40 4 52 25 53 61 63 24 6 32 17 8 57 49 15 56 16 9 60 18 0 7 62 2
37 45 19 18 44 43 17 21 50 11 53 42 41 52 59 57 14 16 34 62 26 38 58 20 8 0 56 40 10 7 29 33 54 63 48 1 22 60 55 49 61 15 3 12 25 13 46 51 31 30 6 32 23 9 4 39 47 5 2 24
26 34 45 37 29 54 33 18 10 32 53 25 43 51 63 21 24 2 41 42 11 12 14 38 3 9 46 62 19 4 39 40 17 13 5 15 52 20 60 8 23 7 6 31 48 61 1 47 30 49 55 16 0 59 22 44 56 57 50 58
19 34 42 50 33 18 49 29 58 56 17 11 51 9 40 25 1 0 20 12 30 32 44 21 4 3 2 48 22 23 16 52 14 15 24 41 45 38 43 5 54 46 47 13 7 6 57 10 53 61 39 62 31 26 59 60 55 37 8 63
44 45 19 34 41 53 37 20 21 30 52 43 46 26 33 61 51 50 39 23 60 25 54 29 18 55 62 12 49 59 32 17 14 38 22 16 8 57 10 11 48 31 42 5 3 1 15 47 6 58 24 40 56 9 0 63 4 2 13 7
19 18 17 43 26 11 12 21 37 9 30 16 10 13 2 3 0 39 51 34 20 38 22 4 45 14 6 5 1 7 24 54 63 59 15 29 46 25 41 62 23 48 44 31 33 32 58 52 53 42 50 61 60 57 55 8 40 47 49 56
37 29 20 13 22 45 11 15 53 34 44 62 6 46 31 2 26 17 43 42 41 19 50 49 48 40 12 21 30 51 38 4 18 57 59 23 8 60 5 7 14 25 9 33 16 58 55 32 52 56 54 47 39 0 10 1 24 61 63 3
26 18 44 25 24 45 37 29 30 32 9 21 46 16 22 11 12 0 10 54 19 47 55 34 17 20 42 5 39 23 15 7 3 49 53 43 56 13 1 51 14 63 62 50 57 33 52 2 31 58 8 60 38 48 59 4 41 40 61 6
26 18 44 34 19 45 25 43 54 29 9 24 21 13 51 10 52 0 33 59 16 61 1 42 14 7 60 47 8 46 20 12 37 53 4 11 49 30 15 5 22 2 41 56 32 40 38 6 23 39 31 17 3 62 55 50 63 48 58 57
44 43 42 29 19 10 30 51 34 45 50 37 18 41 11 21 12 58 9 14 38 39 53 3 57 25 16 1 20 62 13 26 52 54 15 31 48 7 46 33 32 17 0 56 61 4 47 24 49 40 63 55 2 23 59 6 22 60 5 8
19 20 37 18 12 43 17 38 42 29 47 9 51 16 46 13 11 59 26 22 8 41 24 3 14 34 48 4 0 55 25 40 54 6 50 49 21 32 45 1 2 39 57 53 61 52 10 33 44 56 23 58 62 31 30 63 7 15 60 5
37 43 26 29 51 38 45 19 20 25 18 12 17 9 39 54 52 42 22 47 55 60 50 44 5 15 30 23 34 31 7 49 8 16 57 0 48 41 32 4 46 33 40 56 1 58 62 63 53 24 14 11 10 13 21 59 3 2 61 6
26 18 37 25 9 10 24 34 43 42 17 8 1 45 19 50 33 0 52 21 11 44 38 61 51 32 60 16 20 49 14 54 56 22 46 4 62 3 12 59 40 13 58 29 5 2 15 23 31 47 30 7 6 63 53 57 41 39 55 48
26 34 42 18 19 50 25 21 45 37 44 20 11 53 43 2 38 41 14 24 16 9 49 51 57 29 40 8 13 10 22 31 47 58 0 7 32 12 17 52 54 48 56 60 61 55 3 4 59 39 30 46 15 1 62 23 33 6 5 63
44 43 18 37 45 19 29 53 42 46 62 41 38 60 34 9 52 54 49 33 47 50 26 39 25 56 11 55 51 17 32 10 30 22 0 31 1 58 48 3 20 24 40 59 4 57 2 63 16 12 14 13 5 8 15 23 21 7 6 61
26 18 37 45 44 34 25 32 9 29 19 52 33 17 30 0 42 40 38 50 24 16 41 21 58 23 60 49 10 51 53 11 13 39 2 54 12 20 31 1 59 14 3 47 61 22 63 62 8 55 5 57 15 7 56 6 43 4 46 48
37 45 53 34 42 29 33 43 19 38 52 51 26 54 46 41 61 32 39 44 59 17 30 20 62 31 23 55 25 47 63 50 24 49 8 22 21 58 40 9 18 60 1 16 57 10 2 13 11 15 7 0 4 14 5 3 12 48 56 6
44 45 19 18 37 20 53 54 26 43 10 29 46 25 24 11 30 61 51 32 2 16 42 38 55 47 12 13 39 17 60 9 3 23 1 49 5 50 56 4 21 59 8 0 33 62 57 31 34 41 52 6 22 63 40 58 14 48 7 15
44 45 19 43 54 46 51 26 47 12 25 21 34 52 29 58 59 37 38 60 30 42 10 39 41 24 17 49 13 55 11 9 50 48 56 61 40 22 16 18 53 57 32 14 31 23 2 0 6 62 20 5 7 3 4 15 33 63 8 1
26 34 44 20 18 10 41 52 37 30 17 8 60 33 13 48 25 53 49 50 43 42 54 19 29 12 4 24 22 15 9 51 3 0 1 32 57 56 11 14 21 61 6 59 39 5 38 31 7 45 2 16 46 23 62 47 58 63 55 40
44 29 20 13 26 34 19 52 30 17 42 38 37 23 33 18 10 41 31 43 16 2 50 12 61 59 53 32 4 22 58 25 49 24 40 48 51 21 45 54 60 39 47 8 14 5 7 15 56 63 11 55 57 46 62 3 9 1 6 0
37 29 20 43 44 38 30 11 12 13 42 34 22 53 47 51 45 33 61 54 32 52 4 25 49 46 19 6 41 23 2 48 21 24 62 15 14 10 16 26 40 8 50 18 9 55 3 5 17 39 57 56 59 60 31 1 7 58 63 0
19 20 21 34 41 14 29 11 37 43 18 22 45 26 3 38 52 10 13 30 25 50 1 5 31 24 51 9 49 53 7 2 17 42 61 16 12 15 4 57 0 6 23 46 55 32 33 56 44 8 48 60 40 47 59 63 39 58 54 62
37 45 19 34 44 20 26 52 42 49 21 29 53 30 38 31 39 13 59 18 56 61 17 16 54 33 24 32 14 43 11 22 8 7 23 9 10 47 51 50 60 58 62 46 6 40 25 15 63 4 3 5 57 12 55 41 48 1 0 2
37 29 18 26 22 44 34 46 38 42 53 60 20 19 21 33 43 13 11 10 54 3 25 52 32 31 14 40 17 7 41 55 5 16 24 30 8 50 59 4 61 57 45 6 58 49 2 12 48 1 63 56 39 51 15 47 23 9 0 62
44 29 21 13 18 42 43 26 19 10 49 45 46 52 22 38 14 41 4 15 51 60 17 20 2 9 40 54 23 25 63 33 1 8 61 5 53 55 47 7 37 50 58 48 16 31 34 24 32 62 30 3 11 12 56 59 39 0 6 57
26 18 19 20 29 38 12 25 44 13 30 11 17 33 9 34 47 10 2 24 16 3 6 43 52 0 32 21 4 53 45 41 62 54 55 22 14 23 15 39 37 5 1 46 7 31 8 60 51 63 48 58 40 42 50 49 59 57 61 56
37 45 44 29 30 42 26 43 51 60 59 21 22 39 34 18 14 52 46 15 17 50 41 20 31 54 19 38 13 58 55 32 57 10 61 6 4 16 48 49 56 12 23 40 11 25 7 3 24 33 47 62 8 5 63 53 1 2 9 0
37 43 26 21 20 29 22 45 38 31 44 34 30 17 51 53 41 18 47 59 10 13 14 48 42 33 58 2 61 60 12 52 25 50 8 57 32 54 56 16 39 6 11 55 4 15 24 23 49 40 5 9 3 19 7 1 46 62 63 0
19 20 13 26 33 6 29 22 30 38 21 34 31 14 46 25 15 47 43 52 45 23 24 18 12 7 9 4 59 54 39 42 44 3 41 60 62 49 5 10 37 50 61 63 2 51 57 53 58 56 48 11 55 8 1 40 16 32 17 0
37 45 26 18 19 34 33 29 38 47 10 43 52 9 21 50 31 42 57 61 25 58 49 56 51 32 24 16 53 20 12 59 39 40 30 22 15 54 14 2 17 23 1 5 55 8 3 41 13 11 4 46 44 60 0 7 48 63 6 62
26 20 21 22 44 34 14 37 46 53 30 38 42 19 60 23 11 25 16 54 62 5 18 39 45 33 7 9 43 17 24 12 13 63 55 50 49 52 61 3 51 56 1 59 29 32 47 8 40 10 58 6 4 31 15 41 0 48 57 2
19 34 41 18 26 17 37 42 8 16 9 48 24 38 45 10 29 21 33 54 12 1 20 22 51 4 39 44 3 46 63 58 47 32 13 2 53 6 5 11 23 52 50 30 7 59 31 14 15 25 0 55 49 43 40 56 57 60 61 62
44 45 26 43 37 30 51 18 29 58 31 20 46 21 10 39 22 54 59 53 23 38 12 50 63 15 41 13 14 62 61 34 57 2 42 48 25 11 7 19 40 60 47 32 6 5 24 33 3 55 17 56 1 8 52 4 49 9 16 0
37 45 53 34 44 21 26 43 33 25 17 29 14 20 18 42 51 10 2 22 19 52 59 16 15 58 57 1 50 7 0 61 6 32 30 60 9 5 41 11 46 24 12 13 54 48 8 55 38 4 3 31 49 47 62 63 40 56 39 23
44 45 46 29 37 54 62 38 18 26 30 31 20 13 22 52 4 15 19 47 17 34 12 21 41 8 16 24 53 60 23 55 39 11 10 48 43 3 7 51 33 25 50 5 63 49 57 59 9 40 1 32 42 2 61 0 14 58 6 56
26 34 45 20 44 52 29 46 13 17 25 19 42 22 30 38 53 41 47 18 51 32 48 54 39 62 61 50 43 59 16 55 15 11 49 33 9 56 12 40 37 21 10 31 24 23 60 5 6 8 4 58 0 2 63 14 7 57 3 1
19 34 43 20 25 10 21 33 42 17 1 50 37 11 18 29 3 45 44 2 30 22 16 39 51 9 32 58 15 23 46 55 41 38 4 40 24 8 53 61 14 0 26 12 31 5 49 7 52 57 47 60 56 54 48 63 62 13 6 59
44 29 20 11 26 34 42 43 12 52 53 4 30 33 40 49 51 32 58 22 45 60 41 57 61 38 48 50 21 54 47 63 46 13 62 55 37 56 2 17 5 59 23 25 19 31 3 15 24 39 8 16 14 18 9 6 7 1 0 10
19 20 21 34 41 18 44 14 43 26 37 13 22 23 7 48 12 53 42 30 62 3 29 50 45 38 46 6 25 5 52 39 47 33 57 60 49 31 9 17 54 16 15 56 61 1 51 58 11 32 24 4 10 63 8 0 2 59 40 55
44 43 50 29 18 37 22 26 19 51 45 46 59 52 21 15 55 34 25 38 61 14 31 24 33 41 16 9 17 11 1 42 10 57 30 39 12 5 23 2 49 8 7 20 13 40 4 0 48 53 54 3 32 62 60 47 63 56 6 58
26 18 19 34 25 21 44 32 33 10 45 43 17 40 29 22 20 16 13 53 1 4 6 3 51 12 15 31 11 50 52 37 14 2 8 61 24 58 59 5 42 7 62 54 46 47 55 38 30 63 41 39 57 60 23 9 48 49 0 56
37 29 22 44 53 52 21 43 60 30 23 61 19 59 51 45 38 18 20 34 26 11 41 50 62 17 49 15 7 25 9 0 46 32 58 31 14 57 8 33 2 12 10 13 40 4 5 47 39 48 56 54 63 1 3 6 42 55 16 24
26 20 13 25 19 42 45 37 24 53 29 10 12 21 43 44 1 4 22 18 62 23 51 59 31 2 3 15 58 33 5 6 7 57 41 52 17 54 46 38 61 30 47 63 39 8 60 50 16 9 34 14 49 56 48 11 55 40 0 32
26 34 45 18 33 29 9 42 30 19 10 37 25 17 43 1 50 32 11 12 0 8 2 21 14 39 38 58 3 44 16 24 40 46 54 62 51 20 5 53 63 52 41 55 61 48 13 22 31 60 59 49 47 4 57 23 15 56 7 6
26 20 37 34 19 18 10 44 13 6 21 2 43 22 17 38 29 42 53 51 39 47 50 57 11 41 49 8 60 48 25 24 32 12 59 33 55 30 3 4 45 54 14 52 9 5 58 23 16 0 15 7 63 61 62 31 56 1 40 46
37 29 21 45 53 20 11 13 19 61 30 34 26 3 10 18 46 38 12 47 25 5 41 23 54 9 43 52 0 63 2 17 4 32 31 33 24 51 62 16 59 55 22 44 42 50 48 40 15 6 8 1 14 39 60 58 49 56 7 57
44 29 21 45 37 30 20 12 22 51 39 34 58 31 41 43 3 13 53 11 42 59 60 54 19 33 6 49 23 52 38 10 55 14 2 62 4 46 15 5 9 50 40 26 18 17 32 24 25 56 63 8 48 7 0 47 61 57 16 1
19 18 26 20 10 1 12 9 2 4 5 3 8 17 44 29 22 6 21 33 34 37 30 13 32 14 7 42 11 16 51 31 15 45 24 23 39 38 52 50 25 46 43 41 58 54 53 60 47 55 49 61 40 57 63 62 59 48 0 56
37 43 18 21 29 45 54 26 13 44 19 11 52 10 34 41 1 38 46 14 30 60 25 5 4 20 22 2 33 17 3 63 40 6 42 50 59 61 8 55 53 49 32 57 39 31 51 16 23 0 12 15 48 24 58 62 47 56 9 7
19 34 43 18 44 29 22 30 25 20 13 12 4 32 10 14 15 26 37 50 23 5 21 39 17 3 51 9 24 2 11 41 57 7 48 31 1 33 45 53 40 59 38 46 6 16 52 0 61 58 47 56 8 60 54 49 42 55 63 62
37 43 26 19 10 38 42 25 33 11 3 20 39 1 44 2 17 49 0 45 29 18 50 34 48 32 54 30 52 60 9 21 16 8 14 58 41 57 46 24 59 53 51 63 61 4 23 40 5 22 62 15 13 47 55 56 12 31 7 6
26 20 13 34 41 33 44 6 19 18 10 12 9 53 32 37 5 17 24 48 62 11 30 46 49 1 29 45 7 38 39 31 4 51 14 21 52 55 58 25 0 57 22 61 50 47 16 63 56 43 40 59 3 2 23 15 60 8 54 42
19 18 26 34 45 21 41 44 17 54 33 25 53 52 62 10 14 29 51 7 37 48 11 38 20 59 24 61 42 12 30 8 2 32 22 60 4 13 43 39 46 47 63 9 31 16 40 55 5 23 1 50 58 3 0 6 56 57 15 49
44 29 18 26 20 13 25 43 51 9 12 11 4 59 6 37 42 17 1 2 3 10 60 61 46 45 19 0 30 5 53 50 21 52 8 34 41 14 58 22 38 31 33 54 62 48 40 15 23 49 16 39 47 63 57 7 56 55 32 24
19 34 44 21 20 13 14 11 5 53 10 18 9 8 52 37 12 6 26 51 41 15 0 33 42 22 23 50 32 24 46 4 45 48 59 60 61 58 1 30 49 40 3 31 29 43 16 55 56 2 38 25 17 47 39 54 63 62 7 57
44 43 26 19 12 45 53 20 29 34 37 38 46 54 39 61 21 25 62 11 50 22 42 57 10 3 30 55 47 51 15 41 2 63 59 9 17 1 52 24 33 14 18 13 23 49 8 60 32 31 58 16 0 48 40 7 4 6 5 56
19 20 29 38 30 18 12 22 44 5 34 21 31 43 26 33 13 52 50 45 60 6 3 61 4 14 11 57 39 59 7 2 40 15 37 53 17 46 54 10 41 47 51 25 1 23 32 9 55 42 58 62 0 16 63 48 8 49 24 56
44 45 19 18 26 34 43 20 37 42 51 46 12 53 55 30 23 13 33 50 9 24 57 4 17 0 62 59 1 58 21 2 49 52 5 40 10 14 22 3 54 25 60 61 32 11 29 47 6 41 38 63 48 7 15 56 16 31 39 8
19 20 13 12 37 6 21 44 29 26 52 38 4 22 31 53 45 23 51 39 47 59 10 55 61 3 14 15 2 43 58 30 60 1 11 62 34 18 25 17 24 8 63 41 54 16 9 42 0 50 32 49 46 40 33 48 57 7 56 5
19 18 37 11 10 43 9 38 3 21 51 0 25 59 8 16 45 29 31 1 17 54 34 44 20 26 33 24 50 30 32 57 52 47 23 13 49 42 39 56 48 41 58 53 60 2 55 62 40 63 22 14 4 5 61 15 7 12 6 46
19 34 45 21 33 10 11 12 3 26 9 41 5 32 14 18 40 25 24 37 38 17 8 42 48 20 50 49 57 2 4 58 29 22 30 16 13 39 59 7 47 23 15 46 0 56 31 54 63 60 43 44 52 62 1 55 61 53 51 6
37 43 34 29 51 59 21 30 52 41 23 13 26 45 25 20 61 18 44 38 19 31 33 17 9 42 58 10 1 15 54 11 49 50 6 0 2 57 8 46 16 32 53 22 39 55 56 48 12 3 40 5 47 24 4 63 60 7 14 62
19 20 21 34 41 33 44 11 42 37 2 53 52 49 43 10 40 3 57 29 4 50 18 56 26 60 58 13 30 22 51 12 62 46 14 6 5 23 45 1 47 59 54 48 39 55 38 25 61 63 31 7 9 0 15 32 8 17 24 16
19 20 13 18 34 10 45 42 9 21 29 22 11 17 25 44 31 26 53 54 43 6 5 38 7 52 37 24 49 1 61 12 3 60 39 41 16 57 8 23 59 33 47 63 40 46 55 2 0 50 30 14 56 48 15 51 58 32 4 62
37 45 26 34 44 43 53 18 9 10 41 0 52 54 2 11 20 33 63 51 16 62 32 12 19 46 5 4 13 6 21 17 50 48 38 25 8 61 55 29 22 49 59 39 47 30 42 15 57 3 31 1 14 23 60 40 7 24 58 56
37 43 42 41 51 21 40 44 29 59 60 46 50 32 13 52 61 14 15 22 30 39 38 47 45 33 31 12 11 6 54 63 24 10 55 34 53 62 4 5 9 7 23 3 20 2 49 57 58 18 25 26 19 8 17 48 1 16 56 0
44 29 21 45 26 43 37 19 42 46 53 22 55 38 39 33 50 54 20 41 18 30 49 60 62 9 63 59 17 13 1 48 14 15 58 25 7 0 51 11 3 52 61 31 32 40 5 2 23 6 34 4 56 57 12 24 10 47 16 8
26 18 10 43 42 41 19 9 51 2 40 34 29 45 20 37 44 58 46 21 17 55 11 4 30 31 3 50 13 22 49 32 48 1 25 12 47 16 23 52 53 56 39 62 14 59 0 15 61 8 6 60 57 38 5 7 24 33 54 63
44 45 19 18 46 54 26 52 62 34 9 11 25 63 43 20 13 21 60 42 41 6 22 51 2 38 59 48 33 14 47 10 40 32 7 12 30 0 8 61 29 37 5 53 50 3 17 49 24 31 4 15 58 55 39 16 57 1 23 56
44 45 19 18 26 34 9 20 42 17 37 50 49 43 25 8 29 10 54 30 0 53 52 56 1 51 12 60 61 24 32 3 48 62 41 63 55 11 38 5 21 14 23 46 4 13 16 31 39 47 6 57 2 33 59 40 22 58 7 15
37 43 42 45 53 29 19 26 21 20 51 30 33 38 22 34 44 23 25 32 40 58 47 18 31 49 17 52 12 61 14 48 46 7 15 39 62 60 55 63 56 41 50 57 13 10 9 3 5 4 1 24 6 11 59 8 54 0 16 2
37 43 18 21 29 38 46 45 54 52 51 63 44 34 41 47 60 53 42 49 57 26 14 40 50 33 22 13 20 11 32 48 61 10 9 7 31 39 55 15 19 23 25 0 6 4 1 5 59 58 12 24 8 62 16 2 17 56 30 3
44 29 21 13 14 15 19 43 5 20 7 34 37 53 33 30 38 10 11 42 31 22 52 18 23 6 51 26 25 50 49 16 1 12 32 45 41 46 60 2 17 59 47 56 62 0 57 24 61 54 58 40 63 55 8 9 3 48 39 4
44 29 19 42 30 53 49 26 33 56 34 21 52 18 51 37 46 60 41 31 54 58 45 12 9 38 43 32 13 61 3 17 50 48 39 1 8 47 55 5 22 20 23 25 16 15 7 11 6 14 24 0 40 10 4 59 57 2 62 63
19 18 37 11 10 43 3 2 17 38 45 4 34 26 50 33 25 20 46 24 29 21 12 32 47 55 16 51 40 53 13 30 39 31 22 44 1 14 59 58 6 9 23 15 61 54 57 8 62 60 52 48 42 49 41 63 0 56 5 7
19 34 41 18 17 21 37 11 10 43 42 40 52 25 14 2 50 45 48 38 20 33 16 56 1 57 4 3 39 46 32 9 54 13 44 26 5 61 30 8 0 7 59 12 51 6 22 60 53 58 24 49 29 23 15 47 62 55 63 31
26 34 45 37 42 54 63 33 29 50 41 49 48 18 9 10 51 30 20 21 14 57 40 12 32 11 23 52 58 31 44 15 59 7 13 4 19 38 56 2 39 43 17 24 25 53 16 22 62 61 6 8 0 5 60 1 3 55 46 47
19 20 29 22 44 34 33 52 53 42 21 18 37 45 51 49 13 38 9 54 47 31 11 50 30 14 46 12 58 41 56 10 55 32 25 39 15 7 6 23 43 48 40 61 26 2 3 5 1 62 63 57 60 24 17 16 8 59 4 0
26 18 19 34 45 54 25 16 41 29 10 48 43 11 17 20 30 22 33 2 12 13 21 32 4 5 1 52 40 38 42 3 51 59 61 14 24 50 60 62 9 53 37 49 31 46 63 44 23 8 6 15 0 47 39 55 56 57 58 7
26 20 45 44 53 25 21 29 37 38 39 42 11 62 43 14 61 60 18 4 13 5 24 12 34 32 30 31 19 33 40 50 6 47 17 16 49 51 52 48 22 23 15 7 2 3 10 9 1 8 56 58 59 0 54 46 63 55 41 57
37 29 21 30 22 12 26 23 31 42 44 38 19 39 13 43 3 4 14 34 46 47 50 20 15 6 11 41 18 54 55 45 53 63 49 56 61 59 57 25 32 48 52 5 7 58 16 60 40 62 17 8 10 2 0 51 9 33 1 24
19 18 17 11 4 9 1 3 26 37 12 21 38 10 5 46 29 45 25 6 14 34 44 13 20 52 2 15 33 16 59 24 8 47 7 54 63 32 40 0 22 62 43 50 23 61 31 42 55 53 30 48 49 39 60 56 51 58 57 41
44 45 19 34 41 11 10 29 26 25 17 43 30 20 12 38 33 22 53 24 42 50 51 4 58 60 5 6 40 32 49 48 37 46 47 9 23 31 52 59 54 1 14 21 61 18 39 13 57 7 8 55 0 16 62 15 56 63 2 3
19 20 13 34 29 6 11 3 42 12 26 37 38 49 4 21 18 5 22 45 46 17 56 43 44 51 52 10 58 31 8 33 30 60 61 41 32 54 23 62 25 15 55 47 2 57 40 1 53 48 50 63 39 59 14 9 7 24 16 0
26 34 41 19 42 43 44 37 20 33 24 49 57 48 17 52 38 13 18 39 21 9 1 16 60 56 6 10 8 32 2 51 53 58 46 25 50 29 47 22 40 45 30 23 14 15 54 0 59 7 12 61 31 55 63 11 3 5 4 62
44 43 26 19 34 41 50 33 32 53 45 54 12 11 29 37 61 48 3 42 49 56 51 10 20 5 57 58 47 24 9 18 21 22 16 59 52 0 17 2 40 38 46 63 62 13 25 4 31 39 6 60 30 14 7 8 15 23 1 55
44 43 26 29 45 19 42 37 30 33 17 46 11 34 55 49 32 47 52 59 53 54 51 61 63 60 39 62 56 10 9 58 38 21 20 40 22 23 24 50 57 8 13 1 48 18 15 6 25 12 0 7 41 14 3 16 2 5 4 31
44 43 42 45 26 50 54 46 38 34 41 18 33 21 9 51 25 53 59 55 20 19 63 58 47 29 14 37 11 17 60 3 4 0 8 16 57 40 10 39 30 31 48 22 24 6 7 62 32 56 52 12 23 61 5 49 1 2 13 15
26 34 44 20 18 37 45 52 42 41 40 17 29 10 13 49 43 12 9 38 19 8 53 14 56 33 0 61 62 11 3 1 60 2 4 48 15 5 24 22 25 50 21 59 47 30 6 51 58 7 31 57 23 63 54 39 46 32 16 55
44 45 19 34 41 21 20 33 46 18 11 2 3 54 62 43 13 25 29 49 48 14 32 10 51 26 15 50 57 12 5 58 59 24 4 42 40 56 1 7 22 17 23 6 9 47 38 0 53 30 52 60 31 8 61 39 16 37 63 55
26 34 42 18 44 25 24 32 16 45 10 33 41 8 37 48 19 43 51 29 46 60 49 53 38 11 52 21 58 39 55 2 30 57 62 47 31 22 17 20 50 59 56 61 9 1 13 15 23 12 4 63 54 14 3 5 40 6 7 0
37 43 34 29 52 38 39 41 20 45 53 51 18 61 33 31 47 25 48 21 13 11 32 54 4 22 59 16 30 9 26 6 42 55 63 49 19 12 44 60 58 50 24 2 5 3 10 40 56 57 23 14 0 46 1 17 7 8 15 62
37 45 44 29 46 54 62 63 38 30 39 43 20 22 55 12 11 13 42 51 21 10 59 23 3 19 26 4 2 58 15 50 52 1 5 18 57 34 14 60 25 32 9 16 53 47 61 6 0 49 40 8 41 56 48 17 7 33 24 31
44 45 46 43 18 21 20 47 42 29 53 52 39 49 60 9 37 12 26 61 19 59 17 34 4 13 14 6 51 11 22 25 41 40 58 55 30 5 48 50 3 31 54 2 62 15 8 63 1 33 10 0 16 57 24 32 38 56 7 23
26 34 43 50 33 19 37 45 52 40 18 59 57 25 32 46 11 41 17 12 38 29 49 3 48 42 22 44 47 54 61 9 21 53 1 51 62 24 58 14 30 60 16 15 4 39 7 20 31 2 13 0 5 10 8 6 55 56 23 63
19 18 17 20 45 16 11 4 12 13 5 6 9 29 3 43 25 32 14 54 21 26 2 8 37 23 34 46 53 10 52 61 38 47 7 44 55 39 0 1 51 63 42 62 33 59 58 50 60 57 24 22 40 15 31 49 48 30 41 56
44 29 20 13 30 52 53 43 51 22 42 59 60 62 19 41 58 11 33 50 26 24 37 38 54 46 6 12 45 4 23 18 39 55 34 31 17 57 5 10 8 16 63 7 21 61 1 9 48 40 0 15 25 32 49 56 47 2 14 3
26 18 37 29 19 34 9 38 41 42 44 12 39 45 49 17 33 50 51 58 5 32 53 21 43 25 8 52 24 10 54 46 57 55 59 60 48 16 40 30 62 61 63 47 13 1 3 2 22 14 20 11 31 4 7 6 0 15 23 56
19 34 43 50 44 20 18 45 51 37 25 11 54 58 21 32 29 33 41 63 59 52 2 57 60 13 26 49 30 12 14 5 3 15 42 53 16 22 48 4 61 40 55 47 9 39 24 17 38 1 6 46 8 10 56 31 23 62 7 0
19 20 29 34 42 38 26 25 13 18 33 6 10 43 32 24 45 52 16 9 8 2 11 12 30 40 44 37 47 22 60 39 31 51 14 3 21 17 48 53 1 4 50 23 59 57 58 0 56 49 46 7 61 62 63 41 5 54 15 55
37 45 19 34 53 38 41 33 46 21 39 54 29 61 52 30 43 18 60 42 44 51 47 55 20 40 13 11 17 59 58 57 3 9 62 26 1 12 31 16 24 0 8 5 2 23 49 32 4 50 22 14 7 25 10 15 56 63 48 6
37 45 44 43 50 42 51 59 53 57 58 46 56 19 29 54 60 38 26 21 30 61 11 17 62 31 18 52 25 24 22 23 32 9 13 55 49 48 1 4 40 33 15 10 41 39 8 34 2 0 20 3 5 6 16 14 47 7 12 63
26 18 44 43 9 37 30 45 54 29 34 20 21 0 19 63 10 12 53 46 8 33 3 52 51 5 13 1 25 22 2 16 55 6 24 4 23 32 42 15 41 61 14 39 47 48 59 60 38 11 31 17 50 62 7 49 56 57 40 58
44 45 26 20 29 38 54 52 21 18 10 34 42 41 40 48 56 63 13 9 53 6 46 11 12 50 31 32 49 4 33 43 37 55 61 14 17 16 57 59 47 30 24 62 22 23 3 2 58 8 60 25 5 39 0 19 7 15 1 51
19 18 26 20 11 2 45 42 10 34 33 41 12 21 49 5 50 32 29 56 1 54 13 51 63 14 44 38 17 25 15 48 30 7 31 37 43 52 40 4 16 39 59 23 57 58 53 6 46 62 24 61 55 60 3 8 47 9 22 0
19 18 17 9 44 43 26 25 42 53 33 11 62 29 12 10 21 40 24 13 1 50 30 0 8 49 45 2 14 52 51 22 56 60 15 34 37 39 41 48 61 23 57 16 59 58 32 6 31 63 7 54 20 5 38 46 47 3 4 55
26 34 41 17 18 20 37 48 8 45 54 38 31 19 12 4 43 39 47 52 59 25 46 29 51 9 0 10 33 50 21 24 3 2 11 53 49 16 44 63 42 60 58 30 40 13 23 62 6 22 15 1 5 14 56 57 55 7 61 32
37 29 21 30 19 12 23 43 5 20 45 10 51 3 13 14 1 26 7 15 33 53 6 39 31 34 25 22 61 4 11 32 2 38 46 52 59 60 55 9 41 17 42 54 24 16 62 8 44 48 18 58 40 63 0 49 56 47 50 57
26 18 37 43 10 38 44 34 30 25 42 33 29 17 8 52 47 22 60 50 41 48 57 31 21 20 49 58 45 46 11 24 19 9 51 3 2 12 53 54 39 62 15 13 63 32 4 56 14 55 40 5 61 59 1 16 6 0 23 7
37 29 22 43 20 15 44 53 38 30 34 11 52 51 12 47 31 19 39 4 26 41 42 17 48 46 45 25 10 9 58 21 5 3 24 49 54 40 55 61 13 33 62 6 2 56 7 63 16 23 8 60 59 57 32 18 1 50 14 0
19 34 41 20 37 48 12 43 51 13 14 11 33 59 18 5 4 21 6 46 49 44 29 25 17 9 10 3 42 22 60 7 30 45 53 58 39 26 15 1 57 32 24 23 8 40 38 47 56 2 31 61 52 0 55 50 54 63 62 16
44 45 26 52 54 20 13 63 37 18 53 42 9 12 34 6 4 0 51 59 49 61 62 38 19 50 41 32 60 21 17 48 56 43 33 11 1 2 39 58 5 31 40 3 57 8 46 30 16 25 14 47 24 29 10 7 15 22 55 23
19 34 43 50 33 20 29 32 44 18 42 52 21 22 14 41 12 7 30 38 26 11 10 2 31 4 45 39 47 46 53 54 57 58 37 51 15 23 60 61 49 56 59 55 17 16 6 13 8 5 9 0 40 48 62 24 25 63 1 3
37 29 22 44 26 30 53 52 43 62 46 25 23 51 60 38 42 55 24 17 39 20 21 31 10 15 7 8 12 50 49 3 47 19 13 45 9 54 61 59 63 48 34 16 0 1 56 33 41 6 4 14 57 5 11 18 40 2 58 32
37 29 18 45 30 34 46 19 42 22 44 54 11 50 41 47 63 32 15 20 26 61 13 43 33 25 49 6 21 31 17 14 59 48 51 52 12 9 56 4 8 10 53 7 39 23 55 58 38 16 0 2 1 60 24 40 5 62 57 3
37 45 44 29 18 26 17 43 54 19 50 57 30 16 46 63 10 38 24 11 52 23 4 25 47 61 62 3 8 51 53 1 22 34 33 20 13 32 49 9 60 15 21 6 40 14 0 58 42 56 31 59 12 2 48 39 55 5 41 7
44 45 19 52 37 29 54 53 60 43 51 55 22 50 62 11 34 15 42 33 21 38 24 14 25 30 61 49 31 46 6 7 57 32 48 39 10 1 41 40 26 58 13 63 56 23 3 20 59 4 5 18 9 17 12 16 8 2 47 0
26 18 37 25 19 20 12 46 29 30 34 11 31 13 16 24 6 43 45 22 41 8 51 50 47 55 49 4 52 39 2 59 32 40 14 15 44 54 63 17 33 57 42 3 10 5 53 7 56 38 58 60 23 1 61 21 48 9 0 62
19 34 41 21 29 18 20 11 22 33 17 13 42 25 12 30 14 49 2 16 48 40 31 6 4 23 32 3 26 9 58 38 43 52 5 56 46 7 50 44 60 24 1 47 37 61 15 45 54 8 10 39 62 55 59 63 53 57 51 0
26 34 44 20 18 37 46 17 8 38 13 9 33 41 49 32 10 6 30 29 40 55 45 53 42 39 62 0 1 2 24 43 21 54 19 25 52 57 11 14 48 51 5 23 61 59 56 4 16 50 15 7 63 22 12 3 58 60 31 47
19 34 45 21 20 11 33 41 14 54 2 25 44 29 32 42 49 3 10 17 38 57 56 1 50 13 58 15 6 51 16 26 46 40 9 24 62 30 52 12 7 43 22 39 8 63 23 0 4 61 37 55 53 60 47 18 48 31 59 5
19 20 37 18 10 2 12 45 26 21 11 46 25 4 38 17 54 32 5 6 30 44 52 22 14 62 1 59 13 51 23 34 29 0 53 60 41 9 16 8 43 42 31 33 61 40 48 50 49 39 58 15 63 57 3 55 24 56 7 47
37 45 53 20 18 44 43 50 42 52 51 26 19 17 8 34 11 4 9 29 22 46 38 54 61 0 58 30 3 15 39 62 63 59 1 57 60 55 14 31 47 12 13 5 49 2 10 56 48 40 21 7 41 24 6 33 16 23 32 25
44 29 20 43 34 33 38 13 12 53 50 51 52 45 19 18 26 21 40 32 9 49 24 4 5 10 46 47 37 6 1 11 31 30 58 0 23 55 22 2 42 39 17 15 60 41 61 54 63 25 3 56 48 59 7 16 14 57 8 62
19 20 13 12 29 26 37 43 34 46 50 42 25 30 38 44 31 33 32 57 4 16 52 41 40 60 21 17 59 5 6 58 49 39 47 48 9 18 45 1 22 54 11 14 0 2 62 63 3 10 53 24 56 23 8 61 15 7 51 55
26 20 21 34 19 17 42 50 37 29 38 11 3 14 41 30 31 39 22 12 25 44 43 46 7 33 13 49 55 4 47 52 18 9 48 23 32 24 1 45 51 63 59 10 16 5 6 8 53 61 0 57 2 58 56 15 54 60 62 40
26 20 37 34 19 18 17 38 41 21 39 33 10 48 12 43 44 11 14 1 50 25 9 46 24 13 49 29 42 52 55 4 45 47 30 32 22 23 6 0 59 56 5 63 16 7 2 31 51 57 58 8 3 40 15 61 60 53 54 62
26 20 45 34 42 41 21 44 37 49 53 46 19 13 30 14 55 43 18 29 48 11 4 25 17 2 12 61 50 47 6 31 38 10 22 40 54 7 32 24 39 5 51 9 33 58 1 23 16 62 63 0 8 56 15 3 52 60 59 57
19 34 44 20 43 52 33 32 41 26 40 50 21 11 60 45 42 22 46 51 49 37 12 59 30 54 23 29 13 31 38 10 1 57 39 47 63 18 48 58 9 24 56 25 53 5 4 2 3 8 6 15 14 61 17 55 7 0 16 62
26 20 21 18 37 45 44 43 12 14 29 4 50 17 19 30 33 57 16 11 54 34 38 32 2 8 25 46 13 62 0 3 9 5 51 24 7 52 47 22 31 39 10 6 41 55 42 49 61 1 15 59 56 48 40 60 63 23 53 58
26 18 10 29 19 25 17 43 33 11 20 1 2 24 32 9 8 42 30 16 12 34 44 22 49 13 51 40 21 50 41 0 38 58 56 46 59 4 45 54 47 37 60 57 23 52 48 55 62 63 6 31 61 14 53 39 7 3 15 5
44 43 26 29 30 52 51 34 45 46 53 59 58 57 41 54 55 62 38 17 42 50 37 20 60 22 61 40 19 11 18 9 21 14 23 39 2 4 13 6 5 7 25 33 24 16 0 10 31 47 15 8 1 32 3 63 49 48 12 56
44 43 26 29 51 34 22 59 58 53 41 25 24 48 50 19 60 17 9 45 46 62 11 47 52 49 33 37 54 38 55 61 63 8 30 32 10 12 57 16 5 39 1 13 4 18 31 0 3 23 42 15 20 14 7 40 6 2 21 56
37 43 26 21 29 19 14 30 34 25 33 41 17 38 24 9 39 13 46 15 32 31 49 57 12 47 52 3 8 53 22 50 55 54 18 10 5 4 45 16 40 59 7 11 0 44 63 2 60 6 20 62 58 48 42 51 56 61 23 1
26 20 21 34 19 11 2 29 18 3 38 17 4 30 44 53 33 41 31 32 8 45 40 43 25 37 48 56 52 14 13 60 59 58 61 54 15 6 57 39 55 9 16 51 50 62 49 46 42 0 5 24 1 12 10 22 23 47 63 7
44 29 21 43 30 14 12 53 42 22 7 41 51 58 23 34 40 48 37 52 45 13 61 20 4 15 59 6 26 33 38 19 54 63 57 3 17 5 24 49 2 32 11 60 31 62 56 39 50 8 47 18 10 9 16 0 55 25 46 1
37 43 50 29 34 46 22 30 19 44 45 42 51 57 49 56 23 15 7 18 17 33 14 38 26 52 58 60 47 11 20 8 41 21 61 39 9 53 4 6 40 55 24 32 13 62 59 16 63 12 5 1 25 10 31 2 0 3 54 48
37 29 20 45 46 11 19 34 53 21 43 18 33 38 14 51 31 61 30 23 13 5 6 39 10 26 3 32 25 7 22 2 59 12 17 42 50 49 4 8 55 52 56 48 40 9 41 24 1 57 16 15 0 47 44 63 60 58 54 62
26 20 37 34 12 18 17 45 41 4 13 29 30 23 19 14 6 9 11 42 31 25 43 3 0 51 33 38 44 48 21 52 47 32 40 46 60 1 54 58 59 55 10 2 16 62 61 8 15 22 63 50 56 53 49 7 24 39 57 5
26 34 43 20 37 52 33 25 51 46 61 42 12 29 41 40 30 21 17 31 19 4 22 8 18 32 39 10 9 23 14 47 55 11 24 44 5 7 2 60 59 1 16 0 13 45 3 63 53 58 57 54 49 56 15 50 48 62 38 6
26 34 44 18 41 29 22 53 9 19 25 17 10 3 8 20 43 38 12 24 45 1 33 11 13 21 31 50 62 23 52 4 37 51 6 40 30 32 2 5 42 46 16 7 0 59 47 61 58 39 48 49 54 57 55 63 15 60 56 14
26 34 42 20 45 25 18 44 13 49 24 54 37 29 53 43 30 33 63 16 40 61 32 19 38 21 12 48 22 39 62 10 9 8 52 59 50 58 51 11 0 6 31 55 57 14 41 23 4 56 2 1 46 5 17 47 15 7 3 60
44 45 26 34 42 20 37 49 19 18 10 12 25 2 50 58 53 38 30 29 33 24 32 22 23 41 39 52 9 46 15 14 11 21 16 1 54 4 60 61 62 43 31 47 51 8 7 6 56 48 13 63 40 17 55 59 5 3 57 0
44 43 34 41 18 19 42 37 29 52 40 30 20 12 46 48 51 50 23 17 45 54 60 38 39 53 58 32 11 21 22 3 61 62 13 31 63 26 49 6 59 57 55 15 10 2 4 47 14 7 8 5 56 16 33 0 9 25 24
26 34 45 19 18 21 41 37 38 17 12 42 25 54 10 20 13 39 11 9 8 40 22 16 49 43 51 56 29 0 48 14 33 30 31 32 4 59 24 23 47 55 44 53 52 6 15 50 1 5 7 60 46 2 57 58 3 63 62 61
19 20 29 18 43 38 12 37 26 42 34 45 21 41 10 25 40 5 22 30 14 9 39 51 17 33 44 52 58 59 60 16 3 2 24 50 53 1 49 13 4 6 8 32 7 57 11 61 62 0 48 15 54 23 56 31 46 55 63 47
37 45 44 43 18 38 46 20 53 19 21 30 31 39 51 34 23 22 25 10 47 26 1 42 41 62 17 50 58 54 52 11 2 9 16 49 12 14 55 40 60 33 63 32 6 7 59 0 61 8 57 3 5 13 29 56 4 48 24 15
26 20 37 44 51 46 38 30 19 18 11 4 21 43 3 12 9 2 55 54 5 17 14 0 53 45 25 34 33 52 10 16 39 58 42 23 22 1 24 31 15 63 62 61 60 29 13 32 8 7 6 50 49 47 40 41 48 57 59 56
19 18 17 9 1 16 25 29 37 20 22 34 11 4 33 38 13 2 0 32 45 6 42 50 46 52 30 47 53 61 49 14 15 51 41 48 55 31 57 63 26 56 59 39 12 58 43 24 23 7 10 60 40 8 5 44 54 21 3 62
44 29 18 42 26 43 51 34 45 25 17 52 24 9 10 2 33 38 3 11 21 59 1 20 4 14 47 12 50 32 16 0 46 40 7 58 41 5 60 54 57 48 61 53 49 31 13 62 55 8 37 6 63 30 22 23 19 56 15 39
19 20 45 10 13 21 29 6 1 22 15 44 53 18 9 37 12 17 25 2 38 11 14 5 26 52 3 47 30 34 41 62 42 33 31 54 43 16 51 59 8 40 63 4 32 55 39 24 48 23 50 60 61 49 56 46 57 58 7 0
26 34 45 17 25 20 8 44 53 43 12 54 52 13 14 50 42 29 19 61 55 41 38 11 58 59 30 4 40 22 5 48 56 57 51 15 49 37 6 10 62 18 3 1 33 31 2 47 23 16 39 0 60 21 24 46 7 32 63 9
19 20 13 10 18 34 44 21 41 37 2 52 43 5 45 12 30 42 26 33 14 48 59 7 22 31 17 46 38 9 49 50 6 23 8 61 4 1 15 54 60 51 63 62 55 24 53 58 39 3 16 11 29 47 56 0 40 25 57 32
19 20 13 18 17 42 45 10 43 51 34 44 53 25 37 29 21 46 33 22 49 24 16 9 11 5 23 12 6 26 39 7 2 8 41 3 1 48 59 38 30 50 40 60 57 54 52 61 63 32 14 31 62 0 47 58 56 4 15 55
26 20 21 18 44 34 25 32 24 37 40 53 42 50 43 19 57 58 9 41 49 10 51 52 38 39 54 16 59 2 29 45 46 61 30 62 0 31 48 22 23 13 47 17 15 8 12 5 60 63 6 56 55 33 4 14 11 7 1 3
44 45 19 43 52 11 18 9 26 59 3 4 51 20 29 42 13 12 21 58 0 5 60 2 54 14 41 38 7 50 57 37 46 17 25 30 10 23 61 49 40 47 22 16 24 39 15 56 8 34 53 55 62 6 31 1 33 32 63 48
26 20 29 38 12 34 30 19 18 25 45 11 10 4 21 9 37 22 23 52 39 43 17 46 2 14 1 0 51 8 24 50 5 42 58 3 47 32 31 13 6 57 15 41 56 16 53 54 61 33 49 44 48 7 40 59 60 62 55 63
37 45 53 54 44 43 63 21 18 19 42 51 50 17 60 49 41 52 14 62 57 26 59 55 9 20 46 38 12 0 16 7 30 10 29 25 47 4 34 22 31 58 33 32 2 61 40 48 13 1 11 3 15 6 24 8 5 23 56 39
19 20 37 34 12 45 26 38 46 18 17 43 51 54 63 44 33 10 47 55 30 25 21 39 11 5 4 9 1 8 6 22 13 24 29 0 32 50 23 61 16 53 31 52 57 40 41 59 58 2 42 60 49 56 3 15 14 48 7 62
44 45 19 52 60 43 38 11 42 37 21 54 29 30 23 13 18 50 12 61 59 14 5 15 3 10 7 49 2 1 17 46 56 26 62 48 20 63 47 9 40 41 33 55 34 51 53 16 8 4 24 0 58 57 39 31 22 6 32 25
19 34 45 21 41 44 29 33 52 37 26 49 30 60 53 61 38 20 40 31 13 32 24 10 51 43 23 46 50 17 47 6 18 11 1 54 5 12 7 15 42 57 55 3 58 14 56 9 4 25 16 62 8 48 39 22 2 0 59 63
26 34 41 21 29 37 42 49 45 44 53 52 50 18 20 61 10 51 54 33 40 11 12 9 30 17 38 23 46 14 48 2 43 4 31 56 8 32 57 63 62 58 7 59 1 13 19 39 22 47 55 25 24 15 5 6 3 60 16 0
44 29 21 45 46 20 18 43 42 26 12 10 17 50 37 22 19 16 58 41 13 59 9 54 25 5 51 57 33 55 40 24 11 2 14 30 15 52 8 49 32 6 63 62 23 38 31 34 7 0 3 1 61 4 47 48 56 60 53 39
37 29 20 43 44 13 18 53 51 34 30 26 19 23 42 21 52 10 14 50 12 4 58 45 38 60 33 24 25 46 57 32 9 15 61 8 6 59 39 17 16 22 54 11 49 31 47 63 40 56 0 41 1 62 7 2 3 5 48 55
19 18 26 20 29 33 25 22 12 11 9 5 10 17 3 2 13 1 34 42 30 44 8 4 53 0 43 37 14 31 38 52 45 23 46 15 60 51 50 21 41 40 49 39 47 24 6 61 16 57 59 55 54 58 48 63 62 56 32 7
37 43 34 25 50 38 26 52 24 16 41 29 30 22 15 17 47 14 46 57 9 2 13 20 8 54 39 33 31 19 61 62 63 21 1 7 6 32 3 0 49 4 18 48 44 23 45 60 42 10 12 5 11 55 58 51 59 53 56 40
44 43 42 29 21 51 50 57 26 45 53 61 60 34 49 18 62 13 33 32 19 58 14 20 22 23 11 56 25 12 4 3 5 24 15 38 30 52 47 37 40 17 39 31 59 6 46 63 8 55 16 41 9 54 48 1 7 0 2 10
44 29 22 45 37 30 18 26 20 10 34 42 21 14 53 38 9 61 2 12 25 24 4 43 7 3 41 6 50 58 47 40 51 1 57 60 5 49 54 17 32 16 15 11 33 52 48 63 62 31 55 46 23 39 0 19 8 56 59 13
37 43 34 41 26 19 12 11 42 33 10 3 51 50 17 29 30 20 40 5 57 46 25 1 32 48 2 45 21 23 38 14 22 8 54 24 13 31 16 18 49 47 56 52 44 58 4 55 39 63 59 6 7 60 0 53 62 15 61 9
44 45 26 52 37 29 54 25 43 38 22 42 20 30 46 39 51 50 19 12 41 33 57 53 58 40 34 14 11 2 13 60 15 10 4 6 31 55 32 49 16 23 21 5 17 18 62 3 47 9 8 1 61 7 48 63 24 59 0 56
44 29 19 10 20 26 17 13 3 1 21 24 8 43 5 22 12 11 14 53 37 46 23 33 40 7 50 30 34 4 39 38 51 18 62 16 32 57 15 45 54 6 52 61 49 42 9 63 41 25 58 60 48 31 56 2 59 55 47 0
37 29 20 13 21 45 26 42 43 25 41 49 19 33 38 31 14 22 56 50 39 11 44 15 34 51 5 6 24 53 32 18 12 4 7 47 10 17 48 57 23 2 61 62 30 3 55 54 60 58 9 0 52 8 1 16 40 46 59 63
37 43 34 25 18 20 51 38 12 19 11 42 16 50 33 32 29 21 41 40 22 13 30 59 60 49 44 17 58 4 2 31 56 57 15 10 5 6 48 26 1 53 14 7 45 46 24 9 8 61 52 23 47 54 39 0 63 55 62 3
37 29 18 26 17 43 44 42 41 46 21 19 11 50 59 49 55 9 51 16 33 4 22 45 48 13 14 40 12 47 34 56 30 25 20 5 1 39 54 8 3 62 63 15 6 32 10 0 38 57 58 2 61 52 24 7 31 23 53 60
44 29 21 13 30 39 18 26 20 11 4 45 46 52 19 34 31 38 42 47 54 43 37 25 50 51 12 23 22 6 24 58 61 14 41 17 16 53 15 8 55 33 49 60 40 9 1 0 10 2 59 32 3 7 57 63 62 5 56 48
26 20 13 42 45 25 34 44 18 46 50 49 32 24 16 6 37 10 48 30 11 2 52 53 38 9 22 56 51 39 0 31 12 60 29 33 15 19 55 23 14 58 40 1 61 59 47 3 21 4 43 62 57 8 41 54 7 5 63 17
37 43 26 19 44 25 11 12 50 3 17 33 24 51 40 57 5 21 58 52 53 54 59 38 46 8 39 30 41 29 61 49 10 60 42 62 14 1 31 32 55 22 13 34 23 15 6 20 56 16 9 48 63 47 7 4 2 45 0 18
37 45 19 29 38 31 22 20 39 47 30 34 26 18 43 14 25 44 9 50 54 17 12 61 11 53 57 3 16 51 42 58 2 1 41 56 46 10 33 24 23 15 63 48 62 5 4 21 6 13 0 55 49 40 52 32 59 60 7 8
19 34 44 53 33 20 21 18 37 29 17 12 52 30 54 16 14 60 10 13 4 38 47 7 46 26 39 62 5 31 43 25 45 3 51 55 2 41 32 63 15 58 1 40 48 23 9 42 59 50 49 8 57 6 24 11 0 56 22 61
44 45 26 43 53 61 62 63 42 18 46 50 51 59 9 33 41 17 34 29 32 1 8 52 49 38 0 58 2 47 60 19 54 21 12 3 5 10 30 56 48 31 57 13 20 16 6 11 24 14 25 37 15 4 22 7 39 23 55 40
37 29 21 30 22 43 50 51 26 38 52 25 45 20 18 23 19 44 34 9 39 58 13 11 53 6 24 54 2 41 5 46 42 3 60 1 12 4 17 14 0 33 10 57 7 62 61 16 47 49 56 40 32 55 15 31 48 59 63 8
26 18 37 25 9 10 17 29 11 42 22 2 44 0 3 16 32 33 49 12 19 20 40 43 5 52 24 4 34 48 50 56 61 45 53 1 41 59 58 51 57 46 39 47 60 38 54 8 13 62 21 31 15 14 6 7 63 55 23 30
44 45 19 20 29 22 46 34 12 54 30 43 26 38 41 21 52 51 31 39 63 3 5 33 14 53 59 18 61 42 50 60 17 40 48 37 32 11 25 8 55 24 49 57 10 4 56 47 16 15 0 2 1 23 7 13 58 62 6 9
37 29 18 43 51 34 33 46 21 13 38 26 19 25 16 47 20 12 17 44 39 32 42 59 24 11 2 8 10 22 5 31 53 52 50 60 45 1 40 41 48 49 15 4 54 57 9 56 6 14 0 58 3 62 30 61 63 7 23 55
26 20 45 42 13 17 43 44 51 12 33 58 60 34 25 32 29 16 52 18 24 49 50 61 40 22 8 53 54 57 56 37 31 21 19 6 38 63 5 4 62 9 11 15 1 30 23 46 39 47 59 0 55 48 7 3 2 14 10 41
37 45 19 29 30 23 46 34 42 18 17 38 26 22 54 10 31 50 11 39 25 24 32 33 16 4 40 63 43 53 55 21 14 8 41 49 1 2 60 13 48 15 6 12 44 56 62 61 20 51 58 0 9 5 52 47 57 7 3 59
44 45 37 29 46 51 19 20 58 53 62 55 13 42 47 18 63 21 33 61 10 49 43 52 60 50 26 59 40 56 14 30 41 22 57 5 12 54 23 15 31 48 7 34 25 6 4 2 17 8 9 11 3 38 39 0 1 32 24 16
26 34 43 52 41 33 42 19 25 49 45 29 57 21 51 40 11 50 53 56 18 3 24 32 22 59 16 38 14 7 13 15 31 30 60 58 20 5 37 8 47 39 10 2 23 44 4 46 9 17 1 54 55 6 48 63 62 12 0 61
37 45 19 38 54 10 21 52 11 63 9 1 29 34 47 13 33 3 5 18 53 43 44 22 30 39 15 62 46 25 51 8 61 60 42 12 55 31 23 49 17 59 26 16 2 32 14 6 7 4 24 20 0 58 50 57 41 56 48 40
19 18 26 20 10 43 12 4 37 21 34 17 8 33 32 40 13 42 29 44 3 22 6 38 11 2 39 24 49 25 9 51 30 14 15 31 58 52 41 0 45 59 50 57 48 56 5 23 16 47 61 7 1 54 53 62 63 60 46 55
26 18 37 34 9 20 42 0 12 50 33 41 17 43 19 25 49 48 32 21 13 46 1 2 52 51 57 56 59 58 11 5 14 53 30 6 44 4 10 15 55 38 29 16 47 22 60 3 8 24 7 45 23 61 54 40 63 62 31 39
37 43 26 17 34 19 18 38 16 9 52 51 39 46 12 61 53 29 30 10 50 59 3 45 8 5 54 1 2 4 20 47 55 24 44 62 32 23 42 33 25 60 22 14 40 11 31 21 6 0 15 49 58 41 63 7 57 48 13 56
37 29 21 43 42 30 51 49 34 45 38 13 19 60 22 26 5 52 54 14 6 44 58 10 33 41 18 20 56 23 59 32 1 11 31 15 7 4 50 63 24 57 48 46 40 39 12 25 16 9 3 2 8 0 17 53 62 55 61 47
26 18 10 25 44 45 32 43 54 24 50 21 20 19 14 1 11 29 12 40 34 52 33 3 38 7 53 41 30 5 48 22 60 31 42 46 23 59 6 17 16 61 37 8 62 39 9 55 0 63 58 15 13 49 47 4 57 51 2 56
19 20 29 18 10 30 26 25 34 42 31 43 50 44 45 11 24 54 21 2 1 58 3 38 52 53 61 4 57 32 9 14 41 56 5 8 16 40 0 39 22 15 51 46 47 13 7 37 23 62 48 33 59 6 63 55 60 12 49 17
37 45 44 29 18 42 22 19 30 31 20 43 38 23 54 26 41 52 47 51 50 63 46 9 34 14 60 57 62 12 58 48 40 59 15 49 56 32 13 61 53 7 10 25 17 21 11 16 24 5 1 3 39 55 8 2 6 0 4 33
37 29 20 13 30 31 12 44 34 4 6 22 21 26 45 42 3 14 15 38 5 53 43 11 52 59 19 2 25 16 51 60 49 33 10 18 61 56 23 50 9 1 0 8 46 55 54 63 41 47 32 39 17 7 58 24 57 40 48 62
44 45 26 18 46 52 9 38 30 47 60 59 58 43 50 22 61 20 12 42 53 57 56 29 31 4 51 25 41 0 54 62 21 34 13 37 63 14 10 33 8 40 32 11 48 49 39 24 6 7 16 23 19 17 5 1 3 55 2 15
26 18 19 34 44 20 33 37 9 41 11 32 29 51 46 30 22 12 53 55 4 0 39 43 59 62 31 42 45 10 17 3 48 13 25 23 47 40 2 60 49 21 50 8 15 24 63 52 6 58 38 56 16 54 61 5 14 7 57 1
37 43 50 21 34 51 19 57 20 18 12 46 29 5 17 11 22 41 45 15 23 14 55 16 10 30 13 26 48 4 39 3 42 38 60 40 8 25 9 44 24 53 2 0 58 1 56 33 61 49 7 59 47 54 32 52 6 62 31 63
26 34 44 37 42 19 38 43 50 39 11 10 21 12 5 33 9 18 30 2 40 17 29 14 20 51 16 32 13 48 25 49 59 24 46 1 58 60 23 45 41 52 61 53 54 4 8 6 57 22 7 3 15 31 47 62 0 56 63 55
44 43 42 51 34 33 18 37 52 53 50 20 25 26 19 57 40 9 60 58 59 32 30 61 10 11 2 38 24 17 54 45 0 22 23 55 16 29 13 41 46 39 21 31 47 15 63 5 62 1 8 12 49 56 6 3 14 4 7 48
19 34 42 20 37 50 33 24 21 41 48 32 49 57 51 13 18 29 40 60 12 56 14 11 3 7 22 10 4 5 1 30 39 38 23 9 17 15 52 53 47 26 58 31 43 45 54 2 25 44 59 8 61 62 0 63 46 16 55 6
26 20 45 34 12 13 19 44 43 42 41 54 14 50 52 6 38 11 57 15 18 51 63 48 33 59 49 25 4 31 2 5 32 24 17 60 61 40 46 29 22 37 21 30 58 56 23 16 7 10 1 3 47 62 8 9 39 53 0 55
26 34 43 18 17 50 37 29 30 22 33 32 9 45 44 31 51 0 40 58 53 61 15 14 1 19 11 8 52 60 25 48 46 24 16 42 62 38 6 63 54 13 59 20 56 39 21 2 41 55 4 12 10 5 47 57 49 23 7 3
37 29 20 13 18 45 46 34 19 47 30 21 33 43 38 11 14 7 26 41 4 40 55 2 52 53 54 25 9 39 5 44 12 17 16 63 10 3 49 61 23 42 1 58 48 59 56 0 32 22 8 24 51 57 62 31 60 15 50 6
26 34 42 20 37 44 45 17 13 50 29 19 51 60 33 6 18 41 10 9 21 14 24 30 49 46 8 1 2 12 58 40 25 43 31 32 4 59 7 23 0 39 57 3 48 22 11 16 47 55 38 54 53 52 5 56 15 63 62 61
19 34 44 53 52 11 18 21 20 29 54 25 30 39 9 17 10 0 13 62 16 6 8 24 43 3 2 37 46 51 4 12 60 38 47 22 32 45 42 26 63 59 1 40 31 33 61 23 14 55 50 5 7 15 58 49 56 48 57 41
37 45 53 34 42 38 46 50 30 39 29 60 26 21 31 19 58 33 24 49 54 40 10 55 18 22 13 17 44 51 47 41 43 5 62 2 63 52 16 11 57 25 56 59 4 3 12 14 6 48 1 9 0 7 32 20 23 15 61 8
26 34 41 19 37 25 11 29 22 3 18 44 20 38 39 10 32 24 16 17 9 45 4 47 12 8 0 43 52 5 30 31 21 1 13 14 53 48 15 51 42 60 61 62 2 7 54 33 50 40 49 59 46 23 6 55 56 57 63 58
37 43 34 41 18 38 44 29 26 45 48 25 54 42 39 47 31 11 33 46 9 63 19 32 24 16 51 52 62 55 30 53 60 61 40 23 49 59 50 57 56 0 20 12 17 58 21 10 4 14 8 5 7 2 13 3 22 6 15 1
26 34 41 33 42 18 40 50 25 21 9 19 12 11 10 2 29 37 58 3 14 24 45 16 5 44 1 54 53 51 4 38 39 7 32 49 59 46 48 13 30 60 62 63 61 22 8 56 31 43 23 0 57 52 55 20 47 15 17 6
26 34 45 17 42 29 33 54 37 49 19 18 43 24 41 50 44 32 46 20 58 47 55 57 22 63 8 30 53 51 10 61 40 38 59 15 12 9 62 52 16 56 2 1 60 11 3 48 25 4 31 23 5 6 21 13 14 39 0 7
26 34 41 33 25 48 45 17 32 42 18 24 49 20 40 37 9 51 29 16 43 44 11 2 52 30 56 50 0 54 58 4 8 19 12 61 22 21 60 14 10 53 23 38 55 1 5 63 15 3 39 62 46 59 13 6 31 57 7 47
44 43 42 45 37 51 53 21 19 41 18 29 49 52 58 20 60 17 33 59 34 48 14 50 57 22 13 30 10 38 23 2 61 54 46 62 55 7 6 40 16 32 12 5 4 26 11 63 3 1 9 31 39 0 25 15 47 8 24 56
37 45 19 34 53 20 43 54 33 10 1 29 44 26 38 52 18 17 13 31 16 9 2 12 22 30 21 0 46 51 63 5 8 39 61 24 14 62 4 15 25 23 11 59 60 32 42 50 41 40 49 56 57 3 7 48 55 6 47 58
19 20 21 18 26 22 13 12 14 34 3 37 31 23 44 39 42 51 25 4 53 49 10 17 30 5 6 1 43 15 16 41 33 46 55 11 60 59 7 9 2 52 40 29 57 45 54 61 0 24 8 47 50 63 38 58 32 56 48 62
19 18 17 29 45 42 22 26 33 54 63 10 12 37 1 8 24 5 46 38 31 21 30 9 13 14 6 55 51 20 3 39 47 4 44 2 34 53 16 7 43 62 15 52 0 58 60 61 23 32 25 11 40 41 50 49 59 48 56 57
26 20 45 42 12 37 49 18 38 29 34 56 21 25 10 33 32 43 19 16 17 39 46 53 50 13 48 8 30 58 51 31 54 1 14 41 24 57 59 5 61 7 0 60 2 55 9 62 22 40 6 4 11 23 47 3 44 52 63 15
19 20 13 12 11 26 33 10 29 40 25 3 43 14 18 38 30 32 24 45 37 34 46 39 21 52 5 31 7 15 6 47 48 22 42 41 61 59 50 4 44 57 58 53 9 49 55 1 2 16 17 56 54 8 51 63 62 60 0 23
26 34 44 37 43 50 41 18 19 42 33 21 17 52 58 10 12 40 46 25 53 5 51 24 16 59 1 30 48 45 49 55 32 57 20 8 22 3 2 61 4 9 39 56 38 14 11 60 6 29 23 15 47 31 0 7 62 54 63 13
37 43 34 25 19 20 21 11 3 29 30 22 14 12 13 45 38 5 54 44 4 2 33 26 42 50 18 23 46 51 53 15 10 24 58 1 6 55 39 57 9 7 16 41 52 59 48 63 62 61 49 47 31 60 32 8 0 56 40 17
44 43 34 45 37 26 20 42 54 46 33 29 19 17 30 23 31 39 50 40 52 53 38 21 60 62 32 12 63 24 5 18 9 4 22 59 25 11 16 15 58 10 48 8 61 51 47 14 7 49 41 6 0 1 57 55 13 3 2 56
26 18 19 34 25 17 42 33 9 11 10 0 12 5 16 1 8 24 41 37 20 51 13 14 50 48 21 22 32 58 60 29 4 40 43 52 2 3 7 44 6 49 45 38 46 30 59 54 63 23 57 62 61 53 56 31 47 39 15 55
37 45 19 29 54 53 22 18 44 55 63 26 46 38 17 47 30 15 39 8 42 23 16 24 43 10 11 49 1 3 62 61 34 41 40 48 25 51 2 32 60 0 50 52 9 31 59 33 12 5 58 20 7 57 21 13 56 14 4 6
19 20 13 26 17 11 21 22 10 43 42 41 34 29 3 18 25 6 51 37 33 59 12 8 24 32 14 1 48 9 23 7 30 5 60 2 16 49 46 4 45 55 58 31 52 15 38 47 39 50 63 53 54 61 44 57 56 62 0 40
26 20 37 25 19 29 33 42 12 13 51 45 21 10 17 22 3 5 46 40 44 53 15 55 41 1 54 23 30 38 18 24 14 11 62 43 49 61 16 34 50 31 9 48 52 59 47 63 60 32 58 8 39 6 4 7 56 57 0 2
19 18 17 43 26 11 12 25 24 34 44 37 41 10 3 16 42 1 9 51 38 29 33 5 13 2 60 46 20 47 53 21 6 52 30 22 14 15 0 32 7 8 40 45 4 49 57 50 31 62 39 54 59 58 55 56 23 61 48
44 45 19 52 53 20 37 18 11 2 60 54 21 43 55 30 3 62 9 29 39 46 42 16 0 25 1 41 34 31 63 61 22 59 40 51 58 23 38 48 10 32 17 8 24 49 56 57 12 14 15 4 5 13 6 47 50 33 26 7
19 34 43 20 33 51 21 25 59 10 41 18 37 49 17 9 0 22 14 8 48 38 45 44 31 54 32 46 23 42 29 58 12 7 30 24 6 5 11 26 56 57 2 13 55 1 50 47 52 53 16 3 63 15 61 60 62 39 40 4
26 34 44 37 45 20 33 41 38 29 11 32 18 10 48 42 43 13 21 12 3 22 5 30 39 14 23 15 24 49 2 46 7 4 47 1 17 52 50 58 57 16 59 53 62 51 9 61 8 19 25 54 40 63 55 56 0 6 31 60
44 43 42 29 21 51 37 41 26 14 34 52 50 17 32 38 60 19 53 62 7 22 23 49 18 13 58 25 48 56 45 15 5 30 46 31 59 9 20 11 16 57 4 40 39 24 1 47 55 2 12 10 3 6 8 0 54 61 33 63
44 45 26 52 37 17 60 59 42 20 53 61 51 38 54 34 30 22 31 49 8 58 56 55 33 40 43 50 19 24 29 46 62 25 21 10 41 32 57 11 48 13 5 6 4 3 63 14 18 9 47 12 15 1 23 2 16 39 0 7
19 18 44 29 21 45 46 54 17 13 62 34 42 49 43 47 33 24 50 57 20 41 26 61 32 25 22 12 38 8 5 6 51 9 52 14 60 23 16 37 30 63 56 39 4 48 59 40 0 10 31 3 55 1 11 15 58 53 2 7
44 43 26 19 12 29 20 17 18 53 33 37 42 4 8 34 38 10 3 45 5 39 54 16 51 0 52 32 25 24 11 60 49 46 47 2 31 22 61 13 40 21 9 6 59 50 30 63 41 48 14 55 62 58 57 15 23 56 1 7
19 18 44 45 37 11 3 43 17 30 38 9 1 16 25 31 26 29 51 0 53 50 49 34 23 12 33 2 42 58 5 59 10 32 54 8 39 63 41 20 46 24 40 22 55 13 14 62 52 15 4 47 21 57 56 48 60 6 7 61
26 34 44 18 33 29 9 42 17 24 50 25 19 12 32 51 21 49 22 30 16 0 2 15 58 1 56 41 8 45 14 52 3 48 38 43 37 20 11 10 59 54 53 4 55 40 13 62 61 39 23 60 31 47 7 46 63 57 6 5
26 34 44 37 41 20 43 52 45 42 60 46 50 40 12 57 49 13 54 61 59 19 21 22 25 63 30 48 53 5 58 24 6 62 51 18 17 10 32 33 23 14 38 11 1 9 3 7 8 16 4 29 47 15 56 55 39 0 31 2
37 29 21 43 26 14 19 38 42 10 47 18 11 39 51 34 25 24 32 55 46 30 22 41 12 59 52 3 31 33 40 20 63 44 58 48 13 57 4 6 15 61 53 23 9 0 2 1 45 60 16 49 56 62 17 7 50 8 5 54
44 45 26 43 51 17 37 50 46 47 25 19 53 42 29 59 11 18 10 24 49 34 16 2 57 38 55 4 39 9 41 8 58 48 32 22 60 52 0 62 21 30 61 33 56 1 31 13 40 20 12 3 5 23 14 6 63 15 7 54
19 34 41 20 43 50 59 48 51 10 29 44 11 58 52 61 60 22 45 26 37 3 42 21 30 53 57 31 12 4 18 56 5 6 39 49 38 17 23 46 13 33 47 55 16 8 9 1 25 24 2 15 62 63 14 54 7 0 40 32
44 43 50 53 26 19 11 42 49 29 51 41 30 17 52 22 25 3 33 24 10 45 54 62 37 57 48 9 34 61 15 55 63 47 59 58 56 21 20 13 46 38 32 39 1 60 14 18 6 2 4 8 23 12 16 40 31 0 5 7
37 29 18 46 22 21 30 19 38 43 55 9 10 11 14 15 34 6 20 42 13 12 17 26 1 0 4 8 50 31 7 49 3 58 39 54 24 25 47 41 40 32 16 63 5 44 57 59 62 2 45 56 23 53 51 48 61 52 33 60
26 20 13 25 19 42 44 29 18 53 32 11 22 6 34 41 2 30 12 3 4 45 37 14 50 9 0 24 33 40 17 49 15 1 38 5 52 59 10 43 54 63 7 62 8 60 56 51 61 46 47 57 21 55 48 31 58 39 16 23
19 34 42 18 17 11 10 29 3 50 37 45 46 20 49 43 58 55 54 2 21 38 22 16 39 9 26 30 13 33 47 52 32 15 61 5 14 40 63 41 24 31 25 12 0 56 57 44 6 53 8 4 48 62 23 59 51 7 60 1
26 20 37 46 38 30 23 44 39 25 54 42 34 41 49 43 51 45 40 52 19 50 60 56 24 47 57 29 53 55 33 58 22 31 21 15 62 32 48 18 14 61 10 63 12 11 13 3 59 2 16 4 17 6 5 9 8 0 7 1
37 43 18 29 42 26 51 46 21 9 19 44 33 59 10 14 0 25 45 40 20 12 34 17 4 54 60 58 38 3 41 48 57 13 55 52 63 24 53 30 5 39 22 15 49 61 23 16 2 32 8 7 62 50 11 31 47 1 56 6
26 18 10 25 32 24 37 11 16 29 21 2 34 44 9 38 12 42 41 0 46 14 47 45 20 33 51 3 19 30 31 22 54 43 7 48 23 4 49 1 52 59 50 53 61 39 58 62 60 57 17 6 15 13 5 55 63 8 40 56
37 29 21 30 22 45 53 12 18 23 19 26 20 54 38 39 33 43 46 25 63 10 17 16 42 24 8 9 47 34 31 61 14 51 15 13 49 56 32 7 44 55 52 41 59 50 3 5 57 2 11 40 58 60 62 0 1 4 6 48
26 18 10 20 19 34 29 9 21 25 33 2 41 11 24 37 42 12 38 45 5 4 52 46 43 32 44 30 16 6 31 49 55 17 14 54 48 39 3 50 58 51 63 22 8 53 13 62 59 60 56 1 40 47 15 57 7 23 61 0
44 45 37 43 18 30 42 9 51 58 38 31 52 41 50 59 60 29 57 53 33 34 39 26 0 19 61 62 21 23 54 17 22 13 25 8 49 63 14 24 16 15 10 3 7 46 4 20 12 1 2 6 55 56 48 11 47 32 40 5
26 20 37 25 19 44 24 10 53 42 43 46 49 60 45 33 61 56 11 17 13 12 41 51 8 40 3 34 50 9 30 59 52 14 1 54 5 23 38 18 63 55 29 31 15 16 48 22 62 6 2 47 58 7 57 39 0 21 32 4
44 43 26 19 18 17 9 1 11 29 20 37 30 52 51 10 53 12 4 5 0 38 22 34 6 25 13 23 16 59 50 3 42 8 31 21 45 41 33 32 24 7 40 62 15 58 60 49 46 48 56 14 57 39 47 54 2 55 63 61
26 34 43 50 41 19 20 32 52 51 18 11 4 13 37 46 21 33 45 44 5 60 54 62 29 9 48 12 57 30 38 49 53 14 10 61 6 3 40 56 7 15 47 1 0 58 42 55 22 8 16 25 24 23 31 59 17 39 63 2
44 45 19 43 37 11 51 59 54 53 18 29 52 55 38 30 46 9 34 31 63 26 39 42 61 62 22 13 10 60 0 1 15 8 20 12 25 47 58 14 50 24 6 49 17 23 4 16 57 33 40 2 3 48 32 21 56 41 5 7
44 45 37 43 53 46 54 29 51 38 26 34 30 62 60 47 55 22 21 20 33 32 40 58 31 39 63 17 59 42 52 19 13 12 25 18 5 14 41 49 61 4 3 10 6 23 50 48 1 7 9 57 56 11 24 0 15 2 8 16
19 20 37 18 9 43 21 29 38 14 26 12 50 30 44 57 31 33 25 0 11 17 3 39 16 45 1 4 13 5 41 24 54 22 6 32 47 10 34 46 8 63 61 62 2 60 52 7 23 53 48 42 40 49 51 56 15 58 55 59
37 43 34 25 50 52 18 29 33 32 45 26 59 46 47 53 22 9 61 44 19 15 16 54 41 62 10 24 38 42 8 51 55 0 21 2 17 60 20 40 49 30 39 48 63 31 14 13 23 11 5 6 56 58 7 4 57 3 12 1
44 29 21 43 26 45 52 25 20 61 17 11 54 13 60 59 30 63 37 38 14 34 12 8 53 6 55 62 19 51 33 4 58 39 31 10 9 40 41 3 18 46 50 22 15 7 47 42 32 16 24 5 23 1 48 57 0 2 49 56
26 18 10 34 45 19 44 54 12 9 17 52 37 20 21 25 32 24 33 42 63 3 49 5 11 50 16 38 4 48 6 14 30 13 60 39 0 59 51 43 41 1 7 29 8 2 53 46 47 31 61 55 56 15 62 57 58 22 23 40
19 18 26 20 21 34 44 52 17 12 45 37 42 33 25 8 10 9 43 29 22 1 4 53 40 32 60 41 62 30 49 61 23 14 0 56 5 3 58 7 51 46 48 11 39 15 24 6 16 55 47 59 13 57 31 38 63 54 2 50
19 34 42 18 17 20 37 29 33 10 13 46 22 32 3 50 55 15 44 4 41 26 6 1 21 30 23 14 59 12 43 2 11 57 5 31 24 16 0 40 45 47 9 7 54 8 38 39 25 61 49 53 62 51 60 58 56 63 52 48
37 29 20 13 21 43 26 14 50 30 31 39 42 49 11 45 47 17 12 57 44 18 7 10 9 3 53 62 52 19 8 61 1 15 4 5 60 34 22 24 16 51 63 25 23 46 38 0 41 48 58 2 56 55 40 54 59 6 33 32
44 43 50 45 19 34 54 37 30 38 41 11 20 23 39 29 13 53 2 42 21 55 52 14 63 26 17 60 18 57 12 10 9 40 15 46 33 8 59 7 58 1 47 49 48 25 61 51 24 4 32 22 6 31 5 16 3 56 0 62
26 18 10 9 44 29 20 2 30 43 0 8 50 51 16 45 42 41 53 52 34 57 61 19 17 12 54 24 32 60 21 55 47 38 3 22 40 13 39 33 62 31 49 63 5 11 1 46 25 6 4 56 15 48 7 37 58 23 14 59
19 20 37 18 13 46 29 34 17 22 41 9 31 25 16 11 42 43 50 21 2 57 52 6 38 48 33 30 58 3 55 23 47 0 49 44 15 54 53 12 45 39 4 7 14 63 62 56 1 60 26 24 51 8 40 59 61 10 32 5
44 43 18 29 42 26 34 51 45 52 61 17 21 9 25 60 30 32 16 33 10 50 58 57 59 62 8 1 53 38 49 31 20 37 39 48 24 2 23 46 47 41 19 22 13 54 0 12 4 11 63 55 3 5 40 14 56 15 6 7
26 18 44 29 20 11 10 45 30 25 12 53 34 21 32 24 16 37 52 39 46 19 13 51 43 5 14 3 38 1 17 54 62 23 58 61 60 50 15 33 22 8 42 49 59 41 56 6 57 55 4 47 40 31 2 48 9 7 63 0
19 18 37 43 51 20 13 45 29 6 12 5 54 59 10 38 31 26 34 41 4 33 11 3 40 22 14 17 21 25 44 7 16 47 49 8 0 32 39 52 24 63 1 2 23 30 61 60 15 48 9 50 42 46 57 56 62 58 53 55
37 43 50 38 19 10 11 57 39 12 29 46 45 22 30 54 15 34 41 14 42 18 47 20 2 44 25 33 4 48 31 5 32 3 53 17 26 55 58 49 62 61 13 23 40 21 56 52 7 1 24 6 63 9 8 16 59 60 0 51
26 20 37 34 29 18 12 45 19 22 25 21 30 38 17 13 33 3 54 43 46 42 14 15 52 39 23 59 61 32 49 51 4 11 5 63 53 7 6 31 40 55 47 24 16 62 50 41 2 9 58 44 1 8 10 57 0 60 48 56
44 45 46 52 60 29 18 26 21 54 38 47 25 34 63 16 43 62 42 9 37 30 10 61 24 53 51 13 39 59 50 11 4 55 14 20 31 2 6 57 58 12 41 23 0 15 5 48 19 32 7 8 33 3 56 17 1 40 22 49
37 45 44 29 54 53 19 63 30 43 51 21 46 50 62 47 14 26 25 52 39 61 60 13 57 18 11 31 42 59 12 3 22 15 34 23 20 17 2 38 10 41 9 33 5 6 4 16 32 0 1 40 49 8 55 48 56 24 7 58
37 45 53 34 18 21 43 42 20 13 12 51 33 29 60 61 22 49 44 26 38 9 52 15 56 54 19 4 6 11 31 47 10 14 7 23 62 40 2 17 32 24 3 5 63 58 16 39 55 30 48 25 41 50 46 0 57 8 59 1
19 20 13 10 44 43 42 51 34 33 50 21 29 49 18 22 59 14 41 26 40 12 1 48 30 57 23 45 3 38 46 32 9 47 56 58 52 53 37 2 11 4 39 16 0 31 55 54 60 62 25 8 7 17 6 61 5 15 24 63
44 43 18 19 26 45 11 3 20 25 52 29 33 59 42 34 37 50 30 21 51 23 46 32 22 12 24 41 38 60 49 39 53 15 9 61 5 56 54 55 58 0 62 48 47 10 14 31 8 4 13 40 2 6 57 1 63 17 7 16
37 43 50 45 42 51 26 18 34 49 9 25 60 38 46 20 56 48 53 11 30 39 31 52 40 54 62 47 29 41 33 32 10 17 2 61 55 21 12 1 24 22 57 63 23 13 14 15 19 3 7 16 59 58 0 44 8 6 5 4
37 45 26 38 39 29 52 47 46 34 21 31 44 59 53 20 42 25 19 43 24 18 33 41 61 32 16 51 40 30 10 11 12 55 22 62 60 2 3 54 13 49 63 15 58 56 50 17 23 8 1 5 14 7 0 9 4 57 6 48
44 45 37 29 21 13 46 43 42 38 22 19 39 55 5 41 20 23 15 47 52 60 18 14 6 17 50 58 49 26 53 31 59 57 63 30 12 61 9 1 25 51 11 33 0 3 32 4 16 8 2 24 34 40 62 10 54 7 56 48
44 29 18 43 51 50 20 52 30 19 34 12 21 25 3 26 24 14 22 11 6 23 10 38 39 16 60 17 15 4 47 45 59 2 37 5 54 31 41 63 8 57 1 55 13 42 49 9 33 46 53 40 32 61 48 7 62 58 0 56
19 20 45 42 37 21 29 11 14 46 18 25 49 10 2 12 26 1 24 53 5 17 0 22 54 34 52 50 9 8 30 13 47 44 41 63 61 59 38 56 60 48 3 33 58 15 7 39 16 62 57 23 31 40 6 43 55 51 32 4
44 45 19 18 46 52 59 60 61 11 37 30 9 26 4 3 29 21 10 5 25 38 22 17 20 13 43 55 34 8 16 41 2 51 58 24 33 53 39 40 49 32 6 12 54 1 0 62 50 47 31 14 23 48 63 7 42 57 56 15
44 29 21 13 14 45 30 52 43 42 26 20 54 19 18 38 12 11 34 17 46 47 3 37 49 25 10 1 24 9 55 8 39 33 40 5 53 4 6 56 60 15 58 62 0 51 7 32 16 50 57 59 61 2 22 31 63 48 23 41
26 34 45 21 41 37 38 46 14 33 32 30 23 52 53 19 44 60 39 42 49 22 62 12 20 40 24 54 3 43 61 5 47 58 59 29 50 7 11 51 31 25 13 4 6 63 57 2 56 16 10 48 18 15 8 9 55 17 0 1
37 29 18 44 53 45 38 52 19 54 30 21 12 10 26 47 46 23 60 13 39 11 2 43 63 9 16 55 14 3 34 20 51 5 6 0 4 41 7 22 31 59 42 61 48 58 8 40 49 25 50 56 32 1 17 24 33 15 57 62
19 18 17 34 44 11 33 9 26 42 51 32 0 29 21 16 24 2 37 40 48 53 52 45 38 20 25 13 1 56 54 58 30 62 60 46 61 49 63 31 5 8 22 10 12 59 3 43 50 6 41 23 55 4 14 7 57 47 15 39
37 43 42 41 51 21 40 44 14 38 30 50 49 57 59 33 26 34 46 17 8 7 58 55 48 39 45 53 62 29 56 32 22 19 47 61 10 23 18 60 13 9 31 5 4 20 25 2 1 11 24 16 6 0 52 3 63 15 12 54
37 29 21 30 20 44 34 12 38 41 53 42 22 52 11 13 19 45 43 26 25 3 49 61 60 16 5 23 46 57 24 51 2 6 7 39 4 55 33 15 47 10 50 14 63 59 17 40 31 54 32 18 48 56 9 62 58 8 1 0
26 34 42 20 13 18 21 6 19 29 10 12 37 33 5 51 3 46 7 38 11 41 40 43 44 1 59 14 23 52 60 49 2 25 56 61 47 53 62 50 24 39 30 55 32 16 17 4 45 9 8 48 31 58 57 22 54 15 0 63
44 43 34 25 50 29 20 37 42 57 38 22 51 59 33 24 15 45 53 54 19 39 63 11 18 62 4 46 12 2 32 9 0 41 49 13 6 16 52 60 31 30 10 26 8 5 47 21 14 40 17 55 61 58 48 1 3 7 23 56
37 29 19 43 45 11 26 25 34 54 16 38 18 42 50 57 12 24 33 17 3 8 9 41 51 32 63 44 46 10 31 47 55 20 49 60 39 5 0 1 30 4 58 21 6 22 13 23 15 48 2 40 52 56 14 53 59 61 62
37 45 26 18 44 25 53 62 43 51 17 29 59 16 24 42 11 58 57 9 30 33 34 38 41 21 39 40 8 23 10 60 52 4 32 46 20 0 55 12 48 2 31 56 49 47 13 19 15 50 3 6 61 1 63 54 14 22 5 7
37 45 26 29 46 25 17 42 34 44 43 55 41 9 16 54 19 53 18 8 33 24 32 11 30 21 20 39 52 50 0 40 10 12 38 51 62 60 59 47 61 58 3 1 4 49 48 57 13 14 2 22 6 31 56 63 5 23 15 7
44 45 37 29 20 34 38 31 53 12 11 46 13 61 41 33 26 2 32 48 49 4 42 51 10 18 30 19 62 24 58 25 60 52 16 6 17 8 21 43 40 54 5 22 47 9 39 55 1 0 15 3 59 23 7 56 57 63 50 14
44 29 22 52 53 43 42 49 26 50 60 61 56 48 37 19 57 51 18 46 30 25 62 33 21 17 58 41 9 54 39 15 12 45 38 8 63 13 5 14 31 59 40 47 6 20 55 3 34 1 0 23 10 11 16 32 24 7 2 4
37 29 18 45 30 9 46 38 39 47 55 43 44 54 61 20 12 31 19 53 42 50 17 34 1 4 52 10 21 63 33 60 11 62 51 2 26 8 25 58 57 40 41 48 13 49 3 32 16 14 0 24 56 22 5 6 7 15 59 23
37 45 44 43 51 59 34 41 26 18 53 46 17 61 10 29 38 8 19 30 52 20 55 39 42 9 58 1 48 25 12 21 22 3 47 49 54 31 57 63 24 32 40 50 62 56 14 16 23 33 11 15 60 7 0 4 2 13 6 5
26 34 44 20 42 29 21 22 15 30 18 43 38 9 10 45 54 47 46 63 50 2 14 51 53 61 13 41 52 6 39 58 23 37 25 60 19 32 7 17 5 33 49 11 1 24 40 16 55 3 31 48 8 12 0 57 56 62 4 59
37 45 26 20 19 29 13 11 30 6 53 22 3 54 14 34 43 31 33 50 63 61 46 15 51 47 12 2 21 41 57 25 16 42 40 59 7 18 55 4 39 48 49 44 9 56 10 58 52 24 5 38 32 17 60 0 8 62 23 1
19 34 41 20 29 11 12 48 2 21 26 3 10 22 14 9 5 13 42 15 37 46 4 49 45 25 18 1 55 6 32 24 33 44 51 60 0 16 50 40 7 30 8 53 61 59 31 39 52 17 54 62 43 38 23 63 47 58 57 56
19 20 21 12 29 26 17 38 45 25 31 14 18 44 32 46 22 8 30 10 54 11 4 9 42 3 1 5 53 43 2 16 51 39 13 0 6 59 58 33 24 52 37 61 23 47 50 41 34 15 60 40 48 49 55 57 7 63 56 62
19 34 41 33 44 37 42 10 21 43 26 18 11 3 24 53 46 30 12 25 2 48 62 17 16 51 9 32 60 8 49 1 45 58 52 61 54 20 13 47 39 38 55 14 5 59 50 29 15 63 22 0 31 7 4 40 23 6 57 56
37 29 19 26 20 13 30 31 12 45 33 11 44 34 42 40 10 51 38 39 4 21 22 1 18 6 50 5 43 3 54 58 2 25 9 15 46 53 61 0 7 63 8 60 52 62 23 17 47 16 24 32 41 14 57 49 59 56 55 48
37 45 53 20 21 54 26 18 12 13 14 38 55 61 44 17 46 39 25 7 30 33 8 4 41 31 29 23 9 24 19 43 11 63 47 0 22 34 52 6 5 60 51 59 16 48 32 2 49 3 1 50 58 62 42 57 15 10 56 40
37 45 26 20 21 18 53 38 31 25 12 43 24 19 34 54 10 61 44 17 42 16 32 41 62 63 33 22 14 46 50 2 55 49 48 39 11 4 8 23 3 6 30 40 52 60 51 29 7 59 13 58 1 5 15 9 57 0 47 56
37 45 26 20 54 42 44 34 18 46 41 51 13 17 47 40 29 12 16 6 43 19 21 9 59 60 33 55 30 14 22 24 1 39 38 11 32 31 10 62 23 0 2 53 63 3 5 58 61 4 50 8 52 49 56 15 7 48 57 25
44 29 19 42 37 43 49 26 21 45 52 30 51 11 10 9 33 25 1 12 31 59 14 56 54 40 3 46 18 7 53 38 39 55 24 20 63 32 62 4 41 23 22 61 15 16 50 2 5 13 57 47 6 60 17 0 34 8 58 48
26 20 21 18 10 29 45 44 43 42 22 46 51 30 39 25 24 60 54 14 41 17 6 40 59 23 34 37 16 53 15 5 19 13 7 63 38 50 48 2 9 32 52 0 55 12 58 49 31 8 11 61 4 3 56 47 62 57 1 33
44 29 20 43 30 21 34 37 52 51 12 60 38 26 61 4 11 46 19 13 54 31 25 42 53 10 3 62 9 2 41 1 5 16 8 17 47 48 55 45 24 50 57 49 18 6 0 32 7 39 63 59 58 40 56 33 22 15 23 14
19 18 26 20 11 10 45 44 2 1 13 33 29 21 22 34 42 37 43 51 40 17 50 4 38 12 59 3 25 39 8 52 30 24 61 57 54 53 46 14 62 55 63 15 49 32 7 60 9 31 23 56 16 0 58 6 47 5 41 48
26 34 45 18 41 54 42 48 44 37 40 29 10 33 30 51 63 19 32 31 12 9 8 2 43 16 20 53 22 25 11 50 62 4 5 6 57 0 56 3 23 46 13 61 49 47 21 15 52 59 38 58 17 14 60 1 7 39 55 24
26 18 37 34 33 42 49 40 32 41 50 29 10 56 48 25 21 58 19 2 11 16 9 24 59 57 17 3 1 60 4 12 13 51 8 38 47 39 20 5 46 55 14 0 22 6 43 7 30 52 54 61 62 63 15 53 45 31 23 44
19 18 26 20 10 42 13 17 37 3 49 21 25 34 33 43 1 44 11 9 14 41 40 57 56 4 53 2 5 50 16 45 48 7 32 30 54 12 23 8 58 63 46 55 38 62 24 15 61 52 29 51 22 39 47 60 31 0 59 6
44 45 37 43 51 21 20 38 26 58 54 17 14 53 34 29 8 25 39 11 52 42 49 47 18 60 55 30 19 7 13 22 59 56 61 10 33 62 4 12 3 1 46 31 5 9 2 16 23 32 41 0 24 63 50 40 57 6 15 48
19 20 21 34 45 14 29 11 33 38 12 54 47 31 18 30 37 44 63 42 13 24 7 9 32 40 0 10 26 15 3 5 49 22 2 1 6 17 51 52 16 60 50 56 53 61 39 55 48 41 23 8 25 46 43 59 58 57 62 4
37 45 44 29 21 43 42 26 25 13 53 51 54 24 38 41 58 46 49 59 30 60 61 56 39 31 18 55 40 19 14 7 22 10 9 23 12 33 11 8 6 62 4 15 52 47 34 17 20 3 16 50 2 57 63 5 32 1 0 48
44 45 26 18 19 20 54 42 34 25 16 53 13 21 10 46 43 51 38 6 41 55 29 48 61 2 12 33 22 5 59 24 62 30 32 31 4 11 17 3 50 40 23 49 37 60 1 63 14 47 7 15 58 52 39 9 56 57 8 0
37 29 20 11 19 44 13 34 21 18 17 25 26 38 3 14 46 6 7 30 52 15 31 8 47 10 23 53 41 12 24 1 43 22 62 32 5 16 2 33 9 55 63 50 42 0 54 4 45 39 57 51 58 59 49 48 60 61 40 56
37 45 26 34 53 54 41 21 55 18 10 29 20 17 22 14 30 63 43 38 16 52 47 19 15 48 33 51 59 25 46 9 32 23 62 42 13 7 1 8 11 0 60 50 24 5 57 44 49 58 2 61 6 3 4 40 56 12 39 31
44 45 46 43 42 34 18 19 33 41 20 51 58 29 26 25 37 9 50 21 0 57 30 60 10 11 56 39 31 52 14 12 4 5 32 47 49 2 53 16 55 48 24 61 40 13 8 7 22 15 62 3 23 6 17 59 54 63 38 1
19 20 21 34 42 13 5 29 37 44 11 30 38 49 52 45 23 39 47 53 31 6 33 24 12 4 43 3 41 26 51 14 7 50 25 32 57 40 48 46 58 17 54 55 18 22 2 61 9 60 15 8 63 1 16 10 62 56 59 0
19 20 37 34 33 44 51 32 21 10 1 11 26 22 13 29 3 38 12 25 46 52 17 58 14 8 24 6 5 30 31 18 43 23 45 4 39 9 60 2 0 53 54 62 61 42 15 7 47 55 50 57 16 49 63 41 56 40 59 48
26 18 10 43 42 9 44 2 0 16 45 37 51 58 17 54 49 25 38 41 34 24 63 8 59 46 19 3 57 39 53 60 32 62 20 13 61 1 50 11 30 48 33 55 6 29 47 21 12 14 31 56 40 23 7 22 5 52 4 15
19 20 37 18 9 44 13 0 34 21 45 5 6 54 4 46 22 23 31 33 41 26 52 49 42 29 56 53 15 50 63 48 38 55 17 30 25 8 47 12 58 24 62 60 16 59 10 11 1 14 57 40 3 32 43 39 7 51 61 2
44 45 37 43 54 29 34 26 21 30 42 33 22 52 59 61 18 17 24 12 50 51 19 40 10 57 5 41 25 47 39 9 49 15 38 46 55 11 0 48 53 62 56 8 4 58 3 14 7 6 31 13 1 60 32 16 23 2 20 63
26 20 37 44 45 42 19 17 34 12 8 33 49 50 11 2 4 21 18 48 53 29 32 61 56 41 58 3 30 25 14 38 9 16 0 22 39 1 5 57 15 13 10 52 54 55 24 23 43 59 63 31 40 7 51 46 47 60 6 62
37 45 26 20 19 38 21 10 44 34 30 17 41 22 39 29 46 33 12 54 47 51 42 48 61 62 11 53 8 3 32 24 15 23 4 40 49 13 14 58 43 50 57 56 59 60 25 7 18 2 31 52 9 1 5 6 55 63 0 16
26 34 45 37 43 53 25 50 38 29 20 18 10 31 39 13 23 24 51 21 52 59 12 9 30 19 49 11 4 48 32 17 0 5 3 14 44 42 33 1 56 46 2 16 61 40 41 54 62 8 58 47 55 57 7 15 22 63 6 60
44 45 19 34 46 20 12 53 43 26 61 13 17 51 50 37 18 42 59 58 49 8 29 10 60 30 14 55 52 54 39 47 2 31 57 62 23 21 24 9 22 56 33 38 1 3 4 16 63 25 32 40 48 5 41 6 11 0 7 15
37 43 34 45 19 29 38 25 51 26 53 42 22 30 21 59 24 18 31 12 49 44 58 16 50 41 10 48 60 11 3 52 40 4 33 15 5 2 9 61 54 23 39 46 8 32 47 13 20 56 6 0 17 63 1 55 57 14 7 62
26 20 37 34 21 25 24 18 41 29 30 45 13 5 22 32 54 31 38 44 15 12 10 14 43 52 40 19 46 9 17 16 11 62 61 6 53 1 63 59 2 33 23 7 60 3 39 55 4 49 42 50 58 56 8 0 47 48 51 57
26 20 45 25 19 10 21 34 33 29 18 41 22 43 48 49 37 13 40 9 4 46 2 6 57 1 50 54 63 51 42 58 24 14 11 12 7 23 59 32 15 53 61 3 17 30 0 56 44 8 55 62 31 5 52 38 47 60 16 39
19 18 26 34 44 45 17 25 33 24 32 40 54 42 49 12 10 51 41 50 58 37 30 3 48 56 5 9 16 59 43 63 57 11 46 38 52 8 20 53 61 23 0 4 39 60 22 62 29 15 1 31 55 47 13 6 14 2 21 7
37 43 50 45 44 51 34 29 19 18 17 10 22 9 53 16 21 41 26 38 48 57 46 33 25 20 1 8 30 31 12 2 23 40 32 47 3 14 39 49 6 55 59 52 42 54 0 15 62 7 11 4 56 5 24 60 58 63 13 61
26 34 43 18 19 12 25 33 9 0 10 29 5 32 16 11 8 17 37 52 42 24 30 3 20 41 61 13 14 4 49 48 21 39 40 38 46 54 44 22 55 56 23 50 45 15 63 31 51 6 47 60 7 53 62 1 59 58 57 2
37 43 50 51 26 29 34 57 21 25 24 16 41 22 59 52 33 19 23 14 8 40 53 46 38 44 13 39 7 61 42 20 11 49 48 58 45 56 47 10 60 62 17 55 12 18 3 32 63 30 9 0 31 15 1 2 6 54 4 5
19 18 44 43 50 37 42 20 29 45 12 51 26 34 59 41 49 5 11 4 52 30 2 61 48 40 25 33 21 10 32 53 1 56 54 55 57 22 3 38 63 24 39 46 13 14 58 47 7 0 60 62 31 6 17 23 15 9 8 16
26 34 45 18 9 21 41 42 25 48 50 59 29 19 44 24 16 8 17 53 14 7 13 30 20 6 43 52 40 49 5 11 61 46 23 10 56 62 33 60 47 39 2 12 3 15 22 55 4 54 58 31 1 0 37 32 63 57 51 38
26 34 44 20 19 37 46 11 42 33 32 29 22 49 13 55 43 52 38 51 25 16 59 24 3 58 60 61 56 40 54 6 50 47 18 17 8 21 62 15 48 41 12 4 30 14 57 23 7 39 9 5 10 45 31 1 63 53 0 2
26 18 10 25 24 20 29 22 45 44 21 13 52 43 37 19 14 1 12 6 23 60 7 46 50 4 38 34 5 57 61 33 32 15 2 3 54 62 51 53 59 31 41 48 0 47 55 9 16 17 40 8 42 49 63 39 30 11 56 58
37 29 20 11 18 26 17 25 19 44 3 38 43 9 21 4 52 12 8 60 5 50 24 14 30 42 23 31 49 16 45 33 58 15 59 22 0 7 41 56 2 57 47 39 46 61 13 10 34 40 48 32 1 51 6 54 53 62 55 63
26 18 44 34 19 37 25 17 9 29 33 51 46 11 53 32 30 16 45 1 3 12 10 54 62 55 0 2 20 61 42 23 13 38 60 58 24 6 31 43 4 49 21 5 50 41 39 8 7 52 15 22 40 59 14 48 56 47 57 63
19 18 26 20 29 43 12 22 42 41 49 11 37 13 21 38 44 50 5 57 51 34 17 52 60 4 23 61 40 16 62 14 10 45 3 32 6 1 53 33 25 2 58 54 63 59 8 0 46 55 30 56 24 48 9 7 15 31 47 39
37 45 44 29 20 13 26 34 30 53 61 54 55 21 51 17 5 31 42 6 7 62 18 33 24 46 47 9 8 63 12 32 41 58 23 50 10 19 49 15 48 11 38 22 3 60 43 57 14 2 56 52 39 4 59 0 40 16 1 25
37 43 50 21 20 51 42 29 22 12 4 49 60 14 33 59 56 23 15 34 7 61 57 45 52 41 19 32 25 53 31 13 58 24 54 11 6 44 26 46 10 17 18 2 16 40 9 62 48 3 38 47 63 30 55 39 1 8 5 0
26 20 21 18 12 25 24 32 10 34 45 16 43 37 41 11 42 52 51 48 59 50 46 13 49 61 29 44 5 47 19 2 9 1 60 58 55 3 39 6 38 31 30 56 54 4 53 33 57 22 17 63 23 14 7 15 62 8 0 40
37 29 22 46 18 42 20 21 34 26 41 10 14 45 53 54 39 13 50 19 4 55 11 2 17 24 38 9 3 61 25 31 30 44 62 47 8 5 12 33 43 40 60 52 48 56 51 32 49 1 16 0 63 7 15 23 6 58 59 57
26 18 37 45 10 29 21 19 12 43 54 1 38 46 44 30 51 34 9 59 11 17 24 2 22 8 42 55 3 15 0 50 20 16 49 63 62 48 57 23 53 33 41 5 39 4 32 31 60 40 14 56 13 61 52 6 25 58 47 7
19 18 26 34 9 0 44 29 43 42 37 12 33 45 38 24 32 46 21 47 30 31 50 49 52 40 54 57 3 62 58 41 22 59 20 13 14 7 60 51 53 6 63 55 23 5 39 61 17 25 4 15 56 10 8 48 16 11 1 2
37 45 26 29 38 47 21 13 46 43 39 31 5 22 23 19 30 15 12 3 34 41 14 25 52 54 44 20 24 42 40 17 8 7 62 18 9 61 60 0 33 50 10 59 58 1 53 32 11 4 63 48 51 55 2 16 6 57 56 49
37 45 19 18 44 11 9 43 34 30 52 0 10 51 38 41 12 29 8 47 20 2 26 16 13 25 17 21 48 60 3 42 59 14 22 4 61 40 46 56 1 39 24 31 50 57 15 6 53 49 33 32 7 55 5 58 23 54 63 62
19 34 41 18 26 33 25 20 10 16 21 13 32 29 22 48 4 12 49 40 44 6 37 46 30 57 42 43 24 31 15 53 39 5 3 23 51 58 14 38 56 50 7 47 11 17 45 52 55 1 54 59 8 62 60 61 63 2 0 9
37 29 21 45 26 13 54 43 51 19 14 33 11 20 17 15 6 10 38 46 47 30 3 53 40 1 22 25 52 59 50 31 42 34 18 62 9 2 63 60 4 5 24 55 0 16 12 57 39 23 41 7 58 44 32 48 56 49 61 8
19 20 29 18 12 34 41 33 25 48 11 4 37 32 49 44 2 43 50 51 53 26 10 22 38 13 15 40 42 31 56 3 60 58 57 17 59 30 9 39 24 16 23 8 5 46 0 62 21 7 55 54 52 45 47 63 1 61 6 14
26 34 45 18 42 54 19 20 11 12 17 4 63 44 41 8 25 49 29 37 43 53 2 33 56 21 10 9 52 51 5 6 0 13 59 57 16 50 3 46 7 55 58 24 48 40 61 30 23 14 38 1 62 60 15 39 47 22 32 31
19 20 13 10 37 46 21 43 55 14 29 22 1 38 23 6 12 31 15 18 42 2 26 0 45 54 11 41 49 25 44 51 17 33 34 24 50 58 32 57 59 4 30 52 3 48 62 9 8 16 60 53 61 7 5 63 56 47 40 39
26 20 13 18 44 45 19 21 29 34 43 14 11 12 46 30 41 53 22 2 9 23 31 33 15 51 61 25 5 0 4 54 10 6 37 38 47 55 42 50 49 62 58 48 7 57 1 59 32 16 17 8 60 24 3 52 63 40 56 39
37 43 18 38 46 20 34 33 30 9 32 45 19 31 13 12 44 25 11 2 52 29 21 14 47 26 22 23 15 17 16 39 1 42 5 24 4 59 53 3 40 55 6 7 51 48 56 62 61 50 63 8 0 60 10 41 49 54 58 57
44 45 46 54 19 47 37 29 22 10 53 60 21 26 51 42 63 55 58 30 17 8 49 12 14 13 39 33 5 20 62 15 1 38 25 56 61 18 40 24 23 6 4 11 31 52 34 2 59 0 32 43 41 57 9 50 3 48 16 7
44 43 18 29 26 19 42 34 30 31 12 51 60 25 20 9 38 21 39 59 24 4 5 17 33 45 11 47 37 41 52 61 0 2 53 62 3 22 50 57 13 16 40 6 23 15 14 46 10 7 8 1 54 49 58 55 63 56 32 48
37 29 20 45 34 19 21 12 54 53 38 14 7 47 18 33 4 10 43 42 49 55 30 52 11 26 61 50 17 46 25 5 63 62 2 31 32 23 13 56 51 59 58 1 0 44 6 16 60 41 40 57 15 22 8 3 24 9 48 39
26 20 21 22 44 52 13 17 25 19 53 24 34 4 11 41 23 14 6 18 29 42 51 7 43 62 40 50 15 48 49 37 60 5 12 59 16 3 54 33 56 31 32 57 46 30 10 1 58 2 39 55 38 47 9 8 45 0 61 63
37 45 53 38 29 43 42 22 19 18 26 20 30 33 25 54 24 34 55 41 47 40 14 21 44 31 51 7 50 32 17 49 48 52 60 59 46 10 58 13 1 56 57 62 15 11 5 12 2 4 39 23 3 61 9 0 16 8 6 63
26 20 13 18 37 34 33 42 51 44 52 49 19 53 54 45 43 17 38 39 29 21 12 63 47 4 11 6 50 25 8 9 46 22 10 61 59 57 58 2 48 40 31 16 30 14 56 41 32 60 24 23 55 62 7 3 0 1 5 15
37 29 21 43 34 25 50 51 52 57 49 14 16 38 47 41 19 26 32 12 20 22 48 44 15 42 11 13 33 10 18 56 5 58 4 3 9 45 2 0 59 53 54 46 23 30 55 61 31 40 60 62 8 24 17 6 63 1 39 7
26 34 43 18 25 33 10 52 40 9 8 32 42 41 50 19 45 57 59 2 12 61 17 20 11 16 1 24 3 0 49 44 53 37 29 51 60 21 62 5 38 30 22 13 4 46 55 14 7 54 6 47 63 23 15 56 31 39 58 48
19 20 45 26 17 43 12 54 34 33 63 11 10 37 29 18 41 3 52 16 44 2 40 32 24 30 22 38 46 53 21 47 1 15 55 25 31 42 39 48 60 14 13 23 6 61 59 7 51 0 8 62 49 4 5 58 57 9 50 56
44 29 22 52 43 34 50 26 60 53 45 51 17 18 42 16 19 20 8 33 12 5 54 62 10 13 24 21 46 63 38 31 14 32 37 30 15 6 23 61 4 58 39 1 49 3 41 56 55 0 25 40 57 47 7 11 2 48 59 9
19 18 17 34 43 52 44 20 51 42 45 29 30 46 37 59 49 10 13 23 3 22 38 31 58 21 26 6 14 33 53 7 5 41 47 1 39 56 48 55 60 4 57 16 15 61 9 8 2 50 32 40 25 12 62 24 0 11 63 54
37 45 44 43 42 29 38 49 52 60 19 46 55 39 41 34 31 23 56 21 13 22 26 4 30 53 20 33 6 51 12 14 54 5 32 24 3 57 18 11 48 25 7 15 10 2 59 47 17 9 8 16 0 62 61 40 50 1 58 63
37 29 20 45 44 11 54 51 12 43 42 63 26 41 2 18 38 34 53 46 59 31 47 62 49 39 48 40 10 58 56 22 32 13 61 52 57 17 30 4 33 21 15 3 19 1 14 23 9 5 7 8 6 25 50 60 0 24 55 16
19 34 45 21 43 20 12 18 14 52 11 29 51 2 59 54 3 22 30 50 33 38 63 25 46 41 32 16 13 4 9 44 5 17 53 39 26 37 31 47 42 23 1 15 6 0 10 7 8 60 55 58 61 49 40 24 57 56 48 62
37 45 26 29 30 23 46 21 44 55 38 51 13 25 22 20 18 47 17 31 19 16 24 54 52 42 9 5 39 8 63 34 53 0 12 59 50 58 49 62 61 3 43 11 14 32 4 41 57 15 33 60 2 40 10 56 6 7 48 1
26 18 10 43 45 37 51 53 54 19 20 55 29 21 22 34 63 59 33 25 32 11 2 17 38 13 9 23 47 40 46 3 61 1 4 39 12 5 24 52 8 16 41 0 6 14 7 15 30 31 50 57 49 62 44 42 48 56 60 58
26 34 43 20 33 25 19 32 13 50 51 10 41 42 12 44 1 58 17 18 37 4 21 49 56 2 5 29 16 45 11 40 57 22 3 48 31 6 30 8 38 47 39 23 52 53 61 60 24 0 15 46 54 14 55 62 7 9 59 63
44 29 20 13 18 26 22 10 11 30 6 14 19 52 33 21 53 5 37 3 7 43 39 62 2 40 60 17 42 51 15 31 9 25 34 46 23 38 58 50 55 45 32 8 57 24 0 41 54 61 4 63 49 12 59 48 1 47 56 16
44 43 50 21 19 52 29 37 14 13 53 42 49 26 30 15 51 62 33 31 23 41 7 57 18 58 12 46 55 17 39 5 16 60 59 40 20 11 34 38 3 22 48 4 56 25 61 8 0 2 45 54 24 6 32 10 1 9 47 63
37 45 44 43 50 21 51 42 20 38 46 59 29 19 52 54 33 41 18 34 22 53 26 24 60 30 25 17 48 11 47 15 31 49 56 61 12 5 8 13 40 10 9 23 58 57 63 39 62 32 6 0 55 4 14 16 7 3 1 2
26 18 10 34 45 17 25 3 9 21 20 24 42 19 13 44 14 0 11 12 2 54 4 15 6 22 30 7 16 41 48 5 29 39 63 49 57 40 53 1 33 56 50 37 31 38 23 8 46 55 47 32 43 58 59 51 52 62 61 60
37 45 19 29 30 18 46 47 55 11 39 43 50 51 53 57 34 54 59 20 44 33 10 52 26 23 3 17 62 1 49 61 42 4 24 40 21 13 5 38 41 58 31 63 22 25 60 2 48 32 0 16 56 12 8 6 14 9 7 15
26 18 19 34 43 52 9 10 1 20 51 42 53 61 33 0 37 44 13 45 21 32 41 11 25 38 30 46 2 22 12 40 23 59 48 14 62 24 17 3 4 29 55 50 15 16 8 63 49 54 47 58 57 39 60 7 5 56 31 6
37 29 18 45 21 34 44 43 52 19 50 9 11 60 54 57 59 4 30 53 61 38 33 46 55 25 3 63 39 20 41 14 12 32 51 42 0 22 24 49 47 2 15 5 16 23 31 17 13 8 56 1 10 6 62 26 58 7 40 48
37 45 44 29 21 43 52 13 26 42 30 53 51 17 46 50 8 34 59 22 58 19 11 54 5 38 62 25 18 49 20 9 60 33 48 14 7 3 61 57 47 4 24 32 40 41 10 1 2 63 16 12 31 6 55 0 56 39 15 23
44 43 34 25 42 51 33 45 52 29 38 24 41 48 26 60 32 49 30 31 22 40 54 37 19 50 57 21 18 20 53 55 39 13 16 10 17 46 15 14 2 3 8 11 5 47 7 1 61 9 0 12 59 58 63 56 23 6 4 62
37 43 42 29 51 38 19 34 21 52 46 18 33 41 26 60 9 13 50 20 44 30 40 32 39 11 23 58 5 14 57 0 25 49 53 22 12 24 7 31 17 15 16 48 1 8 56 10 59 2 3 4 61 47 55 6 45 54 62
44 43 42 29 18 26 20 51 30 21 50 39 13 45 31 41 49 22 34 19 10 17 14 2 46 47 12 25 33 4 52 61 5 24 55 40 9 11 54 56 60 16 8 0 32 23 37 38 3 53 48 58 62 63 59 7 57 6 1 15
37 29 19 43 45 53 38 47 61 11 26 21 10 17 30 3 1 12 24 8 14 46 20 9 25 22 51 42 39 18 23 50 44 7 2 33 49 60 13 5 52 59 54 58 6 62 57 15 31 0 55 41 40 48 56 4 34 63 32 16
26 18 37 45 19 29 44 25 46 53 24 11 12 10 60 47 21 30 31 5 55 54 62 34 43 61 63 14 9 42 52 0 41 50 17 32 57 16 13 38 20 59 7 15 58 51 2 49 33 4 23 40 48 56 8 3 39 22 1 6
37 43 34 45 20 25 54 13 18 44 21 29 53 46 39 38 52 63 14 15 5 47 55 31 23 11 22 4 6 19 50 7 17 57 41 26 32 61 51 24 2 16 60 40 10 59 12 9 42 33 49 56 8 48 1 0 30 3 62 58
37 43 50 45 44 29 20 19 11 34 22 51 54 49 59 46 53 13 41 38 30 10 18 2 33 61 21 47 4 31 1 12 62 32 14 52 48 55 42 0 60 3 39 58 57 26 25 9 8 56 23 7 5 17 16 24 40 6 63 15
26 18 19 20 13 21 10 1 11 34 43 12 17 16 29 44 2 4 0 52 3 5 9 8 37 30 6 25 39 22 60 61 42 31 23 14 32 49 62 15 38 51 24 33 50 47 59 45 53 41 46 54 48 40 55 56 57 63 7 58
37 43 34 29 51 33 32 46 19 42 38 26 21 30 41 13 20 48 40 10 56 59 44 49 23 52 60 31 50 15 58 45 39 47 12 4 6 5 14 11 18 57 54 25 22 53 2 3 55 1 7 17 0 63 62 61 9 24 16 8
26 18 44 45 19 20 54 63 10 34 46 33 62 9 12 37 17 4 42 51 49 41 32 1 53 43 48 55 29 40 2 22 21 52 15 8 5 56 24 14 38 31 50 13 7 59 47 39 23 3 25 16 30 6 57 11 58 61 0 60
26 18 37 25 24 32 40 29 20 44 34 30 46 45 53 61 23 31 39 51 11 43 54 33 42 47 38 9 22 52 19 21 0 49 41 3 56 17 58 59 12 1 50 15 4 14 7 5 63 55 10 13 62 57 60 16 2 8 48 6
44 45 46 34 18 19 20 29 43 50 42 52 33 38 60 9 31 11 10 47 30 41 3 12 57 26 21 40 54 13 4 58 2 51 14 37 49 22 1 7 15 55 0 39 53 56 63 61 23 5 59 8 6 17 62 25 16 48 24 32
26 18 37 25 24 45 53 20 21 22 12 42 9 44 51 54 46 62 63 0 11 17 1 30 39 13 49 8 34 38 6 52 60 33 40 41 43 29 15 47 48 31 61 10 3 5 32 7 4 50 55 2 19 23 14 56 58 59 16 57
26 18 44 29 22 52 43 51 10 45 53 54 37 9 20 15 21 30 39 19 38 31 60 1 13 42 63 59 34 5 49 33 23 56 24 46 50 58 0 47 57 62 6 11 3 17 4 12 55 32 41 14 25 61 40 2 7 16 8 48
44 43 50 29 34 57 51 33 49 41 25 17 48 52 37 59 26 42 58 32 21 22 23 19 40 20 53 14 9 15 60 24 56 1 13 45 11 4 46 55 7 61 8 18 12 3 31 16 54 5 6 62 2 10 47 0 63 30 38 39
19 18 44 29 9 42 30 37 46 20 43 52 51 22 41 45 54 53 62 47 39 23 15 21 55 26 14 5 7 6 60 11 10 58 59 34 25 8 0 33 57 49 48 40 13 56 24 12 3 50 38 31 2 16 4 61 17 1 32 63
19 20 37 18 11 45 21 12 3 43 25 14 44 13 51 9 26 34 33 42 15 46 17 4 38 41 16 22 30 29 32 59 54 2 1 55 60 10 5 24 53 50 52 40 47 23 49 61 62 31 8 48 63 7 6 39 57 58 56 0
19 18 37 29 17 45 38 10 53 43 3 39 20 9 47 22 44 54 52 46 42 12 62 16 15 1 31 63 11 50 24 51 13 41 0 34 61 55 40 25 21 14 4 60 26 5 57 32 7 49 59 30 48 56 6 58 2 33 8 23
19 34 42 50 37 21 29 38 49 56 47 22 43 39 20 44 46 18 11 45 23 53 31 10 52 30 9 14 25 51 61 60 41 12 57 33 7 2 15 13 32 26 4 62 1 24 16 17 59 0 40 5 55 58 6 54 8 3 63 48
37 45 44 43 51 21 53 59 42 52 34 49 50 54 46 29 38 26 13 47 25 22 30 14 6 19 12 24 57 7 16 5 55 62 23 33 32 20 18 60 61 11 56 63 31 48 10 2 58 15 40 39 41 17 8 1 9 4 3 0
37 45 53 43 42 54 55 20 44 61 52 63 46 50 21 29 12 13 57 38 14 59 47 5 19 15 22 49 30 4 34 25 48 41 40 32 60 18 26 33 17 31 58 16 39 62 9 56 3 24 6 1 10 51 0 23 11 2 7 8
37 29 18 43 45 26 20 10 21 30 50 13 5 42 34 54 23 38 53 51 60 58 55 31 39 63 41 59 52 19 1 22 44 46 15 32 9 0 49 2 33 62 47 7 11 56 61 4 17 16 6 40 8 12 48 14 24 57 3 25
26 34 45 20 42 25 18 43 13 37 41 29 16 9 11 10 8 12 44 51 60 58 30 19 52 1 4 32 2 21 46 55 22 31 38 40 50 23 47 5 0 17 48 3 33 57 49 14 63 61 15 59 24 39 6 54 53 62 56 7
19 18 44 43 51 20 12 45 46 59 26 54 42 50 63 41 49 11 60 56 33 5 9 25 48 37 10 61 24 40 32 52 13 17 57 0 8 16 53 62 29 34 58 2 1 3 4 14 21 22 31 38 7 6 30 15 23 55 47 39
19 18 26 34 45 37 25 32 24 53 10 17 16 11 42 33 46 39 44 50 3 2 54 43 9 63 62 12 13 1 51 38 40 52 8 29 59 41 47 49 0 4 58 61 22 56 5 14 20 21 31 57 30 15 6 7 23 60 48 55
44 43 50 37 30 51 26 20 12 57 59 52 60 23 38 42 58 53 49 48 22 29 40 34 41 45 46 19 56 54 61 4 47 31 13 25 21 39 16 33 15 6 5 62 11 17 18 2 63 55 3 32 1 0 24 9 10 8 14 7
26 34 42 33 41 49 43 18 29 21 20 52 25 16 44 22 45 12 56 19 40 51 9 10 15 8 13 37 60 48 3 14 7 46 38 39 59 32 30 50 31 6 11 4 23 54 63 2 17 24 55 47 53 62 61 58 1 0 57 5
26 20 45 44 43 25 29 42 19 30 22 12 11 46 52 10 18 59 49 38 54 31 3 15 1 2 14 0 13 53 17 9 34 39 47 50 24 8 37 48 62 33 40 4 6 63 58 55 5 41 16 61 51 57 21 23 60 7 56 32
19 18 37 45 44 20 11 4 13 21 9 0 53 5 12 46 29 30 2 60 16 38 47 52 34 41 22 39 14 23 10 3 43 8 1 6 62 24 33 55 17 54 63 61 15 25 49 26 42 48 32 51 50 57 58 59 7 40 56 31
19 20 29 22 12 11 21 18 3 34 14 13 23 10 1 26 43 52 33 4 17 40 2 9 6 24 16 0 32 31 5 42 15 44 49 58 51 37 41 7 38 59 57 46 50 39 25 30 55 48 60 45 53 61 54 62 63 8 56 47
37 43 34 29 51 50 52 46 22 41 38 39 49 57 45 44 20 59 54 15 42 63 48 40 60 33 32 13 55 21 30 53 14 61 19 23 12 18 62 6 26 4 58 56 9 0 31 47 7 11 5 17 10 3 1 2 25 24 16 8
19 20 21 12 3 14 37 4 22 44 51 34 6 46 42 30 23 39 5 38 26 58 13 18 10 41 48 33 55 7 29 2 31 15 52 53 40 17 49 32 54 56 16 24 60 62 47 63 43 50 59 8 57 9 1 11 45 61 25 0
37 43 42 45 19 41 54 29 44 53 38 31 46 11 61 55 18 25 21 20 40 34 9 17 30 51 58 1 16 10 47 62 0 14 63 23 3 12 22 13 7 15 6 26 60 2 4 50 32 8 59 39 24 57 33 52 49 48 56 5
19 20 37 44 53 38 21 12 45 10 3 51 31 5 29 30 52 54 23 43 11 22 9 13 18 8 60 39 0 15 6 7 42 49 41 59 4 34 14 50 63 61 33 2 1 24 58 16 46 32 48 56 57 25 62 17 26 40 47 55
44 43 50 51 34 45 26 49 37 29 53 61 59 52 41 20 46 48 38 17 22 54 11 13 55 63 19 47 25 58 6 33 16 2 18 10 4 62 12 14 3 9 21 15 24 42 30 8 31 1 0 60 5 32 57 23 40 56 39 7
37 43 34 41 33 25 19 29 30 22 45 20 26 31 42 44 21 51 52 50 24 14 48 11 18 38 13 12 32 59 39 17 10 47 61 53 60 58 6 40 23 9 55 5 2 16 54 7 0 3 8 46 4 62 57 1 49 15 63 56
26 18 44 43 50 25 24 21 9 17 10 19 37 53 42 2 33 45 46 29 11 0 8 52 38 3 54 16 13 40 61 41 1 34 4 39 20 51 59 62 30 12 63 5 23 55 32 58 31 48 57 49 47 22 15 56 14 60 6 7
26 34 42 20 45 44 37 41 21 18 53 29 9 61 54 22 48 55 17 0 30 33 32 43 10 38 8 25 63 16 13 19 14 47 15 40 52 56 46 31 49 60 12 2 59 51 39 7 62 3 50 6 1 24 5 58 23 4 11 57
37 43 42 29 21 22 51 38 30 20 39 50 49 47 15 14 11 57 23 45 58 12 26 19 13 5 18 9 10 2 56 31 44 52 3 4 8 48 60 16 61 0 41 6 54 40 34 17 46 33 25 53 32 7 62 24 59 63 1 55
37 43 42 41 51 21 34 26 18 46 29 44 13 30 22 15 19 52 17 12 49 57 48 25 20 40 4 10 31 56 50 9 8 23 7 3 55 33 32 14 2 59 53 54 58 39 61 45 0 24 16 60 47 62 38 11 6 1 63 5
44 45 26 34 41 53 52 51 58 21 20 19 46 48 54 33 17 63 38 29 55 43 42 59 50 25 16 8 40 62 0 60 30 22 13 18 47 5 15 57 9 24 12 14 31 11 10 49 61 7 56 23 6 39 37 2 3 1 32 4
37 43 42 41 26 21 44 25 17 52 29 34 49 18 53 57 10 22 40 38 51 61 20 45 58 33 46 13 15 39 16 9 59 2 55 54 5 6 32 50 31 19 48 4 47 60 11 12 0 23 14 3 63 24 8 56 30 62 1 7
19 34 45 20 21 37 42 54 26 12 13 30 14 15 5 49 46 33 32 29 44 10 39 11 38 53 56 31 6 17 1 18 47 2 60 55 8 22 3 4 9 52 62 51 59 16 25 61 23 63 24 58 50 41 43 0 57 7 40 48
44 29 20 11 12 45 34 18 10 2 46 13 37 41 9 8 33 25 21 43 0 52 50 47 5 22 19 59 53 38 3 60 54 61 30 42 51 6 32 4 49 48 39 16 40 31 26 14 1 24 57 58 7 17 55 63 56 15 62 23
26 34 43 18 33 44 25 21 11 9 37 41 20 30 10 42 22 14 51 24 7 45 40 32 8 6 39 13 52 60 59 4 50 58 38 48 12 29 16 3 49 46 54 0 53 61 23 55 63 17 15 2 31 57 56 47 19 5 62 1
44 43 50 37 29 45 42 52 38 51 26 20 11 17 46 54 59 12 4 30 23 53 25 19 9 33 39 60 34 3 63 62 21 22 32 49 2 5 57 8 13 41 55 61 31 58 6 1 10 14 0 18 56 48 24 40 16 15 7 47
19 18 17 29 21 20 37 43 12 9 34 45 51 16 44 22 46 54 26 52 8 38 24 4 5 25 53 58 39 11 50 30 63 13 33 32 14 60 41 23 59 42 2 10 57 49 31 6 1 56 15 3 7 61 40 48 62 47 55 0
37 45 26 38 44 51 46 17 42 33 39 18 58 60 49 34 25 47 11 19 20 21 24 29 10 16 53 40 30 4 55 61 9 52 2 12 13 14 22 23 43 56 31 6 41 5 59 32 54 50 62 3 7 1 48 57 0 15 8 63
44 29 19 52 45 42 22 46 43 30 20 50 31 18 53 21 57 23 13 34 39 58 33 6 5 24 61 51 59 62 60 4 11 10 32 12 41 47 9 17 54 37 25 56 26 15 14 8 7 49 40 55 2 48 3 38 1 0 63 16
26 20 13 12 11 42 43 18 37 45 41 2 10 6 21 51 60 38 14 7 19 9 39 34 1 44 29 59 4 22 30 0 15 49 33 5 54 48 56 25 46 53 3 61 32 47 17 16 24 31 40 50 23 57 55 52 63 62 8 58
37 45 53 29 21 38 47 61 19 22 46 26 33 10 11 14 13 5 1 18 7 39 30 55 12 34 25 20 43 24 16 31 54 32 40 63 52 44 41 3 62 9 8 60 59 51 17 4 6 0 50 23 15 58 42 2 57 49 48 56
26 34 43 20 29 38 13 6 22 52 33 41 42 45 37 32 50 49 44 30 31 58 48 21 25 14 57 24 4 23 15 59 11 56 40 19 17 9 51 2 1 10 54 0 53 8 39 63 3 46 55 60 47 18 12 7 16 62 61 5
19 34 43 18 26 52 42 50 51 60 44 53 25 11 9 17 10 8 61 45 2 41 59 21 0 16 20 3 38 46 39 12 29 58 54 33 24 32 1 4 57 13 40 47 31 62 5 48 56 30 63 55 14 7 37 49 23 6 22 15
44 45 37 43 54 21 52 53 61 63 26 59 29 22 30 18 55 42 41 46 47 62 60 34 51 31 23 40 14 15 25 32 24 33 11 16 50 49 13 9 58 5 7 19 17 4 20 10 6 39 48 12 3 57 38 56 1 2 8 0
44 45 19 34 41 11 20 18 26 42 54 40 49 53 9 12 43 37 29 0 17 50 3 55 51 59 57 56 32 10 1 60 33 16 61 25 8 52 13 6 48 58 14 30 31 22 15 4 46 24 21 5 47 62 23 63 7 39 38 2
26 18 10 20 37 43 44 25 50 9 8 0 19 11 33 46 38 45 1 34 24 53 13 32 3 4 17 39 12 21 40 16 30 52 55 57 60 22 31 2 14 61 42 48 58 51 62 7 6 23 49 41 59 47 56 15 29 54 5 63
26 20 37 25 21 45 19 29 44 11 10 43 12 4 38 39 13 2 42 18 24 22 1 41 23 9 46 30 17 16 40 15 14 47 7 50 0 8 58 57 59 55 51 32 56 31 3 54 63 6 53 62 34 33 61 49 52 5 48 60
26 20 21 34 19 13 43 50 5 22 33 4 51 18 44 41 25 37 12 10 14 42 3 32 49 60 30 6 11 2 17 38 46 24 39 54 15 40 23 52 53 62 1 16 9 56 29 31 55 47 7 48 57 61 45 63 59 58 0 8
19 20 13 18 44 11 17 25 3 4 2 22 9 1 32 45 26 12 8 24 37 16 21 40 10 53 61 62 5 38 46 54 23 0 47 63 42 43 34 33 55 51 58 39 41 49 50 59 56 6 60 14 30 57 48 29 7 15 31 52
26 20 21 18 19 34 43 52 37 11 2 46 17 10 44 13 9 3 29 12 45 42 41 40 51 25 47 50 4 22 31 54 33 24 14 7 63 38 57 8 6 55 5 49 58 39 30 59 56 23 48 62 53 1 15 32 0 16 60 61
37 45 44 43 18 9 34 30 38 29 52 39 0 26 19 10 17 42 25 50 20 24 51 60 59 8 61 21 22 15 13 46 57 11 47 55 33 54 53 62 12 41 31 49 3 58 56 14 23 48 5 6 16 4 2 1 63 7 40 32
26 20 45 42 34 25 16 43 12 33 41 24 51 21 18 8 44 3 14 60 32 52 0 49 19 54 61 50 59 53 58 17 4 5 46 7 55 9 22 38 29 30 47 31 6 40 11 15 37 39 57 2 48 13 23 62 1 63 10 56
44 29 19 52 37 26 51 12 20 43 17 11 21 46 38 50 55 25 58 14 10 8 42 9 5 45 60 57 2 4 49 61 18 53 32 24 23 39 54 30 31 1 13 63 16 7 15 22 56 0 6 48 47 59 3 40 34 33 41 62
37 43 42 45 19 38 39 29 46 11 52 53 60 59 30 47 50 22 61 62 15 44 10 49 18 21 54 23 3 7 20 58 13 55 57 1 63 17 31 4 40 51 34 26 8 16 24 25 12 6 32 2 5 14 0 41 33 48 9 56
26 20 13 34 45 18 41 12 43 6 29 30 19 44 33 40 25 51 11 16 53 48 59 2 5 54 24 10 14 62 8 52 31 37 7 58 9 4 3 60 50 21 22 23 61 49 55 1 0 17 39 63 32 42 56 38 46 57 47 15
19 18 37 11 26 43 10 21 3 17 51 44 16 8 25 42 0 58 24 30 59 34 45 46 54 53 20 12 38 31 39 29 57 13 62 9 23 55 1 33 5 32 52 14 15 60 50 2 40 7 61 49 4 47 41 22 63 6 48 56
37 43 18 19 26 17 10 11 24 45 44 1 51 34 25 16 12 46 20 42 9 13 21 29 54 33 40 41 30 63 32 2 47 14 5 31 23 6 52 50 38 48 61 4 39 55 8 60 49 22 15 57 0 62 56 3 7 53 59 58
26 20 29 38 12 25 44 43 34 21 37 46 14 33 45 52 39 22 59 60 42 53 32 30 17 19 54 15 62 6 61 55 47 49 41 3 56 8 13 4 11 57 50 10 9 40 7 24 58 48 23 1 18 31 63 51 2 0 16 5
44 43 26 29 30 52 53 54 50 17 60 31 19 42 25 58 46 51 9 45 41 39 47 10 3 38 37 18 55 63 61 0 57 33 24 2 59 40 34 11 12 16 48 62 20 32 21 22 13 56 23 14 5 7 15 4 8 49 1 6
44 29 19 52 21 34 45 13 59 26 22 10 33 23 17 40 25 46 12 5 3 42 41 32 15 37 38 1 20 48 54 8 24 18 50 53 4 60 6 9 16 55 56 31 39 58 62 47 51 7 2 11 49 61 30 63 0 14 43 57
44 29 18 52 21 20 30 38 60 26 34 31 22 42 12 14 39 37 23 33 47 19 32 4 25 43 10 53 7 9 13 16 3 41 50 5 54 61 11 58 40 59 49 6 51 46 62 17 15 57 56 45 0 8 48 63 1 24 2 55
44 29 21 45 19 52 53 18 37 20 59 14 11 10 22 54 63 46 39 26 7 12 17 13 2 1 4 15 34 25 38 30 32 41 50 43 51 24 42 62 6 9 47 60 55 40 48 33 0 5 61 49 16 8 31 57 23 58 3 56
44 43 18 37 45 21 30 53 20 23 46 38 52 29 34 12 61 59 19 54 39 42 62 25 49 26 13 50 10 17 22 14 51 57 5 60 3 48 41 4 33 1 9 24 11 47 8 55 32 63 15 31 16 6 58 2 56 7 40 0
19 34 43 20 33 32 29 37 45 30 25 11 41 46 18 51 3 4 59 49 16 26 5 24 22 53 61 54 17 38 47 9 44 58 2 15 8 42 14 23 21 7 48 0 50 56 52 57 13 62 55 63 39 12 31 40 10 60 6 1
19 34 45 20 43 52 50 18 25 41 11 16 33 44 17 10 53 32 61 51 49 37 3 2 42 56 38 30 12 60 59 4 46 9 48 47 22 21 14 7 1 31 5 40 57 39 13 8 6 62 54 63 29 55 26 58 0 24 15 23
44 43 18 45 51 42 49 19 52 37 21 9 26 20 11 61 13 4 60 25 3 59 58 41 53 62 34 50 30 2 54 33 29 5 48 10 32 31 0 55 12 17 57 8 39 47 1 40 6 23 24 16 38 22 46 14 15 56 63 7
44 29 20 11 22 52 43 45 26 15 54 38 12 42 50 17 10 2 34 25 13 37 60 57 58 63 16 41 32 33 46 6 18 59 53 4 24 9 55 47 39 49 0 51 48 19 8 61 40 1 3 30 31 23 21 14 5 56 62 7
44 45 46 54 37 47 18 9 26 20 55 38 29 19 30 34 10 11 17 25 1 22 42 43 52 63 33 16 50 41 24 21 40 8 53 62 13 51 23 14 61 32 2 49 59 4 31 48 39 60 3 12 5 58 57 6 7 15 56 0
37 29 21 45 43 51 53 54 55 13 5 63 34 47 50 41 33 61 52 59 48 22 31 38 20 18 44 19 26 14 7 11 58 6 46 42 3 39 12 57 60 24 17 23 49 16 8 0 10 25 30 56 32 4 15 9 62 2 1 40
19 18 26 34 25 11 44 24 17 37 29 51 46 33 10 21 32 30 16 43 12 42 60 8 23 20 52 4 5 39 13 22 9 49 14 3 38 40 41 47 56 55 2 15 54 58 45 50 59 53 6 0 57 31 62 1 61 48 63 7
26 18 44 25 17 9 10 19 8 43 33 0 34 37 46 16 24 53 42 20 52 38 62 50 39 11 21 61 49 63 4 55 54 32 51 56 41 58 2 12 59 45 30 60 57 23 13 48 29 40 22 15 31 5 1 14 6 3 7 47
37 29 20 45 46 43 38 31 34 18 47 33 32 21 22 25 53 54 26 52 51 41 40 12 16 17 44 39 55 63 3 23 15 60 30 42 49 7 10 9 61 11 4 13 1 19 62 56 14 59 57 6 50 5 58 8 2 48 24 0
44 43 26 29 37 25 18 46 30 31 20 9 34 51 22 19 0 21 52 17 50 33 38 59 10 49 57 12 54 23 32 3 53 8 15 60 13 4 6 55 24 16 1 41 48 5 61 39 2 11 62 40 47 45 58 63 14 7 42 56
44 29 22 45 20 30 54 13 19 43 37 26 42 46 21 12 25 14 10 51 60 50 58 18 52 53 62 57 47 59 31 49 15 39 5 2 33 4 7 40 23 34 1 11 41 32 16 9 3 38 8 0 56 61 24 6 48 55 17 63
44 43 34 29 37 52 53 46 38 41 20 45 59 60 18 21 50 47 31 39 25 33 42 9 49 58 22 51 55 14 13 16 17 6 0 15 4 24 54 32 11 62 61 19 10 57 7 12 5 8 23 26 56 30 48 40 2 1 3 63
37 29 21 43 42 30 50 49 18 19 11 26 41 10 48 44 39 57 51 38 22 58 20 14 46 4 17 12 13 16 15 54 9 0 31 25 8 45 24 33 60 52 59 1 62 23 32 6 40 53 7 3 2 34 61 47 5 56 55 63
26 34 42 20 21 22 45 44 43 50 12 41 51 46 58 3 32 49 53 40 56 25 37 13 14 62 18 57 11 33 23 16 19 38 29 17 39 15 48 60 55 6 31 59 7 2 5 9 4 30 52 61 0 10 24 8 54 47 1 63
37 43 34 29 52 42 41 46 38 44 45 50 19 32 54 20 58 59 26 25 40 39 33 10 12 53 16 24 62 49 57 48 22 11 1 18 13 15 17 61 2 56 30 51 60 6 21 4 14 55 3 23 9 7 47 0 63 31 8 5
19 34 45 20 18 11 26 37 43 10 9 8 2 17 12 51 33 53 29 1 54 32 59 21 42 41 61 25 30 50 24 3 40 22 58 39 15 44 16 48 49 60 23 14 6 7 13 63 4 38 47 57 52 46 0 62 56 55 31 5
26 20 21 22 37 42 44 46 13 34 23 12 4 19 33 51 50 25 53 40 58 49 24 43 48 6 11 52 38 18 32 10 9 14 17 60 41 29 54 57 56 16 2 1 8 0 15 55 30 7 5 31 61 3 47 45 59 63 39 62
44 43 18 19 50 37 45 51 11 46 34 25 55 47 39 38 53 4 9 54 59 58 33 41 52 20 29 49 12 26 61 42 16 63 40 48 3 62 57 60 56 24 5 21 30 13 17 32 6 2 1 31 14 10 8 15 23 0 22 7
37 29 20 13 19 43 6 26 21 11 51 44 25 22 52 5 15 33 42 34 41 45 53 59 10 61 38 40 18 23 54 2 3 55 50 16 60 57 49 48 46 12 63 47 9 7 56 17 4 8 31 30 24 1 0 32 62 14 58 39
37 45 53 43 42 38 51 20 19 10 29 34 12 21 30 13 22 59 44 31 11 49 25 18 39 14 6 3 26 50 5 16 23 52 58 57 60 15 7 61 1 2 4 17 56 47 32 48 54 55 63 41 40 33 62 46 9 0 8 24
19 34 44 11 33 29 20 21 10 41 3 45 30 18 49 38 37 1 54 32 39 12 25 52 43 48 61 50 51 47 55 16 26 63 46 22 2 59 0 17 31 60 14 7 6 9 53 23 24 40 56 5 42 57 13 4 8 62 15 58
37 43 18 38 46 19 39 21 45 55 34 26 20 53 33 9 14 13 60 22 6 42 31 7 17 40 32 29 30 44 50 16 52 5 25 61 41 54 24 59 48 49 0 57 23 1 51 12 10 15 63 56 4 62 8 3 58 11 2 47
26 34 41 17 45 19 25 21 12 33 30 48 29 31 42 37 24 16 38 3 10 47 23 43 8 53 51 39 55 1 20 44 14 18 50 52 9 11 60 49 22 0 59 61 13 58 32 15 40 54 57 5 4 6 56 2 63 46 62 7
44 29 21 43 37 52 42 41 26 38 46 20 51 50 49 13 40 54 53 34 6 33 47 62 19 18 55 59 12 30 60 61 17 16 8 58 31 0 22 9 57 25 1 5 3 32 14 23 63 48 15 7 39 11 56 10 4 24 45 2
19 18 44 11 10 20 26 1 13 21 4 33 25 34 43 2 12 45 41 40 14 48 17 5 29 52 54 38 51 6 53 7 30 42 47 32 22 31 15 23 50 3 37 60 39 9 58 61 46 59 62 55 57 49 8 16 63 0 24 56
44 43 50 37 30 57 42 52 45 51 26 20 19 41 58 59 49 54 53 46 47 40 61 60 29 18 11 34 17 38 25 62 31 10 3 1 55 13 12 22 4 6 33 21 5 32 48 9 2 56 16 8 23 24 0 63 39 14 15 7
37 45 44 43 54 38 42 63 19 52 46 50 39 34 60 47 53 61 41 30 29 31 26 10 23 25 24 59 1 20 33 15 58 11 22 49 3 57 21 12 55 9 14 13 7 6 56 62 2 48 18 40 16 17 32 8 4 5 51 0
37 43 50 29 34 46 21 57 19 20 30 22 44 41 42 45 51 10 47 31 23 59 39 52 58 55 53 15 40 54 11 49 61 32 48 33 1 3 12 5 4 14 13 62 7 9 60 56 17 38 25 24 6 26 2 8 16 18 0 63
19 34 43 20 21 51 42 12 59 18 37 49 11 14 33 45 17 10 22 46 38 26 56 50 54 23 3 16 25 55 5 52 24 30 31 32 61 48 47 44 40 2 29 4 8 39 57 6 58 63 60 53 15 13 62 41 1 0 7 9
26 20 13 18 44 43 10 21 34 19 29 17 9 25 33 38 51 40 11 2 12 16 0 5 30 42 3 53 45 46 54 60 52 55 8 22 39 14 49 58 6 1 32 24 37 4 47 15 63 50 59 31 56 48 57 61 23 62 41 7
44 43 42 51 50 49 56 33 41 34 59 29 32 24 25 60 61 40 48 26 16 57 17 18 37 45 30 19 38 23 58 8 54 22 53 46 31 63 14 15 52 6 7 47 20 10 39 13 12 11 5 55 2 3 21 62 0 1 9 4
44 29 21 45 46 13 26 52 43 42 30 50 60 39 31 17 51 22 57 38 34 49 25 58 20 19 18 24 23 54 56 15 8 11 47 9 12 33 59 3 4 5 16 41 6 10 48 14 7 0 2 61 37 32 1 40 53 62 55 63
44 43 42 45 19 41 53 52 54 55 49 26 60 11 61 51 25 33 63 38 17 57 24 20 12 59 3 62 46 9 8 21 47 10 29 13 14 37 34 18 32 4 5 7 40 30 58 56 22 1 16 6 23 15 0 39 50 31 2 48
26 20 13 18 44 34 33 6 10 45 12 11 14 25 54 42 50 4 17 41 32 16 24 2 43 22 15 40 3 59 19 29 52 51 57 58 5 61 48 9 1 0 8 23 60 37 49 53 21 38 46 62 47 39 30 31 7 56 55 63
44 29 18 43 20 26 51 45 22 30 54 63 37 11 4 46 47 50 42 9 23 15 21 53 19 34 41 39 17 25 61 52 33 49 7 62 48 38 16 59 57 14 5 10 0 32 12 1 58 60 13 2 3 55 31 56 40 6 8 24
44 43 42 45 29 30 54 49 18 53 41 55 63 37 56 26 47 51 60 59 21 12 17 40 14 7 52 25 38 46 31 9 20 57 33 61 13 39 23 62 3 11 4 15 8 22 32 2 5 58 48 6 19 34 0 50 10 1 24 16
19 18 44 29 21 20 12 11 30 52 37 5 60 43 2 61 13 45 34 39 25 9 6 16 38 7 22 3 10 23 4 1 62 46 47 31 32 17 53 55 0 33 42 26 51 14 41 49 15 54 63 8 24 58 57 56 50 48 40 59
19 20 29 34 12 4 37 26 33 46 38 45 54 31 11 62 55 2 25 41 42 24 21 50 53 44 43 14 16 32 57 8 47 17 40 49 9 56 52 58 22 1 0 60 5 30 7 6 15 51 10 3 18 61 63 23 48 59 39 13
44 29 21 13 26 42 30 17 49 31 20 45 25 19 46 33 8 34 18 51 6 53 38 5 14 22 40 10 41 47 15 43 24 48 52 60 12 4 2 56 59 32 61 1 50 37 54 7 0 16 57 62 39 23 63 55 11 9 58 3
37 43 26 19 12 21 51 42 20 44 52 61 34 25 41 29 60 46 14 5 38 22 4 30 17 6 10 11 31 49 24 39 7 58 2 3 59 16 56 18 9 13 50 45 55 40 57 54 53 15 32 48 62 63 47 0 8 23 33 1
44 45 37 43 42 20 19 38 53 41 51 21 30 22 34 52 13 5 54 62 60 18 10 46 50 2 23 31 40 12 39 47 3 14 9 8 1 26 0 11 17 16 6 61 63 7 4 49 59 29 25 48 55 33 56 58 15 57 24 32
44 29 21 13 19 26 37 12 25 33 30 42 20 17 43 53 51 39 14 60 58 7 23 52 22 18 54 15 6 59 16 11 34 8 4 50 32 5 3 55 10 9 57 49 56 48 0 1 61 38 45 41 2 31 63 62 24 46 40 47
37 43 26 38 51 34 41 20 29 33 40 19 11 42 25 12 13 30 50 2 31 59 3 21 39 18 22 16 14 32 24 47 46 15 1 55 60 4 53 61 6 5 58 0 10 44 23 49 57 48 52 54 7 17 63 56 8 9 45 62
26 34 45 17 42 20 25 16 24 37 43 19 9 33 29 49 41 38 12 18 57 53 30 56 46 58 44 13 11 0 51 54 1 50 62 39 47 48 8 32 14 5 4 55 52 3 10 2 40 31 22 23 15 61 21 63 60 7 59 6
44 29 20 45 38 22 26 47 30 18 37 31 15 25 9 13 34 42 39 51 24 17 14 41 43 10 59 32 4 33 53 54 55 61 23 52 50 63 11 60 48 21 62 0 12 16 58 40 46 49 19 5 56 7 1 2 3 8 57 6
37 29 19 45 54 34 43 20 38 50 11 13 33 18 21 2 10 25 17 22 14 15 51 47 31 59 12 3 30 24 7 32 23 61 16 8 4 39 26 6 40 41 57 49 58 9 44 56 55 48 53 42 1 46 52 63 62 60 0 5
37 29 19 43 51 50 44 59 57 41 22 30 38 11 10 20 34 47 46 25 33 15 3 2 12 18 48 21 58 54 13 5 42 4 23 32 24 14 16 31 40 26 17 52 49 8 53 56 39 61 6 9 45 55 7 62 60 0 1 63
37 45 26 18 44 34 46 43 9 21 50 51 29 49 33 10 14 30 38 8 17 25 42 24 32 47 20 13 2 3 16 12 31 15 57 0 19 11 58 1 4 39 55 5 7 52 40 56 60 48 6 54 41 61 23 22 59 53 63 62
37 45 19 29 44 26 21 51 18 12 38 9 20 39 43 42 52 53 61 54 50 46 0 49 4 14 41 22 47 32 30 63 62 3 48 10 6 60 40 58 1 23 15 5 2 33 24 34 13 56 59 16 11 55 25 7 57 8 31 17
19 20 29 38 12 34 41 26 43 10 25 5 30 33 46 52 45 49 50 16 18 59 24 51 1 13 44 31 58 11 54 32 37 47 21 63 60 2 55 53 40 17 23 57 48 42 9 39 6 56 22 8 4 3 14 61 62 7 0 15
44 43 34 25 50 29 22 45 21 52 60 15 46 61 62 13 33 42 51 53 19 10 37 38 16 57 54 55 5 14 7 12 11 30 58 24 63 49 9 20 4 18 40 48 47 41 23 39 56 0 31 17 59 2 1 8 3 26 32 6
19 18 44 29 22 20 26 34 9 38 11 2 17 43 10 0 30 52 42 8 37 23 25 21 13 49 1 32 60 4 6 53 46 5 15 16 3 31 24 41 39 12 40 62 48 54 58 14 50 7 45 47 63 59 61 51 55 33 56 57
19 20 13 12 45 26 4 29 33 6 30 34 11 32 18 10 5 38 22 44 9 52 43 1 53 0 41 14 46 54 21 49 8 17 60 51 31 2 16 25 40 3 61 59 15 37 62 39 24 42 47 7 48 55 58 56 23 50 63 57
44 29 21 45 19 34 41 11 20 18 30 53 42 43 26 38 51 17 54 48 37 59 12 55 2 33 61 5 50 23 63 13 39 49 4 10 6 62 47 14 9 46 25 16 15 24 60 0 56 3 58 1 8 7 32 22 40 52 31 57
44 29 21 45 37 43 26 19 12 20 53 34 42 30 23 4 5 18 9 22 13 25 32 46 39 38 15 3 11 14 17 49 2 55 31 51 54 24 41 52 7 10 33 16 63 8 62 40 56 50 1 0 59 57 47 60 48 6 61 58
26 18 37 43 34 25 50 45 17 38 19 57 46 47 55 10 44 54 53 62 3 9 31 11 24 16 33 20 29 22 39 42 61 2 8 41 1 0 40 48 21 52 15 4 49 23 12 56 58 63 13 6 59 32 51 60 14 5 7 30
19 18 44 11 3 45 17 29 37 43 53 9 34 54 55 41 51 50 26 38 21 59 33 22 39 30 52 46 23 14 1 25 32 63 15 8 7 12 10 20 4 13 0 47 24 16 49 6 5 60 61 40 62 42 2 31 58 57 48 56
44 29 18 43 42 34 21 50 30 14 57 37 12 52 45 38 49 9 39 26 46 54 53 20 59 56 19 58 55 47 17 8 25 4 16 11 7 33 0 51 48 22 15 40 10 3 2 6 5 62 13 63 23 60 24 41 61 1 32 31
19 18 44 20 26 52 13 12 5 6 37 30 38 45 14 34 59 29 22 39 41 42 31 60 7 47 25 15 51 32 17 23 53 58 55 61 43 10 11 8 50 40 33 49 62 3 46 54 2 9 57 24 63 1 21 48 56 4 16 0
44 45 19 34 54 11 26 37 30 38 29 21 39 17 43 51 42 49 20 63 14 53 58 60 52 31 62 50 55 61 22 23 18 5 40 9 12 4 7 57 10 41 59 13 25 16 3 46 15 6 0 1 47 2 56 48 8 33 32 24
44 43 34 41 50 59 33 25 26 19 10 29 40 32 42 52 45 17 37 48 30 3 16 54 1 22 24 53 49 51 60 21 58 11 38 46 39 47 20 62 55 9 12 31 15 13 2 0 5 57 23 61 56 8 18 14 4 6 63 7
37 45 19 34 33 18 44 29 20 26 22 43 9 0 10 21 53 12 14 32 4 17 25 62 42 41 24 5 46 15 3 38 23 2 1 55 6 8 48 49 30 16 51 11 56 31 61 60 39 50 58 13 54 52 47 7 63 59 40 57
37 29 22 43 18 15 45 38 30 54 53 19 39 21 10 31 63 52 12 9 46 11 42 13 5 41 50 51 49 4 0 57 60 17 3 26 48 55 14 44 33 6 24 59 58 56 20 61 47 25 62 2 34 16 40 32 7 23 1 8
19 20 37 18 13 45 53 6 12 4 9 44 43 42 21 0 17 10 1 38 34 41 31 54 63 61 62 11 25 22 50 32 30 8 46 2 16 59 14 55 60 29 26 52 57 58 5 51 47 7 48 24 15 33 3 39 40 23 49 56
19 20 21 18 44 22 9 17 13 37 14 1 16 4 2 34 42 50 38 7 12 29 26 47 15 25 30 3 0 31 32 51 58 23 52 33 39 53 5 11 10 45 6 49 24 8 56 43 55 48 61 40 57 60 41 46 54 63 59 62
19 18 26 34 42 50 37 44 49 48 33 17 25 21 9 32 51 24 14 11 3 45 53 43 56 54 41 12 10 62 61 7 5 40 63 4 29 8 52 2 58 60 13 57 15 30 16 46 23 39 47 31 1 59 22 38 20 6 0 55
37 43 50 45 53 21 34 46 47 51 52 33 38 55 54 39 30 44 20 59 26 41 49 57 48 29 14 12 31 25 24 16 32 23 11 42 18 62 61 22 4 19 15 10 13 5 7 40 9 3 63 60 17 58 2 56 6 1 8 0
37 45 44 43 50 29 18 42 51 34 54 58 22 19 38 9 11 20 26 46 12 13 55 3 4 25 57 31 24 33 30 52 40 16 10 49 32 23 56 1 60 14 21 39 0 5 2 61 47 62 41 48 53 63 8 17 7 6 59 15
44 43 18 21 34 45 29 37 22 20 53 9 11 61 50 26 25 12 13 5 38 19 46 23 15 24 31 41 17 2 62 16 4 3 32 51 42 63 58 30 0 40 10 14 33 54 55 60 49 39 47 56 48 7 52 8 6 59 1 57
19 20 45 18 12 54 44 5 17 29 4 9 0 26 63 13 22 14 6 42 25 31 15 8 49 30 16 56 21 24 43 1 10 7 11 3 34 50 32 2 51 46 53 33 38 62 37 59 61 60 58 41 52 57 40 23 55 48 39 47
19 34 42 50 37 38 45 10 11 20 33 26 21 29 49 56 47 14 43 52 13 3 51 41 2 30 15 60 4 25 18 53 31 1 61 7 22 17 58 57 48 62 12 46 32 16 55 59 23 40 24 9 6 39 8 5 54 44 0 63
26 34 44 37 46 19 10 53 42 43 62 11 12 52 45 20 51 41 18 47 21 2 39 58 49 33 48 4 5 30 3 14 13 29 22 61 50 31 24 38 15 32 60 56 57 6 54 55 1 40 59 9 0 17 23 63 16 8 25 7
26 34 44 37 41 20 38 42 13 46 30 40 55 25 50 43 17 29 49 52 22 12 16 6 51 48 4 33 32 31 58 54 62 24 18 8 19 60 21 14 59 3 2 45 53 11 56 63 5 9 1 0 10 57 61 39 47 15 23 7
26 20 13 12 11 2 44 29 22 52 37 42 19 30 43 21 39 51 49 25 3 14 59 56 41 23 15 33 40 6 34 32 61 58 46 60 57 48 31 10 9 45 53 4 17 47 38 1 16 50 54 18 8 24 55 0 5 63 62 7
37 29 19 45 22 10 54 34 43 51 38 44 42 49 11 30 31 23 15 12 33 46 3 26 52 40 9 61 13 1 41 14 60 63 56 53 5 47 55 48 25 50 62 8 59 32 39 18 0 20 24 57 17 6 2 7 21 16 58 4
19 18 37 29 22 43 51 26 33 45 10 1 20 15 54 11 4 12 2 42 5 34 0 32 3 59 38 13 21 63 52 53 44 14 23 6 60 46 49 39 50 48 62 31 56 25 17 16 24 40 55 47 41 9 57 8 58 61 30 7
37 45 19 29 30 18 44 11 10 20 53 43 50 51 42 31 9 25 3 52 17 0 60 26 1 2 59 61 54 12 24 32 21 63 33 49 58 4 38 34 22 14 56 47 46 8 55 41 16 62 23 15 7 5 39 57 13 6 40 48
44 29 18 26 17 25 22 52 24 15 37 30 31 8 16 19 34 42 20 11 51 50 10 9 1 2 14 23 12 33 43 5 53 39 57 32 58 54 38 45 62 59 47 0 7 49 48 41 4 60 6 61 40 46 3 56 21 13 55 63
44 29 21 45 46 54 19 47 63 62 22 43 51 42 49 11 50 58 61 20 2 34 26 23 52 37 13 18 14 33 17 12 32 41 60 10 4 8 1 15 40 56 24 57 6 5 9 16 55 48 25 30 53 7 59 3 38 39 31 0
19 20 37 18 10 2 9 46 13 42 34 17 50 49 38 26 11 6 55 39 30 23 24 1 45 53 12 29 48 8 4 47 33 43 21 25 61 40 5 54 7 22 44 3 31 41 63 14 0 62 16 56 52 59 32 51 57 60 58 15
44 45 26 20 21 18 37 25 9 52 51 11 29 43 17 16 53 46 34 62 19 13 8 1 22 50 10 42 2 15 6 5 23 41 59 60 30 0 47 3 48 39 61 12 49 38 31 57 58 7 24 54 55 40 33 56 4 14 63 32
37 43 50 38 46 54 42 29 39 51 62 41 22 55 40 53 26 33 25 21 60 30 31 20 44 23 13 52 45 34 63 47 59 19 11 24 15 58 17 61 12 16 49 32 57 5 10 48 3 9 18 4 6 0 8 1 2 56 7 14
37 43 42 29 21 38 51 34 44 20 46 45 26 19 11 54 53 22 30 50 31 39 55 59 13 3 57 60 18 5 62 49 47 15 12 63 58 9 2 33 41 10 0 1 23 61 25 56 14 7 52 32 24 8 48 16 40 17 4 6
19 18 26 34 43 50 44 29 42 20 25 24 16 49 32 51 17 37 52 33 48 58 21 11 3 60 45 12 59 46 47 2 13 22 1 14 10 40 41 8 0 30 38 54 55 9 53 61 62 57 39 5 56 23 31 63 4 6 15 7
44 45 46 52 26 54 53 20 21 38 39 47 55 60 19 43 37 30 51 18 10 11 34 42 41 1 12 33 50 13 40 17 2 48 0 61 56 14 6 5 22 15 8 59 3 23 58 63 62 57 49 24 32 7 29 25 4 31 16 9
37 29 20 43 42 11 26 25 44 52 45 49 17 51 33 30 59 61 53 34 41 62 18 16 56 40 21 10 60 13 6 19 23 46 63 50 39 57 24 38 1 47 8 31 9 2 4 3 58 32 14 0 12 7 15 5 55 54 22 48
26 34 42 33 41 19 44 21 14 37 17 18 20 50 43 8 46 32 57 13 5 6 16 22 12 58 29 11 10 9 2 4 1 0 59 3 23 24 49 51 48 45 25 55 60 30 31 56 40 39 52 53 15 7 38 61 62 63 54 47
37 45 44 29 18 42 43 50 46 19 41 55 59 49 21 38 56 57 51 33 58 20 31 60 12 22 13 30 39 54 10 23 53 14 48 17 52 2 63 3 7 15 1 11 61 9 24 62 4 5 0 26 47 40 32 8 34 25 6 16
26 18 37 34 33 44 20 40 9 30 46 38 43 10 32 55 11 2 52 53 19 16 0 12 45 24 29 59 25 42 31 17 3 8 5 21 39 4 22 23 51 60 54 62 14 6 1 13 49 41 7 57 15 47 56 50 63 48 58 61
44 45 19 18 26 20 11 2 9 42 46 54 37 52 3 34 29 47 60 16 49 13 53 17 63 4 0 61 25 32 55 1 41 33 62 38 5 48 24 21 8 57 39 43 40 50 22 14 6 10 59 51 56 23 31 15 58 12 7 30
19 18 44 11 10 20 26 17 12 21 25 43 22 53 24 45 62 61 34 16 32 9 46 29 33 15 23 63 42 4 8 0 13 40 1 49 56 14 30 2 60 38 7 37 39 58 3 50 51 6 52 59 41 55 47 31 54 5 48 57
37 45 26 29 38 25 54 63 19 39 46 47 17 18 10 1 20 42 2 11 33 3 51 32 21 41 53 34 49 8 55 62 44 50 9 57 43 40 24 16 0 13 5 12 56 52 60 22 61 4 30 23 6 7 14 15 48 58 31 59
37 29 20 13 18 34 19 45 22 31 53 44 43 30 12 11 23 26 42 49 41 17 21 38 25 15 16 14 47 50 6 24 33 46 10 60 57 7 61 4 51 59 52 2 55 32 5 1 40 48 58 56 3 39 0 9 8 62 54 63
44 29 21 43 42 52 60 50 34 41 40 32 25 20 48 22 58 59 57 45 15 18 46 37 13 26 10 49 16 55 30 6 19 38 56 33 24 9 17 14 8 12 39 11 4 31 7 51 61 62 23 1 47 54 63 2 3 5 53 0
19 34 41 18 44 53 42 43 52 51 60 48 46 20 12 50 11 29 25 4 33 49 38 30 5 32 24 6 45 16 56 10 57 47 2 58 40 26 37 59 39 54 61 21 1 62 9 0 8 3 13 22 14 31 17 7 55 63 15 23
19 20 37 34 18 38 13 12 43 52 5 10 11 6 51 26 7 4 3 50 9 42 59 2 21 44 33 29 45 17 47 8 25 46 30 24 0 31 32 14 16 58 15 41 49 39 22 53 61 54 1 48 55 23 57 63 60 40 62 56
44 43 18 21 20 45 52 29 51 42 22 60 59 34 53 15 37 9 61 19 41 46 25 48 26 54 11 33 55 38 31 12 49 62 4 56 57 13 0 24 14 6 63 47 40 2 7 10 16 5 39 58 23 50 3 30 17 1 8 32
37 29 18 46 21 43 38 19 20 30 42 13 31 10 54 41 50 9 40 55 14 53 1 2 44 26 0 17 62 7 12 49 11 5 24 47 25 45 57 39 4 58 3 8 22 33 15 48 52 23 6 34 59 61 56 51 63 60 32 16
37 45 19 18 26 20 13 29 9 34 38 22 31 15 44 0 42 25 30 46 11 10 17 4 23 43 6 16 14 12 41 21 47 48 7 39 24 49 5 52 50 59 57 58 40 51 61 56 53 62 8 1 54 2 63 33 32 60 3 55
37 43 34 41 18 29 48 38 39 45 20 9 50 19 11 33 0 3 26 57 53 12 59 22 40 46 30 54 14 31 21 60 23 17 51 13 62 47 25 24 55 63 10 44 52 6 5 7 61 15 32 4 49 58 42 56 16 8 1 2
44 29 22 52 21 15 26 17 37 18 23 30 51 14 60 53 34 42 54 31 33 46 38 43 8 58 45 32 25 41 6 63 11 47 24 13 50 10 49 62 9 0 39 2 12 57 16 61 40 20 5 48 56 55 1 4 7 59 19 3
37 29 20 43 21 13 11 45 30 39 42 19 26 18 44 2 9 33 38 0 25 22 23 49 5 34 53 12 3 16 41 14 17 52 1 48 50 59 24 54 7 51 46 4 31 8 10 47 55 15 61 63 60 58 40 62 56 6 57 32
37 43 50 29 21 51 19 14 59 30 20 18 22 42 41 49 6 46 12 5 33 23 57 45 34 56 17 60 61 32 44 10 11 48 1 53 38 31 26 9 40 25 3 58 55 52 24 4 62 15 16 7 39 54 2 8 63 0 47 13
26 18 10 34 45 21 44 2 20 13 14 53 52 7 12 11 61 29 17 25 22 43 42 50 16 15 58 57 4 3 56 33 30 49 1 54 9 0 41 31 38 24 32 60 37 40 63 46 23 5 6 55 59 19 8 48 47 39 62 51
44 45 46 20 19 34 26 10 21 29 33 52 18 42 37 55 51 40 43 13 53 62 22 58 25 41 9 15 12 17 50 54 32 61 38 3 24 60 59 16 11 30 39 4 5 57 56 6 8 0 49 1 47 31 23 14 63 48 7 2
19 34 45 11 26 33 32 37 20 21 25 43 14 16 29 46 42 13 24 49 30 17 3 10 47 55 51 12 18 7 38 31 54 52 44 62 5 9 53 4 61 22 0 8 41 39 1 6 57 50 58 2 59 60 15 48 40 56 23 63
44 45 26 20 54 52 13 12 37 42 29 30 60 19 23 38 18 31 4 25 17 15 22 59 46 53 61 11 24 16 21 62 8 32 49 47 33 43 51 34 41 0 3 50 58 6 9 48 39 1 63 5 7 14 57 10 40 56 55 2
26 18 44 43 42 29 22 30 38 31 9 50 20 14 6 34 58 41 48 19 49 21 51 25 11 56 24 3 33 45 4 39 12 7 57 37 46 0 2 53 55 32 13 15 60 59 40 61 62 5 10 47 16 52 54 1 17 23 8 63
26 20 45 34 42 43 12 49 44 29 19 54 21 25 56 52 17 11 37 14 46 55 60 50 16 51 7 53 47 41 57 33 38 24 62 4 63 9 40 58 18 8 3 48 5 39 59 2 31 6 1 0 13 10 30 32 61 22 15 23
44 45 46 52 18 26 42 10 59 47 54 62 63 20 25 61 11 2 12 13 6 9 34 43 37 50 55 32 38 14 33 19 17 16 53 24 5 21 39 60 41 4 29 31 15 30 22 40 3 58 1 7 23 0 49 48 57 51 8 56
26 20 37 44 53 25 19 62 51 21 13 52 43 38 54 12 4 46 17 3 11 58 14 60 33 34 39 16 24 8 42 10 18 50 1 7 55 9 5 6 41 30 0 29 61 40 32 59 48 23 31 57 49 63 45 47 15 22 56 2
26 20 29 22 45 43 37 25 12 53 15 21 34 3 24 11 51 50 4 23 54 19 31 44 13 55 18 17 42 33 8 5 58 16 38 10 63 46 62 32 2 41 40 60 52 9 30 14 48 57 39 49 56 59 6 47 0 61 1 7
37 29 18 26 34 9 10 43 44 52 53 54 20 45 62 33 8 25 46 21 22 12 51 30 50 2 38 47 24 16 41 60 17 32 39 49 11 4 42 1 14 19 59 15 56 7 13 57 6 58 48 61 63 3 55 31 23 5 40 0
26 34 44 18 17 45 46 20 9 52 29 8 59 10 12 30 41 33 25 54 53 48 21 51 39 13 43 32 62 4 24 19 1 42 49 31 37 40 56 11 22 14 2 61 38 47 5 50 55 63 16 6 0 3 23 57 58 60 7 15
37 43 26 29 42 19 10 17 34 12 18 1 44 46 11 49 9 50 30 20 24 4 57 45 55 41 33 58 5 8 2 22 14 23 38 32 59 13 54 40 3 39 21 25 48 63 16 56 51 31 47 7 6 60 52 15 62 53 61 0
26 34 43 18 19 12 25 50 10 20 37 29 4 11 13 16 33 21 24 40 41 14 57 1 2 51 7 48 5 45 54 53 61 38 49 32 44 42 30 22 47 52 23 39 58 59 31 56 9 55 0 17 63 6 60 46 15 62 3 8
37 43 26 38 44 34 45 19 12 25 31 46 18 9 51 50 49 39 0 59 52 60 53 42 33 54 21 29 20 14 7 57 47 10 55 40 16 58 56 48 1 30 32 2 3 11 4 41 61 63 23 15 17 13 5 8 62 24 6 22
44 43 34 29 51 59 26 33 30 18 17 37 40 20 42 22 19 8 60 23 58 32 46 9 31 50 10 25 11 57 16 3 45 13 4 53 21 6 52 14 15 5 7 24 41 54 63 39 56 12 1 38 2 0 47 62 55 49 48 61
44 45 37 29 38 52 51 39 60 58 21 53 26 25 46 55 42 14 20 11 31 19 17 54 33 61 7 59 2 13 30 15 43 22 18 24 62 63 49 41 34 10 9 1 50 56 0 16 47 48 4 23 57 12 3 8 5 40 6 32
44 43 34 25 50 37 19 51 41 18 52 11 30 48 9 46 3 10 29 26 24 58 1 4 33 8 17 20 32 16 0 57 53 60 38 23 59 42 13 6 45 61 55 21 2 54 63 47 5 40 7 14 39 31 12 22 15 49 62 56
37 29 20 13 18 26 12 44 51 38 46 4 30 47 19 11 25 22 23 32 6 55 31 15 9 17 21 52 3 0 53 2 24 60 1 5 40 58 7 34 43 33 54 50 62 61 49 14 42 41 45 39 48 59 10 57 63 16 56 8
44 45 19 43 37 30 52 34 38 18 9 53 51 50 57 20 54 61 12 58 33 11 46 0 26 62 59 13 55 63 6 25 41 14 60 29 17 16 31 48 8 40 49 56 24 22 15 47 21 42 2 3 4 10 39 5 1 32 7 23
19 18 17 9 44 25 0 20 11 45 33 16 12 41 37 1 53 13 21 54 2 3 10 43 14 4 26 62 29 38 8 5 47 30 52 46 55 61 50 15 7 34 31 63 6 57 24 39 40 32 22 48 60 51 56 23 49 59 58 42
19 20 29 18 37 45 26 38 12 11 10 2 4 34 47 31 41 21 43 51 59 44 13 5 46 42 30 22 25 17 50 54 14 58 49 48 52 7 53 61 39 16 15 60 23 3 40 32 8 9 1 33 55 6 62 63 57 24 56 0
37 45 53 43 26 18 9 19 44 29 11 25 33 42 51 41 20 4 21 0 40 49 56 12 5 59 24 46 52 38 10 62 55 60 3 54 34 30 31 13 39 32 6 17 1 14 23 47 61 48 2 16 58 15 63 7 8 57 22 50
37 43 50 51 18 19 26 17 9 21 20 57 59 12 34 29 13 33 10 0 44 6 5 38 41 58 45 3 31 22 32 4 1 11 52 54 25 47 14 8 63 23 15 30 39 48 56 42 24 60 49 7 61 2 40 16 53 46 62 55
44 29 21 13 30 45 12 31 46 42 26 43 5 54 41 17 37 52 51 38 25 59 23 20 34 15 22 6 8 40 14 24 60 61 18 11 55 33 63 53 32 47 2 16 3 19 62 10 48 0 58 39 7 56 9 50 57 4 49 1
44 43 34 29 21 41 19 26 51 42 20 53 18 50 25 9 33 24 37 59 57 58 62 45 49 32 48 22 16 38 15 56 39 40 12 61 2 23 54 55 30 4 11 3 31 10 63 8 13 1 60 46 47 17 0 6 52 14 5 7
44 43 18 53 50 51 42 20 60 19 21 41 46 62 32 34 29 59 49 37 26 14 45 39 55 38 13 17 52 33 16 56 47 40 30 10 7 24 31 54 1 58 57 22 15 23 12 2 63 6 61 4 9 8 3 11 25 0 5 48
37 45 44 29 21 34 53 30 23 14 20 31 33 19 11 43 12 2 42 3 5 13 39 26 6 62 18 49 52 17 4 54 16 41 46 10 48 8 63 25 56 57 9 15 7 51 1 47 40 61 50 24 55 38 0 22 32 58 59 60
26 34 42 18 10 43 52 25 24 19 11 20 37 2 12 50 9 44 33 3 49 16 58 41 48 30 46 55 4 40 21 17 39 5 51 61 32 13 29 38 54 56 6 14 22 7 1 62 53 60 57 59 23 8 45 15 63 31 0 47
37 43 42 41 19 11 49 57 26 46 56 34 29 33 50 59 55 30 22 45 3 44 25 21 31 20 13 17 52 51 38 53 16 23 39 6 61 10 12 15 9 2 40 4 60 24 32 48 14 62 18 54 63 58 7 1 5 47 0 8
37 43 26 17 51 44 42 30 52 29 19 60 25 50 45 49 8 53 61 62 54 55 41 33 21 10 57 34 58 22 12 59 1 32 63 18 16 2 46 56 11 13 24 38 23 39 47 40 48 9 15 20 14 0 31 5 4 7 6 3
37 29 22 46 45 44 19 34 42 30 43 50 57 52 38 10 21 18 26 41 51 13 11 31 32 60 2 33 58 48 14 1 12 5 17 59 15 23 39 8 9 49 47 3 16 25 20 24 7 40 61 53 54 62 63 6 0 55 56 4
26 20 21 22 13 34 31 23 14 12 3 6 45 29 4 39 33 43 44 15 37 11 5 46 55 53 51 19 54 17 25 58 30 41 40 32 18 42 49 56 38 52 61 10 7 48 9 60 24 16 57 1 59 0 62 63 2 50 8 47
37 45 44 43 34 41 52 59 19 11 60 38 58 61 46 57 39 54 42 31 53 20 18 49 13 12 55 6 51 26 4 62 22 21 40 30 10 47 56 9 8 1 23 50 29 33 48 0 2 63 32 14 16 25 15 7 24 3 5 17
37 29 18 26 22 46 38 42 55 30 23 47 25 63 44 14 15 51 49 19 39 56 10 1 21 17 52 60 54 61 34 24 8 20 3 16 6 31 62 33 50 13 11 0 53 41 43 2 4 58 32 40 48 45 9 57 12 7 59 5
37 29 20 43 38 13 34 30 52 41 19 46 6 26 47 10 55 21 23 45 44 5 18 42 2 39 17 54 48 40 14 50 4 15 51 1 57 3 63 56 11 62 32 31 7 60 53 24 9 58 59 12 22 16 8 0 49 33 25 61
37 45 19 20 29 38 44 10 13 21 30 52 51 31 60 6 53 61 54 59 14 43 18 47 39 7 2 1 50 46 55 11 22 25 0 62 42 58 23 41 9 34 16 17 49 26 5 48 12 24 57 3 40 4 32 33 56 15 8 63
26 18 37 34 19 20 10 2 21 45 17 12 29 46 11 9 25 16 54 62 33 41 13 44 48 22 43 52 32 42 53 24 0 1 63 4 50 61 3 51 47 39 38 57 49 40 31 59 60 56 23 55 5 15 7 30 14 6 58 8
44 43 18 45 50 21 54 51 29 19 14 22 37 17 23 7 34 41 10 46 53 49 47 2 26 42 20 55 48 33 52 61 11 57 5 59 62 63 40 13 25 12 16 32 6 24 39 8 4 56 1 31 38 60 3 30 9 15 0 58
19 20 37 44 21 26 25 14 53 18 7 52 51 38 46 22 39 29 13 4 11 24 30 42 49 31 12 9 17 47 45 58 50 3 5 61 43 48 1 34 2 54 60 6 63 10 33 59 55 0 56 41 16 62 40 57 8 23 15 32
44 45 26 43 53 18 10 20 21 9 46 34 0 19 25 52 59 60 12 1 42 50 49 4 41 30 29 48 17 16 5 47 32 8 39 6 61 31 54 40 2 56 22 11 38 3 7 15 33 57 51 63 14 58 37 62 24 13 55 23
37 45 44 29 22 30 18 26 54 43 38 52 42 53 34 50 57 63 61 25 47 51 19 23 60 11 16 39 10 17 46 62 4 21 33 31 20 1 14 41 32 5 9 40 15 58 6 2 3 56 59 0 8 49 48 7 24 55 12 13
44 43 42 29 20 51 30 31 22 45 34 19 52 41 26 53 48 25 33 24 18 49 61 59 16 37 62 50 58 8 60 10 38 54 21 39 2 1 11 17 63 12 14 7 4 23 9 3 47 5 56 13 57 46 32 55 15 6 0 40
37 45 19 20 29 38 54 43 13 10 47 21 51 63 11 31 46 42 44 3 18 25 30 5 49 55 6 22 39 41 62 61 23 7 40 59 17 26 34 16 50 58 1 2 4 53 60 0 14 32 24 33 9 56 8 52 57 15 12 48
37 29 18 42 20 45 46 43 21 13 54 19 38 63 52 39 30 61 59 17 26 33 11 23 5 3 9 53 22 10 12 51 62 15 16 0 40 24 44 55 2 14 32 1 60 41 49 50 31 56 8 6 34 58 48 25 4 57 47 7
19 20 45 18 12 43 9 5 42 21 10 17 25 0 44 49 34 51 8 52 22 26 53 33 41 32 58 16 4 1 59 23 2 61 14 54 62 40 63 11 13 15 56 37 60 30 24 55 47 29 7 57 6 50 38 3 46 39 48 31
44 43 50 51 26 45 52 61 53 19 18 37 42 41 32 33 46 55 30 49 47 60 10 57 40 39 29 1 59 34 38 22 11 4 54 12 20 62 2 21 14 6 3 24 5 13 48 17 25 58 31 23 9 0 7 56 8 16 63 15
26 34 43 20 29 52 11 22 51 50 59 13 41 25 45 61 37 2 30 54 14 21 24 23 46 19 42 38 39 33 53 47 44 6 62 16 5 4 18 40 3 63 60 58 32 55 8 9 17 31 57 49 7 15 0 56 48 10 1 12
19 20 13 10 37 21 12 43 18 5 42 46 6 7 44 52 61 26 45 3 29 14 25 38 11 54 53 51 34 41 1 17 4 33 39 60 63 62 32 22 58 40 50 48 55 9 30 49 2 47 15 23 0 31 16 8 57 24 59 56
44 43 50 51 34 57 42 45 60 52 53 54 59 25 41 40 38 29 18 49 56 47 63 26 58 11 9 33 48 55 4 19 21 37 17 10 61 8 32 14 0 24 12 3 16 5 1 30 31 20 46 62 13 2 6 39 23 15 22 7
37 45 19 29 30 20 43 23 46 26 44 12 17 42 5 50 51 34 25 4 31 39 57 59 13 52 49 54 3 53 63 8 58 10 24 38 60 16 18 61 21 41 47 48 15 9 0 56 32 1 40 22 11 33 2 55 62 6 7 14
19 34 45 37 42 53 26 18 10 43 44 33 24 2 25 20 21 22 38 40 41 29 30 49 14 23 62 46 15 32 9 7 11 48 51 12 17 0 5 50 55 13 57 56 54 60 1 31 58 59 47 61 4 8 16 52 3 63 6 39
19 18 17 9 37 11 0 16 25 46 20 29 21 2 30 23 3 33 31 39 55 4 38 13 22 15 34 5 7 47 6 12 14 45 54 53 52 41 60 51 62 63 44 61 58 26 10 59 40 42 49 1 32 50 24 48 57 8 43 56
19 34 43 20 33 11 37 51 12 38 46 54 26 10 18 9 39 29 2 30 59 1 47 50 16 41 49 48 32 44 61 21 14 22 52 4 25 8 15 24 45 57 17 40 0 6 3 55 56 63 13 53 5 23 42 31 58 7 62 60
26 34 44 20 18 10 12 53 52 21 30 60 42 13 37 11 17 50 49 43 33 8 45 14 59 51 9 39 58 40 4 41 2 0 29 22 6 19 38 7 15 56 62 31 16 54 55 24 47 61 46 5 32 57 23 25 3 1 48 63
19 34 42 18 33 41 37 32 26 50 25 20 43 44 53 17 48 45 58 61 16 24 10 12 29 21 38 9 54 57 8 39 52 0 22 30 46 59 14 49 4 23 13 5 31 1 60 3 2 15 51 56 40 55 7 6 11 47 63 62
37 29 18 26 17 46 19 43 51 50 49 25 21 13 30 23 34 59 24 33 5 8 31 16 44 32 55 39 42 53 20 56 48 12 52 38 41 14 6 9 22 45 61 57 10 40 4 1 0 62 54 7 15 3 2 11 58 47 60 63
44 45 37 29 20 34 46 12 19 26 25 55 11 33 41 54 13 2 43 5 17 21 4 48 10 1 9 16 49 40 63 50 8 51 14 6 52 53 24 42 61 18 38 23 60 58 39 32 47 62 15 22 30 3 57 0 59 56 31 7
26 18 19 34 41 42 9 10 49 20 33 56 37 24 32 0 16 45 51 29 12 43 17 48 57 25 30 11 3 58 46 47 55 50 54 59 21 13 39 63 61 40 2 31 14 8 38 5 44 7 22 53 6 15 23 1 4 52 62 60
37 43 18 19 20 29 45 10 2 11 30 25 13 54 26 31 4 12 44 46 33 41 51 42 22 59 24 15 55 9 53 38 23 61 58 47 17 52 7 3 49 50 0 5 14 34 6 56 63 62 39 8 60 32 40 57 16 21 1 48
19 34 43 50 41 33 25 32 44 16 57 21 37 53 52 38 46 11 62 29 30 45 12 23 10 60 51 31 22 59 54 63 58 14 42 61 13 56 55 20 6 7 40 5 18 3 2 39 24 47 17 9 8 49 26 15 4 1 0 48
37 29 21 43 26 38 51 18 45 22 19 13 17 25 32 8 31 9 33 50 5 59 11 34 1 10 20 46 0 54 23 12 16 39 57 49 2 14 44 52 60 40 63 15 42 3 58 41 56 61 47 53 7 6 55 30 24 4 48 62
37 29 21 43 50 14 19 42 41 49 57 44 51 46 45 52 47 56 13 40 34 12 7 54 53 10 61 59 20 30 26 60 5 63 31 62 1 4 3 18 33 24 25 39 55 23 17 8 38 22 9 48 15 6 32 2 16 0 11 58
26 34 45 18 9 29 33 44 43 32 42 41 20 54 25 0 19 50 40 48 11 52 51 24 37 4 10 59 53 12 49 61 13 5 55 3 30 17 16 6 21 39 46 38 1 8 14 57 56 47 23 31 58 2 60 7 62 15 22 63
19 34 43 18 33 20 21 51 52 37 59 50 49 57 41 22 13 25 16 12 45 26 4 17 29 14 30 11 32 44 48 39 15 46 42 6 23 3 54 62 10 40 24 8 38 53 63 1 61 2 0 60 55 56 9 7 58 5 31 47
19 20 37 34 21 45 33 11 2 12 18 32 42 29 4 3 10 22 30 51 46 14 38 54 55 9 15 5 17 26 23 13 16 25 24 8 44 53 63 62 47 31 43 41 59 39 61 52 50 1 48 60 7 6 40 49 58 57 0 56
44 45 26 43 53 61 37 17 51 18 25 52 46 38 8 34 54 32 31 39 42 55 29 63 19 62 24 49 50 60 47 22 21 9 11 13 10 3 48 20 4 41 14 23 59 33 40 2 1 0 12 7 30 58 15 5 6 16 57 56
26 20 45 25 18 34 32 54 21 44 19 24 33 10 16 29 30 14 43 42 11 17 3 1 22 13 5 9 15 40 49 4 48 2 53 51 46 6 0 12 58 47 63 8 50 61 37 23 39 55 31 60 62 38 59 7 41 52 57 56
37 43 18 19 34 45 11 3 53 33 26 10 32 42 50 44 1 54 52 62 25 24 41 38 29 21 20 40 63 2 31 61 17 13 4 57 58 55 5 46 51 6 9 0 30 49 59 60 47 8 48 39 56 12 14 22 7 23 15 16
19 20 45 34 18 10 12 43 1 13 26 29 42 9 17 0 44 11 2 51 50 53 62 33 58 37 22 61 16 38 25 41 39 52 60 32 54 57 49 47 4 59 55 30 31 8 56 14 23 63 5 48 6 21 15 3 40 24 46 7
19 34 41 11 42 43 20 25 2 49 51 40 16 12 45 59 18 44 50 57 13 5 48 14 52 10 6 37 30 7 26 38 54 33 4 22 56 21 31 3 53 1 32 62 58 17 61 46 39 29 23 55 60 15 47 24 9 8 0 63
26 20 37 42 12 38 46 19 18 4 44 34 5 53 52 17 62 21 30 55 39 60 49 22 51 54 8 16 24 3 33 32 14 29 43 47 10 15 23 25 2 9 63 0 7 61 50 13 40 57 58 48 1 11 56 31 59 41 6 45
26 34 42 18 37 43 20 49 51 21 29 38 47 50 58 22 15 52 13 39 59 14 40 44 45 53 31 33 25 30 10 17 61 19 41 48 12 32 24 2 6 46 54 23 11 62 3 9 63 5 4 7 16 60 56 55 1 0 8 57
37 29 19 43 30 34 44 53 41 11 50 45 42 26 51 59 58 33 24 31 23 49 12 57 10 18 39 46 38 48 54 52 9 55 56 25 47 22 63 20 40 4 21 32 13 15 61 6 5 16 14 1 8 17 0 3 2 60 62 7
19 20 29 38 13 12 5 4 45 34 33 22 6 14 15 7 21 37 31 41 49 54 43 26 10 48 17 1 3 30 39 42 18 24 40 46 44 11 63 62 25 2 53 16 8 51 23 32 61 57 58 59 56 9 60 47 0 50 55 52
19 34 43 20 37 52 50 29 18 45 54 53 30 38 13 55 25 23 47 9 44 41 32 21 22 48 12 4 63 39 11 3 31 16 59 5 61 10 51 15 7 26 24 57 6 42 58 62 40 46 14 60 17 8 0 33 49 1 2 56
26 20 37 25 17 43 29 44 51 18 24 50 12 59 9 22 30 34 57 23 41 33 46 42 60 13 53 16 8 45 31 4 52 39 14 21 58 47 19 40 49 61 54 48 55 0 2 32 10 63 15 11 38 7 3 5 1 56 6 62
19 20 45 44 37 18 12 30 10 1 17 42 52 53 3 51 60 43 33 50 59 41 54 25 23 55 24 49 48 57 63 29 62 61 40 4 22 31 26 2 5 6 58 15 47 8 38 56 46 11 14 34 13 39 21 9 16 32 0 7
37 43 34 41 33 29 51 45 20 50 30 32 46 47 53 22 48 11 44 31 57 42 15 13 6 58 23 60 14 40 2 7 59 52 24 38 25 18 54 56 49 55 19 39 17 16 63 62 4 12 10 26 5 3 1 8 9 0 61 21
19 18 44 11 10 29 22 45 43 9 0 26 54 63 21 42 25 17 33 24 2 3 40 32 50 41 49 1 52 57 58 59 46 30 16 53 39 56 4 51 37 47 62 34 55 61 8 14 13 5 12 38 31 23 6 7 15 20 48 60
26 34 45 20 44 54 37 52 19 38 41 10 12 4 5 33 40 18 13 22 21 42 31 23 59 60 9 58 43 0 61 3 11 51 15 6 17 29 2 24 50 32 49 57 63 30 8 25 16 39 14 7 56 53 46 55 48 1 47 62
26 20 37 25 17 9 21 29 12 45 53 38 8 22 34 52 47 30 19 18 11 4 1 44 31 23 46 43 2 13 51 0 14 62 15 61 10 50 54 55 63 39 57 16 32 7 59 5 24 49 48 3 60 58 42 40 6 33 56 41
26 34 45 37 46 17 25 54 62 19 9 47 44 29 11 52 41 8 55 21 53 42 30 12 13 16 60 14 20 39 24 51 50 5 15 1 22 33 18 23 43 2 40 38 10 3 6 63 0 4 31 58 59 7 57 32 49 48 56 61
26 18 10 9 44 43 50 25 17 51 24 2 42 29 59 32 33 52 11 57 40 20 4 41 49 19 22 60 8 58 53 1 34 56 13 61 12 46 16 6 21 30 37 38 55 15 62 14 5 45 47 31 54 3 23 39 0 63 7 48
44 45 37 29 54 51 18 53 52 63 55 42 50 59 46 26 19 21 43 47 13 30 33 58 22 41 57 12 39 5 38 10 61 40 25 31 32 24 2 62 11 1 60 9 34 49 8 0 48 16 14 3 23 15 6 20 4 56 17 7
44 45 46 20 18 52 29 47 13 22 54 26 38 43 31 12 34 19 30 37 60 23 50 17 16 33 40 55 11 32 15 3 42 63 4 21 14 59 61 39 53 5 58 7 24 51 62 2 10 41 49 9 6 57 0 56 1 25 48 8
19 18 26 34 9 10 1 2 43 8 25 33 17 52 41 32 40 50 37 42 57 46 61 44 3 58 48 16 59 49 29 56 24 60 51 0 11 12 55 21 53 45 20 62 38 31 14 39 13 5 47 7 4 22 30 63 6 23 54 15
44 29 20 11 30 38 46 47 19 43 10 9 1 31 26 18 37 33 50 45 34 25 23 42 8 21 13 22 39 4 15 14 24 0 49 7 12 52 61 2 17 60 59 5 54 41 55 53 6 58 57 16 40 48 51 32 3 63 62 56
19 18 26 34 25 20 11 10 9 3 43 33 29 37 45 44 4 16 32 17 52 30 13 50 12 14 5 54 15 60 8 46 63 21 61 2 53 40 57 51 31 0 39 47 48 22 23 49 58 24 38 62 59 7 6 41 1 42 56 55
26 20 13 34 43 6 33 42 29 18 51 37 12 40 45 52 9 21 19 59 5 14 24 53 15 17 11 10 25 49 41 8 54 22 23 16 60 44 58 32 38 55 57 39 0 4 31 56 61 7 46 30 1 50 3 2 47 63 62 48
44 29 22 42 20 21 34 23 49 30 14 12 31 38 47 43 52 46 45 26 25 39 13 55 15 19 11 59 63 24 18 3 61 6 37 5 54 10 9 60 53 17 16 62 58 8 51 33 0 50 4 48 2 7 32 40 41 57 56 1
26 18 10 20 37 42 44 25 32 53 51 9 17 11 3 52 1 24 4 43 19 40 12 30 54 21 41 8 16 60 61 59 0 50 49 57 22 45 34 62 29 15 38 14 23 46 56 31 33 2 13 58 47 6 55 39 63 48 7 5
19 18 44 43 17 9 34 20 1 52 45 26 60 29 21 25 41 12 16 54 37 14 22 15 5 59 7 10 61 13 63 62 3 2 58 32 11 4 30 0 8 42 6 31 49 50 51 53 24 48 39 55 33 47 40 57 46 38 56 23
44 29 21 45 46 13 26 18 30 39 5 43 10 47 52 22 23 15 37 60 50 42 14 17 24 2 3 58 25 38 49 6 31 56 11 12 4 8 34 20 1 19 57 41 53 51 61 0 55 62 7 33 9 16 54 40 32 59 48 63
37 45 19 29 44 34 54 53 42 26 46 63 22 11 60 55 17 18 47 51 3 38 25 50 41 33 59 24 32 21 52 58 13 40 49 8 61 20 43 56 30 14 48 62 23 39 12 2 10 1 7 5 0 16 6 4 31 15 9 57
19 18 17 43 42 9 44 11 0 16 25 45 20 52 54 34 51 13 4 63 60 50 57 2 33 41 38 26 49 29 21 10 5 12 48 58 3 61 53 47 31 59 40 32 22 30 1 15 37 46 24 6 14 7 39 23 55 62 8 56
37 45 44 43 53 29 51 59 18 46 52 19 58 17 30 38 39 57 34 23 54 50 20 22 9 62 55 0 49 42 10 21 8 40 31 2 13 47 16 63 1 12 48 56 11 60 3 26 25 6 5 41 7 14 33 24 15 4 61 32
44 45 26 20 12 43 52 61 54 46 50 42 38 17 34 29 8 25 21 57 18 10 19 24 2 14 37 31 7 30 60 51 59 62 39 22 58 3 23 11 55 13 6 5 56 33 47 1 53 16 4 0 32 15 9 49 63 41 48 40
44 29 20 11 30 52 2 12 21 43 42 10 60 61 18 39 62 41 50 34 19 17 3 59 57 4 32 40 48 37 24 26 58 51 53 33 38 9 25 45 49 47 14 1 23 22 5 13 8 0 46 56 6 7 15 16 55 54 63 31
19 34 44 37 30 11 10 53 12 23 42 3 26 9 1 20 52 21 17 43 2 13 51 24 18 60 8 50 45 16 29 54 59 41 57 0 6 5 38 47 63 33 40 49 48 56 58 32 4 46 31 7 25 61 14 15 62 39 22 55
44 43 18 29 51 26 34 52 19 17 30 25 32 59 41 11 50 49 42 48 40 20 3 24 61 45 58 38 56 4 8 2 22 14 12 33 60 5 47 10 31 57 13 6 37 62 9 16 53 23 1 21 63 0 46 55 15 54 7 39
26 18 37 45 19 34 41 33 43 49 29 30 25 46 48 50 10 42 44 11 4 17 51 60 16 52 32 2 22 21 59 23 9 57 61 56 15 14 54 53 58 63 55 40 31 38 13 8 39 47 24 1 0 62 20 12 3 5 6 7
37 45 26 34 41 29 38 18 30 48 10 25 32 2 11 24 42 9 52 12 40 20 19 46 21 43 17 14 5 44 50 51 16 53 62 23 54 49 60 47 55 4 13 22 0 8 3 33 15 7 31 61 39 6 57 58 63 59 56 1
44 29 22 30 19 52 53 15 37 54 31 26 14 43 51 34 33 25 50 38 55 57 20 58 18 60 24 6 39 32 40 62 59 13 61 47 49 63 12 11 5 9 10 3 21 42 45 41 56 1 23 4 48 16 7 46 17 8 0 2
19 18 44 43 9 37 45 10 30 26 1 20 12 29 33 54 51 52 60 31 17 59 21 34 41 25 32 2 58 5 53 38 63 22 13 8 15 42 4 14 50 49 24 0 11 55 62 61 23 57 46 6 56 47 7 3 16 39 48 40
37 45 19 18 26 29 54 34 41 20 10 48 42 9 13 49 11 33 40 32 0 1 21 38 44 5 30 22 50 12 31 47 14 53 52 2 56 51 3 6 24 46 59 25 57 61 39 4 16 60 55 62 43 58 7 8 63 15 23 17
26 34 41 21 45 33 40 44 29 20 53 48 56 42 12 25 43 13 17 11 2 49 51 30 57 16 6 59 14 24 58 37 38 9 60 15 31 62 50 46 39 23 4 47 1 18 5 0 8 3 10 61 63 19 52 32 22 7 54 55
44 29 18 43 45 52 21 54 51 42 53 50 49 41 62 20 58 60 34 14 12 48 7 26 40 37 59 33 61 4 3 10 17 13 32 2 19 9 1 0 55 57 5 63 38 47 39 6 11 23 56 8 16 30 46 24 22 31 15 25
44 45 26 18 46 43 9 17 16 8 0 1 34 19 20 53 52 37 38 51 10 30 59 39 55 60 22 29 54 11 21 42 61 25 24 47 33 50 12 14 2 5 23 3 7 63 13 32 49 31 4 41 48 40 62 56 6 15 57 58
44 45 19 52 37 18 26 20 13 33 54 43 60 61 17 9 40 11 21 34 0 46 2 29 38 6 5 14 51 47 25 53 39 10 30 23 22 50 49 62 15 32 41 58 63 7 24 8 1 12 59 42 3 57 48 55 56 4 16 31
19 34 45 21 29 11 33 30 18 43 37 25 9 44 53 32 51 42 23 0 12 14 24 3 26 50 40 62 49 31 5 56 17 54 61 41 13 60 58 15 8 38 39 57 7 10 63 16 59 46 1 48 52 2 20 47 22 6 55 4
26 20 21 18 44 29 30 22 14 52 13 25 43 34 24 37 61 42 45 32 40 19 9 11 4 16 51 17 10 23 31 54 38 0 47 3 49 58 8 5 59 41 15 48 53 39 50 1 57 56 46 60 2 12 6 7 62 55 63 33
26 18 44 43 42 45 19 41 37 34 51 29 21 13 40 59 58 12 33 57 9 25 24 0 14 32 17 30 1 49 54 10 20 7 3 11 5 22 15 16 56 53 8 48 60 4 52 2 23 61 62 50 46 31 38 39 47 55 63 6
44 45 19 34 43 50 42 20 29 18 46 22 11 3 12 53 15 38 57 52 30 47 33 21 13 41 62 61 9 58 49 56 2 26 4 63 51 31 54 37 14 10 1 39 60 25 16 7 55 59 40 0 48 32 23 6 8 24 17 5
44 45 37 29 20 51 54 13 26 25 21 46 11 62 24 19 6 3 12 38 39 18 30 31 58 4 10 5 2 47 14 52 63 34 59 9 61 22 17 33 53 42 16 1 8 0 23 32 55 7 50 15 41 40 43 49 48 60 56 57
44 45 19 43 51 18 53 20 29 42 12 37 33 58 52 49 38 13 56 41 40 60 61 62 11 22 25 34 26 39 46 4 5 30 3 2 59 24 15 17 57 48 23 21 54 14 63 47 1 32 16 8 50 10 55 9 0 31 6 7
44 43 34 25 42 50 19 29 49 41 40 20 12 11 57 5 10 51 4 48 3 26 60 21 56 37 18 33 45 58 17 2 9 16 14 24 52 46 22 13 38 7 59 47 55 53 8 31 15 1 39 6 54 61 62 63 30 23 32 0
44 29 21 45 37 30 46 54 62 34 23 63 53 13 20 19 5 22 14 52 33 43 10 25 50 32 26 18 61 38 31 47 55 59 12 51 17 60 40 41 39 11 58 57 48 8 9 24 3 2 16 56 42 0 1 6 7 4 15 49
19 34 42 50 44 21 43 52 41 40 29 37 53 20 30 11 26 46 57 45 54 18 38 39 17 62 33 60 9 10 14 16 31 8 25 22 12 5 15 6 63 58 7 32 61 59 2 13 51 4 55 47 1 23 24 49 0 56 3 48
37 29 20 13 22 30 4 15 31 14 34 12 21 42 23 46 19 10 7 39 18 17 44 53 5 26 1 45 24 16 33 38 8 2 3 6 47 41 9 43 40 50 59 25 32 52 11 48 62 0 61 51 49 57 56 54 60 58 55 63
26 20 37 44 45 30 12 46 38 17 54 62 23 52 60 29 8 42 39 43 34 47 22 11 41 49 13 31 10 59 21 61 56 4 5 50 19 6 57 32 40 18 24 1 55 51 2 16 3 48 58 25 53 0 33 63 15 9 7 14
44 43 50 51 34 57 19 45 54 25 53 20 18 37 41 46 13 63 52 33 38 21 17 29 47 16 55 32 42 49 11 10 22 61 60 12 9 14 62 23 26 0 56 4 15 48 24 7 30 39 1 6 59 8 3 31 58 2 40 5
44 45 19 52 53 61 37 18 60 43 62 21 46 47 55 63 51 38 20 58 50 54 29 42 17 26 34 11 39 16 57 33 24 59 9 0 2 30 12 22 8 4 31 56 14 13 5 10 3 49 48 15 23 32 7 6 40 41 1 25
19 18 44 11 10 45 12 2 1 20 26 17 37 25 33 3 21 43 16 46 38 41 24 9 51 30 5 4 22 29 54 59 50 53 32 13 34 55 8 39 52 15 63 42 6 14 61 60 47 40 58 7 49 48 31 23 57 0 62 56
26 18 37 29 19 43 21 34 41 11 44 46 17 45 20 9 52 10 30 60 55 51 3 2 61 8 50 58 53 22 12 33 23 62 25 54 24 59 38 16 42 4 13 39 5 15 32 40 49 14 7 48 1 6 56 57 63 0 31 47
26 34 41 33 42 19 11 44 37 38 25 3 46 24 17 50 43 8 51 49 10 59 32 29 58 1 22 60 18 53 61 20 48 39 45 16 4 54 21 12 52 5 47 14 6 7 13 15 2 63 0 9 30 31 55 56 23 40 57 62
26 34 43 20 37 52 51 59 29 22 45 38 46 25 53 55 31 39 21 23 47 54 44 30 61 63 16 41 19 13 11 50 17 10 9 3 42 24 8 18 2 4 32 1 15 12 57 58 33 62 14 6 49 48 60 7 56 5 40 0
44 45 19 18 17 43 26 21 51 42 54 25 32 11 50 59 34 33 20 41 22 10 58 13 3 49 60 46 52 9 8 23 29 62 47 30 56 37 15 4 14 12 57 61 31 39 40 16 53 2 63 0 24 48 1 55 38 7 5 6
37 43 50 51 26 38 52 21 45 29 13 61 53 54 39 25 55 30 42 44 23 57 34 5 14 31 24 15 7 41 48 47 33 62 63 17 60 20 8 58 6 32 4 46 59 12 22 18 56 16 19 11 40 49 10 2 1 9 0 3
26 20 29 22 37 45 54 43 46 63 62 38 12 18 10 55 19 1 21 11 30 31 23 13 44 25 24 61 15 33 47 14 3 34 41 4 51 48 49 53 39 2 17 59 7 32 50 8 42 5 6 57 52 60 9 16 40 58 56 0
19 18 26 20 21 34 10 11 12 14 41 42 17 5 13 16 33 40 37 29 24 2 22 8 6 23 15 45 30 31 39 32 3 7 25 4 48 47 43 44 54 53 50 61 52 58 57 51 59 38 46 55 63 56 62 49 9 1 60 0
26 18 10 43 44 29 20 45 51 34 41 11 46 9 37 59 22 52 13 15 60 19 30 53 17 55 31 24 39 54 4 23 16 33 25 32 42 8 2 47 0 1 61 58 38 50 40 3 49 56 57 5 63 12 6 21 14 7 48 62
44 43 34 45 53 52 60 25 37 38 29 30 26 42 16 51 31 33 41 20 11 61 21 32 58 23 15 17 62 22 13 46 8 12 54 18 19 48 4 6 49 40 14 10 24 47 3 5 56 9 7 59 0 57 50 39 1 2 55 63
26 18 37 45 44 43 54 21 29 46 34 63 10 42 51 52 19 22 49 1 2 50 60 25 14 17 8 13 30 41 5 33 53 59 32 56 58 38 47 23 20 16 61 0 11 55 57 48 15 6 62 31 40 7 12 9 39 24 3 4
26 20 13 25 37 46 34 42 33 43 38 40 50 30 32 58 51 52 19 18 10 44 57 11 12 49 61 5 24 9 17 60 39 21 54 55 41 16 4 3 0 56 6 48 59 14 15 29 22 2 1 7 45 47 23 53 63 8 31 62
44 45 19 52 60 43 51 20 38 54 63 10 21 58 50 26 18 14 25 59 22 12 57 34 33 53 2 23 4 17 42 32 13 1 9 41 8 49 11 37 30 29 56 6 24 47 7 5 31 48 62 61 46 15 40 39 0 3 55 16
44 45 26 52 54 20 37 42 60 38 13 51 31 53 29 19 59 17 61 30 43 50 49 62 63 39 11 55 41 34 33 10 9 40 46 21 25 8 18 48 23 32 16 5 22 1 12 15 2 0 58 3 14 6 24 57 7 56 47 4
44 45 46 34 18 53 41 47 52 19 10 37 42 29 54 60 62 55 20 1 22 49 61 51 11 30 26 15 63 25 17 9 2 40 24 33 58 3 32 50 23 16 43 21 4 5 7 38 0 12 31 8 57 59 13 39 56 48 6 14
26 18 19 20 21 22 12 42 30 11 17 25 3 8 33 34 49 32 23 5 44 10 9 13 16 43 24 52 6 50 53 45 61 60 54 7 51 40 29 39 31 15 59 41 4 62 0 14 46 58 2 37 57 1 38 55 48 56 47 63
44 45 46 52 37 54 43 34 59 47 55 30 42 20 62 50 38 39 26 53 33 60 51 18 9 29 23 61 41 40 25 21 22 19 49 63 14 10 11 0 8 2 4 15 31 24 1 48 7 17 3 6 58 12 16 57 5 32 13 56
37 43 26 29 30 18 10 9 50 2 0 51 34 42 25 16 59 45 24 57 44 21 22 17 46 54 63 19 38 33 13 39 11 32 58 55 47 60 40 15 23 14 6 12 7 4 20 49 5 48 8 41 56 52 3 31 1 53 61 62
44 29 20 45 37 11 54 63 30 52 43 31 51 59 60 46 12 13 23 19 42 41 18 58 21 10 6 39 4 3 50 14 40 32 47 38 61 25 2 48 57 26 7 22 1 9 55 53 8 0 15 16 24 34 33 49 56 17 5 62
19 34 44 11 42 45 37 46 21 43 52 50 47 29 10 20 25 22 15 26 57 1 17 16 2 55 12 30 31 53 13 59 3 14 0 4 54 33 24 51 41 18 38 9 8 62 63 58 6 56 60 5 61 48 40 32 49 23 39 7
19 18 17 9 1 43 45 29 30 11 20 21 12 4 51 25 3 10 32 22 13 42 31 59 5 16 24 15 23 14 7 2 37 6 8 0 34 46 47 44 38 33 53 41 50 39 60 61 26 40 48 55 52 49 62 56 54 63 57 58
37 29 22 30 23 42 21 45 53 14 18 38 15 52 47 46 31 9 51 60 6 44 43 34 49 55 19 26 58 7 17 41 54 61 62 25 63 56 59 5 24 10 40 33 2 57 11 12 0 39 48 50 16 8 1 32 3 4 13 20
26 18 19 20 11 4 3 10 12 2 17 21 22 34 37 30 9 46 13 23 29 38 25 16 55 6 43 44 52 1 41 14 15 33 8 54 40 51 24 49 58 45 59 50 42 57 63 31 0 53 60 61 48 7 32 56 39 47 62 5
44 29 21 43 37 30 39 14 20 13 22 23 18 45 54 34 33 25 52 61 5 12 11 10 51 58 19 3 59 42 16 41 57 38 2 24 15 4 26 31 50 49 53 7 47 1 48 8 32 46 6 17 9 63 0 56 40 62 55 60
19 18 17 11 45 16 3 54 37 43 42 4 53 52 26 44 25 2 10 46 51 33 61 20 12 1 30 13 55 62 24 47 63 38 6 14 21 23 31 22 15 39 5 49 8 50 59 58 9 7 29 32 34 41 56 40 60 0 57 48
44 29 20 43 34 19 30 52 42 22 37 23 50 45 10 41 26 57 61 25 58 51 18 12 60 9 56 33 15 38 16 49 8 7 48 21 54 63 13 59 17 5 4 2 32 3 47 62 53 39 14 11 6 40 24 0 31 46 1 55
26 34 41 33 44 49 40 25 24 16 58 32 42 37 46 19 12 52 8 57 56 11 51 18 17 13 53 50 4 21 45 62 54 30 22 48 23 20 29 55 61 9 43 14 60 0 3 38 5 10 39 15 47 59 1 63 7 31 2 6
19 18 17 43 45 29 51 34 25 26 37 10 30 54 2 9 11 31 1 3 53 41 20 46 47 52 38 0 63 24 33 62 32 13 59 22 61 42 23 60 14 15 55 40 39 4 21 16 6 7 12 58 8 44 57 5 48 49 50 56
19 34 45 11 26 17 25 21 3 44 8 54 42 33 43 24 53 12 46 49 29 41 30 52 60 14 55 5 50 51 59 47 56 48 57 32 39 40 18 63 38 31 37 10 23 20 7 22 16 15 1 9 0 58 2 62 13 4 61 6
44 29 21 45 37 13 38 47 14 34 5 51 52 7 22 60 23 15 42 19 39 49 33 24 10 20 32 1 16 12 18 43 55 26 4 40 53 46 54 63 56 41 62 6 30 61 17 57 3 9 0 2 58 11 59 25 48 50 8 31
44 45 19 43 37 30 52 51 53 29 42 60 54 46 22 18 17 11 50 63 20 9 55 26 23 15 38 8 2 57 58 62 33 10 47 13 7 25 16 4 3 24 49 48 59 41 14 1 32 21 5 6 40 39 56 34 0 61 31 12
37 45 26 34 53 38 44 18 25 61 42 51 39 31 10 30 54 17 46 21 20 52 50 59 23 47 16 62 60 41 22 24 32 33 48 2 3 9 63 19 49 58 43 1 8 15 0 55 29 40 57 13 12 56 7 4 11 14 6 5
19 20 45 44 13 54 21 26 63 46 33 18 42 43 34 12 10 40 38 1 52 14 32 17 48 50 11 4 41 49 51 59 60 58 6 29 57 47 22 56 5 37 55 61 30 31 2 15 53 39 16 8 0 24 23 9 7 25 62 3
44 43 26 19 12 29 42 51 37 52 59 41 60 45 22 15 46 11 34 21 50 49 20 47 55 58 30 61 3 13 48 57 25 63 56 39 40 53 31 10 38 17 5 4 18 33 6 9 32 7 54 23 14 24 62 2 0 16 1 8
37 45 44 29 20 34 30 13 43 31 22 53 12 42 51 38 23 4 11 15 62 2 46 60 33 55 26 19 14 54 58 18 3 5 41 52 1 25 47 32 9 21 16 48 17 0 6 49 57 59 61 7 10 40 24 63 56 8 50 39
19 34 43 18 26 52 10 9 37 11 33 41 3 46 49 44 53 42 29 60 1 51 17 2 59 20 54 61 38 56 13 8 21 39 62 24 55 12 16 25 57 47 32 45 4 14 0 48 15 63 50 6 30 40 22 5 7 31 23 58
44 29 21 45 19 52 60 18 26 13 46 34 33 25 37 43 42 53 38 54 30 49 51 11 55 47 3 63 20 22 9 32 40 62 23 31 5 2 1 17 56 58 39 50 8 0 10 16 14 48 12 41 59 7 57 61 24 15 6 4
37 45 26 34 42 29 46 18 30 21 20 47 12 4 54 33 10 17 16 13 25 39 5 51 23 9 3 38 2 61 19 11 44 53 55 1 8 43 52 31 41 32 0 6 50 49 57 60 58 14 7 59 48 40 22 15 62 24 56 63
37 45 19 20 54 26 12 13 21 11 2 3 34 30 18 17 29 63 43 33 9 0 31 38 5 23 16 39 53 6 4 42 47 10 44 24 14 7 22 55 8 51 41 50 49 15 60 57 32 61 48 52 59 40 46 56 25 1 62 58
26 18 10 25 17 29 21 11 30 22 33 9 3 31 37 44 38 8 0 45 19 13 24 1 12 41 54 4 40 43 53 52 14 34 49 7 51 20 39 62 61 48 42 60 59 63 46 6 2 57 55 32 16 58 15 47 5 50 56 23
19 20 13 26 17 6 37 43 18 11 10 25 34 16 3 4 8 0 24 45 44 2 21 22 46 33 52 42 9 61 60 32 23 1 51 55 38 30 49 41 31 39 54 29 50 58 48 56 57 47 62 12 63 59 40 15 53 7 14 5
44 29 22 42 34 41 21 30 38 45 33 31 19 52 53 32 54 43 37 15 49 26 60 14 25 48 18 51 46 17 59 12 13 56 11 20 24 61 62 10 5 55 57 6 40 50 58 4 63 16 8 0 9 1 7 23 2 3 47 39
19 20 29 34 26 22 43 25 33 52 42 49 13 10 31 24 30 15 11 12 14 41 48 40 44 37 51 60 4 23 17 6 9 56 38 8 18 3 0 46 39 47 55 54 21 63 59 50 58 57 53 61 1 62 16 45 5 32 2 7
44 29 21 45 46 34 18 14 22 37 41 15 43 42 19 9 50 11 30 48 6 55 0 23 13 53 38 31 3 5 20 12 40 26 61 51 52 49 33 7 47 39 17 57 10 16 8 58 56 32 25 2 1 54 24 4 62 63 59 60
19 18 44 11 9 25 10 20 13 1 3 37 17 52 60 34 46 38 32 0 8 51 41 21 43 16 42 58 50 54 55 12 39 59 53 5 14 29 4 15 2 61 22 57 26 40 49 23 33 45 7 63 48 47 31 24 30 6 62 56
19 20 29 38 44 18 9 52 11 10 53 17 13 26 8 16 12 43 24 3 42 34 25 41 2 62 4 21 47 22 30 5 50 14 61 46 7 37 45 15 48 1 6 33 0 49 40 54 55 59 32 23 58 63 31 56 51 60 57 39
44 43 26 29 45 19 10 21 51 1 12 3 22 33 14 37 11 53 9 7 61 30 52 58 20 62 4 2 38 39 31 46 59 23 57 42 34 18 50 17 24 41 54 63 49 13 55 32 8 60 5 6 15 48 56 47 40 16 25 0
44 43 42 51 50 37 45 21 19 34 46 38 31 39 58 55 25 49 14 23 48 33 41 57 30 16 47 56 63 20 29 22 12 11 2 24 26 53 62 59 60 10 9 61 15 13 17 7 4 52 6 1 40 3 5 18 8 32 0 54
37 29 22 42 34 30 23 31 50 45 20 11 43 15 54 53 21 38 46 39 2 18 61 60 52 51 9 44 59 57 55 13 5 0 16 58 56 41 49 62 40 4 63 19 3 48 17 32 14 12 24 26 33 8 25 10 1 6 7 47
19 20 13 10 11 34 29 37 18 6 2 3 46 22 38 9 44 17 1 21 0 47 30 52 45 31 39 26 5 43 41 25 24 16 12 32 51 54 4 14 33 58 61 53 59 48 23 15 62 55 60 63 7 42 40 8 49 50 56 57
19 34 43 50 45 29 51 26 25 59 20 16 38 12 13 30 22 11 10 5 57 44 24 54 37 41 48 15 21 46 42 9 39 40 63 4 49 62 1 47 23 17 18 56 33 53 61 2 58 0 52 31 60 32 3 14 6 7 8 55
37 45 53 43 34 54 55 41 19 61 48 18 20 63 9 0 17 13 6 29 1 11 30 38 21 22 26 25 42 47 46 16 60 52 39 40 44 51 23 5 4 31 14 10 8 24 12 15 33 49 57 50 62 56 32 2 58 7 3 59
37 45 19 34 41 18 42 29 17 11 21 25 10 13 33 2 20 32 44 53 38 49 56 24 48 43 61 50 40 47 30 57 9 46 22 15 58 31 23 14 54 60 7 62 12 5 6 4 39 3 51 16 63 52 59 55 8 26 1 0
37 29 20 13 21 44 11 26 6 12 3 14 51 10 30 4 2 46 25 34 45 54 33 39 63 42 55 60 9 53 52 62 15 22 61 24 16 17 49 18 8 43 47 1 19 0 32 40 59 50 57 31 58 5 38 41 23 7 48 56
44 43 50 21 19 52 37 26 61 12 25 60 42 33 24 51 10 62 53 38 14 20 46 30 22 59 17 34 3 23 41 6 39 40 29 57 49 45 15 58 54 8 7 11 56 13 18 9 16 48 4 5 2 55 47 32 31 0 63 1
26 20 13 42 29 21 44 37 46 5 14 25 34 12 16 24 32 23 6 43 30 31 3 52 4 55 17 18 45 54 15 22 60 19 11 61 53 8 62 40 33 10 63 38 39 2 47 7 50 58 1 51 59 0 9 41 48 49 57 56
44 45 37 29 21 19 30 43 26 23 11 14 46 22 13 17 33 12 7 40 31 39 38 20 5 55 25 24 42 6 10 51 52 18 59 34 32 61 16 58 54 47 15 53 63 4 60 50 62 9 2 3 48 1 57 41 49 0 8 56
44 29 20 13 30 43 26 38 50 52 6 31 45 12 11 2 61 59 60 42 58 18 34 25 19 33 47 22 9 16 3 4 21 41 23 46 40 32 0 49 39 48 24 15 37 51 56 17 7 1 5 57 14 54 62 63 10 53 8 55
44 45 26 18 37 43 54 17 25 46 55 29 9 47 30 62 50 20 11 21 63 42 38 53 19 0 61 4 2 12 3 8 52 58 5 22 13 60 34 32 51 14 23 31 10 15 1 33 41 6 39 59 57 49 7 16 24 48 40 56
44 29 21 45 37 30 46 55 18 14 13 52 23 34 15 31 59 5 47 38 43 50 20 7 42 54 61 49 57 51 33 26 19 10 25 62 39 12 9 60 41 40 53 58 63 8 3 17 16 4 56 22 2 1 48 24 0 32 11 6
37 43 26 19 42 41 49 57 18 17 51 46 12 10 38 34 21 52 2 50 55 5 61 14 44 25 32 3 4 45 1 31 48 47 53 59 33 63 58 16 8 0 60 9 11 29 13 20 39 6 24 54 62 40 56 22 7 30 15 23
19 18 17 9 1 34 43 0 29 20 33 41 10 37 12 32 46 38 30 4 5 55 45 11 8 3 26 13 42 24 48 49 44 2 6 14 56 57 58 7 16 39 15 53 52 61 25 40 47 54 31 51 59 21 50 22 60 23 62 63
19 20 21 34 44 14 41 26 18 10 22 33 17 24 12 53 16 11 4 9 0 3 43 48 6 7 42 13 32 51 60 31 2 1 37 25 50 49 8 46 23 59 52 61 56 29 15 5 55 45 30 47 38 39 40 63 54 62 57 58
26 18 37 25 24 32 40 34 9 44 51 20 17 38 30 11 39 0 4 16 1 48 33 43 29 41 42 31 23 10 19 50 58 3 8 21 14 59 52 5 13 6 57 56 2 49 60 61 53 45 7 12 22 47 54 62 55 15 46 63
37 29 18 43 21 20 50 38 22 30 31 44 53 26 46 9 19 52 25 12 0 10 3 42 49 33 24 41 51 8 16 17 40 39 13 34 45 55 1 5 2 47 11 15 6 14 4 62 54 32 23 59 48 57 7 60 56 61 63 58
19 18 17 20 21 12 3 11 45 34 26 44 4 10 29 24 25 9 53 13 43 52 2 1 6 46 61 30 0 5 38 37 8 47 39 22 23 15 55 54 31 14 62 32 33 60 51 59 7 40 58 41 49 42 48 56 57 63 50 16
37 45 26 34 41 33 54 18 32 29 20 11 10 44 51 52 30 23 31 48 53 60 42 21 50 9 14 63 38 61 62 58 0 24 59 43 47 46 39 5 49 56 25 57 19 8 13 17 16 12 3 1 6 55 2 4 15 22 7
37 45 19 20 54 18 11 46 38 2 17 44 29 39 53 34 21 13 31 16 42 63 26 25 47 33 62 52 59 55 24 61 12 23 9 10 4 50 6 51 22 40 60 14 30 0 43 15 1 32 7 58 5 49 56 48 3 8 41 57
44 45 26 34 41 33 46 17 25 52 42 18 10 29 24 48 19 32 40 50 30 38 54 62 60 16 58 20 8 31 22 2 12 51 49 53 63 14 43 59 1 57 47 13 3 11 61 21 5 4 6 9 0 7 15 23 56 55 37 39
26 20 21 34 42 41 19 13 37 38 43 22 44 49 25 45 52 53 39 18 33 32 46 24 10 54 63 11 23 55 47 30 50 59 17 3 58 14 1 9 6 12 16 31 7 57 61 15 5 29 40 60 4 48 8 62 2 51 56 0
44 29 20 43 42 50 34 26 41 11 18 9 22 30 57 15 13 4 38 48 21 45 32 31 19 40 39 12 33 59 3 37 51 24 5 10 47 6 25 49 8 0 23 46 56 1 16 14 17 2 7 58 55 52 61 53 62 54 60
44 45 19 18 26 52 60 59 54 38 58 34 25 20 9 33 29 30 41 16 22 43 47 11 17 15 14 2 21 48 37 24 0 42 51 12 50 46 32 63 5 40 55 13 61 39 3 53 49 4 6 57 10 62 56 8 31 7 1 23
44 43 42 29 20 51 22 30 50 57 26 12 4 25 38 13 19 11 18 3 60 31 15 53 46 49 48 58 21 9 39 45 6 54 17 61 1 59 32 24 62 41 5 10 16 52 40 55 2 8 33 47 56 37 0 14 34 23 7 63
37 29 20 45 46 38 34 12 21 30 13 26 47 39 11 43 18 25 42 17 24 19 9 50 10 53 57 52 22 15 23 32 33 58 7 6 4 2 44 16 62 3 5 14 1 55 41 56 60 54 63 51 40 48 31 0 49 59 8 61
37 45 26 34 43 18 29 21 9 10 54 8 14 13 17 53 22 16 61 52 33 31 2 55 59 11 15 42 63 40 41 19 25 51 47 23 4 49 20 7 6 5 50 60 44 38 30 12 48 56 39 62 1 57 58 24 3 46 32 0
26 20 37 25 21 45 19 29 34 12 38 13 16 44 18 33 10 30 52 51 31 53 32 41 49 39 60 24 23 40 58 42 17 50 54 2 5 56 57 15 48 6 47 4 43 55 1 22 3 62 14 59 9 11 46 0 61 63 8 7
44 29 19 10 21 43 26 20 18 11 12 14 50 45 22 34 25 23 2 51 30 5 13 1 58 17 7 33 32 53 31 15 6 39 47 40 41 9 4 49 42 37 56 60 61 57 24 62 16 54 59 52 48 8 46 38 63 55 0 3
26 20 13 25 34 44 18 17 29 19 37 21 8 45 30 23 43 52 31 16 24 33 14 5 42 39 50 40 12 51 10 57 41 4 53 11 3 54 61 48 7 15 46 22 59 2 47 58 62 55 32 60 38 49 63 9 56 6 0 1
44 29 19 43 30 20 51 22 21 26 37 13 25 38 5 58 12 18 10 24 53 1 2 34 31 9 16 3 11 8 14 4 0 23 15 33 40 7 46 54 47 60 45 17 61 42 41 49 32 52 6 55 48 62 59 39 50 57 56 63
37 45 26 29 46 34 30 21 41 55 54 39 20 19 31 53 61 44 43 18 10 23 13 12 63 48 5 60 14 17 11 52 16 3 50 15 59 42 38 25 6 1 7 57 33 4 2 47 0 62 32 58 56 40 22 8 49 24 51 9
26 20 13 34 29 18 25 6 44 32 24 38 19 45 21 43 17 11 37 33 40 30 53 42 49 54 3 51 12 22 52 2 10 1 55 4 59 63 14 47 46 31 39 9 23 56 8 7 62 0 16 50 58 5 41 15 61 48 57 60
19 34 42 20 26 11 12 13 21 30 2 49 43 10 56 25 44 50 17 29 18 16 24 48 5 9 39 32 58 45 38 33 8 31 23 1 40 22 46 4 3 6 15 54 14 37 53 55 47 51 62 7 0 57 52 41 61 59 63 60
19 34 41 18 43 20 11 33 9 10 29 37 25 22 38 17 16 26 21 48 1 51 49 14 23 30 59 46 5 12 47 32 42 57 56 39 55 52 44 2 24 54 40 8 4 7 45 61 13 58 0 60 50 63 31 3 53 6 62 15
44 29 22 43 34 52 26 19 10 20 50 45 53 33 25 54 21 11 41 24 60 23 17 1 37 30 46 55 18 42 4 57 47 3 58 9 63 48 32 5 56 12 31 62 40 61 38 59 51 16 15 49 2 39 13 14 0 8 7 6
19 20 37 34 12 43 18 29 30 22 44 21 51 3 14 50 49 39 33 23 5 52 60 45 31 9 47 13 26 59 4 41 46 48 11 7 53 55 57 6 10 17 61 40 32 54 2 38 24 25 58 1 15 16 0 8 42 56 63 62
26 18 19 20 13 34 25 17 43 33 41 12 29 49 24 38 30 45 5 11 47 14 52 31 57 59 8 42 44 48 60 32 16 9 40 53 58 56 54 61 1 0 62 55 23 2 3 10 51 4 22 63 37 15 6 7 46 21 39 50
19 18 26 34 45 54 43 44 9 0 42 29 22 41 17 15 37 21 63 30 40 51 31 38 13 10 47 46 20 8 33 5 2 32 53 23 39 48 50 11 4 59 52 55 58 49 6 12 61 62 25 24 3 57 14 60 56 16 1 7
37 29 22 42 34 46 26 19 20 18 41 43 17 12 10 44 55 16 25 15 49 40 33 58 13 32 4 48 50 59 24 2 52 51 56 5 31 8 21 6 57 61 9 45 1 0 11 47 14 30 53 38 7 54 62 63 23 39 60 3
37 43 26 19 18 21 34 33 50 42 25 24 20 29 16 38 22 12 4 41 10 11 46 23 39 47 40 9 2 8 3 57 58 54 52 51 55 48 53 62 56 5 59 49 17 45 63 44 13 14 0 32 31 61 15 6 60 1 30 7
26 34 44 37 42 18 20 51 53 50 9 13 19 10 41 8 38 43 52 32 2 11 58 59 12 39 0 33 14 15 1 21 30 46 55 25 22 61 49 54 16 48 3 4 5 17 24 45 63 23 40 29 60 56 57 62 7 6 47 31
37 45 26 29 30 19 44 46 11 51 53 60 43 10 20 23 55 42 1 39 31 12 47 38 49 34 33 63 61 2 4 62 18 24 40 32 58 56 16 25 17 54 21 52 50 3 22 13 5 6 14 57 41 59 7 8 9 0 48 15
26 20 13 12 29 38 11 6 45 2 31 4 30 44 21 17 42 22 53 18 9 62 15 39 52 10 25 51 34 54 14 50 37 32 58 41 33 8 61 16 0 24 55 3 60 40 23 5 49 63 43 46 19 47 1 7 48 57 59 56
26 18 10 9 19 2 17 25 44 45 1 20 8 16 29 30 11 43 0 42 24 3 37 32 51 58 12 34 59 50 33 49 48 40 31 56 54 57 38 39 52 21 23 53 41 22 62 60 61 63 47 46 15 13 4 5 6 14 55 7
26 20 21 22 37 34 19 44 23 10 52 18 1 2 33 46 29 13 3 31 17 32 6 60 42 12 11 16 24 50 55 8 53 54 40 39 62 45 49 56 63 61 47 48 58 25 14 5 4 51 43 7 59 41 57 30 15 0 9 38
19 18 17 11 37 25 26 9 8 43 33 34 12 29 1 38 44 45 53 42 21 16 49 22 39 52 59 50 3 61 62 48 41 31 30 58 54 10 57 47 32 20 13 63 15 51 46 40 2 23 55 24 56 6 5 7 14 60 0 4
19 20 21 12 13 18 34 10 17 9 44 52 37 46 60 22 31 42 4 23 14 29 30 41 15 7 3 45 26 16 11 43 38 54 5 25 32 6 47 24 62 2 40 39 0 8 1 49 33 48 50 61 57 55 59 63 51 56 53 58
26 18 44 25 17 9 24 45 46 29 37 43 11 53 54 33 10 63 62 42 21 12 40 41 19 38 3 51 47 39 50 59 32 20 60 34 22 30 49 8 58 57 31 2 16 48 56 52 4 5 0 13 14 6 1 55 61 7 15 23
19 34 43 52 37 29 51 38 46 50 45 54 21 20 12 53 61 44 33 10 26 32 25 11 49 48 39 47 9 4 55 13 40 1 59 8 18 3 5 30 62 63 31 60 14 15 41 6 57 16 7 42 17 23 56 22 2 58 24 0
37 43 18 21 50 26 20 45 54 19 10 11 12 38 25 51 30 52 53 23 29 17 47 14 34 59 8 57 22 46 44 24 39 55 7 4 13 9 16 42 1 32 40 6 3 0 62 48 60 63 49 31 15 2 41 61 5 58 56 33
26 34 44 18 17 20 9 37 46 0 42 25 24 38 39 50 8 32 40 29 22 55 12 53 1 13 33 45 11 41 62 51 48 21 30 61 49 10 54 47 19 16 59 2 6 15 14 63 52 5 60 58 4 7 43 23 3 56 57 31
26 20 21 34 12 4 42 33 24 29 30 49 51 50 13 14 22 52 41 31 60 32 43 25 38 37 61 11 19 44 6 59 3 5 48 62 45 15 23 2 16 17 18 57 58 53 40 10 46 8 1 56 63 47 54 55 7 39 9 0
44 29 20 43 26 45 53 34 37 62 52 19 33 21 54 40 12 42 50 57 38 3 18 46 51 9 13 31 55 58 47 11 41 32 24 59 49 60 25 17 8 14 10 63 48 22 16 39 61 0 6 5 30 7 1 56 15 4 2 23
26 20 13 34 43 50 29 18 57 30 25 42 22 32 41 37 9 19 44 52 17 58 24 14 40 45 60 61 62 6 49 38 59 51 46 33 12 53 15 21 31 48 54 16 56 7 8 11 5 63 47 4 2 0 1 23 10 55 39 3
26 20 29 18 12 25 43 45 17 50 34 4 37 19 10 11 57 38 16 9 2 41 30 52 32 8 47 39 21 24 3 5 13 23 54 44 6 40 59 46 42 61 31 51 0 49 58 48 15 53 1 14 7 55 63 22 60 62 33 56
26 34 43 52 44 37 51 58 25 33 59 16 42 41 24 60 30 38 49 20 8 22 39 29 13 32 14 17 45 11 12 47 2 23 61 4 21 40 57 0 3 18 10 56 9 5 31 15 6 46 54 7 53 62 19 50 48 1 63 55
26 18 19 20 12 10 13 43 17 11 34 5 45 29 51 16 8 24 37 44 22 0 1 42 25 46 55 59 3 33 53 15 32 30 52 9 58 54 62 4 38 2 41 48 60 63 40 50 49 39 23 31 56 57 21 47 14 7 6 61
19 34 42 20 21 29 44 13 14 18 26 41 5 52 37 7 12 3 11 43 22 23 9 2 60 45 25 4 30 10 38 54 53 6 63 24 1 51 49 33 58 0 40 59 8 47 31 39 16 48 15 55 46 61 56 17 32 50 57 62
37 29 21 45 53 34 44 62 26 38 41 20 30 54 46 18 60 47 55 22 31 63 51 17 42 33 14 15 39 61 19 52 59 10 23 7 16 24 5 9 0 43 1 3 32 25 12 58 2 40 48 11 50 57 13 49 4 8 6 56
19 34 45 20 26 11 10 25 3 44 37 38 43 12 31 18 42 50 5 39 58 23 46 54 55 29 52 47 22 61 63 57 56 21 59 49 32 4 40 51 14 1 2 60 53 16 30 9 41 13 6 17 0 8 62 48 15 33 24 7
44 43 34 29 51 52 53 60 37 42 20 11 13 50 26 45 54 62 49 46 2 61 47 55 22 18 10 41 19 58 48 56 63 38 59 1 9 40 30 17 16 8 32 39 31 24 0 12 21 6 57 15 33 14 7 25 23 4 5 3
44 45 46 52 19 26 42 34 18 54 53 33 51 62 40 50 37 9 17 10 25 38 1 21 41 20 29 0 47 2 58 49 43 39 11 4 57 30 32 56 60 61 55 13 14 59 12 63 8 48 31 6 5 24 7 16 3 15 22 23
19 18 44 20 26 52 9 42 11 34 29 22 41 17 50 3 37 45 54 38 15 33 60 1 39 13 25 10 43 59 61 31 2 48 21 62 23 16 5 6 53 47 8 0 40 49 24 12 63 51 58 57 55 32 4 46 7 30 56 14
26 20 37 44 13 17 45 12 52 53 11 2 25 29 8 43 62 61 21 34 46 47 41 30 10 3 54 14 6 9 15 33 55 18 4 19 51 63 31 60 32 23 39 58 42 7 0 50 38 48 16 5 1 40 22 24 59 57 56 49
37 29 21 43 34 25 33 22 26 13 5 4 52 50 3 38 44 51 45 32 57 18 24 59 47 41 49 16 42 20 61 17 15 56 54 30 11 31 9 1 0 19 12 58 6 63 40 10 23 2 46 7 62 14 60 55 8 48 39 53
37 45 26 34 42 38 54 53 39 63 52 51 61 33 49 19 60 50 59 48 11 20 56 3 24 44 40 30 55 47 29 31 23 21 10 9 2 18 43 1 25 41 58 32 13 46 0 14 5 17 16 8 22 4 15 57 12 7 6 62
19 20 13 34 43 6 21 50 51 29 57 52 14 12 22 30 37 18 61 46 4 45 11 2 31 59 15 5 44 23 42 3 60 38 10 49 41 62 55 17 47 25 32 40 9 54 53 24 33 1 0 39 16 58 63 48 26 7 56 8
44 45 26 43 37 19 54 17 18 30 25 33 11 10 24 12 38 34 32 46 52 53 9 16 8 63 13 40 42 4 39 31 47 51 62 50 48 0 41 5 49 55 29 20 21 61 23 56 14 57 59 2 1 22 6 3 15 58 60 7
26 34 42 33 44 50 32 18 25 45 58 41 49 16 19 57 54 21 56 37 30 59 60 46 55 63 43 52 40 48 17 39 62 9 24 29 61 10 1 0 23 31 13 38 11 15 22 51 53 14 20 47 7 4 5 8 3 2 12 6
19 18 37 20 12 5 26 46 21 22 9 44 53 34 23 33 42 41 24 25 3 11 45 10 2 13 4 6 7 0 38 50 29 1 54 63 16 8 40 52 59 17 32 48 49 55 43 31 61 39 47 51 60 15 62 58 56 30 57 14
37 43 34 45 19 38 52 18 31 11 3 33 17 39 47 21 46 51 59 54 29 10 53 20 63 24 1 44 12 13 25 4 6 42 30 55 41 2 9 49 50 32 16 40 56 8 5 60 58 22 14 7 48 15 61 57 23 26 0 62
44 45 26 18 10 29 19 1 12 25 34 9 24 43 11 17 37 42 52 50 49 16 33 20 3 38 21 61 53 48 47 32 58 22 51 57 40 4 14 30 56 62 41 2 31 60 59 7 23 39 46 15 8 55 5 54 6 13 0 63
37 43 34 25 33 29 52 46 21 50 30 32 26 31 39 23 53 55 16 18 20 42 49 13 57 19 24 51 40 56 17 61 12 54 15 58 10 11 14 9 44 8 22 2 60 62 1 41 48 45 63 5 0 7 47 3 4 59 6 38
44 45 46 43 42 20 12 13 18 4 6 14 22 34 19 50 49 37 51 55 21 54 29 53 11 56 52 5 63 60 48 23 15 30 3 2 25 40 39 32 41 33 47 57 31 10 59 61 17 1 24 16 0 38 58 26 9 7 62 8
37 45 26 20 54 25 17 46 19 44 24 42 29 34 55 21 43 52 30 47 22 23 50 13 39 11 6 14 53 18 4 33 32 49 51 40 48 38 41 2 31 15 3 56 12 5 1 61 62 58 7 59 57 9 60 63 16 0 10 8
44 43 42 51 50 21 20 33 22 49 59 29 37 52 19 34 60 13 26 11 24 17 57 46 3 10 38 31 15 40 54 30 8 14 5 39 41 25 1 56 18 61 6 53 32 12 4 48 62 23 45 16 9 0 55 7 2 47 58 63
44 43 34 41 18 20 33 25 42 9 40 50 59 45 46 52 53 47 32 54 12 29 60 13 30 51 19 37 58 22 38 57 6 10 55 23 49 21 1 48 26 62 15 61 39 11 63 31 2 14 7 24 3 5 56 17 0 8 16 4
37 43 26 29 45 53 54 55 46 19 20 11 42 41 63 33 52 62 39 61 12 38 51 59 18 10 34 25 60 44 1 9 0 4 32 47 49 30 58 31 21 8 2 16 23 24 17 14 5 40 48 3 13 56 57 7 22 6 15 50
37 43 42 41 18 21 51 26 40 9 17 25 14 59 44 49 24 19 56 46 60 58 1 33 53 61 38 0 20 12 39 8 11 22 5 7 23 3 34 62 52 57 2 55 63 30 50 10 29 13 31 45 32 48 47 16 6 15 4 54
44 45 26 34 41 52 53 18 51 42 49 61 38 20 17 56 57 58 9 43 33 19 62 40 13 21 22 14 37 60 15 30 59 7 24 25 46 63 32 11 29 39 4 1 55 54 48 12 47 10 31 16 3 2 6 50 8 23 0 5
37 45 44 29 30 42 46 31 19 38 43 26 41 10 39 53 54 40 60 47 52 63 50 59 17 24 8 61 11 12 21 20 57 18 2 9 16 14 22 13 15 1 34 23 55 0 25 49 51 7 3 5 33 32 58 4 6 56 48 62
37 43 18 38 42 19 21 34 46 49 44 45 52 55 50 14 31 9 41 51 0 29 56 61 60 54 11 47 63 10 7 62 58 13 22 17 30 40 32 48 5 15 23 53 57 24 39 4 3 6 26 25 1 20 8 2 59 33 16 12
44 45 19 52 53 61 54 37 30 47 63 26 60 55 62 38 31 29 17 59 20 51 18 22 15 12 39 33 50 14 4 21 58 42 11 43 13 8 40 9 25 49 34 5 46 3 2 32 6 7 56 1 10 48 24 41 16 23 0 57
44 43 42 45 37 51 50 21 34 29 38 33 49 31 52 41 14 13 19 15 30 59 39 18 26 20 25 47 58 16 46 53 62 23 7 61 24 40 55 56 11 63 48 60 17 10 3 9 5 57 54 2 8 22 32 0 12 4 1 6
26 18 37 43 9 29 51 0 21 59 34 25 17 38 46 30 19 54 44 45 33 16 31 20 10 3 62 63 32 23 1 39 22 8 42 41 11 15 58 4 60 13 14 12 5 50 48 40 52 55 57 53 49 24 2 61 47 56 7 6
37 29 22 30 23 44 51 15 21 43 19 38 47 39 31 58 53 52 61 42 7 10 59 26 11 14 13 34 9 18 46 50 57 12 17 45 3 60 54 62 20 49 63 8 33 1 41 40 24 55 2 16 0 4 48 6 5 32 25 56
37 45 26 38 46 34 33 54 53 60 39 19 21 43 61 17 29 25 24 16 44 22 10 52 23 47 30 20 8 18 50 42 9 62 51 49 56 41 11 57 63 3 32 14 13 1 58 55 15 6 40 12 31 7 2 48 5 0 59 4
44 43 26 45 52 29 37 18 46 38 10 9 42 59 30 51 8 31 54 33 19 12 23 15 39 1 60 55 25 62 53 61 63 47 2 21 7 0 34 24 17 3 40 16 49 41 50 57 14 13 5 11 56 58 32 22 48 4 20 6
19 20 37 18 13 43 50 21 29 6 34 46 5 14 23 42 7 33 49 45 26 38 17 51 54 58 57 40 39 30 32 12 11 62 63 53 44 22 15 24 48 9 59 4 3 41 61 31 16 25 0 10 1 47 8 60 55 2 52 56
44 29 18 52 21 13 60 26 14 45 30 37 25 19 20 31 46 34 23 24 33 41 40 42 32 11 22 10 3 38 5 4 1 12 6 7 48 55 2 15 9 8 51 59 58 49 47 50 16 0 63 54 61 17 39 43 53 57 56 62
19 20 13 10 18 42 1 12 43 9 11 50 51 44 29 2 34 21 49 6 37 0 17 56 26 38 41 45 8 58 39 40 14 5 4 46 47 22 30 31 33 53 60 54 48 16 32 52 62 55 23 57 25 3 7 15 59 61 63 24
19 20 13 34 37 11 41 29 44 53 3 21 52 51 26 43 61 46 50 6 14 17 55 48 30 18 60 15 45 22 9 39 33 10 8 57 31 16 25 23 5 38 42 1 12 58 59 4 2 62 47 54 24 32 49 40 7 0 63 56
19 18 37 43 51 20 11 4 9 59 12 17 26 13 2 45 8 33 54 25 6 44 21 0 16 1 53 46 52 55 58 10 41 24 60 29 42 22 15 50 63 62 38 32 40 3 34 31 61 48 57 30 5 7 47 39 49 23 14 56
44 45 26 18 37 43 52 21 53 34 50 38 20 61 25 32 60 19 12 17 31 39 62 57 51 42 47 54 41 33 16 49 22 9 24 14 29 4 63 55 59 40 48 23 5 10 1 58 11 8 46 30 13 6 15 3 56 7 0 2
19 34 44 20 12 11 42 37 41 4 26 43 5 49 10 25 57 40 17 18 33 56 13 29 38 22 3 2 21 24 52 30 9 47 15 32 45 46 54 1 0 61 62 23 39 7 14 63 51 59 16 6 31 50 60 53 58 8 48 55
26 20 21 18 12 43 42 29 10 49 44 45 19 4 5 9 56 22 17 6 0 34 23 41 38 14 37 11 13 1 2 57 7 8 50 31 16 46 47 59 39 15 30 54 53 25 48 51 60 40 24 52 62 3 58 32 61 33 63 55
19 20 21 18 34 22 44 43 14 45 52 33 30 29 17 59 32 9 54 23 61 38 60 51 15 41 42 16 26 5 39 63 37 40 58 47 50 7 10 24 53 11 6 62 3 13 8 0 31 48 4 12 1 2 46 57 25 49 55 56
26 18 10 25 19 11 9 34 43 29 45 1 2 20 0 37 46 12 38 13 16 51 52 22 30 41 14 17 21 7 33 23 50 44 39 55 47 3 48 8 31 4 5 15 63 53 42 32 62 6 54 24 40 61 59 49 58 56 60 57
37 43 18 29 34 19 26 17 9 21 16 10 25 24 50 57 13 46 42 30 39 14 2 11 32 0 20 5 1 33 45 8 22 54 40 48 4 49 53 61 44 3 12 41 7 52 63 31 38 23 51 47 58 60 55 59 15 62 6 56
44 29 21 45 37 13 22 31 14 19 30 43 12 15 34 20 11 25 23 42 51 52 38 58 7 46 59 6 26 18 17 2 33 53 55 24 10 54 39 60 5 50 62 41 57 3 9 56 8 0 16 49 32 1 61 40 48 4 63 47
37 43 26 17 42 29 21 22 23 13 8 38 19 31 44 51 30 25 59 49 15 10 41 14 47 39 24 50 58 7 57 20 45 56 12 3 46 52 54 40 11 55 9 53 60 33 62 63 5 1 4 6 34 2 16 18 48 32 0 61
19 20 29 38 21 11 44 26 33 10 12 25 47 43 24 13 42 52 2 18 53 37 1 50 30 49 4 31 34 9 16 41 14 0 58 32 60 45 8 5 48 3 46 15 17 55 22 54 6 61 23 51 62 63 7 56 57 40 39 59
37 29 18 42 22 19 26 17 11 20 10 34 50 9 21 41 32 4 16 8 12 38 2 23 30 0 13 24 44 3 31 1 15 49 57 53 51 5 45 39 14 56 25 6 48 52 59 46 61 62 7 40 47 43 63 58 60 55 54 33
37 45 19 18 26 34 44 38 42 53 10 9 52 1 46 49 61 55 31 17 50 60 29 62 20 39 25 23 56 30 47 54 2 21 8 24 16 58 15 48 40 7 63 43 0 3 59 33 41 51 12 11 32 5 14 13 4 6 57 22
44 29 22 45 43 30 19 52 21 42 60 12 51 14 41 50 58 40 5 18 46 61 37 53 54 11 13 57 3 63 17 9 33 25 49 10 23 47 55 26 34 31 32 48 4 6 8 56 62 24 15 0 20 59 7 39 38 2 1 16
37 29 18 43 19 9 30 20 10 34 44 38 17 16 24 11 46 21 12 13 4 53 50 32 52 45 25 5 60 61 0 59 2 3 42 1 54 26 22 31 47 58 41 33 39 14 23 15 6 51 8 55 63 62 57 48 49 40 56 7
44 29 19 52 30 34 41 18 20 33 60 37 43 23 17 21 22 49 25 26 40 11 13 32 2 53 62 48 10 4 38 16 12 42 24 3 50 58 9 31 57 59 56 61 8 54 14 45 51 46 47 55 63 5 7 6 15 1 39 0
37 43 34 25 26 38 42 41 48 33 44 29 39 53 51 59 22 52 60 46 32 30 61 14 16 62 18 17 21 45 47 24 6 11 4 49 31 20 13 40 9 5 12 7 58 0 2 55 50 8 63 56 54 3 19 57 15 10 1 23
37 29 22 46 26 34 41 15 42 18 10 19 30 1 45 50 17 44 11 38 43 16 52 32 57 12 39 51 40 59 8 0 14 23 5 6 3 20 24 48 55 49 56 47 31 33 60 63 54 62 53 21 25 9 58 2 7 61 13 4
37 43 34 25 33 29 21 41 19 20 11 14 44 42 22 3 7 23 15 38 18 9 26 52 50 17 32 30 47 58 61 40 2 5 45 10 39 1 57 12 59 31 48 60 51 54 16 62 4 49 63 13 6 8 0 46 55 24 53 56
26 20 21 34 42 25 18 22 24 43 37 49 29 45 13 5 52 50 44 10 51 61 57 16 14 60 59 32 33 19 17 41 48 58 3 23 54 46 15 47 6 30 62 7 63 8 12 56 40 2 0 11 38 55 4 31 9 1 53 39
44 29 20 45 34 12 30 33 54 53 41 38 32 31 43 52 51 58 46 26 4 62 50 59 22 14 19 57 47 21 6 17 61 55 37 10 11 40 18 39 63 24 2 13 8 1 49 3 23 16 9 5 0 60 25 15 7 42 56 48
37 45 53 54 55 29 38 61 19 31 52 63 21 18 39 43 44 14 51 60 7 46 23 50 59 30 47 58 57 34 62 11 9 12 4 15 20 17 25 56 26 8 16 22 13 2 33 10 1 3 49 42 48 41 0 32 24 5 6 40
37 43 42 29 19 20 30 22 51 31 13 12 5 38 44 50 47 10 57 46 21 58 15 33 59 23 41 3 26 17 45 54 24 18 1 7 55 2 61 49 40 11 34 32 16 8 9 48 39 6 53 52 60 14 56 0 25 4 63 62
44 45 19 18 17 9 37 11 1 46 47 51 10 43 58 8 26 53 16 59 25 24 62 33 0 2 50 20 40 30 60 61 23 52 54 63 21 34 3 29 12 41 55 5 4 22 49 32 13 57 42 48 56 39 14 15 38 31 7 6
19 18 37 29 9 43 30 38 50 20 44 52 22 34 26 14 42 25 33 0 13 4 46 45 51 11 39 58 57 49 6 15 41 40 53 21 24 17 60 5 16 54 59 7 23 10 1 12 61 32 31 47 63 8 3 2 55 62 48 56
44 29 21 45 46 20 18 26 34 14 12 11 30 4 13 22 23 25 10 39 32 19 31 42 3 38 6 43 51 37 5 60 50 33 40 2 41 49 59 57 52 55 61 15 48 54 63 58 56 62 1 9 17 8 47 53 16 24 7 0
26 20 13 25 37 43 19 38 51 50 45 52 39 11 54 6 57 63 10 49 44 9 17 30 53 42 56 46 33 24 18 12 0 61 1 3 62 29 21 22 47 55 15 58 5 48 34 23 4 31 8 7 16 32 59 14 2 41 60 40
26 18 10 43 45 37 42 20 51 49 41 9 56 50 21 59 19 40 46 57 17 34 1 11 48 2 25 22 44 16 14 55 60 33 13 6 58 0 38 54 52 53 12 30 31 4 61 62 7 15 29 47 23 39 5 63 3 24 8 32
19 18 26 34 33 11 12 32 40 21 3 25 30 20 29 13 42 50 49 38 10 22 47 46 58 43 23 9 54 37 4 55 8 0 14 53 41 15 44 56 57 48 45 59 17 16 61 51 7 63 60 1 52 31 2 6 39 62 24 5
26 34 43 20 42 50 52 33 57 61 29 18 32 58 19 56 51 38 12 11 22 37 47 15 3 25 16 49 46 21 53 5 41 54 13 4 6 14 10 30 23 17 39 2 55 7 48 59 45 63 62 31 24 40 1 9 0 44 8 60
44 29 19 26 21 12 18 53 22 14 43 10 7 42 50 20 37 23 30 38 41 39 1 45 34 5 13 49 6 2 48 51 61 11 3 56 52 15 4 62 54 40 32 63 33 25 55 58 16 59 47 60 9 31 46 17 8 24 57 0
44 45 19 20 12 43 54 4 53 10 13 46 11 3 2 21 51 14 18 25 7 62 26 15 6 59 32 29 63 34 33 30 42 1 23 22 47 55 60 38 9 61 31 49 58 0 56 40 17 52 24 16 41 37 50 8 39 5 57 48
19 20 29 22 30 34 42 11 37 31 18 45 38 50 15 39 43 52 53 54 49 17 13 46 3 44 47 12 21 5 9 48 56 51 63 55 59 1 33 2 16 58 62 25 40 32 6 7 26 61 8 10 23 14 24 4 60 41 0 57
26 20 29 22 37 44 51 18 21 38 30 52 19 11 14 13 5 6 12 43 31 50 34 25 33 17 23 4 42 24 60 15 59 61 7 58 9 46 32 1 45 10 54 63 2 16 49 39 41 57 40 47 62 3 53 55 0 8 56 48
26 20 21 34 44 22 33 41 49 48 14 32 42 45 25 52 13 19 54 4 6 38 11 12 23 24 16 40 60 37 56 29 46 53 47 7 18 5 15 30 62 17 8 57 58 10 1 31 3 2 9 59 39 61 51 50 43 55 63 0
44 45 26 20 54 34 21 63 42 22 14 43 52 25 23 51 46 47 13 18 38 33 41 50 24 40 49 6 62 59 12 37 9 53 61 19 60 10 11 3 17 58 48 0 30 56 8 16 32 39 2 57 29 15 4 5 7 1 31 55
44 43 50 53 26 20 13 17 25 42 8 24 34 10 37 46 18 41 2 11 16 59 32 3 38 30 21 29 4 5 49 12 51 56 52 45 19 60 39 9 61 31 47 54 6 55 48 62 1 40 33 14 23 57 22 7 15 0 63 58
44 29 19 52 21 20 13 42 30 14 22 38 39 11 15 4 43 51 60 23 58 53 26 17 50 5 31 57 46 62 18 12 25 54 8 9 33 40 37 16 55 0 2 24 56 59 49 3 10 7 6 61 32 48 34 1 41 45 63 47
19 34 41 20 29 11 13 12 37 42 10 26 21 48 43 52 51 5 40 3 2 14 61 44 56 46 18 30 55 60 22 33 59 50 49 15 25 1 9 0 6 45 17 32 24 47 53 7 23 39 57 54 38 16 58 4 63 31 62 8
26 20 29 38 13 11 37 6 22 31 39 43 23 47 30 18 14 25 17 15 19 45 33 10 12 24 8 4 44 40 32 52 41 21 7 34 60 51 3 53 46 48 5 2 16 61 9 59 1 0 49 55 58 57 63 42 56 50 54 62
44 43 34 41 50 51 26 57 58 45 42 19 53 29 22 49 18 10 2 61 48 9 46 33 11 39 21 20 8 14 62 15 60 0 13 40 54 3 38 63 37 6 47 12 31 17 25 1 4 30 32 55 7 23 5 59 16 52 56 24
26 34 43 52 44 45 53 54 62 61 51 18 33 42 49 40 32 29 46 24 59 37 22 41 9 0 50 39 21 47 10 19 55 13 48 1 2 23 25 57 5 56 8 11 20 3 31 6 60 17 15 16 12 4 58 14 7 63 38 30
37 45 26 29 38 25 22 42 54 46 20 30 47 39 24 11 34 43 2 16 41 63 49 14 52 33 40 51 62 17 18 12 21 19 32 3 4 61 10 55 60 48 59 58 44 31 57 13 6 9 8 1 53 23 50 0 15 56 5 7
26 18 44 45 37 43 51 21 10 59 53 25 20 38 58 9 42 62 24 17 31 50 14 39 0 33 52 34 8 2 3 16 1 54 32 41 55 23 46 60 40 13 57 5 7 49 61 15 19 48 6 30 47 22 11 63 12 4 56 29
44 29 20 13 26 25 21 53 24 14 22 31 52 51 15 17 60 23 11 34 39 43 5 33 8 6 38 19 58 9 18 42 49 3 10 50 32 4 45 47 55 37 12 7 57 41 59 16 62 63 46 30 40 61 54 48 56 2 1 0
26 18 19 20 13 33 29 43 34 30 10 21 45 25 42 11 50 37 14 57 24 22 58 32 41 51 31 59 17 7 6 16 46 54 2 15 63 1 49 53 60 38 44 55 48 5 0 56 9 8 12 62 23 52 40 4 61 3 47 39
44 45 37 29 19 34 54 53 22 11 33 42 61 26 51 46 20 43 25 15 55 59 60 63 3 41 40 50 30 21 14 32 57 62 13 6 12 31 18 52 38 49 58 24 16 48 56 39 17 5 10 7 4 9 8 47 1 23 2 0
26 34 45 19 18 17 10 11 12 37 9 3 4 53 25 21 5 6 54 24 42 55 1 33 61 52 46 38 43 0 40 51 8 2 44 20 49 56 29 60 41 32 62 16 47 30 58 48 23 31 39 63 59 50 13 22 14 57 7 15
37 43 18 38 46 9 26 21 44 52 29 30 39 42 60 53 13 51 59 25 19 12 49 56 24 54 61 50 3 22 10 20 31 6 47 55 41 23 11 4 34 48 0 58 15 14 57 32 62 7 2 45 5 17 8 1 40 33 16 63
37 29 20 13 21 22 12 19 14 46 38 42 55 7 30 54 10 6 34 43 44 11 53 1 39 47 50 61 18 57 26 25 3 45 62 63 52 2 33 17 60 5 24 16 15 51 58 4 8 9 41 32 0 40 48 59 49 23 31 56
19 18 17 9 26 34 43 12 0 29 37 44 22 45 42 8 25 21 54 33 14 41 51 58 49 10 20 52 59 32 3 53 57 24 62 60 46 5 16 55 47 40 38 39 48 15 61 30 1 6 23 11 4 31 50 13 7 2 63 56
44 45 26 20 12 43 50 18 29 17 54 21 52 60 25 3 9 51 13 14 4 37 5 46 7 30 22 0 59 42 2 32 39 62 11 23 10 19 15 1 61 24 47 6 34 58 41 53 38 31 49 55 33 48 57 40 8 56 63 16
44 29 21 43 30 14 26 37 45 51 53 25 50 57 17 39 20 46 55 47 22 9 19 15 58 60 62 12 42 59 5 49 48 3 31 10 33 41 24 40 56 23 7 13 32 18 4 6 1 8 2 34 11 0 16 52 54 61 38 63
26 34 42 33 41 51 32 18 37 44 25 24 52 53 16 20 50 30 38 39 13 19 21 49 43 12 17 9 62 14 40 48 22 11 23 46 3 10 29 8 6 31 54 45 56 4 1 47 0 55 2 57 61 60 59 15 5 58 63 7
44 45 26 20 54 34 33 63 29 32 43 52 21 17 12 18 50 4 61 42 25 14 13 58 3 51 15 53 8 19 62 60 57 30 22 16 46 31 23 38 10 37 6 5 55 2 47 0 24 7 11 9 41 49 48 59 1 56 39 40
44 29 21 13 30 37 18 42 26 31 23 15 20 11 49 51 12 17 60 3 52 19 8 25 33 45 14 53 38 7 62 54 2 16 46 24 4 39 47 10 5 41 9 56 32 40 48 58 22 61 34 63 6 1 55 43 50 57 0 59
26 34 44 37 30 20 29 17 13 52 25 33 60 31 22 53 23 38 41 18 24 51 43 32 46 49 39 62 9 11 57 19 4 48 10 50 59 15 21 16 45 12 61 55 5 58 42 56 40 47 54 6 14 3 8 7 1 63 2 0
26 18 37 25 17 34 19 38 32 24 44 40 46 29 39 42 21 8 20 30 41 47 22 33 9 16 43 10 1 13 55 0 6 50 11 31 49 63 57 23 14 12 5 3 4 59 58 56 51 7 15 2 48 52 53 62 45 61 60 54
26 34 43 52 33 18 19 42 37 24 40 38 41 21 45 29 17 53 46 32 44 49 39 20 16 8 60 61 0 31 12 10 62 3 22 13 30 54 55 47 25 59 5 14 50 51 48 57 2 58 7 4 23 11 9 15 56 1 6 63
44 29 19 26 18 52 21 13 14 34 5 20 37 9 41 7 15 11 42 22 10 38 8 25 24 50 31 12 30 40 45 16 48 1 33 17 59 60 3 39 46 58 53 4 47 61 54 32 2 56 0 23 49 51 43 57 62 55 63 6
26 20 45 25 21 22 14 6 17 54 37 29 12 13 19 44 24 34 43 11 30 51 4 16 2 8 46 55 23 31 39 3 0 38 15 1 50 42 52 59 58 7 47 53 9 61 33 32 18 41 57 60 62 49 40 5 63 48 56 10
37 29 20 11 12 43 44 45 38 4 34 30 21 47 51 33 53 50 18 58 42 26 19 25 24 54 55 41 9 13 23 52 22 10 3 17 8 15 1 31 48 61 14 0 46 2 39 63 60 16 49 5 6 32 62 57 56 40 59 7
44 29 19 26 20 45 46 12 11 10 17 24 37 25 8 54 62 47 18 43 33 32 51 42 3 60 38 4 2 22 53 52 50 30 40 61 5 63 34 16 21 58 57 31 23 15 14 55 49 41 9 0 1 48 56 59 6 7 13 39
37 45 26 38 46 20 21 22 14 54 44 52 63 17 47 19 23 55 43 7 34 25 60 53 33 61 8 39 29 40 16 18 6 41 62 9 32 5 12 4 13 10 0 11 42 15 48 51 31 24 3 2 59 30 50 1 57 58 56 49
19 34 45 11 42 29 3 20 18 43 33 26 17 9 1 16 25 0 51 54 38 12 10 50 13 21 44 59 57 24 41 40 52 4 32 5 6 2 63 37 8 47 39 31 61 48 56 46 22 30 23 14 7 53 15 55 49 58 60 62
37 43 42 45 26 34 51 50 58 25 53 20 18 57 56 38 32 17 13 49 16 12 31 10 52 44 4 60 48 62 19 8 30 29 41 21 46 39 0 33 2 6 59 54 11 23 24 3 47 55 61 40 14 1 9 22 15 5 63 7
37 45 53 43 26 17 51 54 25 38 29 34 9 8 47 20 19 52 46 18 44 10 62 63 33 22 12 4 61 60 2 39 11 16 21 40 13 6 31 55 42 1 5 23 30 50 3 14 0 57 49 58 59 15 7 48 56 32 24 41
37 45 26 38 44 19 11 51 20 17 54 21 22 10 43 23 9 1 13 53 59 63 30 39 61 62 52 60 18 12 2 3 8 29 15 5 46 58 33 16 6 40 34 7 32 0 31 42 4 24 25 14 41 50 48 56 47 49 57 55
44 45 26 18 46 29 30 20 12 34 25 54 19 43 11 47 41 16 24 13 53 52 51 17 6 33 55 48 42 40 8 9 10 1 38 50 0 21 2 62 39 58 22 63 61 4 59 15 14 5 49 23 7 37 3 60 31 57 32 56
44 43 26 29 30 52 51 22 53 38 31 18 14 60 47 54 61 15 20 59 10 6 45 55 63 62 42 12 13 9 8 41 4 46 50 17 24 11 25 0 49 34 39 58 37 21 40 16 19 56 33 23 32 1 2 48 5 3 7 57
26 20 45 42 12 37 43 54 63 34 49 52 29 41 44 21 33 25 24 56 22 15 59 19 10 32 18 16 13 17 14 5 4 48 23 1 9 30 11 46 55 31 38 47 50 60 53 51 6 0 8 62 61 7 57 39 40 2 3 58
37 29 18 26 20 43 30 10 42 22 21 19 11 49 23 14 51 50 44 31 17 12 39 24 4 45 16 9 33 3 5 8 46 53 1 41 2 55 25 58 59 15 38 0 56 32 62 61 34 6 40 57 52 54 47 48 63 60 7 13
37 29 22 45 53 42 18 46 39 19 34 54 50 15 11 10 1 47 55 20 13 38 44 43 31 9 30 4 51 57 0 59 2 23 58 26 21 17 7 5 56 25 14 33 8 63 49 62 60 6 3 61 52 41 24 12 32 48 40 16
19 34 44 11 26 43 42 37 30 46 21 51 38 17 54 14 50 39 52 55 45 53 47 33 18 49 16 25 9 20 61 8 63 0 58 24 31 62 7 41 29 13 10 22 3 59 56 48 6 57 32 2 4 5 60 15 1 40 12 23
44 45 19 52 37 18 60 43 54 63 53 62 34 51 58 38 61 42 46 29 55 11 3 4 5 33 30 59 9 25 26 21 10 47 20 23 41 12 16 2 1 24 32 0 50 6 39 48 17 8 22 40 49 57 13 14 15 7 56 31
44 45 26 20 37 43 12 30 50 42 38 4 49 46 39 17 34 19 13 56 53 62 23 58 29 55 54 14 5 22 52 60 6 15 33 10 31 24 1 21 61 41 25 7 8 11 3 9 2 47 57 40 59 0 32 48 18 51 63 16
44 45 46 29 20 13 12 43 18 11 6 26 22 52 10 9 60 14 2 61 42 51 62 53 0 31 15 19 17 47 1 4 34 54 59 25 3 16 55 30 38 50 58 57 5 49 40 48 41 63 56 33 8 37 39 23 24 7 32 21
44 29 22 52 19 26 37 20 25 34 33 38 53 45 46 54 55 41 12 18 11 9 51 5 48 61 4 39 31 30 23 15 17 32 14 59 1 58 40 47 62 0 50 60 42 8 43 6 10 57 24 3 2 49 56 63 16 21 13 7
44 29 18 43 42 9 21 34 25 14 22 37 6 7 30 38 39 5 13 51 50 20 60 32 16 41 52 58 45 54 15 59 40 47 2 53 12 19 11 33 24 4 26 31 46 0 62 49 10 3 57 63 55 48 8 23 56 1 61 17
26 34 43 18 29 37 46 22 30 52 44 20 14 23 45 6 31 54 53 39 42 62 9 10 33 49 60 47 63 25 12 19 50 0 38 51 61 59 24 11 41 21 7 40 15 55 8 16 48 1 5 13 3 32 17 4 56 2 57 58
37 43 34 29 20 33 41 25 32 44 51 49 18 46 50 52 61 12 48 9 38 47 11 2 39 17 55 26 4 59 42 30 8 54 60 62 31 23 16 58 10 19 21 63 53 13 24 1 22 40 3 6 14 57 0 45 56 5 7 15
19 34 42 18 26 20 45 43 21 50 17 25 51 11 3 60 49 54 59 48 44 13 61 4 33 22 56 16 46 2 47 32 24 52 53 58 57 10 29 30 15 31 40 37 14 41 6 12 38 62 9 23 8 39 63 5 7 1 55 0
26 18 37 25 24 34 33 44 52 21 9 40 32 46 17 51 48 42 20 10 49 12 13 19 5 50 55 30 53 60 39 54 41 0 45 8 43 22 31 6 58 11 3 38 29 16 4 14 2 57 47 59 56 1 7 15 61 63 23 62
19 20 13 18 44 6 9 34 21 29 33 43 45 52 42 38 47 25 22 10 37 23 53 61 2 26 12 31 14 0 46 41 32 11 40 4 30 50 24 48 57 7 3 51 17 54 5 49 16 8 59 58 39 15 63 55 1 60 56 62
37 43 50 45 19 38 54 34 31 21 25 33 32 10 20 46 29 53 14 47 55 26 39 41 61 52 17 44 49 16 42 56 30 51 58 63 12 59 62 24 40 57 60 23 22 3 13 15 7 48 5 18 8 4 11 6 9 0 1 2
37 43 50 29 18 51 21 44 42 9 52 41 0 45 32 13 49 34 25 20 14 48 46 38 31 47 19 58 5 12 55 22 39 15 4 17 30 1 16 33 53 6 26 23 7 3 59 62 24 57 10 8 40 61 11 60 54 63 56 2
37 45 19 20 29 34 33 18 53 46 9 41 49 38 12 54 63 13 39 55 21 48 47 0 26 50 10 32 8 11 4 16 6 2 1 44 40 30 22 61 42 14 17 62 5 24 25 43 3 7 56 57 52 60 58 51 23 59 15 31
19 18 17 20 21 9 37 25 16 43 2 11 34 32 3 1 51 4 0 59 50 14 5 38 22 12 45 53 33 49 23 30 26 10 13 40 42 24 57 6 15 44 58 7 56 39 61 8 60 52 48 31 46 54 55 29 41 62 47 63
44 29 21 13 19 26 37 12 10 42 43 1 30 46 49 31 38 53 34 47 62 60 5 33 40 50 51 52 54 32 22 23 24 18 45 39 2 41 0 58 55 15 25 3 61 11 59 4 20 9 14 7 6 56 57 63 16 8 17 48
26 34 45 37 29 18 42 50 25 21 11 16 58 54 32 33 44 43 14 51 63 20 53 57 40 22 52 2 59 9 56 6 4 60 13 62 61 10 49 41 19 17 24 48 31 15 8 30 38 12 23 39 47 46 5 3 55 0 7 1
37 43 18 38 42 20 29 19 11 21 22 14 7 41 44 9 46 3 47 55 50 51 17 13 0 31 52 15 33 16 30 2 6 60 54 53 49 57 34 45 62 56 39 59 61 25 40 5 32 63 4 48 58 24 26 23 1 12 10 8
44 29 18 42 22 37 30 31 20 45 49 14 46 11 12 26 17 43 38 55 15 21 23 56 13 47 4 6 41 7 57 50 19 10 34 40 51 59 33 8 60 54 52 9 58 53 3 2 39 5 25 62 63 24 61 48 32 1 0 16
37 29 21 30 18 43 19 9 51 12 14 59 42 13 11 33 49 20 60 56 10 44 24 58 57 3 8 7 45 53 15 41 52 22 54 25 23 39 38 46 40 31 50 17 4 1 55 61 16 26 62 47 2 6 32 34 0 5 63 48
44 43 26 29 45 46 52 61 47 38 51 42 49 19 11 25 30 41 60 31 21 56 24 13 20 22 23 59 5 2 58 15 3 34 14 57 40 50 1 7 37 39 6 32 12 17 10 48 33 55 53 62 18 9 0 16 8 4 54
37 45 53 34 44 62 42 30 43 50 19 21 57 10 38 39 29 52 26 46 13 14 31 17 15 18 25 20 8 32 59 61 24 47 11 5 12 41 48 7 60 2 1 58 40 56 55 16 33 51 49 0 22 6 54 3 9 63 23 4
37 45 26 34 42 18 10 33 32 25 53 50 51 52 17 9 59 41 19 43 49 29 22 54 24 11 1 2 40 15 44 48 61 30 57 62 31 0 47 20 58 46 55 16 14 38 8 56 12 4 63 6 21 3 23 39 13 5 7 60
44 29 18 43 37 26 21 45 17 30 31 9 1 13 19 39 38 46 50 25 32 0 33 2 53 41 16 52 14 15 7 34 5 11 42 61 3 12 59 54 22 51 4 57 49 6 58 23 10 24 20 48 60 40 63 47 8 56 62 55
19 18 17 29 37 11 4 3 26 45 20 34 38 9 25 39 2 24 33 12 44 42 47 51 1 13 53 43 50 5 32 0 52 41 31 10 8 60 59 58 16 30 49 40 21 23 56 61 46 48 6 14 7 54 57 55 62 15 22 63
26 20 29 22 30 18 37 45 12 21 38 46 39 34 41 42 53 40 17 54 48 3 32 33 15 14 47 61 62 25 13 4 49 57 24 55 10 31 11 9 44 5 19 6 7 63 16 50 59 58 0 43 52 23 51 60 2 56 8 1
19 34 44 21 26 20 14 11 10 25 17 43 42 18 13 33 32 52 3 40 24 12 51 49 37 7 5 53 22 46 41 2 55 16 9 58 6 38 57 39 60 56 62 23 29 0 50 54 8 45 48 1 47 63 30 4 31 15 59 61
44 29 21 43 42 51 60 49 56 34 26 59 58 52 30 25 53 18 10 61 24 41 33 32 45 20 50 14 19 12 17 9 0 48 11 54 22 13 4 3 6 38 62 16 46 47 8 15 31 55 39 2 40 57 37 63 1 23 7 5
26 34 43 52 37 38 42 18 20 50 17 21 41 25 33 24 19 12 44 16 13 53 29 22 60 48 46 4 8 49 40 62 9 61 30 59 32 54 45 1 39 31 57 10 55 51 15 14 0 47 5 3 11 63 23 2 58 6 7 56
37 43 50 38 44 53 18 19 34 33 29 17 47 45 46 57 62 54 42 49 10 51 52 39 63 55 60 21 26 25 30 23 14 2 40 41 22 12 61 7 56 15 11 48 13 32 8 24 59 5 31 4 9 3 58 1 16 20 6 0
26 34 45 21 33 42 50 49 29 17 56 30 19 44 18 10 20 9 22 12 1 14 8 54 43 0 46 25 4 58 57 40 23 37 41 3 2 15 39 38 47 53 61 16 31 51 60 59 13 24 5 7 52 63 32 48 11 6 62 55
26 20 37 25 17 42 29 34 33 18 43 32 13 8 49 41 48 45 16 22 31 12 21 57 19 38 44 30 5 4 53 14 6 52 60 62 47 9 40 39 7 10 11 50 46 15 51 58 0 61 54 24 1 55 2 3 23 59 63 56
26 18 37 45 44 34 53 29 19 54 55 11 30 21 46 38 9 23 4 20 25 17 8 16 10 62 13 14 15 7 41 43 51 0 24 48 1 58 59 5 63 3 61 32 31 2 6 12 57 60 42 52 22 39 50 56 47 33 49 40
44 43 42 45 46 50 51 34 33 21 14 20 37 49 26 55 12 13 56 54 58 18 19 22 9 10 41 7 2 3 4 11 31 23 15 57 52 1 5 40 29 8 63 48 32 39 53 25 38 30 17 47 59 16 24 60 61 6 0 62
37 43 18 38 46 20 29 21 13 22 42 11 44 6 5 52 51 55 31 34 30 9 26 15 12 25 33 59 58 32 14 53 50 23 47 57 45 39 0 10 2 4 54 63 3 17 7 49 56 8 62 41 24 19 48 40 60 61 1 16
44 29 21 13 26 42 20 17 38 19 5 37 11 53 43 39 52 2 25 24 41 22 31 18 34 49 3 23 15 10 32 30 16 12 9 33 45 59 1 8 47 0 57 50 62 48 58 56 46 54 55 51 60 6 7 61 4 63 40 14
44 45 26 43 51 17 37 21 54 38 25 24 19 52 30 34 42 59 8 18 10 39 58 49 46 9 60 63 50 3 16 47 11 53 40 2 61 32 57 41 33 12 5 0 29 13 55 62 4 48 22 14 7 56 20 6 31 23 1 15
44 43 18 53 52 51 59 26 61 60 45 21 29 62 25 46 47 34 63 17 50 38 33 16 19 9 42 11 13 41 12 20 3 5 6 7 31 14 0 49 15 23 30 4 24 40 48 1 2 32 10 37 8 56 57 55 22 39 54 58
26 20 21 22 45 44 14 54 63 46 19 18 10 62 12 13 23 4 37 29 38 33 11 9 0 31 55 15 52 59 34 43 53 8 1 25 47 61 51 39 30 42 3 5 17 2 60 58 50 57 41 32 49 56 7 16 48 24 40 6
26 18 19 20 21 37 38 46 29 13 6 34 14 22 54 39 43 51 12 62 17 7 33 5 41 4 45 16 44 48 49 42 15 25 9 8 30 31 52 59 60 53 63 2 55 56 50 57 1 24 10 23 32 47 3 61 0 40 58 11
44 43 26 29 30 20 37 42 19 11 18 52 4 31 34 46 61 10 41 45 13 2 25 51 9 49 55 3 57 59 12 21 54 38 47 8 50 24 32 62 53 17 1 60 22 14 5 6 23 7 39 0 63 48 33 56 16 40 15 58
44 29 19 26 17 43 42 8 37 45 22 21 38 53 34 23 52 41 13 50 54 46 31 59 57 61 33 11 49 55 20 25 15 30 39 56 48 14 2 6 51 3 4 58 63 32 9 47 7 5 10 18 62 40 12 16 24 1 60 0
26 20 37 46 21 34 55 25 12 14 19 38 33 10 39 3 16 41 11 17 40 44 22 32 1 13 7 9 8 30 18 6 49 24 15 4 53 50 42 52 2 43 61 56 29 31 51 0 45 47 58 60 62 57 23 63 48 54 5 59
44 45 19 34 41 52 60 59 58 11 26 33 32 40 17 43 54 24 25 18 10 20 61 3 12 9 1 21 13 37 22 30 4 53 2 42 49 56 57 16 14 5 29 38 50 8 0 51 46 63 47 15 7 6 31 62 55 39 23 48
44 43 34 41 19 29 30 18 33 20 48 22 52 38 21 37 45 32 17 9 23 60 46 54 51 12 1 47 3 15 55 49 42 31 61 62 14 11 63 58 24 26 13 8 50 57 16 25 59 7 53 6 40 4 56 0 10 39 5 2
44 45 26 34 54 19 42 37 30 25 17 52 43 38 12 41 50 33 18 20 29 11 10 49 60 8 39 2 24 32 1 61 13 14 40 47 6 21 22 31 4 59 56 46 3 23 63 57 16 5 51 48 58 9 7 53 55 62 0 15
19 34 45 37 42 50 33 24 29 21 43 38 13 54 25 44 57 20 52 53 63 18 12 26 17 4 41 22 62 61 47 51 49 10 11 31 5 9 8 3 46 16 40 6 58 60 14 15 23 39 2 30 55 56 7 1 48 0 32 59
44 45 19 34 26 43 54 37 51 17 29 58 41 11 25 46 38 63 12 39 53 30 21 33 62 22 24 5 42 47 23 15 52 61 10 50 60 9 3 13 1 31 49 20 55 32 4 2 14 18 40 0 7 16 8 48 56 57 59 6
44 29 19 10 11 12 22 43 20 52 26 21 3 2 45 33 34 41 30 54 25 15 48 31 53 49 63 16 23 55 47 4 5 17 1 38 7 14 42 6 62 50 32 24 46 13 18 9 39 0 58 59 40 56 8 57 60 61 37 51
26 18 37 25 17 9 0 44 24 33 32 21 43 1 20 45 11 13 14 15 40 50 52 22 54 19 51 34 10 61 49 47 2 3 16 53 63 59 23 48 12 29 4 55 46 38 41 42 30 8 60 31 56 58 39 62 7 6 5 57
44 43 18 19 26 33 42 53 24 49 56 51 34 25 12 11 52 17 60 29 9 50 54 0 4 16 10 5 1 59 20 55 58 37 61 21 13 48 47 40 6 2 22 38 46 39 57 14 41 32 7 31 30 23 15 62 3 45 8 63
44 29 20 11 26 34 22 18 33 45 19 38 43 52 17 25 37 21 46 12 4 47 30 40 53 31 10 51 24 60 32 2 62 16 59 14 8 0 39 5 7 23 1 50 13 42 6 55 41 54 63 58 3 48 9 15 61 49 57 56
37 43 18 29 30 22 14 19 44 21 10 45 54 26 52 23 17 60 42 6 46 51 13 11 59 16 39 38 47 33 12 2 34 41 32 53 15 62 1 20 3 40 31 9 4 24 63 25 58 50 57 5 55 49 48 61 7 56 8 0
19 18 17 20 21 9 44 13 12 16 34 22 0 41 11 10 6 8 14 37 31 15 42 30 24 25 4 51 39 26 53 49 33 5 50 7 57 56 38 3 29 47 48 40 1 23 32 45 46 58 59 60 43 2 55 63 52 54 61 62
44 45 37 43 18 20 51 46 38 42 19 9 49 39 12 11 52 41 30 21 53 56 47 4 29 55 31 62 63 54 3 58 40 34 17 16 59 48 25 14 60 23 1 22 13 26 5 6 15 32 61 50 7 24 10 2 33 0 57 8
19 34 41 33 43 20 25 50 52 32 37 11 49 61 26 21 12 10 1 18 24 4 42 56 9 46 44 17 38 45 8 30 3 2 55 47 60 63 14 59 57 51 54 0 29 16 5 13 53 62 31 58 6 48 23 39 22 15 7 40
37 45 44 43 53 54 26 38 29 20 19 34 42 18 9 41 25 51 31 0 11 33 40 50 17 10 8 1 49 30 52 2 32 48 22 21 24 46 58 56 3 12 55 47 5 15 39 60 61 4 59 16 14 13 6 23 7 63 57 62
44 45 26 34 46 17 43 18 37 38 31 50 9 55 42 39 25 41 52 20 33 29 12 0 19 23 51 13 11 59 54 24 1 4 40 16 8 62 10 32 3 21 63 48 49 2 58 60 30 56 47 53 5 22 14 7 6 57 61 15
44 29 19 52 53 26 60 62 33 51 46 11 50 25 12 10 9 3 30 22 17 13 37 40 21 55 45 1 43 57 39 54 5 14 6 34 8 20 18 4 63 47 38 24 16 15 7 0 41 23 59 61 31 58 56 48 2 32 49 42
19 34 41 33 44 21 20 48 22 37 26 10 29 51 12 15 30 13 1 39 32 11 31 40 2 43 50 57 6 3 18 42 59 5 14 25 47 17 8 60 58 23 45 52 38 9 0 49 24 16 7 4 61 62 56 46 63 54 55 53
26 18 44 25 17 9 24 43 10 11 50 45 2 20 16 57 42 41 29 8 54 37 34 46 51 32 47 22 30 31 23 60 59 63 53 61 19 4 15 38 58 7 40 48 55 3 12 52 56 0 13 39 62 5 33 21 1 49 14 6
44 43 18 21 50 52 45 51 53 62 61 57 42 60 58 49 26 59 37 54 56 34 19 9 46 47 33 41 55 25 39 20 32 38 16 24 10 30 29 31 14 2 48 63 23 12 17 40 1 0 4 8 22 3 5 6 11 15 13 7
44 29 18 43 20 26 42 52 61 11 19 12 45 53 54 37 25 63 30 23 38 47 10 49 3 51 56 2 46 34 33 32 59 50 17 55 31 8 24 16 62 22 41 40 15 21 14 1 48 58 13 4 9 7 57 39 6 5 60 0
19 20 13 18 34 10 37 43 52 38 17 6 2 33 25 51 50 16 26 9 12 1 0 57 29 21 14 5 46 61 40 15 49 3 42 44 7 54 4 32 30 41 53 59 39 45 56 47 62 63 22 55 48 31 58 60 24 8 11 23
19 18 17 43 51 50 44 11 26 45 37 59 10 29 30 20 3 38 21 13 46 47 54 12 5 34 57 39 52 41 25 9 1 22 48 2 31 58 14 61 60 53 4 7 42 24 16 40 23 15 63 49 33 6 62 0 32 55 56 8
37 45 26 38 54 34 46 19 30 63 52 18 10 22 42 25 55 43 39 47 51 9 44 53 14 2 33 17 16 60 20 23 1 32 3 31 40 49 58 12 29 5 21 8 0 48 50 11 7 59 13 6 24 41 56 4 61 57 15 62
26 20 37 34 18 44 29 17 33 40 8 41 11 12 42 43 45 19 32 30 5 10 48 54 50 3 9 0 38 16 24 58 63 22 14 15 59 25 49 53 21 57 56 1 2 39 47 51 4 7 52 60 46 13 61 6 31 23 55 62
19 34 41 21 43 42 45 51 37 26 50 48 32 44 25 20 13 16 58 12 4 59 30 46 55 17 60 23 33 57 9 6 22 11 49 24 38 40 18 52 54 1 61 47 0 53 39 3 2 10 56 31 15 14 7 62 8 29 63 5
26 18 44 43 42 34 9 53 41 33 24 50 25 32 52 19 10 0 17 29 8 60 45 11 20 46 38 21 12 31 13 16 62 30 22 15 37 51 49 48 39 6 14 58 40 59 23 3 54 1 7 4 47 63 61 5 2 56 57 55
44 43 50 51 52 37 19 60 61 20 30 26 21 57 34 12 49 46 29 58 55 39 10 41 48 53 11 3 54 45 38 22 59 47 25 1 4 18 33 63 14 62 2 16 17 5 23 8 9 6 13 32 24 0 15 40 31 56 42 7
26 18 44 43 9 21 51 25 34 41 16 0 19 45 37 42 11 59 53 24 32 29 52 12 58 60 40 50 17 48 33 30 2 57 5 62 38 31 39 10 23 1 3 14 46 4 56 8 22 15 20 6 7 13 54 49 61 63 47 55
26 34 41 33 42 20 21 18 19 51 25 12 13 14 7 48 60 40 32 17 11 24 8 22 49 29 38 5 4 37 16 10 3 44 31 43 56 15 45 58 23 39 47 57 46 53 2 55 6 50 54 9 30 63 1 59 52 0 61 62
26 34 44 20 18 10 25 37 11 17 2 16 24 8 41 53 45 19 29 12 61 43 32 22 21 30 51 33 42 1 3 46 4 58 0 62 13 14 31 49 57 50 47 56 63 39 38 40 52 60 15 55 48 59 54 9 23 6 7 5
19 20 13 10 45 43 34 29 38 33 44 46 32 21 53 47 52 61 37 22 62 25 15 42 51 60 26 40 54 23 16 7 30 17 59 6 18 50 24 31 49 57 41 56 12 8 2 5 4 1 48 3 14 58 0 55 9 11 39 63
19 20 29 38 44 26 21 43 51 11 3 22 13 12 30 5 46 31 17 59 23 25 50 41 34 54 18 6 42 16 4 2 24 37 9 15 57 49 33 8 52 58 60 1 39 53 61 10 14 40 32 47 62 55 48 56 0 7 45 63
37 45 53 29 21 20 19 18 44 54 17 22 26 61 23 15 46 8 7 11 4 47 42 10 9 0 12 34 43 38 24 51 63 30 25 14 31 13 59 50 58 16 33 55 6 32 5 57 49 39 56 3 2 41 1 48 62 60 52 40
26 20 21 22 14 18 37 44 19 12 45 33 17 8 30 23 29 46 42 51 54 38 9 6 53 62 63 1 34 25 49 11 32 55 61 52 4 41 47 31 50 60 7 5 10 13 24 56 59 58 0 2 43 16 3 40 15 48 57 39
37 43 50 29 21 38 19 18 45 52 61 51 26 49 9 53 47 31 54 20 13 5 39 55 6 17 22 34 59 0 14 30 16 44 4 7 41 12 63 8 42 57 23 15 62 40 33 3 60 32 58 46 11 25 56 10 1 24 2 48
26 34 45 19 10 29 44 43 42 54 30 53 46 18 20 51 58 2 60 33 50 62 52 49 17 39 59 11 12 8 24 25 3 61 41 21 9 32 56 16 31 40 63 38 13 5 22 15 48 1 37 4 14 57 0 6 55 47 23 7
19 34 44 53 52 51 58 21 41 33 37 49 14 50 60 30 23 38 48 18 20 22 46 39 25 55 11 17 42 6 9 2 12 4 7 43 29 62 47 32 15 13 10 57 63 0 31 1 61 59 16 26 5 8 56 3 24 40 45 54
26 34 42 33 40 21 43 52 14 18 25 20 51 7 19 10 61 49 11 2 13 12 58 56 29 60 5 24 59 30 23 4 1 50 45 15 6 37 48 57 39 54 38 0 3 53 32 41 44 46 22 9 62 47 55 17 8 16 31 63
37 43 26 21 44 45 14 17 52 18 38 39 34 29 19 10 8 59 9 50 54 46 53 33 20 22 31 62 42 24 32 41 48 40 25 56 23 0 57 13 49 7 47 11 2 58 4 5 60 12 1 55 6 16 63 30 3 15 61 51
37 29 20 43 42 12 51 46 22 34 25 50 26 52 61 18 41 15 49 56 13 32 24 19 57 17 16 8 9 6 45 2 47 55 44 60 59 11 3 39 4 10 30 31 23 21 0 58 63 5 33 48 14 62 53 54 38 7 40 1
19 34 41 21 37 42 20 38 49 12 39 18 9 56 11 48 22 46 13 44 43 6 14 0 54 4 17 51 1 15 45 25 7 55 29 2 23 31 58 52 40 47 10 63 26 32 30 59 5 50 33 16 53 60 24 57 8 3 62 61
44 45 37 43 52 21 19 11 18 17 50 59 34 41 57 25 3 20 29 12 14 13 9 42 48 2 32 16 26 40 4 56 0 33 46 38 54 15 5 55 1 22 31 10 30 63 53 39 7 60 51 23 6 49 8 58 47 24 61 62
26 34 45 20 33 43 18 32 12 37 41 19 38 21 11 25 42 5 24 29 40 16 44 4 22 23 9 2 15 46 3 39 55 52 8 47 1 30 31 14 53 49 6 17 51 61 48 7 10 59 56 0 13 54 60 50 63 57 62 58
44 43 18 45 54 21 51 26 20 13 25 58 34 19 42 63 29 9 11 33 6 3 2 5 32 30 60 59 12 24 41 61 14 52 0 40 49 7 38 50 48 46 39 10 4 23 15 8 31 56 17 37 22 1 62 55 57 53 16 47
26 18 37 29 19 25 20 45 34 11 10 17 13 2 46 55 8 42 33 6 43 16 30 0 4 52 38 21 51 50 9 24 14 22 39 1 32 31 57 58 47 41 15 3 40 44 12 5 54 48 59 61 60 7 23 63 62 53 49 56
19 34 42 50 33 21 37 26 49 56 51 10 14 46 20 7 22 44 43 32 53 13 29 58 5 15 45 62 55 54 57 47 18 41 48 38 61 59 25 11 23 17 9 6 3 16 24 40 60 31 52 2 30 63 1 8 12 4 0 39
37 45 53 34 44 21 18 26 19 54 43 9 17 25 24 10 8 42 41 32 55 33 29 49 3 11 56 16 1 38 39 51 59 12 50 46 4 48 13 52 47 2 57 0 60 14 40 62 20 30 63 58 31 23 7 5 6 61 22 15
26 18 19 34 17 21 25 10 44 33 29 52 11 9 8 43 50 30 16 3 37 38 41 42 51 24 14 32 61 58 31 0 40 13 53 23 12 62 59 60 45 46 15 22 54 63 2 57 4 7 1 47 6 49 48 56 55 20 39 5
44 43 50 45 46 57 26 52 51 42 53 59 58 21 41 18 60 61 29 39 13 32 40 19 9 22 24 34 33 20 11 37 55 49 12 0 23 38 48 15 31 47 54 3 7 17 2 4 30 25 8 1 10 14 16 63 5 62 56 6
37 43 18 19 42 41 49 9 44 51 58 53 45 38 0 17 10 57 16 46 34 26 25 60 52 11 56 1 4 20 48 12 30 59 54 33 13 63 32 39 55 29 50 14 61 31 22 21 7 23 8 3 2 15 6 24 47 5 62 40
19 18 17 11 3 34 43 9 37 20 21 25 26 4 42 22 24 49 8 45 1 38 39 32 16 33 52 46 23 13 47 44 53 61 40 2 5 14 50 6 56 57 51 48 60 54 63 59 12 10 30 0 62 29 41 31 58 15 7 55
37 43 18 21 51 26 14 44 42 30 25 34 52 20 12 13 23 9 19 32 16 22 11 6 5 7 0 10 2 4 3 8 29 24 40 1 15 38 31 60 53 59 39 62 45 54 55 63 46 61 58 41 17 50 48 33 57 47 49 56
19 34 44 37 26 52 41 10 11 25 53 3 30 33 17 48 49 16 51 24 29 18 9 31 45 43 20 38 46 50 4 1 40 13 8 2 56 58 0 32 42 54 62 60 22 55 61 39 21 15 12 63 47 59 23 57 7 5 14 6
37 43 26 38 42 19 44 49 20 17 30 51 10 13 25 3 58 59 50 23 39 46 11 12 41 32 52 45 4 33 8 29 1 5 40 24 34 31 53 60 48 57 15 54 21 22 56 47 55 14 6 18 9 61 63 16 7 0 2
19 20 29 18 10 38 37 34 21 13 22 14 43 23 45 53 15 52 54 12 7 11 47 63 44 5 59 61 31 51 60 58 50 9 33 39 8 32 17 6 25 3 2 42 62 1 49 41 46 57 0 26 30 16 40 48 24 55 4 56
19 20 37 34 26 38 13 6 42 43 21 29 22 11 39 31 5 25 17 4 24 41 18 32 10 44 3 1 48 33 2 12 0 16 9 50 23 47 55 30 51 15 40 45 14 59 54 7 60 61 52 58 57 63 46 49 53 8 62 56
19 20 45 44 37 26 51 52 59 10 29 58 43 53 13 46 57 12 47 39 38 42 11 60 34 3 25 16 41 30 1 14 18 48 21 49 56 54 55 63 6 2 4 22 32 5 61 50 23 31 62 7 40 33 24 9 15 0 17 8
37 45 44 29 20 19 38 46 30 22 26 11 21 51 53 12 14 6 10 42 43 61 55 18 41 39 58 2 7 13 47 33 60 50 17 54 1 40 31 25 34 52 15 23 16 9 48 5 4 3 8 56 62 0 24 63 59 57 49 32
19 18 26 20 13 34 29 30 44 21 22 23 15 45 38 53 11 5 41 12 9 17 25 3 37 31 52 48 10 16 46 54 55 59 43 63 62 14 6 47 61 7 8 2 33 32 1 42 4 0 40 24 51 39 50 57 56 58 49 60
44 29 20 13 12 45 14 6 46 43 26 4 51 54 30 47 37 42 11 59 63 61 49 41 55 19 10 21 58 5 18 39 33 52 22 56 50 34 23 60 40 1 2 3 31 7 15 57 53 32 25 9 24 38 0 48 16 8 17 62
37 45 19 34 41 11 26 17 44 46 47 51 29 30 18 33 20 10 25 40 22 14 2 24 38 13 6 4 9 55 54 12 52 32 42 8 43 53 62 63 59 49 60 23 0 21 15 58 48 56 3 31 61 5 1 50 57 16 39 7
37 45 26 20 19 29 13 10 54 11 21 38 3 25 22 34 46 15 39 6 9 12 42 47 18 2 4 41 30 8 14 63 52 53 43 49 56 33 40 57 5 50 48 24 59 7 32 51 1 31 23 55 61 60 17 0 58 16 44 62
44 29 18 42 43 45 20 11 52 60 4 9 49 2 19 56 21 10 0 14 3 17 24 34 51 1 41 8 37 46 25 59 26 33 12 5 13 53 48 40 22 23 55 6 30 39 16 38 7 15 54 47 50 61 32 31 62 57 58 63
37 43 26 29 44 25 51 42 18 60 19 45 49 9 38 33 59 47 22 12 46 58 30 40 41 31 17 54 1 34 5 0 20 24 39 4 57 10 53 6 16 48 55 61 32 50 52 2 3 15 13 14 7 63 11 56 21 62 8 23
44 29 19 10 11 43 37 46 50 51 38 3 58 59 1 41 22 17 26 45 52 15 54 39 21 57 42 34 48 63 53 30 31 14 20 61 55 47 62 18 7 40 49 13 60 56 32 24 5 4 33 12 2 25 6 23 8 16 9 0
26 20 37 42 12 21 29 3 44 52 51 30 45 25 33 49 13 50 31 46 24 53 60 58 39 54 62 18 48 61 9 5 4 19 38 56 34 17 14 32 8 41 57 59 43 55 10 16 6 47 11 2 63 0 22 15 7 40 1 23
26 20 45 44 53 18 37 54 12 61 34 29 38 43 52 25 24 46 60 51 33 30 59 11 31 13 39 19 2 16 50 10 8 17 63 55 4 42 32 40 6 3 62 14 48 5 21 57 1 9 41 23 7 58 56 15 22 0 47 49
37 45 44 43 26 20 29 22 21 30 23 15 54 46 42 19 12 3 7 18 31 34 14 39 51 62 53 60 63 52 11 59 4 38 17 10 25 6 47 5 58 8 2 57 16 49 13 50 0 1 61 55 41 32 33 24 48 40 9 56
37 45 19 18 17 43 34 25 26 29 21 44 24 10 3 1 51 52 61 60 11 13 22 9 20 15 59 16 30 46 6 53 50 5 41 2 54 57 14 58 8 4 56 63 39 31 12 32 38 0 49 55 62 48 23 7 42 33 47 40
44 29 22 43 42 30 34 41 21 51 37 12 40 49 56 50 58 32 18 59 24 15 45 57 14 46 31 6 60 38 3 19 23 9 48 39 10 1 47 20 17 55 8 53 7 0 11 4 13 26 33 16 62 61 5 2 63 25 52 54
44 45 19 20 54 52 59 10 53 34 18 62 33 41 11 46 21 37 43 32 47 22 61 55 14 50 39 2 3 12 51 30 4 5 49 6 9 17 25 26 1 8 23 48 63 24 58 13 16 38 7 40 29 31 0 42 57 60 15 56
37 29 18 26 17 46 38 44 53 39 30 22 21 20 19 45 54 52 55 62 12 9 1 4 31 0 59 10 3 47 11 23 43 63 13 25 5 50 42 34 24 16 57 51 41 33 49 58 32 40 61 14 2 6 15 7 48 56 8 60
44 45 37 43 51 53 54 21 18 46 50 63 47 52 61 59 29 42 14 20 26 58 12 19 41 7 22 17 34 60 49 40 16 5 56 55 48 30 15 23 32 38 6 9 2 62 4 13 25 3 11 57 1 39 31 33 24 10 0 8
37 29 20 45 26 12 30 21 3 13 44 18 10 31 19 25 17 38 46 16 23 33 14 54 24 43 40 1 2 34 41 7 51 32 39 42 15 6 63 11 49 59 52 61 58 56 4 48 60 5 55 8 62 9 0 53 22 47 50 57
37 29 18 43 30 9 44 31 51 50 21 58 39 34 42 19 53 41 40 32 57 14 45 47 60 38 33 54 48 23 26 20 24 56 13 16 15 12 55 63 52 5 6 25 0 10 3 59 1 62 49 7 46 2 22 4 17 61 11 8
26 20 21 18 37 22 12 45 14 25 34 38 9 4 29 30 17 1 54 11 16 33 46 63 40 47 0 41 42 13 55 51 3 49 44 15 32 53 62 2 57 56 52 39 23 59 43 48 5 19 50 58 10 31 7 61 8 6 60 24
44 45 26 34 42 20 21 41 33 29 46 43 37 30 23 22 13 4 51 49 19 38 31 50 57 32 24 58 6 40 25 54 39 11 63 17 47 56 3 14 12 55 5 10 60 15 16 61 7 8 62 18 9 2 0 1 48 52 59 53
26 20 21 34 42 33 40 14 7 22 19 6 41 32 5 12 18 48 4 10 30 50 25 16 1 13 43 29 58 23 24 11 44 9 31 39 3 15 37 38 45 57 8 53 52 60 62 17 54 61 56 49 59 55 51 0 47 2 63 46
19 18 17 43 26 21 44 52 37 42 29 8 16 38 49 24 51 58 33 22 14 6 15 20 60 50 53 62 7 61 5 34 46 45 63 13 39 25 11 40 41 10 59 23 2 3 48 1 54 56 30 31 32 12 4 55 0 47 57 9
19 20 37 44 51 26 17 11 3 34 43 52 21 38 60 13 25 45 46 2 39 24 33 50 42 54 58 47 53 41 29 10 9 61 63 8 62 59 55 40 18 31 4 30 16 14 22 12 1 23 0 49 48 56 7 15 57 32 6 5
44 43 18 29 42 50 37 19 57 21 34 52 53 41 60 51 45 54 26 59 13 14 61 46 11 33 63 38 39 47 24 32 7 20 25 6 5 49 55 22 12 2 40 48 31 9 30 15 0 16 3 10 1 62 56 58 4 23 17 8
26 20 29 22 44 43 13 4 45 11 6 19 50 57 31 54 18 25 2 21 32 3 42 41 63 37 40 24 14 5 12 1 46 10 9 0 30 55 16 15 23 38 59 34 47 58 33 48 49 53 7 39 56 62 17 52 8 51 60 61
26 20 13 34 29 22 30 19 14 31 38 6 44 15 12 18 25 11 9 46 5 52 43 32 45 10 2 41 60 0 8 16 7 37 48 50 55 53 3 1 62 42 33 24 21 59 57 58 40 47 39 17 61 56 54 63 23 4 51 49
26 34 42 33 43 18 32 44 19 20 9 50 37 46 12 4 55 17 5 30 51 52 57 25 59 6 45 1 16 54 38 60 53 11 3 40 7 63 10 24 48 61 62 29 23 39 47 31 41 22 2 0 15 14 8 49 56 58 21 13
44 29 19 52 21 13 30 39 60 37 14 15 31 51 7 12 47 34 46 18 26 33 9 22 23 53 3 11 4 45 41 55 61 49 17 10 58 43 42 25 56 50 40 54 24 5 57 38 20 2 1 0 8 6 62 16 59 32 63 48
37 43 26 29 30 22 21 19 44 46 23 15 38 25 51 59 42 31 10 12 54 49 20 1 13 62 55 14 18 17 6 53 3 4 52 2 58 7 5 57 41 60 45 39 47 63 9 50 0 32 33 24 61 8 40 48 56 34 16 11
37 43 26 19 34 29 10 20 52 38 39 11 13 21 3 46 12 5 53 9 4 25 1 47 16 45 30 41 2 24 44 62 54 22 15 31 33 0 17 32 55 18 8 51 49 42 50 56 57 48 14 61 23 59 63 6 40 58 7 60
26 34 45 19 42 29 12 10 21 13 11 43 9 54 14 5 44 7 15 23 30 33 32 1 18 49 51 3 46 31 37 59 20 38 39 6 2 17 52 47 56 25 8 0 4 61 41 16 63 48 50 58 53 62 60 24 22 57 55 40
37 29 20 13 12 11 22 44 26 15 6 25 17 46 19 14 3 9 30 33 45 34 32 38 53 40 54 2 4 39 42 31 8 5 10 1 24 43 41 21 18 60 23 49 7 62 47 16 61 52 59 63 0 58 48 55 50 51 57 56
19 34 45 21 33 26 18 44 29 20 11 30 52 42 22 24 49 14 32 43 31 9 13 12 4 46 17 15 51 50 37 38 0 41 59 3 55 58 10 53 6 39 2 7 16 60 57 1 54 25 61 23 8 62 47 48 63 5 56 40
26 18 19 34 17 10 45 16 33 54 44 25 1 11 24 42 46 32 50 29 20 38 31 43 53 2 39 0 55 37 9 49 51 62 30 8 4 3 60 5 41 52 59 13 12 21 22 47 56 14 7 61 15 63 23 58 57 48 40 6
37 43 50 29 21 38 19 13 39 47 22 20 14 18 17 31 30 34 5 23 12 51 44 3 42 11 25 4 6 26 10 2 1 41 48 57 60 8 49 45 54 63 9 16 15 0 33 32 46 56 62 53 61 7 40 59 24 52 58 55
44 45 46 54 37 29 18 52 19 38 55 47 30 63 51 21 62 39 53 58 14 20 12 61 22 9 43 59 60 31 0 11 10 15 57 17 50 7 26 42 13 6 24 2 5 34 25 32 3 49 16 1 56 33 41 48 8 4 40 23
19 20 37 18 12 21 30 4 11 22 25 44 5 9 17 3 14 6 0 43 51 39 38 46 42 16 7 1 45 32 23 52 55 41 49 56 53 47 33 29 57 40 31 54 10 2 13 34 63 26 50 15 24 59 60 62 8 48 58 61
44 29 20 43 42 13 19 50 45 11 12 54 46 34 2 5 10 53 6 9 51 38 3 52 17 7 62 60 1 21 41 8 14 22 57 49 58 40 61 59 23 24 48 30 4 25 16 0 55 63 18 47 37 32 56 26 39 31 33 15
37 45 44 29 54 43 18 51 22 19 26 17 59 21 9 23 13 58 20 50 52 10 15 11 2 4 8 61 12 6 60 0 16 47 49 38 34 41 62 31 33 3 57 24 46 42 30 55 25 39 53 7 1 56 40 63 5 14 48 32
19 18 26 20 29 34 10 38 42 41 40 48 30 22 44 43 31 11 56 9 14 17 1 52 8 2 21 16 49 6 50 45 46 0 47 57 25 33 39 12 5 4 59 32 23 60 51 15 58 55 13 37 61 53 24 62 3 54 63 7
19 34 44 20 12 45 41 18 37 29 46 53 62 51 21 11 43 38 39 4 59 54 13 31 55 26 22 47 30 48 23 14 5 52 25 33 50 16 2 3 10 63 24 58 61 60 32 42 49 57 9 15 8 17 1 0 56 40 6 7
44 45 46 54 26 52 60 38 31 43 51 20 12 30 47 18 29 22 9 11 10 34 19 59 25 3 58 5 2 50 63 1 14 13 57 24 16 42 49 6 15 48 32 0 8 23 53 55 39 41 40 33 21 17 7 62 56 4 61 37
26 20 45 25 19 18 11 10 29 43 32 54 44 37 42 17 30 3 8 22 12 24 21 5 14 46 4 50 57 13 16 7 38 9 55 47 63 51 52 15 0 62 6 23 39 49 2 60 59 53 33 58 48 40 61 34 56 31 41 1
26 34 44 20 19 18 33 45 10 52 53 61 21 9 8 0 17 16 62 41 51 2 46 54 25 47 39 38 3 11 1 12 37 32 5 50 59 13 29 4 14 63 24 60 43 6 48 7 49 42 58 22 23 31 55 56 15 30 40 57
19 20 45 10 11 34 12 29 21 43 41 33 37 14 44 3 32 22 2 54 42 49 53 1 9 61 50 16 62 25 40 13 8 17 24 52 58 63 51 56 6 57 59 26 48 5 55 60 18 0 4 38 15 30 47 23 31 7 46 39
44 43 34 41 33 29 42 51 21 45 59 26 46 54 22 32 17 25 24 50 62 60 40 20 18 19 12 30 57 16 37 52 38 53 8 47 55 49 48 5 61 63 4 11 13 23 14 6 31 56 9 1 3 58 0 10 2 15 39 7
26 20 13 12 11 25 44 43 42 53 45 51 61 54 34 37 55 63 29 19 17 38 33 47 18 21 22 16 59 30 46 39 24 14 41 62 15 3 2 9 31 49 32 6 23 60 8 40 48 52 50 58 57 56 4 5 10 1 0 7
37 45 26 38 44 51 52 19 21 53 10 34 30 29 46 14 33 23 20 55 22 18 60 1 62 41 13 43 12 17 15 11 31 32 48 54 39 7 59 49 9 50 40 47 58 4 6 57 25 0 42 3 61 24 2 63 8 16 56 5
19 18 17 9 26 20 37 42 21 44 29 11 53 34 50 16 2 4 8 25 10 12 13 52 45 49 59 30 56 61 33 5 31 3 6 14 38 46 22 43 24 23 51 0 39 15 62 63 60 58 55 41 48 32 40 57 54 47 7 1
26 34 43 52 42 25 44 37 46 38 45 21 61 59 29 17 39 47 33 20 14 13 24 16 12 11 9 19 10 2 1 7 55 32 3 8 51 50 41 30 58 40 23 22 49 53 18 54 62 56 6 31 60 15 0 57 48 5 4 63
37 43 34 29 51 41 21 59 50 38 52 20 42 45 19 49 40 12 61 53 60 22 14 62 56 32 26 18 33 13 58 15 6 57 23 24 63 48 47 30 11 31 17 3 54 55 4 8 25 9 7 2 44 39 16 10 1 5 0 46
37 43 18 29 30 21 45 38 51 34 46 59 50 41 44 20 58 31 60 52 32 47 23 57 55 63 54 22 42 15 25 62 26 49 39 16 13 9 56 6 19 40 14 12 0 7 3 11 10 53 4 24 48 17 8 33 61 5 1 2
37 43 18 38 45 19 34 41 11 3 31 29 4 5 21 30 33 54 23 47 46 9 20 26 48 2 10 42 44 12 22 51 25 50 52 39 14 17 59 24 49 61 60 15 8 16 13 53 40 1 63 0 62 58 57 32 6 7 55 56
37 43 18 29 44 19 50 9 34 57 52 20 12 21 10 2 1 41 8 45 38 4 13 30 17 51 22 53 59 61 62 42 46 47 11 23 3 31 14 60 33 32 39 26 5 63 55 16 49 6 24 40 48 56 54 58 25 0 7 15
44 29 21 43 37 30 39 14 19 45 42 10 51 38 12 31 53 22 1 59 7 20 58 4 13 18 11 54 23 26 34 3 2 61 52 9 55 6 60 25 50 47 63 5 46 0 32 16 8 41 17 57 24 62 33 15 40 48 49 56
19 34 41 33 45 37 29 48 43 20 25 51 18 44 13 9 52 17 16 21 32 30 38 53 60 10 1 26 62 5 12 3 58 46 54 50 31 40 57 22 56 42 49 11 2 8 14 23 6 15 0 47 55 63 39 61 7 59 4 24
37 29 20 45 38 30 54 53 21 13 31 47 12 63 19 26 61 52 14 22 25 44 46 23 62 6 51 58 50 4 7 34 18 5 15 55 43 39 3 9 10 24 32 49 8 17 11 40 16 0 57 33 41 1 2 60 42 59 48 56
19 18 17 29 37 45 30 34 44 38 42 9 1 11 33 31 20 0 3 51 26 24 52 16 47 25 49 2 13 12 46 6 21 50 10 55 23 54 39 60 58 48 5 14 62 53 7 22 43 4 59 61 41 63 40 32 8 57 56 15
37 45 26 34 41 33 32 18 20 29 46 11 54 44 9 63 62 48 50 55 42 49 51 25 13 61 38 59 53 12 10 47 16 43 56 24 19 57 52 60 40 2 3 4 21 8 0 30 5 14 17 1 7 22 6 15 31 39 58 23
26 18 19 20 12 42 45 17 13 10 34 4 29 30 49 6 8 25 3 2 22 44 11 9 16 14 52 33 1 43 38 54 40 50 24 46 41 0 59 56 48 58 57 32 47 21 15 31 5 60 37 55 53 51 63 7 39 62 23 61
37 43 18 19 34 17 50 41 33 45 26 38 46 25 54 44 32 47 42 58 12 48 9 52 61 0 1 20 29 60 21 30 40 63 55 16 57 4 59 22 39 2 31 8 15 24 62 10 53 56 11 13 14 51 49 23 5 7 3 6
19 18 44 29 37 11 9 17 22 0 10 2 1 45 3 15 25 4 46 26 30 31 23 8 14 34 21 55 7 12 42 50 33 13 39 6 53 32 43 52 57 38 24 20 51 58 5 47 49 59 63 60 16 40 62 56 48 61 41 54
44 29 19 10 11 52 37 43 45 53 60 18 34 4 20 26 17 51 59 42 1 13 62 54 41 48 46 55 12 47 14 25 33 30 61 32 31 6 2 23 38 39 40 50 56 9 0 5 22 24 16 8 57 21 49 63 3 58 15 7
44 29 22 52 26 20 37 30 60 51 42 25 18 34 21 10 39 31 23 13 19 11 41 48 24 45 46 50 5 38 9 0 43 54 57 59 1 33 3 61 12 16 55 47 49 15 14 32 17 63 62 6 7 4 2 40 53 8 58 56
44 43 42 29 18 52 45 38 20 9 22 12 11 10 60 51 0 26 25 53 34 33 40 19 61 30 13 41 17 24 50 49 47 14 37 8 31 54 59 39 32 55 4 6 46 58 56 57 21 23 63 2 48 5 1 3 15 7 16 62
26 18 44 34 17 29 19 52 33 42 50 8 43 40 37 58 57 10 1 38 46 2 39 51 32 45 53 0 25 61 41 55 59 16 54 11 21 22 4 48 9 60 62 14 20 3 13 5 31 49 12 23 63 24 47 6 15 30
26 34 44 37 45 53 38 18 52 21 33 60 17 30 9 46 29 20 39 31 23 8 25 24 55 40 62 10 51 47 2 59 22 63 16 50 11 61 32 41 58 0 49 12 43 14 3 57 42 4 19 13 54 15 1 48 56 6 7 5
19 34 45 20 43 52 13 11 33 25 59 32 41 29 17 48 3 16 49 50 57 6 30 2 51 61 21 22 5 12 37 39 10 9 53 42 15 4 38 14 1 8 7 47 46 44 26 24 18 23 54 63 62 56 60 55 58 40 31
26 34 45 17 41 21 25 44 8 24 37 46 33 43 53 61 50 52 62 60 19 51 38 49 54 42 58 47 29 20 56 11 59 10 14 48 55 7 32 40 30 57 16 31 1 9 18 63 22 12 6 13 0 5 3 39 23 15 2 4
44 45 37 29 21 51 30 23 53 54 58 22 26 61 39 52 63 43 14 38 60 59 62 34 33 18 9 31 15 32 46 17 8 47 25 7 41 42 55 0 13 12 5 40 50 24 11 4 48 57 19 16 10 20 3 2 56 6 1 49
19 18 44 11 9 37 30 25 21 46 38 52 3 39 32 42 29 20 55 26 34 13 51 10 17 54 22 12 33 45 6 58 4 24 53 1 16 62 8 41 61 15 49 43 59 57 47 60 23 5 56 2 63 7 48 50 0 14 31 40
37 29 19 45 46 43 54 11 22 63 34 55 21 25 51 52 38 31 47 13 20 59 3 18 10 42 61 4 5 1 26 17 32 14 53 9 0 62 24 44 2 16 15 40 33 6 58 8 12 57 41 39 7 48 49 50 60 30 23 56
26 34 41 19 44 37 30 46 18 52 21 20 29 22 10 9 60 23 17 51 14 53 13 6 55 8 7 39 43 50 38 42 5 11 57 31 16 4 1 48 59 2 49 15 32 24 47 58 33 61 3 0 62 12 25 56 40 63 45 54
26 18 10 34 44 2 17 29 3 43 20 25 9 45 50 16 52 13 1 51 38 47 30 8 33 31 58 11 22 24 6 15 19 60 53 61 21 32 41 42 59 12 14 4 39 0 23 57 5 48 55 54 40 7 49 37 56 63 62 46
37 29 19 26 22 45 21 12 44 30 54 43 42 38 14 34 10 63 23 39 18 6 15 25 47 52 51 49 46 53 24 58 5 20 11 9 33 1 59 32 7 16 57 61 31 17 0 50 2 3 55 13 48 62 41 40 4 56 60 8
37 45 44 29 20 13 19 43 12 34 42 18 14 26 46 5 25 53 22 49 62 21 50 55 6 7 54 41 10 1 38 23 52 17 48 39 11 61 16 51 59 2 15 9 30 31 47 57 60 8 33 40 24 32 63 56 0 58 3 4
44 43 42 51 50 21 59 52 53 62 14 20 45 34 18 49 56 22 58 26 60 6 25 48 41 16 13 10 15 38 23 29 31 7 2 12 5 46 47 37 61 17 19 40 24 33 63 11 32 39 57 4 3 8 9 1 30 54 0 55
44 45 19 20 54 34 21 37 42 11 46 55 26 33 41 18 9 12 30 53 4 3 61 5 47 17 52 60 32 23 63 40 24 62 43 51 13 39 31 22 10 49 48 25 29 38 58 1 14 15 2 56 16 0 50 59 8 57 7 6
19 18 44 43 42 11 10 51 34 9 52 41 50 29 25 45 49 59 37 20 53 54 3 4 21 57 58 16 17 60 40 12 32 62 8 30 39 48 5 23 24 33 26 0 1 22 31 47 38 2 13 6 63 46 14 15 56 61 7 55
19 34 41 11 20 18 44 37 26 33 30 38 25 23 12 21 13 3 5 51 2 32 4 10 43 52 14 22 24 16 40 6 59 1 46 29 53 42 8 58 57 60 9 55 47 0 63 50 61 54 15 39 62 49 31 17 48 7 45 56
44 29 21 43 30 53 42 31 62 13 37 49 22 46 4 60 38 52 34 25 18 45 32 20 33 24 16 26 12 9 11 23 54 63 41 55 2 5 56 3 59 50 57 39 17 51 47 61 14 0 6 8 15 58 10 40 1 7 48 19
44 29 19 43 21 11 42 20 37 51 26 46 13 12 58 22 10 49 30 53 52 4 3 60 50 45 55 2 23 17 61 34 5 57 59 6 41 14 9 40 15 33 24 7 48 56 18 8 16 39 25 31 1 38 0 47 54 32 62 63
37 29 21 43 34 45 50 51 52 14 20 18 53 12 9 30 23 41 19 59 57 38 25 16 46 39 13 6 5 4 33 22 48 54 61 42 15 60 26 40 63 2 7 55 24 17 58 31 44 49 62 56 3 32 47 11 1 10 8 0
19 20 21 12 5 14 7 18 10 2 44 4 17 16 1 45 24 29 3 34 42 43 30 11 50 49 26 37 56 25 13 58 51 31 53 59 32 54 55 9 33 6 60 63 46 57 8 47 38 52 61 40 22 0 48 41 39 15 62 23
26 34 42 20 21 33 41 49 56 22 14 19 40 57 18 9 58 43 30 13 51 31 10 29 8 0 25 60 50 32 16 12 52 59 48 61 4 6 38 17 44 37 62 2 39 45 11 47 5 3 7 24 54 1 15 63 46 23 53 55
19 20 45 10 21 44 53 52 18 34 43 50 1 26 59 9 8 14 42 13 29 49 11 41 25 46 38 61 48 60 5 54 62 24 23 2 37 40 57 6 33 47 3 55 7 30 32 16 22 63 51 31 17 12 4 58 15 0 39 56
26 20 29 38 37 44 19 25 21 30 53 12 23 34 17 42 39 62 51 52 50 9 24 31 54 60 13 58 10 47 8 46 43 41 3 57 59 15 45 18 56 14 22 6 4 16 48 40 49 5 63 32 11 2 33 0 1 55 7 61
37 29 19 26 18 10 11 42 17 38 46 21 44 45 20 51 47 16 25 43 59 9 49 12 13 41 8 58 24 56 54 1 3 6 40 2 14 5 0 39 31 32 60 50 4 15 7 33 48 63 57 61 30 34 53 22 62 55 52 23
37 45 44 29 22 34 20 13 53 38 43 61 25 42 4 19 26 16 50 6 12 41 18 15 46 21 62 11 24 63 31 23 48 52 2 3 60 1 17 40 51 9 39 59 30 14 7 47 57 54 55 32 0 56 33 58 49 10 5 8
26 20 21 34 19 17 41 11 10 12 37 45 8 22 14 33 23 46 44 52 38 42 51 30 54 49 60 25 3 9 1 7 5 39 43 61 40 48 31 15 56 57 53 63 29 59 2 32 18 47 0 4 55 6 16 50 58 62 24 13
19 20 13 42 37 18 34 26 33 45 17 10 3 43 50 8 24 49 48 38 25 11 44 2 39 6 21 12 46 30 23 16 41 32 1 53 9 29 14 22 15 0 51 7 60 62 5 59 54 47 40 57 52 63 58 4 56 31 55 61
26 34 43 50 42 20 58 19 12 25 51 4 5 44 29 11 24 52 10 37 45 17 61 21 18 38 39 57 49 59 30 31 54 32 2 22 60 46 14 41 9 16 23 1 0 8 48 7 6 55 53 40 33 15 56 3 13 47 63 62
26 20 21 34 12 14 41 3 29 18 4 37 42 49 38 25 16 43 22 33 9 19 2 13 15 7 32 40 52 47 6 51 57 5 11 45 48 1 30 10 53 31 23 39 59 8 0 44 55 60 17 56 58 24 50 46 62 63 61 54
19 18 26 20 12 25 17 9 24 10 2 43 45 4 34 3 52 33 0 37 42 32 40 51 59 53 8 49 5 41 50 16 13 48 29 44 1 22 54 21 38 30 31 60 61 46 56 55 11 6 7 57 39 62 63 15 23 47 14 58
44 43 50 21 20 37 14 53 29 12 11 51 34 18 13 22 25 4 23 30 45 46 42 10 3 32 55 19 59 52 9 57 61 2 58 54 39 38 26 60 62 15 5 0 24 33 40 63 41 47 17 8 16 49 56 31 48 1 7 6
19 34 42 50 41 20 45 18 58 26 17 48 29 33 11 21 9 8 32 1 13 37 25 24 16 22 14 43 31 53 38 49 44 46 62 7 40 6 54 56 5 51 52 12 3 55 4 15 60 61 63 59 23 2 30 57 10 39 47 0
19 34 43 50 44 20 42 51 57 29 21 49 18 33 30 52 59 60 25 37 46 58 32 23 31 10 61 53 62 24 2 12 11 54 45 14 3 55 56 39 7 40 63 26 16 8 38 5 4 41 6 17 22 13 9 47 15 48 0 1
44 29 19 42 37 11 26 46 22 33 20 43 25 17 3 21 41 52 55 51 14 40 49 18 50 12 45 48 13 30 59 5 4 23 56 60 7 53 57 6 31 47 9 63 58 24 32 16 15 38 39 0 10 1 8 2 62 54 61 34
19 18 26 34 45 54 43 12 10 52 51 44 46 50 59 61 33 2 41 47 17 42 25 57 9 32 1 11 40 20 37 29 60 0 55 58 48 30 39 53 38 49 22 21 4 5 63 31 3 62 56 13 23 14 16 8 6 7 24 15
44 29 22 30 38 15 18 47 46 54 20 26 17 12 19 16 8 52 45 43 9 37 13 53 4 33 34 5 63 25 60 61 21 2 55 59 39 14 32 41 23 11 24 31 49 48 42 50 56 57 3 40 1 0 7 51 58 6 10 62
26 20 45 44 37 42 19 11 53 46 29 60 12 43 50 4 2 10 51 57 3 33 24 41 55 22 5 18 17 47 54 58 52 30 49 59 15 14 23 61 38 9 39 1 25 48 63 21 13 32 16 40 34 31 62 0 56 6 8 7
37 29 19 43 44 11 30 38 26 20 3 31 13 45 47 42 46 25 52 12 17 59 50 54 21 41 61 51 33 6 40 53 60 2 34 4 49 32 10 55 63 57 62 48 5 9 22 15 24 23 8 14 18 39 1 16 56 0 58 7
19 20 37 34 12 29 38 4 26 44 11 13 5 39 47 42 45 46 54 6 52 21 50 55 22 61 30 60 18 31 53 2 23 9 43 33 17 57 58 25 3 41 51 14 15 49 59 7 8 10 16 32 1 24 63 62 56 0 40 48
26 34 44 37 43 51 53 52 59 58 25 60 45 54 38 17 61 29 63 62 30 33 24 16 50 20 11 31 42 18 19 12 39 46 47 22 13 32 8 3 14 0 21 5 2 1 40 48 23 10 49 55 6 7 4 56 15 41 9 57
26 18 44 43 9 21 34 29 45 46 20 11 4 41 51 0 54 25 19 52 32 2 53 12 10 17 14 59 24 1 42 37 60 62 48 49 13 16 38 61 47 50 58 39 56 57 31 6 33 40 22 30 15 7 55 23 63 5 8 3
26 34 41 21 44 42 29 52 37 40 50 17 48 43 18 22 14 13 32 15 16 57 45 8 0 20 25 51 30 38 39 49 54 24 12 23 31 11 5 19 2 4 3 46 9 47 56 63 7 10 59 6 1 33 53 60 58 61 55 62
44 43 18 37 30 19 10 53 34 29 62 11 52 45 46 9 17 41 26 54 55 47 38 42 51 20 40 60 21 59 50 8 2 13 24 57 16 49 25 58 5 22 15 63 0 3 23 14 56 48 31 6 33 39 12 32 4 1 61 7
37 43 34 29 19 11 20 12 51 45 30 38 39 46 3 23 52 10 31 21 17 26 22 53 61 42 18 25 16 33 32 54 47 13 44 55 9 14 7 40 5 59 4 1 2 41 60 6 15 0 50 48 56 49 24 62 57 8 63 58
44 29 21 13 19 42 30 53 34 26 49 39 41 50 33 17 5 37 46 11 60 32 23 57 25 14 43 51 52 22 24 61 31 59 56 54 47 40 55 38 45 58 10 8 18 3 62 4 48 20 2 1 7 6 15 9 12 16 0
19 34 42 20 26 10 21 33 25 50 44 16 40 18 13 53 1 14 17 6 58 45 22 30 37 12 51 41 23 49 3 59 15 46 57 8 47 38 24 52 5 39 62 9 7 54 29 56 61 4 55 31 0 32 60 43 48 2 11 63
44 45 46 54 26 34 41 17 8 20 12 43 50 18 37 30 52 13 23 59 9 38 60 4 47 32 39 0 61 25 29 62 11 31 16 42 33 10 19 24 40 53 1 49 3 55 14 5 57 15 21 22 63 51 7 2 58 48 56 6
26 34 44 18 17 45 42 50 46 29 19 9 0 52 33 24 58 54 43 10 2 51 20 1 30 12 21 39 53 47 38 60 22 49 16 15 62 14 61 25 6 7 8 55 5 41 23 3 63 4 11 31 40 48 57 56 13 37 32 59
37 29 18 44 53 34 20 11 30 62 52 21 43 51 12 23 61 19 4 3 25 42 2 60 26 17 13 22 33 24 16 41 48 49 46 45 38 5 32 40 54 1 50 47 55 59 58 9 6 8 0 63 31 15 7 56 57 39 14 10
37 29 22 43 34 45 50 41 19 38 46 15 21 51 44 11 47 14 58 30 42 39 32 49 57 52 26 33 23 60 5 40 7 55 20 31 25 16 54 18 53 13 4 6 17 56 48 62 10 61 12 24 63 1 9 2 8 59 0 3
37 43 50 29 22 46 45 51 52 61 47 57 49 59 53 15 34 25 20 38 30 54 31 19 26 12 62 18 11 63 41 21 60 2 58 48 10 9 5 42 40 39 14 55 13 32 56 33 16 6 1 23 17 0 7 8 44 3 4 24
44 45 37 43 26 38 52 59 50 19 20 51 12 29 22 30 39 47 61 4 18 60 13 34 25 49 46 33 42 17 11 31 24 16 41 2 9 55 15 40 54 8 6 1 57 53 10 56 0 3 5 21 62 48 32 63 14 23 58 7
37 45 53 43 42 34 18 41 49 29 21 20 40 48 26 38 39 22 44 52 15 50 60 47 31 23 58 61 30 17 46 57 51 33 11 9 12 14 6 4 24 54 56 13 62 5 7 55 10 8 0 25 19 2 59 1 3 32 16 63
19 20 13 34 41 10 44 53 43 12 37 51 11 6 52 3 26 46 54 4 30 48 25 62 58 17 55 23 18 33 2 59 24 45 61 16 38 39 5 60 9 0 40 57 42 32 47 8 31 63 29 49 14 21 22 7 50 1 15 56
44 45 26 52 60 43 38 29 34 42 41 18 10 51 20 49 50 53 57 19 59 1 12 17 54 21 11 4 33 56 13 24 48 40 32 37 2 25 3 39 8 30 22 63 0 16 23 14 46 47 31 6 55 58 9 61 15 62 5 7
44 29 22 45 20 30 38 52 53 54 60 43 55 61 26 21 12 4 42 63 13 59 46 17 3 15 62 19 37 47 33 11 31 34 18 5 51 25 8 16 14 2 9 50 58 10 24 39 23 7 6 49 40 0 1 48 41 32 57 56
19 34 41 20 43 50 37 29 45 53 46 47 13 18 26 42 49 38 51 21 54 57 25 55 44 16 63 17 33 40 58 52 48 60 12 5 59 11 9 10 22 31 32 24 30 61 3 2 6 4 39 14 23 7 8 15 62 56 1 0
37 43 50 21 34 51 52 59 19 38 42 11 14 53 26 33 41 58 32 24 25 29 49 13 60 20 57 40 44 7 54 61 17 45 18 47 6 56 12 16 3 5 22 31 62 10 9 0 48 8 55 63 2 4 15 23 1 46 30 39
19 34 41 33 45 11 10 48 3 21 43 42 29 51 49 20 25 32 13 22 37 38 59 52 15 17 39 60 9 31 23 18 53 4 61 6 44 24 2 1 8 46 50 40 47 56 26 30 16 55 63 57 5 14 54 62 0 58 7 12
19 34 42 18 26 33 9 20 37 38 43 51 40 32 50 12 45 10 46 8 0 48 39 55 29 17 59 58 4 60 1 11 47 5 41 31 57 44 16 3 2 25 6 49 53 13 22 30 56 15 52 61 62 54 63 21 24 14 23 7
44 45 19 52 53 34 42 50 60 20 38 10 49 56 26 18 12 62 33 43 9 29 11 37 58 17 25 0 48 41 8 3 24 51 40 2 22 1 61 32 16 47 21 57 31 14 59 5 4 23 30 13 6 39 63 54 46 7 15 55
26 18 37 43 34 45 20 38 51 42 41 50 49 58 59 13 57 19 11 44 25 3 52 10 12 5 33 48 9 8 46 53 61 40 39 60 2 16 32 30 4 24 6 54 23 56 62 47 0 14 21 31 17 63 7 22 1 29 55 15
44 45 19 52 54 20 53 18 9 26 34 63 29 61 62 17 51 1 10 37 13 59 46 33 60 58 8 6 21 12 0 25 5 14 22 38 2 3 4 15 30 43 41 24 32 49 16 47 48 11 57 31 42 40 55 56 23 39 50 7
44 29 19 42 43 52 41 49 37 38 45 10 61 59 30 22 60 21 54 51 31 40 56 34 1 57 12 50 33 58 53 20 11 18 26 2 23 5 17 13 4 63 6 47 46 24 55 0 48 32 9 15 16 3 14 25 8 7 39 62
26 18 10 29 30 22 44 38 15 14 31 20 45 25 17 42 13 52 33 54 34 24 32 47 37 12 39 43 11 40 60 6 4 46 53 61 55 16 21 2 51 8 23 59 5 7 58 57 19 50 49 3 41 62 63 48 9 1 0 56
37 29 18 43 21 19 20 9 51 12 0 38 5 10 11 4 22 30 3 2 13 42 33 15 45 50 23 54 49 56 44 59 41 26 47 6 48 52 34 57 58 14 25 39 61 40 53 55 17 46 62 60 31 1 63 16 8 32 24 7
44 43 34 45 19 11 10 41 3 21 37 30 14 29 51 12 53 61 5 58 31 1 26 52 48 25 38 39 20 22 23 7 6 42 49 15 33 18 62 2 24 13 50 16 17 59 60 40 56 9 32 63 0 46 55 4 47 57 8 54
19 34 42 20 37 45 44 29 33 18 12 21 26 52 38 50 51 32 40 3 9 0 59 48 17 39 31 49 46 25 11 10 47 53 16 55 60 13 24 8 1 43 56 62 54 58 14 30 41 7 15 4 61 22 2 57 23 63 5 6
44 29 18 43 51 26 20 10 9 53 34 12 62 33 13 8 42 49 2 14 24 59 52 54 38 11 37 50 57 46 45 58 19 30 4 21 39 40 17 5 7 15 55 47 25 60 16 56 6 61 3 0 23 63 1 22 32 31 48 41
26 34 43 18 44 29 17 50 19 9 1 20 21 11 30 45 53 61 33 38 13 8 12 32 54 22 62 10 42 37 41 4 58 47 3 2 24 59 63 0 31 49 5 46 14 39 60 55 48 25 57 15 23 6 16 51 56 7 40 52
26 20 13 42 45 44 53 34 41 54 37 25 21 43 55 62 33 29 49 50 61 40 17 58 51 32 48 63 46 60 59 38 24 30 23 8 22 11 57 52 19 14 15 16 2 12 4 47 39 31 10 6 0 3 7 5 18 9 1 56
26 18 19 34 45 12 11 20 43 4 13 29 9 22 42 10 3 33 24 17 5 50 8 2 1 25 38 21 32 44 15 16 57 23 37 7 53 41 14 59 40 54 55 48 56 30 58 46 31 63 47 39 60 52 62 49 61 51 6 0
19 34 42 50 41 26 33 18 20 21 12 11 44 40 3 45 22 29 37 38 49 52 24 23 10 58 13 43 48 9 53 46 51 56 8 57 25 5 6 1 54 59 14 2 30 32 61 60 0 63 47 39 4 62 17 55 31 15 7 16
44 29 21 13 18 26 14 10 19 45 30 37 38 43 34 41 12 23 52 42 40 46 22 51 39 54 47 49 1 50 9 53 62 33 48 11 32 0 25 61 8 16 60 55 17 63 4 59 58 57 20 6 15 24 31 7 56 3 2 5
37 29 21 30 23 13 12 31 20 11 26 43 51 45 54 50 38 47 57 44 19 46 52 34 4 42 14 7 39 5 6 60 58 18 41 49 10 1 2 25 59 33 15 61 62 55 24 53 56 48 63 32 0 16 22 17 8 9 40 3
19 34 44 53 41 21 52 37 45 33 26 17 61 60 59 46 38 30 8 10 20 43 14 25 42 51 11 48 39 3 1 62 16 29 13 5 49 55 50 23 22 32 4 31 6 9 18 47 24 58 40 56 2 0 54 15 57 7 63 12
44 45 37 29 54 43 21 22 23 63 53 62 51 59 58 57 19 15 61 60 30 34 33 46 55 42 7 26 25 47 49 38 39 18 11 20 12 31 13 9 52 3 5 56 4 50 2 32 48 41 0 40 24 10 1 17 16 8 14 6
37 45 26 20 19 29 12 10 54 11 13 5 18 42 2 1 22 14 6 25 32 44 52 53 46 24 16 38 34 47 62 33 9 8 17 7 31 39 41 43 30 48 50 51 60 61 59 23 15 57 49 56 0 63 55 40 3 58 4 21
26 18 10 9 19 34 41 20 13 12 25 33 8 16 42 49 40 24 43 2 11 50 1 32 44 4 57 48 17 3 56 37 30 14 29 38 5 22 45 53 46 39 62 51 47 21 31 55 58 60 52 23 61 0 54 6 15 59 63 7
37 29 21 45 26 20 53 14 11 18 13 54 10 61 43 46 63 51 34 12 5 44 23 55 50 38 62 60 47 7 30 9 19 31 3 49 0 39 59 15 22 4 6 33 2 25 40 42 56 58 24 17 8 1 41 32 52 16 57 48
19 18 26 34 42 44 10 17 25 21 16 33 14 2 41 32 9 48 52 49 1 8 43 0 50 51 40 11 24 61 3 20 53 62 45 22 58 54 37 4 60 57 13 46 12 15 30 39 5 6 56 29 47 59 38 55 23 31 63 7
26 18 44 43 42 29 9 25 17 1 30 31 22 19 24 53 10 12 38 32 34 20 13 16 8 41 21 23 50 59 58 51 5 3 4 46 39 45 15 0 52 14 61 11 2 33 60 54 37 62 48 49 40 6 7 57 63 47 55 56
19 18 37 20 26 45 10 29 54 25 46 12 21 44 3 30 34 41 32 14 42 63 52 51 60 55 31 17 13 5 4 23 48 11 43 39 24 50 15 58 49 16 22 7 47 40 9 33 56 57 59 6 61 2 1 8 38 53 62 0
37 43 34 25 19 29 51 20 22 38 16 18 39 32 10 47 13 11 9 44 4 0 26 17 2 3 33 59 1 41 49 50 57 52 60 31 42 8 12 21 58 56 40 30 24 46 5 61 45 54 23 14 6 7 53 15 63 62 55 48
37 43 26 19 42 46 11 49 44 25 51 52 29 21 20 3 34 50 10 18 16 33 60 9 58 61 0 8 4 5 62 24 32 17 55 59 1 45 41 38 39 47 56 12 13 63 54 30 31 22 14 57 53 48 40 2 6 23 15 7
19 18 37 11 9 25 10 20 3 0 21 2 17 4 8 16 26 34 33 44 24 42 43 12 50 51 29 22 53 57 45 54 5 46 30 13 59 40 63 31 39 47 15 49 32 14 23 62 1 38 56 7 41 48 55 6 58 52 60 61
19 34 43 18 17 29 25 50 45 16 20 11 22 30 12 14 31 54 13 5 2 4 44 37 57 6 33 38 26 23 21 41 32 52 42 39 53 46 47 24 61 49 8 9 40 10 1 60 7 63 58 15 55 48 56 0 59 51 62 3
19 20 13 12 37 6 5 4 21 30 22 44 46 38 3 2 53 54 62 52 14 39 29 55 47 23 11 18 26 42 43 33 15 7 9 34 45 16 59 31 51 50 0 25 49 41 48 57 58 60 10 17 32 8 24 40 63 56 61 1
44 43 18 53 42 41 51 58 45 37 40 33 46 30 62 49 38 54 63 34 26 19 57 56 22 52 50 23 12 21 48 25 29 39 32 17 9 55 60 59 31 61 13 1 15 24 8 10 47 5 11 3 2 14 7 0 4 20 16 6
44 29 21 13 30 45 14 22 37 43 52 6 15 61 53 46 50 31 51 62 47 59 20 49 26 19 60 17 18 54 7 34 10 38 5 12 4 9 63 11 39 23 8 33 25 2 55 3 58 32 41 48 42 57 40 0 24 56 1 16
44 45 26 18 37 34 46 53 25 47 9 21 52 38 62 19 30 60 61 17 31 22 39 16 13 55 51 63 12 1 43 42 50 14 33 5 20 23 54 57 49 58 59 3 0 11 4 32 10 2 7 6 41 48 40 24 15 29 8 56
37 29 22 30 19 15 23 38 39 31 20 46 21 10 7 42 13 44 18 5 4 14 1 26 33 24 43 25 52 45 54 3 17 12 51 62 47 8 63 59 61 55 50 41 53 11 6 58 49 60 2 9 34 40 48 56 32 57 0 16
37 43 42 45 19 20 44 49 12 38 54 11 56 29 26 4 3 2 22 34 31 18 10 9 0 8 16 25 21 30 23 51 50 33 1 48 32 47 17 39 60 59 40 52 46 24 14 15 41 61 57 55 13 58 5 6 62 53 7 63
26 18 37 25 19 12 11 29 9 45 13 5 32 21 30 17 8 34 44 42 43 31 54 51 22 41 38 16 52 3 58 1 33 63 50 49 4 23 46 53 10 55 62 61 20 24 40 14 60 57 15 2 6 59 0 48 56 7 39 47
44 29 21 45 26 43 54 20 37 22 13 46 15 12 11 63 51 17 52 14 53 30 23 59 34 5 4 18 47 42 61 3 8 50 41 55 9 33 40 38 62 48 56 10 57 0 1 32 24 6 58 16 2 31 39 7 19 25 60 49
44 43 26 19 34 29 52 33 25 24 22 37 18 53 12 51 59 17 32 11 45 50 20 41 4 13 16 8 57 10 21 23 6 30 38 54 3 40 14 39 46 42 63 47 49 9 55 5 58 56 31 60 1 2 62 48 15 61 0 7
26 20 45 34 21 25 17 44 43 9 37 14 33 53 18 38 24 32 61 50 42 51 40 49 1 41 60 58 7 19 59 52 54 8 31 29 30 55 10 11 62 23 3 48 63 47 12 39 0 2 56 22 4 16 15 6 5 57 46 13
26 34 44 37 43 50 38 39 51 58 45 52 54 53 33 55 60 61 30 18 62 22 42 29 21 25 31 41 46 12 49 59 24 56 47 16 17 20 23 15 3 9 11 63 48 14 8 57 0 4 32 1 6 19 5 13 2 10 40 7
44 29 19 26 17 43 30 52 51 50 57 42 53 58 34 45 33 60 61 46 37 18 55 31 41 49 20 59 9 56 38 39 25 11 54 32 47 16 12 0 48 10 3 2 22 5 23 62 1 63 4 40 6 21 13 15 14 7 24 8
26 18 37 43 10 17 24 38 25 19 45 29 51 1 21 59 3 20 12 52 53 14 44 42 47 13 60 39 58 61 46 54 30 50 5 8 41 31 22 33 55 2 49 23 16 6 34 9 7 63 40 57 56 32 0 11 62 48 15 4
26 20 45 42 34 18 17 44 13 46 19 9 21 29 33 32 49 8 37 5 25 24 38 22 23 39 10 14 52 51 43 60 55 2 54 56 61 15 0 12 58 53 31 11 3 47 16 41 7 50 40 48 62 4 1 63 57 59 30 6
19 34 41 11 26 17 44 21 3 10 8 42 20 37 22 53 43 25 38 9 51 50 59 52 54 57 18 58 0 60 24 4 45 30 61 33 56 46 32 2 23 55 29 14 13 16 47 40 31 62 7 39 12 5 15 1 63 6 48 49
37 43 42 41 26 29 45 53 51 44 49 57 46 21 20 38 61 52 40 18 10 11 19 55 56 58 13 25 24 17 4 14 9 62 60 33 63 12 7 2 6 32 22 1 31 15 8 16 0 23 30 39 47 59 50 54 5 3 34 48
26 34 45 18 9 37 41 42 46 29 21 55 20 19 43 44 47 0 25 17 30 32 11 14 63 39 13 33 24 48 16 8 23 51 40 49 50 38 60 5 58 31 22 59 7 57 12 10 1 53 4 6 52 15 62 2 54 3 56 61
44 43 26 19 34 29 20 45 38 31 52 37 12 30 46 25 33 53 16 4 13 47 23 11 21 5 62 50 6 40 41 7 2 22 17 18 10 51 58 15 39 54 61 9 3 1 8 48 59 42 63 55 32 49 56 57 60 14 24 0
26 18 44 34 9 53 42 17 16 29 62 0 10 25 19 45 46 49 8 11 20 21 24 1 22 37 30 38 3 32 50 23 43 61 56 12 4 47 31 41 33 57 51 52 59 2 60 39 48 40 58 5 13 6 54 63 55 14 7 15
44 43 50 29 18 37 45 26 17 53 38 9 62 31 54 52 30 16 47 42 51 57 0 1 46 61 2 39 25 24 60 59 19 34 22 13 33 21 20 41 40 10 23 48 58 49 8 63 5 12 56 14 3 4 6 7 15 32 55 11
37 29 19 43 21 20 51 38 13 10 22 30 46 44 53 39 47 52 1 12 45 23 14 54 5 26 11 59 60 6 42 62 63 18 33 4 34 25 58 40 7 15 2 41 16 24 31 50 61 55 17 9 48 49 3 56 57 32 8 0
26 20 29 22 13 4 38 12 37 46 54 42 19 39 30 33 43 31 41 34 14 52 11 5 50 53 45 18 2 62 61 49 10 9 3 6 40 60 8 0 58 51 16 56 7 25 32 48 55 17 23 57 24 63 15 59 21 1 47 44
44 43 50 21 19 10 14 37 11 26 17 52 61 42 46 58 53 7 9 45 20 18 51 16 29 34 8 54 25 22 23 30 63 13 59 39 5 2 41 32 57 24 62 38 15 60 55 40 12 1 48 4 31 33 47 56 49 6 3 0
37 45 44 43 50 20 46 38 29 53 52 51 18 26 19 21 42 17 60 61 54 57 11 59 49 55 16 10 13 2 3 4 30 41 9 1 48 0 22 12 62 6 58 34 5 63 33 56 7 40 8 25 24 39 32 23 14 15 47 31
44 43 42 29 19 52 30 20 13 10 61 18 26 17 11 37 45 21 12 51 50 49 33 34 25 38 39 58 56 24 9 53 54 8 16 5 41 2 0 47 3 46 55 57 1 63 59 6 22 31 15 48 62 40 4 60 7 23 32 14
19 20 45 18 29 43 10 22 30 54 14 31 51 34 21 52 39 7 37 38 47 50 15 55 41 25 33 23 9 46 16 26 61 0 57 49 2 11 53 59 12 32 13 6 24 60 5 4 40 8 17 62 1 44 58 56 63 42 48 3
26 34 43 18 19 29 37 44 30 12 10 38 51 22 33 32 5 2 42 20 13 4 45 59 58 6 39 53 50 25 46 47 11 55 40 41 54 63 9 16 21 60 49 1 17 48 14 57 3 15 52 31 0 61 23 24 56 8 7 62
37 29 21 30 20 44 38 26 51 53 25 14 31 45 62 34 46 18 13 12 5 24 43 54 4 22 16 41 6 32 52 7 40 59 19 55 50 10 11 3 47 17 60 57 42 58 33 15 49 56 2 39 63 61 9 48 23 1 0 8
37 45 19 18 44 20 11 43 29 26 25 17 50 42 16 9 33 21 53 3 4 52 12 62 0 34 22 32 40 10 46 14 60 30 51 49 48 61 63 5 41 55 2 8 54 1 23 59 7 39 58 57 6 24 13 15 56 31 47 38
19 18 26 20 37 43 10 44 34 17 12 1 9 42 2 4 24 38 53 16 21 22 25 52 13 3 39 33 11 54 41 5 61 30 6 51 29 40 47 46 0 55 8 14 32 31 60 58 45 59 7 15 50 62 48 57 49 56 63 23
44 29 22 52 19 26 37 15 34 41 60 38 46 45 31 51 20 39 43 10 18 30 42 49 23 11 47 59 2 21 12 9 48 55 54 1 16 0 8 33 56 5 3 57 17 14 50 4 40 62 53 25 58 61 24 32 13 63 6 7
37 45 53 29 21 20 19 22 30 34 14 7 44 38 42 10 23 43 18 31 5 46 55 9 47 62 51 13 61 50 63 15 11 54 26 6 17 25 41 4 57 49 16 32 33 48 1 60 12 0 59 58 56 24 52 8 40 3 39 2
19 20 37 34 18 38 12 13 45 52 14 44 41 48 21 10 42 6 39 46 2 17 11 50 33 15 26 9 58 25 53 43 49 47 59 22 3 57 24 1 51 4 29 31 55 62 0 60 7 40 32 16 54 30 56 63 23 61 8 5
19 34 45 20 12 37 43 10 33 18 21 51 1 25 46 4 26 17 16 8 5 54 41 55 38 11 2 22 59 49 9 0 13 24 31 50 32 52 57 42 44 53 47 29 61 15 58 39 23 60 3 48 63 56 30 40 62 14 6 7
37 43 26 29 42 20 13 18 44 45 22 30 38 6 54 63 52 15 21 51 9 23 39 0 58 31 5 61 10 41 53 11 19 50 34 12 48 17 2 4 24 33 7 8 25 40 1 56 14 59 49 57 3 16 47 46 55 60 32 62
19 34 41 21 43 26 14 29 18 48 25 7 37 51 52 24 50 57 30 61 20 9 17 10 16 38 47 13 5 31 11 6 45 3 49 44 2 58 39 12 42 56 32 40 46 59 60 0 33 23 15 55 22 1 53 8 62 4 54 63
44 43 34 25 50 51 18 11 9 53 42 19 26 33 59 29 21 45 3 52 60 61 40 37 38 57 54 47 31 13 41 4 5 58 32 30 20 2 22 16 0 48 39 10 17 15 1 6 49 24 63 56 7 55 14 23 12 46 62 8
37 43 18 29 21 20 50 14 11 44 19 42 13 3 49 6 10 34 2 41 45 59 57 38 52 61 47 39 4 53 60 56 30 58 51 12 40 22 31 17 15 9 48 54 33 5 63 26 25 16 8 24 7 23 46 55 62 0 32 1
44 29 19 26 20 45 46 12 17 33 37 55 4 43 40 11 53 34 18 52 30 38 10 1 39 16 21 62 9 25 51 31 60 32 22 13 8 59 14 7 54 15 24 0 2 6 23 63 5 61 42 3 58 47 49 50 48 56 41 57
37 45 44 29 46 43 20 47 50 51 26 21 59 18 10 25 22 58 32 12 34 14 57 9 52 30 38 53 0 39 31 42 15 60 61 62 13 49 56 23 63 6 41 7 3 11 5 19 4 48 33 8 40 17 2 54 24 16 55 1
37 29 21 45 44 43 53 62 42 30 18 50 23 13 12 46 51 9 26 22 54 41 57 63 34 20 55 3 32 38 10 47 33 25 14 58 19 40 6 15 52 56 5 7 0 17 4 24 16 1 39 31 8 61 49 11 48 2 59 60
19 18 17 43 45 37 46 11 44 53 61 25 51 59 58 62 42 60 9 57 32 33 34 55 21 26 38 40 41 39 10 12 13 16 24 8 31 0 29 49 50 22 30 20 48 6 1 23 54 3 52 56 2 4 15 47 63 14 5 7
26 20 45 44 53 52 51 25 12 62 43 37 42 34 54 59 24 18 41 16 50 13 30 63 14 32 10 29 58 31 19 6 55 17 11 1 38 49 48 57 21 3 2 56 4 40 5 61 23 33 8 0 39 9 7 22 60 15 46 47
44 29 22 45 20 30 46 15 18 12 31 38 4 52 59 54 63 62 47 43 61 19 42 13 10 50 34 17 57 33 9 11 41 49 14 51 48 8 2 1 25 32 24 3 16 21 26 40 5 23 6 58 56 60 53 7 37 39 0 55
44 43 42 29 20 45 34 33 24 18 41 21 46 52 9 38 47 40 13 6 51 0 37 50 57 14 26 58 7 53 61 22 59 32 5 39 31 30 23 55 63 62 11 4 25 16 10 12 49 17 60 54 2 48 1 3 19 56 8 15
26 20 21 22 13 4 14 15 37 19 12 18 7 45 53 29 5 43 50 33 11 30 38 10 17 61 52 24 1 3 8 6 46 16 40 31 9 55 47 39 23 0 25 54 62 59 60 2 58 42 41 63 34 57 44 49 51 32 48 56
37 45 44 29 46 34 21 30 39 38 18 31 41 33 26 13 23 52 25 22 59 32 4 50 48 5 6 49 14 19 51 9 20 43 42 55 24 58 47 54 57 7 10 56 62 53 60 1 12 15 0 11 2 40 3 61 63 8 17 16
26 20 37 46 12 19 38 43 10 45 55 47 42 39 44 41 18 1 49 4 2 3 13 14 53 33 34 21 22 50 9 8 51 62 0 29 6 23 5 56 11 7 32 52 17 63 15 30 54 24 40 48 58 57 59 31 60 16 25 61
26 20 29 18 12 13 14 25 11 34 24 4 41 19 2 21 5 17 30 10 43 45 44 3 8 1 46 52 61 32 0 54 16 42 62 63 51 40 47 59 37 22 50 9 48 58 60 33 53 6 49 39 23 38 7 55 31 15 57 56
26 20 21 22 12 42 23 25 44 37 49 43 24 19 34 17 52 53 10 8 33 41 38 30 9 46 51 4 55 60 45 39 47 54 31 1 29 59 62 40 32 63 48 57 13 5 18 15 2 11 61 3 50 56 0 58 16 14 6 7
37 45 53 29 18 43 30 38 46 39 47 23 31 34 50 55 42 19 41 17 21 26 54 12 9 1 20 49 0 33 48 61 32 56 63 52 60 44 4 51 16 8 15 59 13 25 22 5 58 40 57 11 6 10 14 7 3 2 62 24
37 45 26 34 54 18 42 38 10 19 20 52 44 51 53 33 60 1 29 12 32 59 5 9 46 30 0 41 39 25 22 4 40 61 3 55 47 21 63 23 50 48 14 17 8 31 11 13 43 49 57 15 2 16 6 7 24 56 58 62
44 29 21 43 26 34 37 53 33 22 52 51 15 20 58 17 11 46 54 18 25 14 8 42 13 9 38 32 19 12 1 60 45 55 47 41 50 6 48 39 16 7 4 24 61 0 30 10 2 40 62 31 59 63 5 56 23 3 49 57
26 18 44 43 50 25 9 51 34 45 54 57 53 29 59 0 21 20 16 42 19 46 39 47 33 14 17 41 8 10 2 24 52 63 49 32 11 3 30 61 12 37 7 58 56 4 60 31 55 13 38 48 62 1 5 6 22 23 40 15
19 18 37 29 21 30 22 46 31 13 20 23 4 44 53 43 17 62 38 16 54 6 26 39 12 25 34 42 52 60 49 50 33 3 57 61 24 32 9 51 2 10 59 48 47 0 45 58 5 1 14 15 11 56 8 63 41 55 40 7
37 43 18 21 51 42 19 44 34 11 49 56 3 60 20 30 14 7 29 26 52 17 9 50 59 1 25 45 33 58 53 62 38 10 48 4 8 46 31 16 54 61 0 32 2 22 55 39 23 12 41 15 24 63 13 57 5 40 47 6
37 43 42 41 50 51 18 58 59 29 57 20 30 60 49 56 33 32 13 38 40 12 24 26 11 44 47 22 14 25 19 31 21 3 5 15 6 39 52 4 2 53 46 34 23 54 62 7 45 1 17 9 48 10 8 55 16 63 0 61
26 18 10 34 42 20 45 41 19 25 12 43 24 37 29 17 48 2 9 46 44 40 3 4 52 30 21 0 49 56 39 57 11 59 47 23 8 13 22 1 14 31 61 51 6 60 50 54 63 16 53 7 32 55 58 62 38 5 33 15
26 18 19 20 9 34 21 13 44 42 50 33 43 0 29 51 12 5 25 37 52 24 38 59 41 30 11 60 32 46 55 49 16 54 2 3 4 45 22 1 31 6 58 53 40 17 63 14 39 47 61 56 10 62 57 23 8 48 15 7
26 18 19 20 13 21 10 1 12 42 44 5 30 33 2 22 6 52 14 37 25 3 51 23 7 58 53 43 39 15 41 50 46 17 59 45 57 61 60 29 34 38 8 49 40 56 4 62 47 16 0 31 24 54 11 55 48 9 32 63
26 34 44 18 25 45 10 2 46 54 19 20 21 24 62 53 1 14 43 37 16 8 33 41 30 0 49 51 9 11 42 50 59 39 47 32 52 38 7 61 60 22 23 56 29 57 17 15 4 55 58 31 63 13 12 5 6 40 3 48
26 18 37 43 34 45 52 50 44 29 46 55 19 42 20 12 25 54 49 60 38 13 47 51 57 16 53 62 10 56 11 1 63 61 5 22 59 9 15 30 31 23 14 17 32 21 33 3 41 58 4 40 2 6 39 24 7 48 0 8
19 34 42 20 21 12 3 14 26 18 30 50 33 11 7 43 49 5 51 23 17 13 6 29 37 39 4 25 38 52 24 41 32 40 61 59 48 44 45 58 57 60 46 31 22 56 53 9 10 62 16 47 54 8 0 15 2 55 63 1
44 45 46 54 19 43 37 11 53 62 51 47 3 26 52 59 60 18 58 38 33 34 39 4 10 30 12 61 55 17 42 20 63 29 9 41 21 40 31 13 32 14 48 5 16 23 6 25 15 2 49 50 57 7 24 8 0 22 1 56
26 18 10 43 42 41 51 59 44 29 40 33 37 52 53 54 61 19 22 45 20 34 60 38 17 62 47 48 30 23 49 11 25 14 56 21 50 24 7 16 2 6 8 46 31 3 15 57 55 12 13 39 58 1 63 0 9 32 5 4
26 34 43 18 25 42 11 10 29 24 16 4 9 32 17 44 50 41 53 20 3 1 40 52 2 0 5 54 51 12 21 22 14 13 37 49 19 30 38 46 58 31 39 57 62 56 59 60 48 33 8 47 61 15 23 6 45 63 7 55
37 29 21 30 23 14 22 46 13 31 38 42 26 17 15 6 49 12 11 4 5 3 25 20 47 43 51 50 9 44 58 19 45 56 33 7 34 24 2 8 48 55 39 1 63 41 53 59 57 40 16 62 61 10 0 52 60 54 18 32
26 18 44 29 9 43 30 34 45 10 41 37 51 33 25 17 2 52 42 40 24 50 49 21 59 56 20 53 14 31 39 47 54 55 57 48 63 12 22 46 60 62 4 13 38 6 61 58 23 19 5 16 11 1 15 3 8 7 32 0
37 45 44 43 51 38 46 53 31 29 42 47 20 39 18 59 22 33 49 34 30 11 50 14 60 25 32 26 58 54 52 61 62 40 10 55 12 48 24 16 13 23 63 19 6 9 56 2 3 21 0 8 1 17 57 7 41 4 15 5
37 29 18 26 17 44 51 25 21 52 34 30 16 50 39 9 10 24 1 11 38 45 33 43 53 46 4 54 62 23 31 22 42 20 14 32 58 60 59 55 19 61 41 57 49 0 2 13 6 8 56 40 12 5 15 7 48 63 47 3
44 43 26 19 12 21 37 3 14 45 42 33 17 41 49 34 46 30 29 52 40 51 50 18 20 16 9 55 61 32 31 10 24 54 11 57 25 0 59 56 5 8 53 2 1 4 22 23 48 58 15 62 47 7 13 63 38 60 6 39
26 34 44 20 18 52 42 49 53 41 50 33 48 57 12 4 40 58 37 54 60 24 13 10 59 14 56 46 38 51 17 8 45 30 31 19 16 11 0 29 21 9 6 25 2 39 7 1 55 62 5 23 47 22 32 63 3 43 61 15
26 18 19 34 41 21 25 11 4 3 29 17 10 20 44 2 1 22 12 33 30 43 16 13 6 24 51 59 31 42 50 38 52 32 48 15 5 8 45 14 7 39 40 53 60 61 23 56 37 49 58 46 47 54 55 62 63 57 9 0
44 43 42 29 22 52 19 41 21 14 45 23 37 38 7 11 53 30 18 13 49 46 20 62 55 5 33 34 60 32 25 9 54 61 39 56 6 50 63 12 51 26 3 16 48 2 10 59 57 40 58 47 1 4 24 0 8 31 17 15
37 45 53 20 18 26 34 42 19 44 51 46 55 17 49 41 10 52 21 43 48 22 12 30 61 59 14 6 38 4 24 11 39 40 32 33 5 31 3 16 23 57 7 62 29 47 50 25 60 54 56 63 8 13 58 9 0 1 2 15
26 18 19 20 11 10 2 42 44 25 45 17 21 29 24 54 12 16 38 1 33 31 32 37 46 43 34 9 49 50 57 56 30 53 52 60 8 14 48 4 7 55 13 39 41 40 62 58 51 22 6 59 0 3 23 15 5 61 47 63
26 18 10 29 45 42 34 44 43 25 17 41 30 54 37 52 33 21 61 23 38 19 31 24 14 39 32 5 63 59 12 9 0 46 51 20 40 3 53 1 55 62 2 11 4 60 16 48 58 8 47 13 49 56 15 50 57 6 22 7
37 45 19 20 13 10 53 21 29 38 1 61 54 26 34 44 43 47 33 5 30 22 6 52 4 11 12 17 14 7 63 3 39 31 2 51 18 55 23 46 15 32 60 25 62 59 50 42 8 16 9 0 40 48 41 58 24 49 57 56
26 34 44 20 42 52 21 22 12 41 30 50 23 14 48 32 58 17 6 3 37 46 4 49 51 13 19 31 2 15 8 45 53 25 56 5 47 38 7 54 39 62 60 61 24 16 63 55 40 1 18 29 33 43 0 11 10 59 57 9
37 43 18 29 21 14 13 38 42 34 44 52 51 58 46 26 60 19 17 45 31 39 7 10 11 24 9 20 25 55 22 2 12 1 33 50 3 16 57 15 8 4 5 30 47 40 63 61 32 56 59 53 6 23 41 49 62 54 48 0
19 20 37 34 33 43 21 25 41 49 48 14 29 11 52 38 13 61 3 12 15 18 26 7 47 39 30 17 51 23 8 2 57 10 42 5 9 50 31 32 22 56 46 24 40 54 60 4 6 59 53 55 1 0 16 45 63 62 58 44
19 34 42 20 26 11 13 12 5 25 44 6 3 4 29 30 17 43 51 18 33 16 10 52 53 21 7 62 14 41 24 9 37 60 59 15 39 38 23 31 48 32 54 50 22 61 0 46 57 1 40 58 47 56 2 49 45 55 63 8
19 34 44 11 10 21 20 53 52 29 3 1 18 60 43 51 38 12 50 25 13 30 9 26 33 45 59 47 39 49 57 58 31 42 37 14 16 54 41 4 61 17 24 23 15 40 8 32 63 48 22 0 56 5 46 55 2 7 62 6
37 45 53 38 29 54 26 34 42 61 63 55 39 21 30 49 50 23 47 44 13 22 52 18 10 41 32 51 58 14 31 2 6 7 20 60 9 33 25 8 48 17 0 12 11 1 16 62 3 4 15 24 5 43 19 57 40 59 46 56
37 29 21 45 19 13 14 15 30 10 38 43 52 44 51 53 12 60 26 31 5 22 62 46 42 20 23 4 7 33 61 59 18 54 11 3 63 6 41 55 17 25 34 50 49 57 24 39 1 32 47 9 56 16 8 48 40 2 58 0
37 45 26 29 46 38 30 34 44 39 43 55 42 53 47 23 60 51 22 41 52 18 50 21 17 25 9 8 40 11 19 57 33 16 20 0 1 48 2 12 14 58 13 54 62 63 59 4 61 5 10 49 15 7 6 24 31 32 56 3
19 18 26 34 45 54 43 50 17 9 51 29 1 20 12 4 57 10 21 33 38 30 63 59 41 16 52 2 25 61 37 31 14 8 23 40 42 58 46 15 3 11 32 44 24 13 53 49 48 62 7 56 60 22 47 6 39 5 55 0
19 18 26 34 9 11 25 37 41 0 10 48 8 24 46 16 33 2 49 50 32 17 4 45 20 38 54 29 39 44 3 43 51 1 22 63 59 55 57 5 21 31 12 40 47 58 61 13 53 42 30 56 14 15 6 7 23 60 62 52
44 45 26 52 54 38 60 43 51 59 46 20 58 47 31 29 53 18 21 62 30 22 14 42 33 34 10 12 63 32 50 41 13 61 39 5 4 17 24 7 55 11 25 37 6 9 40 57 8 16 49 19 56 15 23 0 1 2 3 48
19 20 45 18 21 43 26 34 17 12 25 30 41 16 11 48 33 54 37 44 22 40 46 10 23 47 2 38 8 9 62 13 4 14 24 39 29 32 56 55 31 53 50 51 0 1 52 59 6 7 42 3 61 58 15 5 60 49 63 57
19 18 26 34 42 50 45 54 33 32 44 12 25 37 41 52 51 58 10 11 38 49 43 20 57 17 61 53 4 5 46 21 9 48 62 29 6 1 0 63 55 8 22 31 24 59 3 47 56 15 16 30 23 2 7 60 13 40 39 14
26 20 29 18 43 51 11 4 34 38 12 13 2 45 19 21 10 17 6 42 50 25 22 23 37 58 9 3 57 8 1 49 47 44 41 48 54 5 40 46 59 33 16 62 14 30 31 0 15 60 32 24 53 61 52 39 63 7 55 56
44 43 26 19 42 51 58 17 11 12 13 29 8 33 18 60 41 5 59 49 24 3 21 37 20 50 48 34 25 56 4 57 30 38 52 45 39 40 54 46 53 6 7 63 55 2 22 62 61 23 31 16 15 14 10 9 32 0 1 47
37 45 53 29 21 20 26 34 42 43 19 22 44 61 23 50 30 52 58 15 38 39 46 12 11 49 5 31 47 17 41 48 33 54 62 32 8 25 16 51 18 4 40 6 3 10 9 63 14 0 56 24 55 57 13 7 59 2 1 60
37 45 53 29 18 26 34 41 33 43 20 9 38 46 48 54 44 19 12 51 50 10 62 30 0 55 22 52 11 23 31 1 15 42 58 59 60 32 24 40 39 8 17 57 49 13 2 16 21 47 6 5 4 14 25 56 63 61 3 7
19 20 21 12 37 30 14 44 38 7 29 26 10 47 42 43 39 11 4 41 55 3 31 13 25 9 6 5 52 45 51 18 17 60 0 16 49 24 58 56 61 53 59 1 46 50 40 32 57 54 63 62 22 15 23 48 34 33 8 2
44 29 22 52 37 43 50 30 61 51 38 49 20 12 11 13 14 6 58 59 48 57 4 39 42 41 45 15 47 10 19 26 31 18 3 54 1 60 5 46 7 62 53 33 34 21 63 40 32 17 24 16 8 55 25 23 56 9 0 2
37 43 18 19 42 9 0 29 20 41 44 26 49 11 40 25 50 46 30 52 22 51 2 33 53 21 24 17 10 61 55 8 60 12 34 39 23 56 16 31 48 59 4 57 38 45 14 1 58 54 47 7 3 15 6 32 62 5 13 63
19 20 37 44 13 30 45 46 53 52 39 47 21 61 62 51 29 38 58 60 54 31 59 26 33 5 34 11 6 18 22 32 2 15 4 23 14 12 25 55 43 17 3 63 7 10 8 42 41 57 49 50 1 16 9 48 24 40 56 0
19 20 37 18 9 46 13 17 29 1 38 21 10 2 0 5 25 44 53 52 54 34 33 41 11 4 14 12 16 39 32 30 8 23 45 42 26 60 7 3 62 15 51 49 48 61 56 58 47 63 43 57 31 50 40 22 24 59 6 55
44 29 20 13 19 43 6 34 45 26 18 10 22 30 41 42 9 48 2 17 24 8 38 53 25 15 61 62 63 11 0 4 3 32 16 31 37 54 46 55 14 1 50 49 51 52 5 39 21 12 33 40 23 7 57 59 58 56 47 60
44 45 26 18 37 25 24 32 54 34 17 16 10 20 8 11 19 2 1 3 12 29 40 13 43 42 30 52 51 53 33 23 61 46 9 59 38 41 4 21 50 5 22 6 7 14 15 63 47 58 60 48 57 0 49 56 31 39 55 62
44 45 19 43 54 11 42 63 29 41 18 9 50 51 49 59 60 58 33 40 3 21 25 22 37 17 52 61 26 53 56 34 30 39 24 20 31 38 10 48 13 1 0 16 32 8 2 12 47 5 6 15 14 7 46 23 57 4 62 55
26 34 45 18 25 37 44 20 38 43 10 21 33 52 19 32 41 50 12 54 42 49 29 31 58 4 51 30 39 47 23 40 24 9 11 57 8 1 46 16 55 2 48 17 61 63 13 53 56 3 60 62 14 22 0 6 15 7 5 59
26 18 19 34 17 9 25 32 1 16 45 29 37 21 20 0 41 11 24 2 42 44 3 49 8 33 51 12 43 40 22 53 10 60 58 54 57 50 4 30 48 13 38 59 62 47 5 6 14 23 46 55 31 52 7 15 61 39 63 56
26 34 42 18 37 25 17 9 8 43 50 58 1 45 10 51 32 21 53 24 16 46 44 11 19 2 20 54 3 61 49 41 38 29 30 23 57 0 40 39 47 33 13 4 22 12 14 5 6 48 31 7 15 52 60 62 63 55 56 59
19 34 45 20 42 54 12 29 21 43 30 41 51 22 63 44 33 26 50 11 3 25 37 46 14 60 38 58 13 47 49 31 40 4 39 6 53 23 59 56 24 57 48 17 32 55 8 16 18 0 61 52 7 15 5 2 62 9 1 10
37 43 18 19 42 45 20 11 34 38 52 9 2 3 16 12 21 29 4 50 31 33 58 51 22 44 32 49 53 25 40 24 59 61 17 56 41 47 60 57 5 0 10 15 13 54 46 23 7 26 62 48 30 8 14 55 1 63 39 6
26 18 37 29 10 25 17 11 12 45 30 31 34 41 42 9 8 50 58 0 16 2 3 13 4 20 22 5 32 24 38 48 19 39 21 15 54 43 44 53 23 55 1 57 51 59 7 40 33 6 14 46 52 60 61 62 49 56 47 63
44 29 22 42 34 26 17 18 20 16 25 13 50 43 10 49 24 57 56 32 12 37 52 8 19 15 33 1 21 4 30 38 31 61 11 48 5 2 9 23 41 45 46 51 7 0 40 54 58 6 60 3 55 47 14 39 53 59 62 63
44 43 18 53 52 29 51 50 58 59 42 57 45 20 30 19 21 54 60 11 55 61 10 33 12 14 13 37 7 5 34 15 32 24 49 46 23 41 25 1 9 8 48 16 0 62 63 26 38 22 3 40 31 47 4 17 56 6 39 2
26 18 19 20 29 22 45 44 30 34 9 46 11 37 43 52 51 53 25 38 23 42 55 39 47 33 62 59 21 3 41 54 4 50 58 49 31 40 2 57 63 12 60 5 17 15 7 0 14 1 56 32 13 61 16 24 48 8 10 6
19 34 42 50 37 21 20 13 26 11 49 18 10 48 3 2 56 4 33 45 6 5 53 41 40 46 51 54 29 58 1 24 63 60 59 38 17 55 32 52 61 62 43 44 12 30 57 14 7 16 23 31 8 22 47 15 39 25 9 0
19 18 26 20 11 34 43 44 37 52 9 21 29 12 25 30 45 16 59 4 3 53 22 2 54 10 0 17 38 13 5 60 33 47 42 39 46 41 1 61 14 7 6 23 48 58 62 8 57 32 51 50 31 15 40 63 24 49 55 56
26 20 21 34 44 22 42 52 53 43 29 62 45 17 18 50 13 19 61 4 6 37 57 51 9 25 32 1 8 33 15 5 41 30 63 10 59 31 23 14 0 49 3 11 12 58 48 7 40 46 16 60 55 24 38 2 54 56 39 47
37 29 21 43 50 51 52 45 42 38 44 13 22 20 54 59 14 63 26 57 6 19 46 11 18 12 4 2 62 7 58 53 10 9 3 33 25 24 15 47 56 49 34 55 17 61 8 5 48 41 30 0 32 40 39 16 1 60 31 23
37 45 44 43 53 54 26 18 46 38 29 25 24 52 39 20 21 47 9 13 63 42 22 23 60 19 30 51 10 55 33 59 61 17 50 57 58 40 11 2 62 32 48 12 14 6 5 1 34 3 8 0 56 49 7 16 41 31 15 4
19 20 37 34 21 45 53 43 18 29 42 13 14 22 44 15 25 9 23 54 5 31 11 41 63 3 48 12 4 46 49 6 51 33 0 56 50 16 52 57 7 59 38 30 39 26 17 55 2 1 62 40 47 10 32 61 8 24 60 58
37 29 19 43 30 11 42 34 33 31 10 45 46 41 23 32 49 47 24 16 51 57 21 59 3 15 53 50 55 54 62 20 26 61 48 25 38 44 60 13 39 2 17 18 52 4 7 58 14 56 6 12 63 5 1 9 0 8 22 40
19 18 44 43 9 45 54 20 42 52 59 51 37 49 50 61 34 46 48 57 47 17 58 38 53 41 31 0 12 55 16 10 63 26 62 4 3 29 33 1 21 32 39 14 40 25 56 30 60 13 15 2 22 23 11 6 7 5 8 24
37 29 18 43 30 22 21 34 44 20 14 38 46 31 39 45 26 9 53 13 10 6 8 61 7 51 59 0 12 55 54 19 41 50 52 11 15 48 17 63 42 24 57 60 3 62 1 49 40 23 56 2 58 33 5 47 25 32 16 4
26 20 21 22 13 42 23 14 29 15 30 4 43 50 45 19 34 38 5 37 44 54 53 52 49 41 10 31 12 18 61 2 3 62 60 7 40 11 59 57 6 58 33 32 9 16 51 48 25 17 39 1 0 47 46 8 63 55 56 24
37 45 44 43 50 38 52 29 31 53 20 60 61 54 47 12 59 63 26 42 11 30 13 51 33 19 23 5 18 17 46 14 25 21 7 57 10 34 41 49 24 40 62 22 3 8 4 55 58 39 16 32 56 9 48 6 0 15 2 1
44 29 20 11 12 45 30 52 19 38 10 4 5 22 60 34 47 3 26 59 33 43 31 1 58 40 2 13 50 51 15 42 49 6 24 48 56 41 37 21 46 32 53 23 17 25 14 16 9 18 8 39 57 0 54 61 55 63 7 62
37 45 53 34 18 19 42 9 11 50 41 21 17 44 58 49 48 38 43 54 0 33 46 3 25 55 29 61 47 57 39 31 51 30 23 52 26 15 10 20 14 8 13 56 4 2 22 7 62 16 12 63 59 32 6 40 24 5 60 1
26 18 10 29 19 9 8 20 12 25 44 5 30 13 11 31 6 45 34 43 24 16 52 3 54 17 41 1 2 14 38 60 37 0 22 23 59 53 21 33 7 15 39 63 50 51 55 32 42 58 4 47 46 49 56 62 61 57 40 48
26 34 43 50 44 45 53 18 25 19 11 17 8 24 42 62 10 52 58 20 46 3 2 38 30 31 61 29 16 47 54 32 63 57 39 41 55 9 37 60 4 0 1 5 33 59 13 22 40 21 14 23 51 48 7 6 12 49 56 15
37 43 50 51 18 29 45 53 52 57 38 26 54 9 19 55 17 11 61 39 46 20 30 31 44 34 49 48 42 25 12 41 10 47 33 4 5 24 58 59 21 3 1 2 22 14 60 62 8 16 23 7 13 6 56 40 63 15 32 0
44 29 21 45 26 34 41 14 37 43 52 33 30 22 38 51 50 19 13 58 20 61 31 23 6 39 32 57 12 3 47 7 42 40 15 18 10 49 56 48 5 1 59 24 11 9 16 60 8 53 17 0 46 4 54 25 62 55 63 2
19 20 21 18 34 22 45 43 42 37 29 41 9 46 23 44 49 14 7 13 30 31 47 10 39 57 11 50 40 1 56 0 25 3 26 53 60 6 51 48 33 17 5 55 15 32 24 61 38 52 59 16 8 58 4 2 54 62 12 63
26 34 43 52 41 33 45 19 50 48 32 29 17 57 61 42 12 51 30 18 59 60 49 24 40 53 56 54 38 21 44 10 62 46 47 25 11 55 9 58 13 0 63 8 16 39 20 4 37 6 5 14 7 15 31 23 22 1 2 3
44 29 19 43 20 26 37 12 11 52 25 45 53 61 60 51 42 3 46 17 8 58 59 24 57 55 22 41 30 10 49 54 34 62 38 14 40 56 16 21 13 33 15 5 6 50 18 7 63 0 47 9 2 4 48 23 32 1 31 39
26 20 21 34 12 18 41 42 43 50 33 29 49 56 51 52 37 46 38 13 55 4 11 24 59 39 10 57 53 30 31 40 32 48 5 22 19 9 47 58 45 61 15 60 17 14 16 54 2 0 1 3 44 6 62 63 23 8 25 7
26 20 13 42 29 18 44 30 21 11 34 43 39 33 9 45 52 25 54 0 41 51 10 17 24 37 1 19 46 40 12 23 38 8 60 16 22 31 15 55 53 3 50 59 14 63 5 62 2 49 32 61 57 4 48 47 58 6 7 56
19 20 45 42 12 11 18 21 4 44 30 46 49 34 52 13 29 31 14 2 22 59 47 17 26 15 60 43 16 38 51 54 23 61 39 25 53 8 0 62 55 63 24 37 5 32 33 58 50 40 10 1 6 9 48 56 3 57 41 7
19 34 42 50 37 21 41 26 43 20 59 45 18 25 32 48 33 11 53 49 12 9 4 24 44 10 1 29 30 61 38 14 17 13 5 31 7 57 46 39 51 60 23 8 62 54 16 22 15 40 58 6 47 52 56 63 0 3 55 2
26 20 13 42 43 34 44 21 22 19 41 23 14 37 11 49 30 3 10 45 46 25 56 54 53 5 29 61 38 51 59 15 7 18 60 31 55 63 62 48 17 50 24 52 4 47 12 9 1 0 40 16 32 2 33 57 8 58 6 39
19 34 41 21 29 11 13 30 39 5 37 48 10 45 33 9 26 18 17 20 54 44 51 16 49 46 2 32 0 53 38 3 6 55 4 8 42 23 22 31 40 15 63 52 62 14 47 25 7 50 60 58 1 61 24 59 57 12 43 56
26 20 37 44 53 52 13 18 34 33 9 25 32 12 60 45 46 62 29 14 61 0 63 21 43 41 11 55 19 16 15 4 2 5 48 42 51 49 54 3 24 7 38 58 59 50 10 1 30 6 40 31 39 23 22 17 56 47 57 8
44 29 18 26 17 45 54 25 32 9 0 43 20 24 51 40 22 53 52 37 42 21 34 19 38 47 31 33 10 1 2 62 12 63 8 49 46 59 13 61 41 48 57 50 58 30 39 16 60 5 55 56 14 3 6 15 23 11 4 7
26 18 37 29 21 45 43 34 54 51 9 14 50 30 20 38 7 12 52 19 25 53 11 49 47 16 13 0 48 42 33 59 39 6 5 56 44 3 17 57 61 63 46 55 58 31 4 22 23 60 62 15 8 40 1 41 2 32 10 24
37 45 19 29 46 26 53 11 3 54 33 55 38 42 51 44 63 30 43 25 21 58 24 41 47 62 49 13 50 20 6 52 39 17 34 16 60 18 9 40 32 48 56 61 59 2 10 12 22 14 23 4 1 0 7 31 57 8 15 5
44 45 26 43 54 17 51 42 49 46 47 53 25 41 34 16 50 59 8 29 58 55 52 57 48 33 21 61 62 60 37 9 63 14 10 22 13 38 23 5 19 15 56 12 39 1 18 30 20 0 32 11 31 24 2 3 7 40 6 4
19 20 37 34 18 44 45 10 21 13 1 26 25 46 55 47 42 63 54 53 62 61 5 60 12 29 22 17 33 23 43 49 8 3 15 24 52 14 11 4 2 30 38 31 39 6 50 59 7 57 40 9 16 32 56 41 58 48 51 0
37 45 26 34 42 29 38 25 21 13 22 30 19 50 49 23 54 39 17 52 58 43 15 10 41 31 20 56 11 48 33 57 51 44 46 62 9 7 12 24 55 2 40 8 1 32 3 59 60 5 53 61 14 6 18 4 63 0 16 47
44 45 37 29 30 46 54 62 21 43 55 31 18 9 23 14 26 20 42 49 63 19 5 25 24 17 13 7 39 52 22 51 15 33 11 47 61 4 16 8 59 12 0 50 53 10 38 34 32 60 3 2 48 40 41 6 1 56 57 58
37 45 26 34 42 18 44 29 46 33 21 38 47 43 50 53 19 52 60 10 20 57 30 55 17 12 25 16 8 51 11 24 3 39 40 0 2 4 9 14 58 61 54 63 22 31 62 15 6 59 1 49 13 41 48 23 5 7 32 56
44 43 26 29 42 20 13 25 22 49 19 12 11 30 41 52 61 2 31 33 17 4 5 9 56 51 10 53 34 15 62 21 24 38 59 14 48 50 58 57 45 47 23 7 32 16 8 54 60 63 18 39 0 40 3 1 55 46 6 37
44 45 19 20 12 18 17 11 2 34 43 9 37 42 49 13 25 38 54 46 6 33 32 62 1 10 52 51 31 21 59 39 63 23 29 4 5 22 53 61 55 3 47 60 15 16 50 24 26 0 14 30 58 57 8 7 41 56 48 40
44 29 22 43 18 30 20 45 42 15 31 41 13 21 12 19 52 9 38 23 50 51 40 60 59 54 34 37 63 11 39 5 3 10 6 49 7 4 2 47 58 53 55 48 61 14 56 57 8 26 25 32 16 62 17 46 24 33 1 0
19 18 26 20 10 17 8 33 21 12 29 44 43 42 53 52 11 22 60 9 0 24 3 1 2 45 40 14 16 4 37 38 34 50 41 59 32 54 23 61 5 13 39 47 6 49 58 57 63 31 55 56 62 46 51 25 30 15 48 7
19 20 21 34 41 33 42 51 44 48 49 13 12 11 6 50 10 37 56 57 52 1 24 14 38 39 40 53 18 32 4 16 30 26 8 22 43 5 25 9 54 17 58 3 46 61 29 62 60 47 0 31 63 55 2 15 23 45 7 59
26 18 10 43 44 45 53 29 42 25 34 50 58 61 22 17 20 9 24 57 1 0 37 19 54 13 12 55 56 4 21 46 47 51 60 14 11 2 5 16 62 6 15 32 63 31 8 59 49 7 33 41 52 38 30 39 40 23 3 48
44 45 19 18 46 43 26 34 51 54 41 47 9 10 2 42 52 59 33 0 17 50 58 48 16 49 57 25 32 29 30 20 12 40 61 31 63 62 22 60 21 38 37 5 53 15 24 56 39 23 11 13 14 7 6 3 55 4 8 1
44 29 22 42 34 43 52 51 58 53 54 30 38 37 19 60 21 33 41 20 61 13 45 15 14 10 59 39 18 50 25 26 4 16 31 55 62 6 49 57 32 11 63 47 9 8 17 40 56 46 2 23 7 1 5 12 0 24 48 3
44 43 34 29 20 11 13 45 54 19 10 6 52 21 12 9 5 3 42 51 60 61 18 41 49 25 14 26 33 57 59 50 40 32 8 47 38 30 62 0 22 15 48 4 63 16 17 24 2 31 39 56 37 46 1 53 55 23 58 7
37 45 44 29 54 53 18 63 62 9 30 61 19 34 41 21 12 26 33 11 20 5 38 32 46 22 4 49 42 3 15 13 39 51 0 43 55 14 10 23 6 2 25 7 56 17 58 59 48 50 16 57 1 24 40 47 52 8 31 60
37 45 19 38 46 18 30 31 53 52 51 54 44 61 17 29 47 58 63 9 20 60 59 39 1 10 34 16 23 26 25 2 3 21 50 62 55 24 33 8 12 14 11 41 32 4 5 49 40 13 48 15 22 57 6 56 7 42 0 43
26 20 21 22 37 44 53 18 12 42 23 4 9 34 33 30 49 25 16 10 29 38 39 41 11 52 19 57 5 13 45 62 48 2 14 3 56 6 7 40 61 50 15 31 17 32 43 60 1 24 54 8 46 55 58 51 59 47 0 63
26 18 44 25 24 32 40 45 10 9 19 34 43 29 20 50 51 53 11 3 54 16 52 2 42 63 30 21 33 38 57 31 14 13 1 60 4 62 6 48 37 49 17 12 59 7 22 0 39 8 41 47 5 23 55 46 15 58 56 61
44 45 46 34 42 54 62 20 21 43 26 33 40 22 37 19 18 30 23 9 0 12 5 4 14 32 24 63 39 6 52 11 10 2 17 16 1 61 50 48 3 41 7 38 55 57 51 29 8 31 53 47 56 58 59 15 25 49 60 13
44 43 34 45 37 26 53 21 18 33 41 46 51 17 47 61 32 9 8 58 14 16 24 55 52 25 0 11 30 48 10 39 49 19 12 1 38 57 29 22 3 13 60 6 5 59 4 2 23 15 31 20 62 54 56 50 42 40 63 7
19 20 13 12 45 44 43 10 29 6 11 26 4 3 9 53 2 21 34 8 61 51 17 25 22 46 52 62 30 15 24 33 14 59 40 32 37 23 63 18 41 49 48 38 50 56 1 54 55 16 42 5 58 39 60 57 31 47 7 0
19 34 43 52 37 11 18 20 10 44 12 1 29 4 21 46 50 13 22 26 61 31 9 17 5 6 14 45 8 0 16 42 23 30 15 59 2 25 51 49 54 24 57 38 39 63 3 41 7 53 47 62 60 55 32 40 58 56 48 33
19 18 37 43 9 38 51 50 49 59 29 21 14 10 2 44 20 11 42 17 3 33 25 58 52 7 41 45 46 48 26 24 40 54 61 32 22 60 34 8 57 12 1 13 63 56 53 15 39 16 6 62 30 31 47 55 23 4 5 0
19 18 44 20 9 34 10 11 33 45 13 17 46 37 12 52 24 4 26 43 53 25 51 32 21 16 30 59 42 23 29 61 31 38 40 47 15 39 14 6 58 0 60 2 3 50 54 7 62 41 5 8 1 63 57 55 48 22 49 56
26 34 42 33 40 50 44 24 32 48 58 19 10 51 49 12 17 37 60 56 30 1 3 25 21 38 18 11 43 23 16 4 45 2 46 14 22 13 41 52 9 8 7 5 53 55 29 15 0 31 47 20 63 61 39 54 6 59 57 62
37 43 50 29 18 44 22 26 45 53 20 9 52 30 34 51 17 54 21 49 31 12 58 16 46 39 19 14 55 42 5 4 10 33 23 13 48 3 8 7 11 6 15 60 41 38 24 2 59 63 61 56 57 1 62 25 0 47 32 40
44 43 50 29 34 41 19 59 33 20 18 25 13 10 57 11 9 51 12 45 30 5 4 6 22 3 32 37 53 0 42 49 58 60 26 31 61 23 38 21 2 46 7 1 14 17 48 40 47 39 24 15 16 62 63 54 52 8 55 56
44 43 42 51 60 37 46 52 34 30 23 29 19 50 21 25 59 38 26 31 41 33 45 61 22 15 53 48 18 11 40 55 17 57 54 63 10 16 62 2 3 8 1 58 39 32 49 14 24 47 13 9 7 5 56 4 12 20 0 6
26 18 44 45 37 43 10 21 52 53 62 59 42 34 54 63 19 38 55 61 39 17 14 2 1 30 51 20 29 3 16 60 33 12 5 41 4 25 31 24 13 47 49 7 32 46 23 22 50 40 48 57 56 58 9 6 15 11 8 0
37 43 50 38 26 57 46 21 34 19 20 55 52 17 39 30 12 4 29 41 53 22 14 45 25 13 11 33 54 15 44 2 51 62 48 58 24 6 5 60 3 10 1 32 9 42 23 16 31 7 63 8 18 0 49 59 47 56 61 40
26 34 45 17 41 33 42 44 32 46 18 9 10 19 53 1 37 43 8 61 0 38 51 20 39 49 62 59 12 24 55 63 57 47 58 29 2 31 54 40 60 21 14 25 11 7 22 3 50 5 16 52 48 30 23 13 4 56 15 6
37 45 44 43 52 53 38 39 26 21 54 18 42 60 10 51 14 41 29 62 59 30 61 25 34 13 63 9 12 7 22 20 23 11 19 15 6 5 1 33 2 50 49 58 24 46 48 55 4 40 16 17 32 0 31 47 57 3 8 56
19 18 17 34 43 52 37 11 42 16 33 46 21 32 24 41 55 38 51 25 10 1 26 14 12 20 13 50 8 3 45 29 9 54 53 44 7 60 59 62 58 4 40 48 2 49 61 30 5 57 31 39 0 23 22 15 56 6 47 63
19 20 13 12 5 18 21 37 34 43 26 22 29 4 6 7 52 50 57 41 17 8 38 14 33 9 49 10 15 44 11 48 25 46 16 31 3 24 30 59 53 47 51 54 62 61 60 55 42 39 58 23 56 1 45 2 40 32 63 0
44 43 34 41 42 29 26 25 22 53 48 40 24 16 62 15 45 18 9 21 8 19 32 54 46 47 37 63 55 10 33 30 11 0 38 4 12 20 49 56 14 61 50 39 17 52 51 7 23 13 6 57 31 2 58 59 3 5 60 1
37 29 21 45 44 43 18 19 51 59 20 38 54 13 46 17 6 63 39 5 42 33 4 31 14 52 16 7 60 11 24 61 34 3 30 25 22 26 15 8 9 55 62 0 1 58 50 12 10 49 23 2 41 32 40 47 57 48 53 56
26 34 45 19 42 54 12 11 10 25 33 20 44 3 46 1 17 24 63 21 16 37 4 55 22 40 9 5 18 30 41 23 32 49 2 43 29 13 52 51 47 61 0 62 6 8 56 50 15 7 53 58 57 48 60 14 59 38 31 39
44 43 34 41 19 37 51 58 29 26 52 61 48 33 38 53 25 32 60 18 16 45 40 20 42 49 57 50 10 30 12 11 46 1 13 6 14 55 22 56 62 4 39 23 9 2 59 54 24 21 63 0 8 5 3 17 47 31 7 15
44 45 19 52 37 20 29 38 60 34 12 4 26 18 33 41 31 51 17 16 30 40 11 54 8 13 24 53 61 2 32 42 50 58 25 0 47 21 22 23 59 49 6 10 3 62 46 48 14 5 1 55 15 43 57 39 9 7 63 56
37 45 19 38 54 10 21 34 41 63 44 33 46 52 62 18 20 22 30 31 39 43 9 17 1 61 53 2 60 48 16 8 25 51 14 55 58 50 12 26 59 57 11 47 3 6 7 4 49 42 29 24 5 13 32 40 23 15 56 0
37 45 53 54 55 20 19 63 12 61 52 34 44 13 43 29 14 6 46 47 21 38 41 50 59 33 31 7 5 4 51 39 11 60 32 26 30 23 25 18 3 16 24 58 42 10 17 57 15 48 62 22 40 1 8 0 56 9 2 49
26 20 45 42 44 34 33 18 19 37 13 17 41 21 50 49 43 32 25 6 48 57 24 40 14 56 16 8 51 54 12 52 53 7 22 23 59 62 15 4 46 38 9 11 63 60 58 1 29 55 5 30 47 39 10 2 61 3 31 0
19 20 45 44 37 26 33 17 25 34 42 46 13 29 38 10 18 39 54 62 43 51 60 41 52 53 48 30 55 40 47 63 49 50 31 22 58 6 24 59 8 32 2 57 61 12 4 15 23 5 11 16 21 14 7 1 56 9 0 3
